43.050,-7.281630,112.796341,2.03,-28.46,32.86,34.61,54.51,276.75,6.86,1098,1091,206.93,116.95,-10495
-0.000,-793713098971871591521455223018591111048882051022875986871551869719674880.000000,0.000000,-26.16,-10.32,-80.45,-149.95,279.00,-30.61,86.50,1191,18432,111.15,11.92,31457
-0.000,-8776208505954776383488.000000,-286144755853780541715089531455083541768012687252130643664497906281485324115103018868509309741724309011419323837185194516563506950748867858523540866913697162440177948819256455707711157072501084992934398810229605632184154359050026272852476191541468447293285436748888675251584402774437234228349370368.000000,4.22,-94.92,-54.88,281.25,-25.17,253.53,24.74,-18432,-31458,12.53,12.30,20971
0.000,0.000000,0.000000,37.51,-29.20,283.50,1.52,119.89,292.89,11.97,-28836,-2622,11.84,104.97,17800
-7.281,112.796594,0.000000,143.88,285.75,12.90,223.45,40.16,10.46,10.83,-26215,17801,-261.11,-262.15,320
-675841139090637627447366449784458441816517052822057185635946669921480798312601488223273153547520371761319135194606731264.000,0.000000,-0.000000,288.00,18.30,87.92,105.69,11.38,11.64,25.61,17802,8768,-235.93,157.28,-15323
11339322424929813855212239626596309896190979436209533949308697084179040194926568222892801648135131766519507310785547633237773553709887613735313864239966411125050251776765119605278546051610391503999207022498983802958074219977794122303347540197549998609188094721621229568.000,0.000000,14545430854465713780605133575575566580448613809241256317996944523523125725973524523870741935017617361198066024217909582984984310448490742438763804577952003984040905606963830194908356964783631380540533429677920716894699931121293270578102272.000000,-27.91,188.70,178.90,12.44,11.49,314.90,-209.72,25152,-23736,-78.65,178.02,25807
0.000,0.000000,-42194065910515842074961354283843352911952960561214802286390631764853295869580077262589784772617593279109552044032741484470296534352427667434919650335636213112896161685615537771825639652770174798075179173074615094934241708734209596548272692392994812693619966272830701568.000000,156.45,259.65,11.43,10.25,-51.19,-183.51,-314.58,13258,8004,178.03,-86.40,7455
112.797,-738483480156961225168626025699675565758061298767260112893351861159454769983028652206048461013302733960560707036768906843248207122917928670450411512611490131214191970938849197300878148538035991546558548761075624632264357936835839855510671795390451600571351695360.000000,56545994725314546112783438739331440897589475678135773548298283953981048900238884663024991509285107000933848141434221371874359559723422431438551796845427806296356517671515778539809545388032.000000,271.43,11.80,11.71,235.52,-157.29,104.85,178.04,5889,7455,282.24,-140.91,-4416
0.000,-48057431221074546530743704258583061878294245099611633879410214649120824425383371492368858231596643463987200.000000,317043845263456220144067747604184822616257459192910676853316911104.000000,12.40,12.55,-130.55,-131.08,-131.08,178.04,238.72,7454,-20032,-278.43,-203.89,11504
-806219879769033041103311404810461852468528117236242946534865301140679643498817684451179702025267383982610761807352083267481935769034760488885951405799176836241881515520207578980169377283793464785291189694327894826693259071717187632201762774173124287324913278509907968.000,1286371194343503500170613688341496406568506031269910389580031161231204929463707001595892860175990827270705539380623441455970979089712089206296652446083997406615942812176292174763820080272325722385228954910578318466711950260272497300248442377334241166884864.000000,0.000000,12.37,156.20,-104.86,288.35,178.05,-83.84,-211.16,18624,-8421,39.38,74.55,-612
-11988419341643034176595221571837985272350552161263645856134840101321365856284477392436295575374772735883474352169812952492146663201500043832658845670658969804025721087015542058950072756900089962151429995452810521150706882718523243211310775674487391924099481600.000,0.000000,0.000000,-209.90,-78.65,52.42,178.06,77.44,122.31,266.70,3286,2226,74.55,-26.24,23603
-280549015165240012036907659206580363476184018711270383492485153580690119933186031196384486207451565630693125969269642635987797227063888074734057816064.000,12962088060041419011259201025830534231263321798650750215339514590417676759203840.000000,0.000000,-52.43,-183.51,178.06,266.88,-147.88,288.61,74.54,-65,23602,-312.96,-306.46,13120
34.537,12470702365075943411570180096.000000,-17834106481447543693420914922143353414026488435348082828772946493859958044118822227220084838773450791008655516555633503303332755346472530033864666686274612007835069410461676308322882965913960132156570153184214453234151378205388878071839467111336871769011126272.000000,235.92,178.07,-142.72,-29.94,73.89,74.55,109.44,23602,3392,152.70,-4.87,-26112
109439188115411863463400719306228653820570954949180588586159206899213525239067887036308570339804673407963847284844059751003857805242855119694522347950133992596223949668049345844044597538454161449614208663428215891200998565943140895194433213239030897709482208741067923128320.000,0.000000,0.000000,178.08,-140.16,-1.76,-114.51,74.54,-115.84,-205.58,24640,-13056,11.47,236.03,-4367
0.000,0.000000,1287457640856821643276713984.000000,-316.80,-200.59,-134.60,74.54,30.08,160.35,30.81,6912,32497,236.03,-160.64,-11267
87306891325448262428612853468523252416512.000,-1759246885691086890891555707304789529975850739499971745508435098514139868847944038324420353541959875455093367919558891604964593850385272362235953856032783990784.000000,-0.000000,26.40,7.38,74.54,-261.76,-309.40,-1.94,236.02,24588,3058,300.16,-327.68,-3327
64131968403074642470128418832707089082639606761893362925568.000,0.000000,-0.000000,-79.53,74.54,-312.96,-85.12,19.13,236.03,23.68,13828,29444,276.48,92.05,-4678
0.000,-0.000000,0.000000,74.54,40.32,-303.64,5.86,236.03,302.72,-312.32,29746,-12572,130.58,184.23,-21124
0.000,1485528047142442531008020480.000000,0.000000,-133.76,-210.57,29.79,236.03,3.20,-127.99,-214.96,-20733,-3203,-289.29,-174.31,14588
-0.000,-0.000000,0.000000,-252.75,22.64,236.03,-296.32,-148.48,307.10,38.52,1918,26627,-143.60,-284.60,29787
19990383662370959292275570134180954112.000,32496388883617788676554788690624771037077093885887630229376735310519641336937522907541497979310853626874640696234657149934249306452833967802656139446008874692226002492305578627165304695925249867177108697749186825872570368226661615755522787516612608.000000,0.000000,38.60,236.03,-201.60,66.56,-281.71,243.19,66.11,22018,-26011,291.64,154.87,1111
0.000,-0.000000,0.000000,236.03,-42.88,-296.96,-260.97,15.21,5.51,210.55,14137,-24215,-295.68,-40.91,-29436
1683598453428135161873039360.000,0.000000,13862092281360920004738301864266587016256346373418829148441759685942066031712817391349899307579405011261831260481726691453573624542265344.000000,197.76,166.40,235.59,-314.91,-253.54,131.20,6.41,-15090,-11772,-225.34,51.73,4
-20784618613484897343389164065249576596155112381432634037679616674386796701986512921928373962444641496024463043043099110892357343372037191352440957192660812679626917380676261837348169939977134578233431219462302579540216479488582776014519077788353575866253067608880272060974347176797807987440746496.000,-5269168971325726084668894751731935051602193198836908365645780646433858867559737990991143970575214821752885938442568046126380730753908217747965898930322677723169057903537708936762195193393423882357275755036362763037277592067358499880450277219414865281625526607305719316792191807800786318275676995584.000000,0.000000,-97.28,-238.01,-279.10,-270.71,51.48,44.82,-325.21,-17660,772,277.04,220.61,-23593
0.000,163146435221434309177689907057668642002301573914663507853610147568566734645756952576.000000,-3861212871208087463879755718043757444233787116652732801864161382639871849693613214714366814281983536596134221454604758212686947267908781201314070742146380337527708024485159343371338028059590659756691891316798702368494230361968771416516759364090861539295232.000000,-189.46,273.90,-240.79,-28.14,188.18,-33.39,264.73,4,-7864,223.88,174.12,5242
0.000,0.000000,-627063493674868338906673106852461412352.000000,-291.91,250.67,-105.61,3.87,122.77,-153.22,-153.40,7864,-5243,-222.68,0.04,-26543
0.000,13883888869653121804568414678825556570043095736620299944871735718684041712366142185379219904568433963398088665561213279056646683871936512.000000,-0.000000,223.14,-186.86,-159.96,273.99,43.58,-266.04,322.60,-15729,-26379,2.60,235.93,16453
-0.000,0.000000,407120725561172792529528589134943177548363495412563364049419651283404025330083621436944967277313186877290743339589998092354084801482982828643054104508489068450073280831504799789106802403647407513658045250417271330253120073315466977142973464051712.000000,-265.59,-129.23,-273.92,44.43,197.55,145.96,2.60,-26215,16453,-262.14,-262.15,-7762
17914449903752465401794470867172357610788175477180568651331914152977396478793149356659608430261888580147200668259187611117968776672276561536322600525889536.000,317606728707139658243161942675834756090443434110903433202335909008555883598270043505212697323660291079958299030642252748985047384004001633950396895275824903843345571638966657021434308965781889792560192381846254573769209986489379272649326148999634532455484360233521288089601800245608448.000000,2151331530374242924589646053125537512690133206114738410815703236915074041194971670923137748287600340084918147818783391396672128122300957084471519551858624282518457344672095249117160135133434489167091307479696402985353443589343956721165161031553146696617186619257406477489548558336.000000,119.10,-2.59,210.26,-58.69,-174.05,0.04,-104.86,16453,13122,288.35,-260.51,-2686
0.000,0.000000,-13786517934137061408768.000000,-171.57,256.76,184.42,179.24,5.16,52.43,183.50,31748,15946,-258.87,164.53,7543
13903230164841100417017916973001505884982051722895201715369359507315466168059405613881435818884201810421945192511193562639215529065185280.000,-30025955335313672992903478264343877161221961960810573660974204631477140220788538259053462122796217559678976.000000,465510668956004444465552016387144861765898251374346891556274493961583001141410784802634202515645661184.000000,-296.38,292.57,-245.72,2.60,209.72,78.64,-257.23,3227,7488,164.53,39.95,-16355
1884234894682606085608615903326008483243026906252928883770395975114517183740444263701791647737465843779936618887432251670630098609114059023520912783998565402066026496.000,0.000000,18402908949660343332907225367190757905915514454016.000000,200.52,-92.12,2.60,-288.36,-26.22,-255.60,164.53,7483,-16355,149.60,86.54,-9682
-4452668778382468893493726251365247201180852738722315280275582822819133587469740408913063749615616.000,-1463749723594241407423227016981422800383482983673486619852623938243525563571088104317180917363519970476112601106106477988958499370395843795254675829621622939981438039173976969028361819939785780453939123681995111091246240831425835418297159542732775365749069487791899362100438336261942434819211264.000000,0.000000,-194.52,10.28,-131.07,-131.08,-253.96,164.53,171.75,-16355,-26948,-16.91,74.89,-5426
227541650184591104759015968975483846475531386150262335695706854704317403758592.000,1256548480786961883976122292881982965890404392632320.000000,-4791252719153868570881323519878974216465994933142602770425302470130240617282212262840866776157013279089372142067770705778644083525889522415041833114811950605894556104487338038786764803788537662637901952524566996289544398497660057480344850264574686392221696.000000,2.59,26.21,-235.93,-252.32,164.53,265.28,-139.11,-15882,-8806,75.66,-163.55,13087
-74339838797008856730523626090653471033262080.000,-0.000000,0.000000,183.50,314.57,-250.68,164.53,-148.85,-114.68,78.69,27481,13096,-163.55,52.31,16476
64929685561617384779708714273555341368951314986595928928399251040955715952177574859564209732753229779861581283634048179364499329283440374442649672953353853970922233800250137123106940648592100662932668416.000,-29274700357384556939782845639161068650496.000000,-0.000000,209.71,-249.04,164.53,34.63,314.07,79.17,-163.55,13084,16476,-100.32,-311.12,248
-105524193910915797700806474374362185498878813684473437194375032616959011536271101789887387204284809711028517088670301543502750472691201123850039115731474817608581120.000,-0.000000,0.000000,-247.40,164.53,57.42,241.44,79.45,-163.55,-110.93,16476,276,27.72,130.91,3672
-755463904635985113454140681627725987840.000,-0.000000,-0.000000,164.53,4.36,237.87,81.12,-163.55,128.16,-193.94,178,1057,130.92,164.76,-2959
0.000,0.000000,43.255000,-290.84,229.59,78.92,-163.55,-174.88,-150.81,130.92,1173,1384,164.76,2.49,-15622
-793577222776898193142832810597002469874457978094894906904044290762828781840712864573179965993110528662403225908743698568417509117894096971358390380987940864.000,79034381790395588745395102761976159357233885127607288832707586824521466774174937047564874385889261113523465324350244580411907528952024987049755775972836584262697757937402053288433521612893829848584642845147861337096933226193684235640790377225582193022308284432886553848699594500734976.000000,0.000000,88.99,78.96,-163.55,-293.50,218.17,130.98,164.76,808,13387,0.55,-10.74,5204
-0.000,-0.000000,-3404033098655087600443329772445285527955255968511846786638694137019707975328837318436996804436811215212283872367826818871599970806549807327017850983547038000561072123355220917860261901746210378611117131033367999400183722852373739664639208340691094157131776.000000,79.82,-163.55,39.86,-304.66,130.88,164.76,3.08,-8385,13454,16.40,2.48,1350
0.000,-0.000000,0.000000,-163.55,70.05,127.29,130.93,164.76,1.30,23.01,-779,1575,-3.29,58.76,2105
0.000,43.275000,-7.280513,312.39,-72.52,131.00,164.76,1.83,0.58,-26.53,1800,-3105,-91.57,-157.42,24939
3976012906195729048417659687564691891545646252485880606785172963264384655907285102827452130085176030746734781025365565635142026949800253110280520766074788719892080643993909431248658699974104897638462804090939710855978679152638626365440.000,-492159068747201201652711316596048566760943637526464146311978048868841596028508384727179525328707876902968744955229797589457922564928773311473380368732283146897513635624124501433732995486822348788545414813010132775061936279011400516138298884140835837025983342636072561011857768009911389650944.000000,802743934823400548828446720.000000,27.20,130.90,164.76,0.84,-17.38,-38.28,68.46,1080,11574,137.75,20.25,19174
-41614939939301728146819094306774582282094306427328664601714035148425882051383653359655435604540185020933980671460788156526013129367345818076693120473355589255168.000,0.000000,-25276871370787986225475246696927387169551170055641402619313903745718644972203372618341390112573022617843920967886610360780372951460478976.000000,130.92,164.76,2.83,-18.35,31.47,128.44,-19.70,10591,2720,22.50,-32.25,1079
-0.000,0.000000,0.000000,164.76,2.03,-5.91,-24.47,78.57,-92.70,24.75,17255,1223,-33.67,204.31,1255
43.295,-7.280895,112.799175,2.22,17.37,-8.38,170.03,83.85,27.00,2.41,1211,1243,19.99,268.36,26116
135573607299025851368694455832215236253085736764536399711322496077155615624642646241341347571345155795074310939446096166912.000,446580296061098013983722702660336725097457448957334784506184721686812373352789382108209551668859217027818810740667106898309162029075308478464.000000,0.000000,-29.57,29.77,-146.49,-61.65,29.25,15.66,95.08,1238,-10493,169.11,12.30,28835
33791226450189352.000,-0.000000,-4990444216521762784591095983119113611086746137335503487430906655662974059322915294763319736813516312938260033550311073253093005913565659426665833681721851366551186954109837256070517139367095207238606877820677349062598502354233729852053405091172543830276304721487769706131654774682584531075072.000000,-19.67,97.84,0.10,31.50,-26.38,33.85,298.28,18435,31457,10.40,11.60,-20972
0.000,0.000000,0.000000,121.79,148.04,33.75,-21.22,90.62,29.47,10.88,-31458,20971,11.70,-184.31,17832
-7.281,112.800062,-81771474490553581789171156066488773571737107648947114999808.000000,41.25,36.00,-22.03,129.40,134.80,10.38,10.32,-2622,17832,105.00,-288.36,-28096
0.000,0.000000,0.000000,38.25,27.68,232.65,131.28,11.29,12.44,-261.12,17833,26688,-262.15,-262.15,25155
-0.000,-3154352312117047595751613093054840556417690021067927276157012024330670754391008836095969790960857267980982452536593390957721654854726859637211482134084635201452765124052943075497727759971910742061819579740852397196013642157538927385247744.000000,0.000000,15.11,185.26,212.60,10.86,11.11,25.62,-235.93,32320,-22346,157.28,178.34,-7089
0.000,0.000000,0.000000,45.05,182.46,12.13,11.02,314.92,-209.72,-78.65,-11834,-30844,178.34,-60.80,7455
112.800,0.000000,0.000000,241.39,10.26,11.22,-51.19,-183.51,-314.58,178.35,-25914,7455,97.92,-137.20,22976
0.000,0.000000,0.000000,11.10,10.87,235.56,-157.29,104.85,178.36,210.56,7455,-13888,-62.17,254.16,30095
-510655141412275954549477357323470150352740869562900769316799370329382533598274826930314903041486463132896373804757422299555967165030420639225360395145946649123056336515976827542883897048916697010773200356228287170873569385116359940370399279086089700022157312.000,0.000000,0.000000,10.62,-130.53,-131.08,-131.08,178.36,182.40,-290.78,4032,13823,303.25,74.55,14226
0.000,0.000000,0.000000,156.20,-104.86,288.35,178.37,-178.56,326.65,245.50,6900,10923,74.55,252.80,23603
0.000,57878315731102068538669155186676182361414625606953119476576691663284655223045936226698432860663409938071706924023837936982084096638181874067126118792976308330794890699997184.000000,-0.000000,-78.65,52.42,178.38,161.92,-234.42,-31.56,74.55,12652,23603,288.64,-161.00,26688
-16305420169826727875971073305759809668064731350544825381035549786435513801689932522170213374845903513002717903361376212829454263417244674897120341287729997858653012626505728.000,17772854184713418301861178484793538508451290470102879560542376936014923310874135327841502177254147468629616820680165361996532066190270743596372206412072176573455808521782878548575492865585590574505044645051891712.000000,-867969890389733169491519671985294929112577610731965304028037343607079493781547412448543343408393285137598453949299111944314271208612649614754055338817967368936860283677572118183417534897864415176415742892441600.000000,-183.51,178.38,248.96,-0.92,250.97,74.55,101.76,23603,-16832,93.69,129.89,21248
0.000,0.000000,9070947271581680715784508423299649146555324296142205736020254316282280126775502731065659147931357505265881774424236473191867382413393920.000000,178.39,33.92,140.85,-59.35,74.55,227.20,-108.81,2368,-24575,124.47,236.03,-13564
0.000,0.000000,4951760157141522199108124672.000000,-275.84,218.58,216.03,74.55,286.08,71.45,126.39,-6400,19210,236.03,-48.00,29172
92685248296624245510818801572610629959765515502093615217491285482423665792450353917153817613549588220435360797127206841704207503553491275445855169328470556672.000,241877276230807135132626972193970119236968159441446161751739695349951220903463853628205613533171106898933348568519946833667231429799244531006872956406257311532311514763320073246753679999308385746446097791867190774393652512594215816921088.000000,0.000000,77.35,-188.75,74.55,306.56,-245.86,132.81,236.03,14336,3071,-40.32,-171.52,18733
0.000,0.000000,-0.000000,91.05,74.56,193.92,-143.01,153.18,236.03,-12.16,22523,-16414,161.28,23.05,24295
0.000,-867922423989867018935212775098299569506023580715908807317722593555096524832119179336238418317042435218676036711465383580545650868576765831097159841878119124032282695497464557446471821546504680395762475529666560.000000,0.000000,74.56,-5.76,-309.35,151.72,236.03,-32.64,273.92,29169,16169,130.62,53.65,17947
0.000,5744041782284291623056572416.000000,0.000000,-169.60,199.39,155.35,236.03,300.16,325.12,-181.85,8229,-26084,20.47,79.67,29950
0.000,0.000000,-1687893267747818665396610214302731944191713051787985387314709719907844452260764299445925511504843641997476665130184851684726327549384859141783945434103808.000000,59.59,123.76,236.03,49.28,-309.75,184.21,-135.79,-26339,-25866,-25.83,2.56,-1957
0.000,-141152612188873275150169683610977697792.000000,0.000000,140.58,236.03,105.60,168.97,-105.07,66.44,-92.62,-18423,-5337,-74.91,-276.19,28168
80298912928116860459431300117627514855738413246680244339189237543963531742503008536876981717521290276214111977054668209001833087676643128408034024971347844972618578034736813280438633706605944719488764952494606426081278406782299728559893682727002672143719414900821247080383841585594368.000,0.029090,0.000003,236.03,210.56,117.77,130.49,-194.61,-48.55,-154.24,-28573,15113,171.82,235.53,-28156
6536323407426778472516681728.000,0.000000,13985639220852925907516390402021427161846903482356830920875622654414743855986941584140450049419317676648871956373631837390971114625171456.000000,54.40,-291.84,12.73,197.15,-92.57,-233.49,-273.61,21095,-19196,-176.60,223.06,260
0.000,0.000000,937073884999311763848067613307066379038241441282822485672471757575923037066243442992089078079986353890553605387495325379038492331719772145412391937903033422258387776099854519853117928776773516017081393284462182339789272463177702401867411736080873947136.000000,99.84,92.18,227.79,95.02,-314.50,8.00,-92.16,10756,772,-65.41,-271.05,26214
-3216930543314117447571608311731154202607745206551837271844005936154563973046490423484969336776425472.000,0.000000,-0.000000,-286.62,-128.01,156.51,263.48,320.33,92.27,25.98,516,-23593,-198.83,-291.80,15728
800291370629581962276239605849756054259869644482097047849588200768035824370188940624695202786803877306030919377397636883813238968103965727964955710542936838001150934639013532181221285021711694497821298742827633918596912571060884405255380539296100906602898032232411498371847931814803684101829165056.000,0.000000,-0.000000,-102.41,-53.30,182.25,61.78,-245.89,12.81,-81.26,-7864,5242,194.60,10.28,-18514
0.000,13964979183574530388761930442236376350168335601899186008515765522626248741577198561927550963412428348910055501874438084328691754363518976.000000,-0.000000,-102.19,104.64,151.39,-161.28,308.09,186.94,48.68,-5243,-18351,5.16,78.64,16453
-392993199535708529577098206343693971078936562002527038622636922728174212341698351411253860690941481301902230105129312882328747257630751195136000.000,2753812648828809224155025908977628380071924867148715303173446991666537107907195347356429646051872878959974128885151147068507391198408041098340162333432280567842436359692114977246400463706153144049182286009618923520.000000,-0.302977,23.55,-112.28,309.63,-81.00,-197.09,-248.28,2.60,-18187,16453,235.93,-157.29,-26840
1907290405278623101856619900426637013441559506002883378854572219642312006828032.000,-0.000000,-285828341010319688205711710445619686889419004109366461801108447753368926668648603366897473286972588966948640095242389638216985096711861787469235510917538098781593569480034666428268196386365016052902064553984.000000,264.04,-33.17,-11.75,118.18,-271.32,10.28,-262.14,16453,25957,-262.15,-180.23,-11284
0.000,80940771916477072444597252648762810839387007394350083334068861366579128819204362936146047729546021606677530138671621675538555216375496835072.000000,46801734178.562393,-115.29,166.92,-155.73,-258.52,5.16,-104.86,288.35,998,1030,-178.59,164.53,8258
13987175005132574545534020610657151903647159742050573311400778052718072932920065497672036738366614646492103820154682284642206795209637888.000,0.000000,0.000000,141.05,-4.37,140.83,5.16,52.43,183.50,-176.95,-32257,8457,164.53,22.58,-16355
0.000,-586117711212885114880.000000,0.000000,-84.29,-268.76,0.04,209.72,78.64,-175.31,164.53,8472,-16355,276.69,180.29,-14696
0.000,20540899105590896532941055795832710336881170533006375331535060532739935073883244720698754547060629407903884344723090254864705238466279360118882567003739291581649285973168414348897303721802462099086650277162781099533838478999552.000000,-383435711592996997011495364880452118997658571458636368214243640844059066657452048999394708326453448262088689112370315801022408842251877235938094941372906750656509714763854875109671111589640393339364163173780768144275651314931585261790102280359685462751445241242320896.000000,294.43,7.72,-288.36,-26.22,-173.68,164.53,-105.24,-16355,-7069,-200.34,84.29,20673
-0.000,-0.000000,290350761244452251051636593397741121541794676786728044176965656125820217851904.000000,0.04,-131.07,-131.08,-172.04,164.53,256.54,245.45,9929,-20590,84.51,-163.55,13119
-41910262974669914112.000,-290257452127526850336037861198314062041763608869946611594417250702383852146527920337397146960968623781021660020172370974508110103163847833896165509393247054000474422436193245051932789829420928676991280426552989269746461450262164506385292533107462871345999203636913039189935414560423936.000000,0.000000,26.21,-235.93,-170.40,164.53,144.37,-82.37,82.90,10156,13108,-163.55,258.13,16476
-17357031663853365244645380980346806961840164457955707798637025901518078054506646366563268683972476928.000,-2251867053979928171636475771828132451556643015697514777886270294209540281195201815919072522375837083157114621845503243742822813268751360080016662191212370712561172743477356013812683837909072854803282418749669482125500435818732493605594852856395609233398724904721883789745859865445161609522577408.000000,19941065088494327938594818287011364864.000000,314.57,-168.76,164.53,287.30,-263.67,83.67,-163.55,13111,16476,0.89,237.56,330
-123437422900235916653029858349547477964218702262887329381452260181181083614402700409139283133155057830311947995768484647007976809699767342484323853396760560628637194982882028127898510546862102689767279191219320519087443761646113318917988417536.000,0.000000,427698053434795398749429764858583934905825811252536034490865252757623525207874360836096.000000,-167.12,164.53,-184.71,17.82,85.09,-163.55,201.50,16476,125,-30.09,131.17,2793
21063954366664840464255406431110792346836049854464.000,11785632836598469404459908570010241843290927486053905080195379432352829873285753370696216462961943370867067027829784857890274853589576481884035492632160829733670081892533181499525772542493065216.000000,-0.001719,164.53,190.98,-124.91,85.13,-163.55,-306.35,270.21,161,-556,131.15,164.76,-1637
-0.000,0.000000,43.500000,117.01,-182.68,83.23,-163.55,-195.52,244.22,131.10,3520,-2551,164.76,3.07,6727
7099185017112746565145117352921481355038493245440.000,0.000000,-0.000000,23.10,85.28,-163.55,-27.51,47.37,131.18,164.76,1342,3321,2.68,7.16,-16836
-0.000,-0.000000,-48106323874193692429036577748904326878059151256980561638943817411856930874783823917845705855598592.000000,84.32,-163.55,19.24,-63.85,131.13,164.76,1.66,17632,6310,36.77,27.70,12375
14223369192889248551524688824534136079134993823241571016604442908680382589534483078647081295725251126641459572312553045547645421411580852498170024065769178910000844458367840086835329982403873126823644791412084608860160.000,-3693671874.562746,0.000000,-163.55,-146.80,-317.47,131.04,164.76,1.14,20.21,2786,12600,35.19,-164.71,-3065
0.000,43.520000,-7.282713,-89.46,-2.19,131.12,164.76,0.02,6.46,16.62,12825,-29,-129.86,-138.00,329
0.000,17037914961403327865678510438744064.000000,-0.000000,139.65,131.14,164.76,0.76,-30.14,15.61,-31.45,-3354,4656,74.29,130.50,21593
0.000,0.000000,-4751789937285596489994905895892815718322673122160131600111350773874457648999105719407450403102239487433882564651349607554519351747819537569251314517614151352390151969562075506093438497728757760.000000,131.02,164.76,1.77,25.31,17.70,54.77,-124.70,25835,24676,132.75,3.67,1004
-7933575691188022804480.000,0.000000,0.000000,164.76,0.37,1.70,24.14,-171.29,1.68,135.00,1229,1135,-1.96,214.92,1000
43.540,-7.282832,112.799971,2.77,17.69,9.32,58.59,-161.48,137.25,28.82,1203,1017,103.10,256.94,-2557
-15744940322416602692864952877205734358721180334123294248854903508774996805763309710427294126178451899435844842067910526467725097156687224239947376494115778519306938544290587745858000810613779720837497437546055186900053050356692898545221192259115446734039890746408960.000,0.000000,0.000000,-30.16,25.53,101.35,-3.45,139.50,2.18,21.70,1108,26115,185.59,10.82,26214
-34226851787482932383292589995552525612232235961029002919784493525798231847420766310402906804162213010283273017850720194924536953685021681423420361555583239200869147507173688699161252200448.000,-0.000000,0.000000,19.20,-48.67,-176.76,141.75,-14.88,187.73,0.27,-10493,28835,11.98,10.89,2621
0.000,0.000000,0.000000,23.34,-171.77,144.00,-10.81,280.15,196.21,11.20,31457,-20972,10.63,184.36,17863
-7.283,112.799638,-294448103347363196150092704729551207947960335852187418624.000000,-78.22,146.25,9.96,79.23,196.79,12.25,10.89,20971,17864,-184.31,-314.58,30528
1031813699.811,0.000000,-1.451945,148.50,-29.78,48.55,68.40,12.39,11.45,104.98,17864,-9664,-288.36,-26.22,-12790
-0.000,0.000000,0.000000,-33.07,246.31,14.39,10.70,11.11,-261.08,-262.15,3648,-13038,-262.15,178.65,16956
0.000,0.000000,0.000000,156.40,237.53,10.19,10.30,25.64,-235.93,157.28,-11966,-18072,178.66,-106.88,7457
112.800,0.000000,844820549170002219760103307473876520968996356657293891590493831168.000000,261.15,10.59,12.27,314.92,-209.72,-78.65,178.66,-18475,7457,-309.12,-305.56,10944
0.000,-23254485484901499312927576960650668969705210435998362958545446799598392149736731967306290041609617524884068072704733299613421332862266496073150698095104305665764291746062211344397919723091475710980038626692465412154340215738095484972192517488492354637309818443923456.000000,0.000000,11.41,11.47,-51.18,-183.51,-314.58,178.67,-163.20,7457,29120,-318.59,-63.38,24944
-131672356239757348494033806913897545906169977517668713332537266101514282559788758145428009783350545893001699184989160127564338304940235151432688261367404290811478115583663901167021802911580521517028808538668446619972544903826717475302185869997925360240417779830994559662308711001675901832401450847749275648.000,0.000000,0.000000,11.18,235.54,-157.29,104.85,178.68,-78.72,-19.55,8640,1704,57.84,74.58,11260
0.000,-77311534680303351511522034390461331062102798187024772563441129772576486488762998911961058552324668805174418523042473062718996144430990045455977225536265843705619012848424652601286199400387129164182271427656623996091824856212338846317139092702798972216035624090170649171880954337039482880.000000,0.000000,-130.52,-131.08,-131.08,178.68,3.20,-58.64,-90.91,-8577,10763,74.57,48.00,23603
-333404781524478984020571682269840274613071501096313016422376926474733044229937823744.000,4746985137148344811704367290616887168828790147687790326138837033946725154465934430756788084054952899595448790570922072989713847847720698435643715979581467265326600031230299996544517225607268027791835136.000000,0.000000,-104.86,288.35,178.69,228.48,-250.45,164.09,74.58,11423,23603,219.52,203.29,-28096
0.000,0.000000,-41614457457760246894172218243233931415989566229064685233208994736225624393110672725162637557808807619605385833145130538890130873985615925934030308575248906190848.000000,52.42,178.70,16.00,-317.43,127.54,74.58,-39.04,23603,32576,27.18,88.85,-23296
3650564556.312,0.000000,-0.000000,178.70,115.84,308.04,-62.36,74.57,-39.04,-247.15,5184,15616,98.01,236.03,-16386
-1379862400426714658907313328292969228842143842974808360571576364164686319759264400874132339831600952615217822657917411284796630564092231500537852042333561545414322629609855776482192822281895426181894536027182026113998476462286510879674939555708928.000,0.000000,19410899815994568844528058368.000000,-40.32,-220.48,109.07,74.58,101.76,-320.28,85.40,-5376,29958,236.03,-19.84,32260
0.000,0.000000,-34572207651578102957965940167325870524804072339706893336926318499483885229888070835247459241683913650086406717037878937671773000578677632449572983539774752704211118842765101785275170816.000000,30.54,173.38,74.58,24.96,-151.60,108.14,236.03,-19983,31495,-324.48,-207.36,-21244
0.000,0.000000,16419873157772953142093655086018494508846618936599274507336671667380481177607414922039942337245712486357547481664885480174141816489945784509044521135175860257701668847616.000000,226.48,74.58,-228.48,324.52,99.47,236.03,67.20,27643,22341,89.61,-225.42,28450
0.000,19991589045516015951633006971358019584.000000,17137422939383250005524480.000000,74.58,-182.40,-239.46,92.52,236.03,159.36,-161.28,32192,20517,-79.41,299.60,838
0.000,22183885503994117792324386816.000000,0.000000,298.88,-76.59,64.90,236.03,156.80,-74.23,240.64,12604,-1721,261.25,128.33,22779
-669147861813475.250,-11074655784941413570332393760513085931520.000000,325076992764970973899840178674941354650458601587830846840200600215189398112594497120704705096879585673028088322274099200.000000,-32.40,67.83,236.03,-30.08,-184.32,102.48,-184.17,22600,-15616,-276.06,48.26,-14588
0.000,0.000000,-0.000000,92.34,236.03,113.28,215.05,261.21,51.12,273.98,-6406,-26049,-33.00,10.96,5734
-1972024236690567829510411755030416758251243489667014271702697532494010883006557245512880409552496800051243253760.000,0.000000,0.000000,236.03,126.08,-327.68,258.55,-240.64,-271.78,-112.11,9231,-17093,187.61,225.26,-25852
25353012004564065190164824064.000,0.000000,13884928399507864229230521068178383846158172070443039109989857867622003762792523548127472616138537091570460167952336674563813637131075584.000000,233.60,217.61,25.59,276.49,37.79,-189.71,318.18,-10146,17156,-92.10,251.36,516
-34572373632200854272763358849237411840033348609756536480804249092679027344745975096124186342131065364666384060188225146576230264390321953159177283892983779398866979800033352450284978176.000,-0.000000,0.000000,220.17,256.04,-15.30,17.45,-271.15,28.91,186.86,-14332,1028,3.01,-260.44,10486
1972987769803664416022755121653374894260240019793814074157612612683347689872635365668214987106863381789991716634469518800117021387259904.000,0.000000,0.000000,10.27,-120.42,-297.51,306.85,-173.32,-117.75,141.18,260,26214,107.74,28.20,26214
-0.000,0.000000,-0.000000,-51.31,266.44,225.95,75.01,-151.16,-138.12,282.16,-23593,15728,-48.60,7.71,-10486
0.000,13854145120736494259664906747849596998516032628802724345330186587018579640807551163586135383044196389371195772542297303960931150833123328.000000,0.000000,138.49,146.32,126.22,-143.29,87.44,-183.58,30.76,5242,-10322,0.04,-78.64,16453
839430361308870689476707945015299195600893139665503182520751403445262020791967951806952244916728533886200628768312984934091832799089939417746600012545503466695165969871478433834693437493761603190839901612941036267082604557079465197146472448.000,0.000000,0.000000,66.82,103.19,294.33,246.75,289.41,297.00,5.16,-10159,16453,78.64,-52.43,10086
1856131692959167152128.000,3319001231337758755336058927823100722746205131717864704724535600075825914290931734113640582686045063601645685161209395264750767537967293471559381685504615745093451428691056323045205552537998420528849204936408154778427782314044948480.000000,-1020079656153886038443744378868984087200267551922149384515310319446865568234787118600553727408465755484711105973579271368353547670592141297633041775044099741979004244621823249024687144939960058180738463371285246465248188484792545915221226131309931980743121006291755088428072331280407068672.000000,113.43,-261.01,-260.07,0.36,56.36,5.16,235.93,16453,-16598,-157.29,-99.95,10372
0.000,0.000000,-0.000000,289.21,-171.19,290.14,161.32,0.04,-262.14,-262.15,-26119,-26791,-98.31,164.53,8681
13846874277357776008315571156437343211054654685784059720256625598342231607633242944811551750660829428224814077123607904041097650421891072.000,-20374364016689283072.000000,0.000000,-150.87,271.98,-184.28,2.60,-104.86,288.35,-96.67,23536,8660,164.53,277.77,-16355
0.000,0.000000,-264914881288599539354687280670113260383739698623281636674871751675231605005418226499131264475047433083510145383566185376969720273059210333155043129732741883935216211121367163076608.000000,-183.50,189.48,0.04,52.43,183.50,-95.03,164.53,8789,-16355,2.68,52.60,32733
-0.000,61018985019809149264221200287607378589004712354805769426551856553940845792260244644393641813531574062704503351215095676829095764459262705768931784142825640105183170848719092316029796586489538170796517325197378441635545586532233066680528066133574953820977990008995263368490080952688444619702904844438183346176.000000,-0.000000,304.68,5.16,209.72,78.64,-93.39,164.53,115.67,-16355,-16925,-196.58,86.61,-2760
14932640746682636044694989125646547378304913686752256460537053555819886144491453617120160612335270636154453347168940279594986465853120634978562254662656807150120878016284871980109627520463142912.000,-2656355602875095747849669514101345805134526192606529978069106136631157013606808005720017993728.000000,0.000000,2.60,-288.36,-26.22,-91.76,164.53,170.97,-16.90,28356,-18310,86.01,-163.55,13062
986284278847345069211530639660078396397820235026116904021884956134140482250408183234508348965298068305621875612931169650940970967659116101659392506573479576255413821417368501991605570698781316176973687885188333802528702464.000,0.000000,0.000000,-131.07,-131.08,-90.12,164.53,281.60,234.35,85.76,31101,13074,-163.55,-297.94,16476
-11269534202811485464573449154365112128614728253227542798140805618840597132252187508475546322723383306194384385257677861715788357846362961649243700928920097517457745338908603743946307764721273787252975493894081999364839594480054684187260832817333338648721687464540435906560.000,3239937.143254,0.000000,-235.93,-88.48,164.53,-173.31,9.22,85.18,-163.55,13072,16476,4.68,-120.25,348
0.000,62183730336055861754184796836962401971561278246715435868443279342414490722363264390377771121687100475165485097779232614419418273260035642599931904.000000,80298907666519666958705501366704540229156325869330344999430668912786269747177362034994360182280195501434516164540563240910570240202463757086902423683483715193420965783949424997445587968007124218769908691984460083673754383119436550340220528428623883954081210502139447387791001869352960.000000,-86.84,164.53,35.97,304.08,85.40,-163.55,89.17,16476,44,327.16,130.63,2921
-1060008256696184648265363883117479341534723573197008718887629729340214767958127149893679947582175054204228571601887111389339621261312.000,-709636450453535.375000,-19435756734438360864713072473248307625251774581611430041380119468217589492711108148432714899864934043536574716204738316166789782996234631383542136832.000000,164.53,292.13,-135.31,84.88,-163.55,-159.05,103.43,20,-1670,130.57,164.76,-3863
-0.000,0.000000,43.745000,-290.17,-251.01,86.02,-163.55,273.59,260.22,130.60,-3277,-2907,164.76,2.82,7996
-0.000,0.000000,-0.016847,139.83,85.96,-163.55,281.87,-194.91,130.58,164.76,314,-1053,2.48,-34.27,-15088
-24668984603238339086238029037695397140698943113584334051636335443185652597772848888369597889041818248544256.000,-1972024662254458102098312019649861790906866277432383083191908338720825394212783599707919192269491207501349126144.000000,-15276768473343802986946548433322152643253241963550577076207961288911579428802219979644365101260452385688061537773334786904769270001556345754495192632956151661676649460849721931441219453864194348497567766545024373949867319359579973403766451313384195417287107616162997447791184471797006336.000000,85.74,-163.55,15.15,-155.53,130.55,164.76,2.64,11619,5090,9.55,-29.17,23400
-0.000,-41614952599416416184740565910672591119060187123889765502351800959713748850036887881871976175155043324753260317352491850115597470544672709182219393380725999796224.000000,0.000000,-163.55,-198.90,-158.46,130.53,164.76,2.51,0.87,-9236,23625,-28.39,-15.49,-3300
0.000,43.765000,-7.282854,29.25,190.25,130.65,164.76,1.45,8.77,-7.79,23850,-2364,-120.05,166.79,9766
-18265859183486106334033864069049586783998977889678464341570605207694751048456069638286864847490037369650580044257253697301143901582741726699361074896624100189202335167474369511153323176935898358594530140912555112631322884516653138871999450319479895868550676480.000,535041796215131394047122410765008571633679493123887271809885896752208428869068672381367412035834476975722247223154669443718659007873397756308687818333843643742061288923725474378712184300889785959042306506795874298888192.000000,-0.000000,277.25,130.67,164.76,0.16,-14.00,-34.76,101.41,613,17793,-83.34,240.75,5339
0.000,247953541368620758755964958440283111901538089186874928367247212357297190493019841757184.000000,-126580263183454540519081158251449566559329802119320894650230339561590292686927369735035153805517053831941539594640078955453081588188900353545326223077389146010021388703815717104402544660309935398310392137869276832785378842333510149516433836225955180347853472916107283444308756626837340160.000000,130.51,164.76,0.66,-2.25,26.80,129.47,-134.74,14513,25921,243.00,-25.81,1054
-89038944530475711527195518384896928432936148440374798635825456161623940233547136460680457574740869480831686171359640952522984965638497422909419850846408465137932655774400512.000,0.000000,0.000000,164.76,3.50,-11.65,10.93,21.12,-42.60,245.25,28976,1110,-14.33,238.50,1083
43.785,-7.282425,112.797196,2.41,20.00,31.47,-0.75,63.04,247.50,-7.78,1193,1142,123.10,198.39,-31486
0.000,-44885315914509489886970170898004295399332281764720316066319089389050725813724237150099174706325409113086041610119113406489637044953896615481978424117962206259352271215661065120647561190989175641940656682219520417216098638089233925283479026540505716329922784678933168128.000000,0.000000,15.19,-17.80,88.25,114.31,249.75,7.62,148.92,1242,-2560,108.38,12.25,23592
354684775511291056889746346943330578669662321389843732440744575022419994478958597224441098751306677711840602299153460297203586013651533158789904973738404009152822898291393850769865111175306546249728.000,-61380696876893651863744703971818066001152476303179312868765089956244692162820329154860246897022447095151234005701322968840790150470790496823409014314067858544891025998616728544580890826113395146693154302188529518561329842993354515363174751980211894315442088343395322822656.000000,-540695289621669471061776122177711264403104625763922951939475577937913920717907144326749014845004152180124541386691458102155675833321189330605466761298497610506277661127025133066475702720501096662721650353933781721886900778867804577242240557122741248890765312.000000,28.68,-156.14,15.34,252.00,11.33,47.72,248.41,26116,26214,10.73,10.10,26214
0.000,0.000000,-18333389957236706780185104443530139269520340063949192293279115462695593581470083768417227198545646186074555105880611615639489922324554633392277425702389533819391195544290042029929037346999490861859413177013520550545376540213090801409709037432933444498092723610523051353090604367959883038215618166784.000000,-88.74,-153.32,254.25,13.66,93.02,187.61,11.91,28835,2621,10.80,-104.95,17895
-7.282,112.797215,-105128147284153698789399643426641570970272569235218908944116471714951296592136388683800560218367638485924408218921408751741465836149099917187713976212664725282072089060142785678166759775782661568225171581503459540598784.000000,59.87,256.50,-8.61,243.07,83.60,10.08,11.93,-20972,17895,184.35,314.57,19008
10068973936707921249733628497938326421427155581337838359772001838725299244479402782370239580598700475036667486877928283442770218496026136161713763158673651174113240275414179570466387344392387119569366176174586856718155964656198323405071361486517051364362590266659629865976230576128.000,0.000000,-36551809014735898918650122049349891213200597620345372952601324321258318813376720097933810974848761850312507538684278575906171878525409619805952040861589817602199281509538154336294716264088701125624369012520517632.000000,258.75,4.10,32.49,266.47,12.20,10.26,-184.29,17896,20032,-314.58,209.71,-14917
89833411730334819580371455401258841739696002826240.000,0.000000,1329168823302626204622735449849520342862842723078261005189240990082319046487787878491920451342548201582547274827551666200323291248010326805051714383901801610156151285198455548789391360.000000,22.92,188.16,195.77,11.74,10.12,104.96,-288.36,-10432,-6682,-26.22,178.96,22429
0.000,-84731916734794863252580669655892135357983695700183310113036953963313408931802163435371920455288625349256075145643679677720367509219176080812188914214764898145609712395028607795121462172744515772806597916963348029470497703679781349967790080.000000,-97640291578298594427335909047376082003544185970841745133800752405153240540966749808605945308372859279576562958368828802606471616212890254970867685802308350334749484904697971076231181644272849499238068471468158856822749884359377201097405863672312537577118760960.000000,93.53,172.26,12.35,11.00,-261.11,-262.15,-262.15,-19818,17503,178.97,-83.84,7456
112.796,0.000000,0.000000,121.62,11.78,10.69,25.63,-235.93,157.28,178.98,-20146,7456,97.92,-308.44,-2368
0.000,-266834839021041475372913384661105414032908640845824.000000,3234.142502,11.92,12.53,314.92,-209.72,-78.65,178.98,146.56,7455,3776,248.72,-46.98,-3280
0.000,119508350994126658209573865410090375756336350212275476401202970025346233602859372222598063818108956480752626688952254286676754416428721045861329168504653939969023148387662551066766470943865999531704320.000000,0.000000,10.33,-51.19,-183.51,-314.58,178.99,31.36,-161.66,-16192,20591,-115.54,74.55,938
0.000,0.000000,0.000000,235.52,-157.29,104.85,179.00,-1.92,167.04,-179.83,-21806,3,74.55,222.08,23603
-15363840150172221494635923827268188284962500858971699541586385239401075087786139756700820133263547051285702836819649205529865882202890620840963969767922846716802135065622066879156104053390568516923881527219536719632094901438905252148793598505089057443576545280.000,2910254684092232578076319332876415505116861125342354588388246533314677252818981451407173556061323626768887587294220212453299932797585051258816130232041923151688034570023622791524299699757861578125344768.000000,-926422550912940126204811886681359759980711247057029341403676672.000000,-131.08,-131.08,179.00,-319.36,307.91,-120.32,74.55,-1311,23602,227.20,256.77,22848
-62547227341109032676881582152140402038610895182006205299970235366267241254229722298858761216897339718294285171861591607420012024353248130527153490952147194418032015574984473676245521053446335555357210892406848245336098311929954213454170554368.000,0.000000,-1971899672569288008354362130876573772845375183085485086219637405200864901700084088265264104126864654883155345408.000000,288.35,179.01,144.00,-9.34,89.26,74.56,-300.16,23603,7744,174.27,10.89,22273
9734070009792819836558609894036575861660650928248277812656823528499696558738559332701370374693703552514389534684895236880372461904421861789509697616524164948245768676481871604477277649230740371296375771698824174632960.000,0.000000,0.000000,179.02,-53.12,2.06,-70.40,74.55,214.40,-146.29,2368,-30720,10.37,236.03,1538
0.000,0.000000,76059036013694412185936068608.000000,-252.80,95.78,-19.41,74.55,19.84,-292.33,-9.79,14080,10487,236.02,126.08,-19708
60753239465847004469863586422344643681258122405701166060971179230966352031126650880.000,-0.000000,262360653587181249736956536473719163776850989835086346134267111247161625589339186253767162160048810746290547679323905319056950211578969955696843936320615730857501147560023583113271192244696046586450391732871198608441297300831539151822136118765875881819806598346833920.000000,145.88,121.92,74.55,288.64,-81.43,-21.71,236.02,26633,8443,82.56,-312.32,-30267
0.000,0.000000,-2141344720254708401964967882909762324340607885851143901537080872121242693632000673653354859562046367509336536016862868315336458246710935286330286894053342544339716616641707043532891941240832.000000,287.83,74.55,-167.04,-175.55,-26.47,236.02,315.52,-27406,-17205,176.64,-25.66,-32741
0.000,-0.000000,0.000000,74.55,-103.04,-17.96,-15.48,236.02,177.28,145.93,-25388,25070,-0.10,20.53,-19855
0.000,85566415515404258777503891456.000000,0.000000,-256.64,-269.93,-4.92,236.02,-252.80,130.56,168.82,17120,21618,28.05,-142.89,2038
1182113087303286885641110776467221366438152887803292091994981462939765649508203684167680.000,-9731520859535408502925882164731572950790043879658513242119137206476844998577565703126259350841825253450025151121077033441588910271609784670813357583268895264090884627051209783242148986027893856403456.000000,0.000000,89.89,11.16,236.03,-88.96,25.60,263.72,268.84,1651,27144,314.93,91.84,17005
0.000,-0.000000,0.000000,3.31,236.03,-273.28,-232.96,148.53,191.86,189.48,-6646,-1522,10.69,-211.32,15718
0.000,-41898170276442904985942411084142202308341161867372097606837198049339143061911761710673006510072982007522595950297088.000000,0.000000,236.03,-222.08,-15.36,-220.22,-145.81,289.74,-66.72,-22467,-2784,-111.48,-281.71,12291
98242921517688516784120922112.000,0.000000,13815438598929361796661996904274205975782737262396215760310916242713427042146139794687189099123922846998570271563302651428605264190767104.000000,-314.24,-151.04,-74.24,92.07,137.88,-148.00,-270.19,11304,-2812,43.59,-271.22,259
0.000,-25755168887231779867579521704326890020294560799691155099429159723822213490341561030007295801481660657199708451027353892380201052408632093082361266176.000000,-937073693325462036533197700896786332877064516625949326922173884526539108006826112823051404519177446513262575583175611939397532191600238357027755486603757704616086868805058869976903929551397667193604597362359679717624857882335905353169066415734717939712.000000,-171.52,15.24,17.85,-48.82,-225.44,37.02,-71.73,-3068,259,-298.70,166.93,-5243
-71580937336408074501311177595654387971971714194145980905830854404966034000818852607692807866288762868450558250723517256662357951986622330089019788932392023117398000594739130012593768466715268795429647288580003935384972171621171200.000,28198675106095807493823683521093429350668536966470680349885958798304982645570402940278926034341689041101512068791685663897372185058782465355814230656393948867652684353554673158848512.000000,-563259384422275.500000,46.07,-64.02,20.82,-305.08,-98.65,-176.77,-301.52,4,10486,-24.72,61.47,-28836
0.107,0.000000,0.000000,105.00,166.57,271.27,-275.28,-151.18,-270.20,-286.56,26214,26214,297.00,5.16,-2458
0.000,13836945309208769243147590088451151958370116421674431908217805469157400604191750321885540341384576310686202781127277943072911276174737408.000000,-0.000000,-181.49,191.45,-98.63,189.33,-160.57,-222.10,189.48,15728,-2294,7.72,-235.93,16453
0.000,-0.000499,0.000000,112.51,313.54,-309.78,-314.54,-135.15,-238.04,0.04,-2130,16453,-78.64,52.42,29311
-496625761227072559133687818262873216973287603810316723661460063734656545570917941643517356753596267363840252560174287214971856441782746764117583541052622494439738818451202694850466019833011979116263033491236476784318339992766104275350700727360022662919581943323426816.000,-0.000000,0.000000,298.19,191.89,-273.84,95.60,289.32,5.16,78.64,16453,22080,-52.43,-19.67,-6085
0.000,-36219891788919968515360148018047630098303237533701155543804125863670648787156432909358311159967926664770934749879849392965608793853757685210392145043241641016625129096850749575867180930075528312341085438230886415274548360128545569557705449826770020931494858764713301704179712.000000,-0.000000,-63.98,52.14,267.34,2.60,7.72,235.93,-157.29,4484,8009,-18.03,164.53,7821
13813510237822826106138002373989533685399212987010156717912926655560682537010971231727611818409179701009955884770987729873206781040132096.000,296443773553970127366141820346196947094315747869641763856221237618791613947000141295003739874511995534912353456300376813124023368845017340530908474764801010678664988945321746655526505401038142097534867749387979380106803523281037654228992.000000,0.000000,190.14,-98.97,128.04,2.60,-262.14,-262.15,-16.39,-18614,7695,164.53,110.36,-16355
0.000,0.000000,0.000000,-55.85,38.43,2.60,-104.86,288.35,-14.75,164.53,7678,-16355,-105.19,-197.91,-2626
882151937600959515291929561285168556462346443131364040496251870996917011164381927597397769868720850321884010238277062542841724342303898818060746880882780539281731517679558407945165716427701978967285013910209694417262298854417343573374931855998976.000,-0.000000,-0.000000,-325.08,7.72,52.43,183.50,-13.11,164.53,-287.48,-16355,-9920,-102.55,75.91,-25678
0.000,-16396374212558785170653775587860503706558421424008441040977490143969725953816079515786806296576.000000,-0.000000,10.28,209.72,78.64,-11.47,164.53,-19.76,-279.68,-15432,-13839,77.56,-163.55,13064
17062517348513624054949364801470464.000,0.000000,0.000000,-288.36,-26.22,-9.84,164.53,-206.93,59.71,77.88,27586,13071,-163.55,-294.51,16476
-0.000,-0.000000,-93215186242555850142631052153343016202763760190712504790286336.000000,-131.08,-8.20,164.53,-250.46,269.68,77.99,-163.55,13062,16476,241.49,-179.13,223
0.000,0.000058,-0.000000,-6.56,164.53,69.98,158.12,77.24,-163.55,239.75,16476,47,213.98,130.68,-3638
0.000,-765387003395896864572871056993149347522321482279694140650227643434027311611006262632964357043587917158031420419291043570212306116384251626848237398753932280151595650041813716435233398053583399682048.000000,-214301721437096737068582176910530634719163457271770567057275782476269109038330902301196940623380631520675983192627516348946114088357864046798566855067087465907934906410110971930750851172913485518021778164488016899153766330920767428672852070993889764534408002037755622835229046227072601340275092094976.000000,164.53,-294.39,-25.99,76.34,-163.55,269.86,258.53,325,-2755,130.67,164.76,1121
443944815791932703663433725980698706849361156753512598243774495405205355573117722819381239692331701863146155443525980359098735085782565246500973400363529394356546236769062044246916258487963924561920.000,0.000000,43.990000,-117.08,310.29,76.58,-163.55,-50.42,11.23,130.77,3726,3307,164.76,0.98,2991
-0.000,-4260617535624.918945,-0.000000,43.34,77.14,-163.55,-229.96,219.56,130.77,164.76,-138,-6867,1.53,-31.24,-13573
0.000,0.000000,-0.000000,76.65,-163.55,167.96,-86.13,130.71,164.76,0.54,-2512,-405,13.75,31.70,-31111
-0.000,0.000000,0.000000,-163.55,174.96,-305.06,130.87,164.76,2.77,-13.39,-13963,-30886,-5.25,85.74,-2971
0.000,44.010000,-7.278953,288.61,-251.05,130.82,164.76,1.27,9.23,4.77,-30661,1566,-173.28,-47.78,14820
-0.000,-0.000000,1193076325681616000744578172432555313098626963305801843281543511127796399573056309215898584550230602419055624192.000000,-116.83,130.79,164.76,0.00,-5.44,-26.63,42.13,-3422,2846,138.14,-304.36,18377
9070949784542893510822153355544654320739211988347846004904364197857006194307194168425164517570678229690974024547613890683448343459266560.000,-12895361183731973165044260570594519630460598517747238541428963285950062641701102341212970840974141872214577321607168.000000,0.000000,130.81,164.76,2.80,30.29,-11.17,16.99,32.92,23268,28950,-302.11,30.52,1006
0.000,0.000000,0.000000,164.76,0.95,-27.73,-4.20,-35.68,-52.77,-299.86,17942,1219,-12.89,115.90,1026
44.030,-7.279059,112.799057,0.70,27.19,31.32,70.58,1.77,-297.61,0.21,1194,1157,293.56,4.15,5124
0.000,0.000000,0.000000,31.17,-16.49,-167.06,-128.73,0.00,28.42,168.33,1126,-31486,223.80,11.20,20971
127829013997825069864781164474620433412382423597481928141294634761770766238395552027927168974035407696195036235059697189266131685113003698468506706543888909366584841574294098339191212522257214977335298994820177712441578225664.000,0.000000,0.000000,-39.28,123.38,59.12,2.25,12.38,205.95,172.14,-2557,23592,10.10,11.52,-15729
0.000,0.000000,-211010715805347650930135759035626170480071946525683435612315238865984610528437815831237748718859534342437864768090692835552495824493127709728014984906741991669523107318957341831352341643634269937540083509255568156681023823363628252273395250097011205205315026672913475436544.000000,43.92,2.51,4.50,-25.75,35.88,67.34,11.27,26214,26214,11.73,261.16,17926
-7.280,112.799475,0.000000,128.47,6.75,-13.75,118.49,159.92,10.14,10.52,2621,17927,-104.94,288.35,-6336
5987662819848500273475945844327452430309847175402404761094592556782099797427391753300550582231296971581318871666492812659849252520868337368808813094978182977272393858562736118225775476211990264641888316793386898676071868745068998875632513792945827389136292832241482368526146611989077889839529984.000,0.000000,0.000000,9.00,25.54,118.13,126.20,10.18,10.45,184.36,17927,17984,314.57,-209.72,27684
0.000,-12617198106007618689954362949113271632054791433770322767277295902145507181911218175037203280242613002506110399564138915708737823505740214945424752826698987802838771721221749063024971294850298539419707571760838714015319756080349476225548288.000000,0.000000,-9.42,218.87,77.91,11.52,11.50,-184.29,-314.58,-8640,30538,209.71,179.28,-5562
0.000,-184317984379427701310677970910877883306300220915780370973084694443757038814074535805194945915010643886176822813740992010707630032487741062556716255849220978399018915598485929329442630655764996969759766856291372740135516268165548181741769917988864.000000,0.000000,194.91,226.68,12.54,11.77,104.96,-288.36,-26.22,15607,-10596,179.28,56.96,7454
112.799,0.000000,45003.688251,145.86,12.50,11.99,-261.12,-262.15,-262.15,179.29,2879,7455,-73.60,-195.59,13248
0.000,-2825891843800926007385722774420118221746532959134153811797025001542147619568733057607585851990104067128716236749467822231757072286258799130637478915328274644720504972677874888038777801431057140686999065040246527189813263796372759688315218921276296048672768.000000,0.000000,10.77,11.75,25.61,-235.93,157.28,179.30,228.48,7455,12480,-255.44,-226.17,31697
0.000,0.000000,0.000000,10.88,314.91,-209.72,-78.65,179.30,54.40,276.06,27584,11559,71.84,74.55,10967
-1031079857302852070334023669924173485057499529545427623846929855905212125832326573864593006184911491359230523646756834108770583242897280589827062595959457433881811149873903802541250785637182740371471451684902365670511137701697318146793721950895932365715623571579994112.000,0.000000,0.000000,-51.18,-183.51,-314.58,179.31,-321.92,30.57,21.10,11482,10309,74.55,-146.56,23603
0.000,593569263652910815701615917843556079293130636502062436487445456315443469105496064.000000,1818832525766946793420991621633797605794886672315155622148482100419226366818160699340503698924840347009655119890444163059300617680846848.000000,-157.29,104.85,179.32,-24.96,-163.40,-216.66,74.55,10380,23603,232.32,-38.50,-28864
0.000,0.000000,-92562339175566409606186317953683896793192142616397951132499968.000000,-131.08,179.32,18.56,-195.05,118.72,74.55,319.36,23603,320,194.49,120.92,-13311
0.000,0.000000,3942650740548577761903695838390175749148581944012319533241273987728408807871421200170454420775722345749028082587029086638411094656895552189162100852722045440088349382165093416297585791485325241967562241469543185899237192035987374473216.000000,179.33,187.52,143.11,-101.99,74.54,255.36,59.59,-9920,24576,129.43,236.03,-7677
-3359631952166182034134630464180457709212764943104173016732159250550136850835187019939275334987024894281287126482770278602109625570076817954434758801242673186182266957605562384236952624126237240838312754509034792092368138262583462362359143745432754980903869729564786688.000,0.000000,297897891053633329513273229312.000000,-160.64,-75.38,-135.53,74.54,219.52,270.40,98.12,6144,-12274,236.03,-60.80,-26124
9040702808467800814389212883781870707877497855801777940552744960.000,0.000000,0.000000,-147.58,320.11,74.55,86.40,51.77,125.90,236.03,12281,-24581,-78.72,-61.44,-18420
502370067055866019840.000,-17834135825584399466336856675546686549041423156146247213686312932160818694028786625011128092755308663129480919911386568838522235981154709053777883288346075779138188417380858506388788316350670080037468639433939001854272080177987860236413180051422308146226397184.000000,0.000000,-113.49,74.54,278.40,18.26,134.03,236.03,-58.24,-2547,11539,158.72,176.58,-3609
0.000,0.000000,0.000000,74.55,-184.96,-24.23,113.23,236.03,159.36,204.81,-4871,-11537,-71.60,-274.04,18959
0.000,329589156059346411047582957568.000000,0.000000,280.96,183.32,121.32,236.03,269.44,232.96,66.41,-19489,-19184,215.18,-83.83,-19212
-1869103764489469340865275340950466564718343196058601474934831428953500926157037193469349825270056868527862276004107223697589046302576863316713678999921407033344.000,-1550366303759046491015343374131042433401788267815269572662085714845447678434008863467335755374324667904157096720620879031218729958329999687680.000000,0.000000,107.73,104.21,236.03,-199.04,-74.24,-110.22,-307.31,-24303,29692,-217.79,-274.32,-30143
0.000,-0.000000,-165690937581300029360637306210204707192832.000000,130.22,236.03,197.76,-302.08,-79.45,30.60,-257.95,-14858,-3260,300.11,135.86,30760
-0.000,0.000000,0.000000,236.03,149.12,176.65,233.05,-99.73,-169.59,222.27,27679,-12269,53.95,-66.53,32004
380295180068465287938053242880.000,0.000000,13948688366724633947137988373654003151820011900120622094646574593129000407532821906974086280870015603408328231651535207675474762117677056.000000,54.40,-253.44,-179.13,-81.91,-59.41,141.00,192.20,-7646,-22012,-187.00,-235.24,772
-2265868330259552996790242375887794731157044938095054124143355760792362873935236652214919051638821679586028502025146235224753414513034928389104457303962567535907924832109852669647041694007296.000,-2807412733672849855785206083811663348236288.000000,248299730632025414681283351088037883738157238968728214520593762393161108486803685376.000000,35.84,-227.95,-25.52,-250.23,63.40,141.01,194.45,-25596,516,133.30,-52.91,-20972
311099525768859264643042570188923782282955792533769993772126453287280093427613621870323732248385568863250321331926571790529398894599632750862792502653510484322889290733722541335050394401169839146087827929359139444127709498684899390346253887353126912.000,0.000000,0.000000,-263.71,122.89,188.90,-15.95,5.33,312.41,244.29,260,-5243,154.15,143.40,-18351
-116394427364935902571296748540134200936882763915242696060881513397184121548646399223581877718767366306297690696917502973687402439626357300940898847783124992.000,0.000000,0.000000,-199.70,-40.91,-95.25,41.18,-71.65,302.49,-52.70,10486,-28836,235.55,0.04,5570
0.000,13936454305457684406062433556447758786331998126853559110996368817066897016836982707871630581743023165118077627668464544395276058875658240.000000,1689382960398974312368956857043451211631361965856908542589301562778455484667136896401408.000000,-207.81,-176.04,215.27,-217.68,184.67,-32.36,194.59,26214,5734,2.60,262.14,16454
0.000,149284485822409278226676601357469755948700517407338749983284887686825326986231658124366027958361544685338027636260537216005234960415389273629679302019753974008124095467987019848524921871873867776.000000,-1362617963261759256525317591116159087235087999291918220503968180977791976243034603008140195932240672194560.000000,-255.68,151.28,-250.83,287.85,174.31,273.96,10.28,5898,16454,-235.93,157.28,-7219
-0.000,0.000000,52371610175010352988662034754048966296934003529586232017436295400693236068036088417573204769393514632526141023999820081238365165203709412940921099766997391997279313476704899482453467490644215537130183422582241949364521393454605667666672887925270730054738554603024407112337837434016285699108478386176.000000,179.45,86.99,174.23,166.81,258.60,0.04,-78.64,16454,-14871,52.42,60.62,-20236
0.000,111976574802889583249720123645838417651627946378479748781592150457964717411244103913365052280795809224285540387448671063938216903100934380036424046130304460530405457916445026144757623030966128556232320533947599073961953441911673788923381962157863629293287617850369539596457589263311133744076223938560.000000,0.000000,-253.52,-125.21,-83.97,312.36,2.60,78.64,-52.43,-7901,-1578,62.25,164.54,8233
13960811784014551719807973550814235486084408352164892614279343651251423560259664056542031649974636756949543014564224849905136680550006784.000,4016202638431882533282282256058350260892312057194792209020073190024346881026204271734251311017920691863161537450063483441478901203190686787779021520487787930591994883876141481097953280.000000,-0.000000,249.40,-224.65,5.16,10.28,235.93,-157.29,63.89,-2289,8255,164.54,110.53,-16355
1066439255366745507438696313194538440075128223274003199785726608667091336066209899578436616192.000,1481275691389684514281401338770100175368186060223617717029932137143273091544932041451573929422048699191497026573080582900867729539083833113734237020617487716106442205035824971273071221048484253087769742223168898699770473070021427552466534096010957879920515882401552330446631600128.000000,0.000000,-181.49,-325.08,7.72,-262.14,-262.15,65.53,164.54,8152,-16355,-23.39,147.34,-17827
-0.000,0.000000,-3714233880320096018850325979192014805926066033967852916301784293265700164303532130911435882496.000000,30.76,7.72,-104.86,288.35,67.17,164.54,71.14,-16355,29888,107.94,82.07,9374
-105552.023,28194696453743436737728025585570127227152085290916182596222850915905944718210575401385887153738657388103070089987050759561455345775620465373771850715027644858347103977472.000000,5741480153626676097925384951759996795644440652454961403793910992219115974774445050172041104422346857709773513707067521304087635050387469948645587661436335277335308575777228402911713667162214474411580505231188175455736641653331441450297021364333783179605431347833158428649668476928.000000,10.28,52.43,183.50,68.81,164.54,-20.81,250.25,-17240,7596,82.07,-163.55,13107
0.000,0.000000,0.000000,209.72,78.64,70.45,164.54,-225.50,-266.56,80.71,-9299,13106,-163.55,300.11,16476
-606340862676284202588470778984506816083387298083944598688216117589389212699217115374535536473248318667009191232332655197728386854695078678182460032767247641904125738343531127697187186084580879703061586747394420430093871242796662181030299775135586975744.000,-0.000000,-0.000000,-26.22,72.08,164.54,72.04,-224.01,82.66,-163.55,13112,16476,-234.62,230.48,114
-0.000,1995017965517439333766826744998516057664939272083740313766118101201612157645866554460839259616240000641206949385033258453082833171022851881417243913032302592.000000,-92559641160492958673861215799690610685722782364749417670508544.000000,73.72,164.54,-24.80,83.87,81.14,-163.55,-200.63,16476,58,254.59,131.13,3880
-206117910001476758989876315240972750009902037992934367529099542307131844734776181054810821255801256610914245065592359736348744515172918142286189590098089216938181994807069056575724567082419443095297113154574079466986119022772224.000,13014016004471945501309063749697536.000000,0.000000,164.54,102.30,-234.19,82.59,-163.55,260.11,268.67,81,-912,131.10,164.76,-161
-229449629507734350366850940928.000,0.000000,44.235000,207.71,228.88,81.83,-163.55,-50.49,164.03,131.05,2539,520,164.76,0.18,-4388
482623077880831436559366825556444066896798296686228323433715300454619879891437767570649442942189445593915836442185081386425153478419968379126447668915155367678710705169080627519683819239456636928.000,-0.000000,0.000000,-276.42,82.97,-163.55,142.60,97.84,131.07,164.76,-1240,15970,1.07,-18.38,-8847
0.000,0.000000,148772150266477980991973455211748049346911660350709812359806588368543193413127232750779240127410423568045459588835907395134462667546167144872858903132554704759761860457265673949814300541029073768226718068455343030009856.000000,83.94,-163.55,226.89,-152.11,131.05,164.76,2.54,-12851,-16410,2.83,-30.34,9450
8081922201103638291820696472367312403985610349279367004647419268808800422091774698412966232957340375670534564152571360460830009016587056435953664.000,0.000000,0.000000,-163.55,87.77,-163.17,131.18,164.76,3.02,-22.27,14879,9675,11.52,-30.33,-1617
0.000,44.255000,-7.281500,-303.88,44.87,131.12,164.76,2.30,-36.33,-28.30,9900,-3392,-10.48,-135.35,22542
79070686191086042945120329876601489418593295950924355326048333909950818314070957593001944585870046675301212381606966224528669349452979596469831026549188711424567333940611539679993009852453076432627128873952739322164471353085860377444921666603009177470371110387261559317431397902188544.000,-0.000000,0.000000,319.24,131.19,164.76,3.28,38.58,1.77,177.47,3383,583,-149.90,101.25,23764
-0.000,33047864867990176752139143038286963296245874972326701980171285167009102699946908561193621982445440189088624613130291804823246969358685151438758343598875204638015490285386826136361355191863264411648.000000,-60029496404119780241763408573946904908563110814877679973405577698756510618337463946956774170609223509647558174663866147207141323940587914833886674603464878569737776427673643954436691713851392.000000,131.18,164.76,2.38,-31.22,-5.11,-43.05,19.55,16662,7151,103.50,-30.06,1135
0.000,0.000000,0.000000,164.76,0.17,0.76,-31.18,89.41,-62.19,105.75,21313,1149,-7.80,274.51,1191
44.275,-7.281566,112.800043,2.15,-20.80,-28.35,54.52,-162.60,108.00,33.82,1203,1254,239.64,90.82,-23552
-129587581043945794210248759480975609448879206568721007787454332634876215271092652943806029794632460228624384.000,32547675336682078013295357783632474676186674180859576599647975811239527124382156278652285386347836051398878521929060255610251150085288163869143714863259905604746837128001716828626776988251845735696349027750641664.000000,0.000000,-19.11,-20.98,109.56,-22.57,110.25,-32.22,165.59,1189,5120,236.96,10.70,18350
0.000,-15461931011.641029,-788637370478692807920380968014308433046483713590391783129957387986798175190947151914943739363102614472782428509037593925931493441699677554441797722076182654063156348787826054000832870703459922062983376101489048437828264678092227320217600.000000,-22.10,-15.49,-12.46,112.50,-24.57,277.06,110.26,-31485,20971,10.12,11.02,7864
0.000,0.000000,-23889498711447417936297464032632322360428933903724197353467563971720679603591350857861259881693270211244900880285459861138619670442019385906277710161497037465617047387927830219624472807638483537680918128796138855492694281192334355759903321561566967050738195990886152000332400964403400471984328029133181288448.000000,125.56,-3.38,114.75,8.05,100.81,214.87,11.53,23592,-15729,12.46,-25.58,17957
-7.282,112.800505,0.000000,121.45,117.00,-4.83,219.32,50.43,12.48,10.96,26214,17958,261.16,262.14,31808
-38974049583689712827058224183109553100877063176295910432004266940457184579560910441649547919716914889003521189091216622677047379800500278482591873620423868131996669544195480535138931989930635396608290740432567064378056613231752302805490640396473335584740047004383194156544738639962088102664067936719900508160.000,0.000000,0.000000,119.25,-28.24,150.84,252.16,10.26,11.85,-104.95,17959,21824,288.35,26.21,31437
-18922160884469419338373260811811436451238447903177013778917516396946261729877647978622139264178389075473982035169221017600.000,-2836338111570450627660643387709491794138866523080870182353609227788748458578469672679122346902126054979951305320373055048692671308568790052963847970180521087991090004072708991525615604792058769285507843405531524686566368766729663257450804100722011064463730923335797697453720862720.000000,0.000000,24.94,240.28,148.62,10.82,12.19,184.32,314.57,-2496,-32122,-209.72,179.59,10477
0.000,-521475179696900238147953104889960462362653529024593127817924015205950850158998833612870844647531869281896178785720815575341134891696001604382497270609273124371003846628878267182994976483231508603710053553551463176076890444681176962689925120.000000,-12479328836104508062531084936087160237699072408536889169475760383374039363250322321382611236659579501101524533945507080204702556824766835469183512185003743262770623747918818628475337732588752010105239341058579935110267112000398965173847084441051076202257890426937671680.000000,49.19,64.40,10.77,11.68,-184.32,-314.58,209.71,24782,6124,179.60,-152.96,7457
112.801,-3075232010239960662707517304957035148085570085237797196786687984492522567241325461914183218175557915931652099683384225321527175899637202894798106357263150349702889561653426997543749061712107415280065173234381822906595795456613507137536.000000,174715000365862267412766563790709093514145244828410332880321632126893863588409114624.000000,5.22,10.04,10.09,104.98,-288.36,-26.22,179.60,376,7457,305.28,136.48,8128
0.000,361920185260582720.000000,0.000000,12.37,11.84,-261.12,-262.15,-262.15,179.61,-135.04,7457,-22848,297.93,-221.13,12842
-12617353357816886354121696170853437268847224550378151370161684375549318372452990456906106136357926614147541736838928305408443953820307074404191775828566786725627406104945919954773096139295858762142339120930119144320164227610303086494482432.000,0.000000,0.000000,11.03,25.63,-235.93,157.28,179.62,292.48,-113.13,-11328,5913,160.73,74.57,14990
-457986704077279352047572213587635852001409625159863836621645767162386488433793420075019176076115087496903117606814760307141156485471977440625923004639021884723551649107639741593859852310202219236426174659547391920337449079192185871038822166217489383424.000,-2498097231641240617787306720799148832566183977541651506856843215122944180502640309912346075976289892953737735077339004405642939182210361774314886643150401617325943133557303100363358716981983436267897175223120448033879836003225922156214211804819129073824203170677453827201433423839232.000000,0.000000,314.90,-209.72,-78.65,179.62,315.52,131.08,211.31,31472,15298,74.57,27.52,23603
-12652896984554031517112104877481854840638944068002621248427700195650245042937855134482844168639536957619021437460532741421524154845918446363376312161435138774287401266013948238006043821895350562948466549268798265882500243277985790153989408546980598212722688.000,0.000000,-200068488523909581579977266118240556415981629678119114859613595609902132725224791483183480666702762624505399261621488426822431196828697549240946130632165955774464004065584413616860280341491355503480501886716477440.000000,-183.51,-314.58,179.63,-170.88,199.92,-78.20,74.57,14338,23603,-110.72,-73.67,-3008
-4221990800036833051056096851744279928396685812704614234348306734139896432369229747299037077620882050123423693814628911820975931887573534493000060049168415030861521489050316301113061524504819269632.000,0.000000,-4310008106592.588379,104.85,179.64,54.40,309.02,-327.27,74.57,201.60,23603,13888,-163.77,113.18,-27135
0.000,0.000000,-92559631389888545290060565826089594774064924792714128758145024.000000,179.64,254.08,147.10,125.06,74.57,-312.96,-249.51,9792,-30464,142.11,236.03,-2312
0.000,0.000000,1166238552209955759656232026112.000000,56.96,83.19,-242.43,74.57,94.08,118.68,117.60,13569,-2303,236.03,90.24,22783
48452961910308783870469651964630390566547016440142003619961804153287092875922766688352144826049912811887889273020787858651051136324825692208365568.000,-0.000000,-41798921566606139154877793782932419601746764181040860351409921236827899255799099156042617784547454787087421642381458661946627013992246392505334386510723087939327790225285315221668471726741533309046539293818880.000000,-171.09,117.51,74.58,260.48,299.86,105.87,236.03,30201,-24326,205.44,99.85,-3030
0.000,-867969890475871610357927425982499259475724963717982268494953459234661312917004009275027120432595814447640539509465499999402014553575350533777970356182929782397728994219207705443850598569993871970109166509359104.000000,-0.000000,-314.22,74.57,-190.08,-75.29,112.80,236.03,-68.48,-9741,-25809,-284.16,-286.63,724
0.000,9070947271581589045913836338044716361424718189220667031464608878847574638368345538075077550068948152855840329531220498629262349877379072.000000,0.000000,74.58,152.96,-247.96,133.20,236.03,39.04,-294.39,-30717,-7389,-317.46,-61.32,-4294
0.000,1267650600228230245921633337344.000000,0.000000,-228.48,-153.26,118.24,236.03,23.68,-2.55,253.43,-15126,-13509,-309.85,-28.11,-18943
241867767421505340014731507460665417553593256364702482734498636953052627917913238376182606594568241602248875569840148859572883913489812044897705937071298734384975193158875743130968279904471070703641472566075266113016506142598546428264448.000,-2265929517356325587292172005691003199743921715081092292273447977241819526050555059552172645771829502126297982573121046660738952845430361721524451003364605433789330802229520073588583008567296.000000,80401412175302024632701142351160878848850553868593924849703920904824294284988179100628014108329199128114123020081235595115591729952605756460362377479730175257374142920796446627575507450396491634492831635419609039463609285073595604239995968540461873149218911253879300255930868200954247069564928.000000,-17.17,115.28,236.03,77.44,258.57,110.21,-28.18,25916,14344,232.44,-232.35,2649
0.000,0.000000,0.000000,105.67,236.03,64.64,-61.43,173.93,-245.89,-276.87,14600,24402,-312.05,-101.79,7209
-867922423961166858481723062653971157567560938528510856382477324352110058080883287717207551374260168513525395034758640330188287188745473834763615450637846806926053154924268113891557692790589757968957831571832832.000,4770137847695611010083564848293155505143161042785150173184.000000,0.000000,236.03,259.20,202.24,171.46,176.75,-135.10,265.70,24911,-2191,202.86,253.45,24323
1470474696264778655502482538496.000,0.000000,13924815792184345169831069108107210904034193535311961972155276988233722120022342104046562944055305465714835684677423312451693050771537920.000000,16.00,189.45,76.68,-253.46,-209.63,184.48,-7.05,29273,22276,-238.20,259.35,516
0.000,-2807418854409849768765575162775086250852352.000000,6694147659150680415847958786483276568571160418938278356378594437076537672572847411136090955464186163085166565143330126319913537027383218855290735689728.000000,161.28,263.68,-281.58,38.18,107.26,-81.28,-104.88,-9213,516,-43.05,-2.26,28836
0.000,-8743042074911373.000000,-256171573728545655864085679608842413933769323108977064453918632166555779124468470822725587664401424846671808667295410052659001172473854061894985952700318550204090686559081806327366783571924301095079573331673559138033797550730007914645772307464869922373202083840.000000,-169.11,-25.68,40.33,25.96,205.45,192.13,-15.14,4,-20972,-22.14,307.23,-7865
1937297717704840033530973168403660391625889181779384718167407361025191107318966516524020815015392430474422763220418314949283630478276738525458224557717351733856215817077288531100958720.000,0.000000,-0.000000,230.29,315.37,-53.27,187.53,-207.27,187.04,-65.81,-5243,-18351,-181.72,0.04,13598
0.000,13921898650100429116412453302225230896937018410271744574242408096472370640176760378922564568855108203547275242296100932549605874053677056.000000,8182058349603637881925703254120415401187834669911611801600.000000,-179.62,-130.71,149.14,-110.17,151.10,-168.04,317.48,-28836,13762,2.60,104.86,16454
325077136914257899454614384115975964160131690354890374320322022954267149074031098956010859329795899907478902456769839104.000,0.000499,3658032019932855348217893723393637696665236313656806233582785206893424363337065712528310645945503041672323957507108045917840926930792726999769233482165761056362148030256862684826473902489524906322034688.000000,-211.79,0.67,-258.54,-281.27,-19.51,253.47,10.28,13926,16454,262.14,262.14,-18123
25481200664489862719399248444758277869694758227782994399789545481790346575271540784640743344144278669697162122625024.000,-0.000000,-0.000000,231.08,-245.77,-21.91,-253.11,-94.68,10.28,-235.93,16454,18376,157.28,140.90,-412
0.000,0.000000,-0.000000,48.58,113.36,39.03,-53.72,7.71,-78.64,52.42,252,13988,142.54,164.54,8817
13916507762728127119489985954352614047187624825278503655237478230438138925803757379821784780039306936458823490426490707805134581632335872.000,-0.000000,-0.000000,65.11,13.08,-258.52,5.16,78.64,-52.43,144.17,10685,8721,164.54,-164.62,-16355
0.000,2603447889964349155615841671092324188420312769601134079514921889537055974588967845711966210578618514622201802904826675140430807862941337086361668819536044270828437113085215592030603552738311063742815421335369922663667312169182511733574419726130853249480197557514281479496714218226319360.000000,23311267396689726034721100712507889668829504056377598188355862521811999297729578490331671733530735042101248.000000,-34.84,-255.97,10.28,235.93,-157.29,145.81,164.54,8827,-16355,-211.51,-307.31,20456
-0.000,0.000000,-4778892973285276207351237258712632074307818557229179868365094297795500937128896582563289420305164727648939679739281408.000000,263.72,2.60,-262.14,-262.15,147.45,164.54,-293.23,-16355,4649,123.41,87.45,9354
-0.000,-0.000761,2194743172516497137436100648438511793767681502913386712147555031101258312323147249503446649629770850997497228437775387836830710308843388772829721556011561517056.000000,2.60,-104.86,288.35,149.09,164.54,274.06,21.31,19977,24279,86.07,-163.55,13084
-62193187442957152498374613317965977296658674737282034880428504868740868166341335839484794956756155833673686275638876427989991198976417695460751643202428401141282221119675729707008.000,-0.000000,0.000000,52.43,183.50,150.73,164.54,-17.08,185.19,88.44,-19979,13076,-163.55,-223.63,16476
-0.000,0.000000,435401592748665382689206364920436478975288312787640148123789585659658883873547516641280.000000,78.64,152.37,164.54,247.95,266.58,88.03,-163.55,13088,16476,32.71,153.89,206
-0.000,-0.000000,-17835455463944615899653652265227711892288769987739105629185615502169451136098463351931932935463528881037351322309038855781663481939876520423337217692879554179240182463992621273411566593087585369211791986327124102231653143817516848363609443291568796106162700288.000000,154.00,164.54,64.12,229.44,87.69,-163.55,10.40,16476,73,312.02,130.74,-3159
5452952799834716203572366458387266559216875349498396672.000,0.000000,0.000000,164.54,22.75,318.01,86.85,-163.55,-35.43,-184.34,234,-3523,130.87,164.76,1248
-0.000,0.000000,44.480000,80.53,-52.00,86.99,-163.55,-146.68,234.23,130.72,-319,1247,164.76,0.32,1084
373347350064810594715725676232414374456312614086508544.000,19946250334017970350470427693742555136.000000,-123322076880000500112358129577587604601021561820921862718379851953051547670344105984.000000,-35.82,87.91,-163.55,39.54,-188.53,130.73,164.76,963,-3195,0.07,-7.65,-851
0.000,427698053433396055874125284469553963285237419788000667244539762542791213096450605973504.000000,0.000000,86.94,-163.55,20.53,-223.08,130.82,164.76,0.36,-17784,6877,30.44,31.08,20475
-0.000,0.001719,0.000000,-163.55,285.89,64.31,130.79,164.76,1.02,-6.85,-1239,20700,7.12,-150.74,-262
0.000,44.500000,-7.282865,-294.35,-304.38,130.67,164.76,0.34,32.78,7.74,20925,3267,60.25,115.42,25372
0.000,0.000000,-11677180977.074940,297.86,130.67,164.76,1.50,13.68,27.25,-109.83,95,9175,-72.78,211.50,4853
-0.000,0.000000,0.000000,130.75,164.76,0.33,2.19,-14.97,-145.60,-32.53,25556,18667,213.75,-21.41,1191
3693671874.563,0.000000,0.000000,164.76,3.02,-20.49,-36.90,142.03,-171.09,216.00,3454,1087,15.95,256.04,1124
44.520,-7.283027,112.798105,2.65,2.87,23.57,42.73,-158.29,218.25,22.78,1245,1056,105.00,4.43,13058
-0.000,-0.000000,0.000000,-14.36,39.13,54.24,-174.89,220.50,-26.84,69.92,1172,-23548,160.99,12.32,15728
0.000,-0.000000,-4354019728143787571177540987688480790458817833996442224247242535110098476559862336721367100868480190970755505029922517562202120612299704521228542916261870440804979941879378134684553918707759385432762173078384223898648992536622913855741509126613278654464.000000,36.66,50.87,73.23,222.75,-17.93,273.74,94.91,5122,18350,10.20,12.43,31457
0.000,0.000000,-92879134500520424087481646786686055606350181552142568431961541308749048708448225700131592641162403143049276540062597124036071050671896185096906584506228401844902906261606718325883774262635876804069241177322183879013076393832979814659445039190918561792.000000,-27.49,13.26,225.00,15.47,78.34,137.79,12.18,20971,7864,10.90,-314.88,17989
-7.283,112.797812,0.000000,-51.51,227.25,14.48,271.85,153.81,11.68,12.03,-15729,17989,-25.60,235.92,-12224
0.000,0.000000,-32602998798153592302234111283155574834879763385116818785180809506198866160454338270774221077267396778233540689355306242252478666344427142399805507548049965120878932901261482240430001069226196095160023199254039315497403326657172398041653592240434955572043351209254054606512486088704.000000,229.50,25.70,283.80,54.39,11.14,12.10,261.12,17990,-6336,262.14,262.14,-26361
2342363999284346919925927385367876551161791119360.000,-4070880205702349049028734454228204208716403460267719507901561724071823128630647613918848395642555159958981240645240366004460728181867207990132994216341372738849556773378093404752436389127444449612586659215977080159397310472126330050707456.000000,128671887502636852555346803331392297136359867415581815391470073199061442759662518184413621930400111440057282492978829616826286080.000000,-13.51,170.24,139.50,12.35,10.96,-104.93,288.35,-3264,-32088,26.21,179.91,-21218
0.000,0.000000,0.000000,176.76,80.98,11.47,11.62,184.33,314.57,-209.72,-17725,-7829,179.91,128.64,7457
112.797,-8267370368106993556203285672027485370630037896772366619073292739555874031547177354652675046772679165419009041849343183082614207492827573584420241093631725854659327960602037865502304173030935836164620288.000000,0.000000,295.24,12.35,12.02,-184.28,-314.58,209.71,179.92,-9261,7456,190.08,-251.50,16832
0.000,-817875655969126583882234125626801793679373425570415389763663829453687679874382225665663930450679488443633110224770368008664121344.000000,17238233519979675917700688644283393652147513190196255905875643955379305970930716735226172212947044570851497518143267144911901332881210209417737801671993077391534007251705490355562650742611451769478911475685467369766912.000000,11.01,11.85,104.99,-288.36,-26.22,179.92,256.64,7457,30400,237.83,319.28,3550
0.000,10575073821025284815154182935068271581075251743956657910521648040585076490692411050435558423533501267264984909042608179461208795781226123382226944.000000,0.000000,11.97,-261.09,-262.15,-262.15,179.93,-53.12,-272.50,24256,-9645,-18.61,74.56,-375
-76012739400715969224538085386235732940058957517422278936918511806369072515644516534864340452843204491449492209195499428087827762679818328175157112053511355994150933041939989095427196696030756929164913457580066256474481340281211318916767908979367858396106831457960737164508509985346420736.000,0.000000,0.000000,25.62,-235.93,157.28,179.94,154.24,95.51,230.60,11160,2214,74.57,181.12,23603
-181055843117900144597760322065480797533783388711577319079428434481243388437067259894080897536580721039176725495414950226955552734123024400282289605076435329360980792616519486728524917950979214767881698934784.000,56163087037060276002411847231879433097629348667319247267815122333437608244932040962460521247673828814552238321486390373193292602938752702157319000444685716381339875577023531462450606033105147920384.000000,316341660070001150036491393887166643461983418363362335674656783870251933113386285422937313736188902721603863379636689890837729181781190876637557693559750889647785890628868886256212219718343761629602551438727191484863244999011351065574555865848848684689178223007542630661272529727913984.000000,-209.72,-78.65,179.94,228.48,253.10,-270.52,74.56,-203,23602,-108.16,36.16,-19648
0.000,0.000000,-0.000000,-314.58,179.95,-319.36,56.71,-250.85,74.56,-325.76,23602,30784,-156.90,-1.60,14336
896872018571742799868396957822433121738746327288362174815176485341878525034616897212904017881259095457065317155969159602111877564275718901528286585881414089048064.000,0.000000,0.000000,179.96,-270.72,10.66,278.64,74.56,-59.52,-51.72,26176,2560,12.71,236.03,28172
0.000,0.000000,4563542160821655794325653553152.000000,108.16,306.06,260.97,74.56,-269.44,275.60,-15.97,1024,27907,236.02,289.92,-21755
0.000,0.000000,0.000000,-173.83,59.28,74.57,-195.20,162.88,-6.99,236.02,29680,21242,126.08,261.13,4621
22311765195834110354437177344.000,-41614457499496495355107379540612509395681601085433625587549753187348631956391676441030882213663441267573772376486148292787087932852536591258031831860548477124608.000000,-14111760329205255895141222294259465935005054095093727445345882089144701413811017390519789629272051784903805154874784205977163946415755071597890001719697678062024020279564764129276593119481075711702119361475939267907820512848417410536045964068668134690037743507037552115712.000000,-226.95,74.56,-220.80,-52.03,-8.88,236.02,10.88,-3833,10050,-284.15,-297.11,4880
0.000,-0.000000,-0.000000,74.56,-115.84,-286.71,-17.34,236.02,-4.48,320.00,-24513,-3004,-153.51,-248.43,-27035
0.000,4969190352894609061249229520896.000000,0.000000,-41.60,317.71,-6.04,236.02,-76.16,-279.04,317.38,-10809,-27034,107.56,38.80,28420
0.000,0.000000,-268897114171461241099480284103895564166201157053311494321526933397992591093808082140548873322496.000000,-79.57,6.44,236.03,-247.68,199.68,-25.48,-186.89,6503,-30475,99.30,-188.92,-25528
0.000,0.000000,3096311629626315539993841269231060166493560345768530804736.000000,11.98,236.03,-206.72,-181.76,273.96,12.84,-91.97,-6644,-5528,-266.46,-147.44,-10226
19991589045979839704030739219779420160.000,-22007215120802659134340409921094913974058974580685102148465784013347513962163211649051025725529799653995058841370071975161338462105283009974866491321784741650777784292952937692162893963089945983637026170092704301192410072902051798450176.000000,-12574858620062421275157171977752090607607753084343166360458345747506060665366407164678913062403185242428164128109735637903418669480420497568791552863333141692645485016917397370825735699111532101748294482471954930072821725427738237037258360181879665989536186368.000000,236.02,167.04,-243.19,284.03,148.45,-160.75,307.54,11336,31242,274.97,240.61,9220
5679074689022491903035229339648.000,0.000000,13780802276456303320296957002605045711223244728084653329211574337941915445054021792013575972102151076451311450189844280947880408096178176.000000,5.76,266.25,-35.92,258.51,151.61,228.15,141.86,26214,10756,281.73,243.26,516
-247002719596256370979982928427723384601243850801963364613125384002807857555424935936.000,345320774922831796742054424449757470947476482891465174745625553453384812807511125234200152122894940185874688311151385874181138859014435551109859973203847835946014535480242023988291539865894961311943817035709875740793093813362069571150055885891315921106143697447834788926232437877449844822712779909627904.000000,4580320753002797154960146298766022932789272691752962990842278407881798247864100263573200574530254274560.000000,-97.28,-186.84,296.89,105.44,150.81,-34.77,268.83,-5884,516,64.91,-245.33,13107
-34272087564250188454439958163222058385416070442182041820066351717881918169072739581560153981997790095828841056235561277231505109790855113418891138178234871433282685954847752060928.000,283054192919658955802139404525322824306124467338009600267331566844717754389167329994141403989052224425907554723341220654196252212800160464800573626269335603690344963298508088452668989886539666511657643228955753397889680082232698006521015719415364816914685799053518086329804532679180288.000000,-2942450528435097460401925166309890372341879275520.000000,217.46,299.43,-164.31,71.67,57.40,-179.17,0.99,515,28836,-27.54,-28.13,2621
98433151709727774957621695498612944087478364683295755319734347099691638420709749598281891594349488857225443626795545860473920523839380048949352884420057497600.000,-16819963813581298681898281430629678372016913251275882738593629355821279784964458566133073238954853361887377437266372099155156681943340503709672455542308532428119203836591071105544670769668029780638462333139297823590353162351066226780592741652677677723680768.000000,0.000000,-53.84,111.93,-8.30,-55.24,-125.34,321.09,-150.23,-20972,-7865,309.80,0.04,21626
0.000,13796139793546107781030014828169233078655798506880088181647301892295479160994569467565273719014329756302221119828799928886756701382901760.000000,-9726561278257148004763760296602322795460652748429878375489248725636491991538232476043533165769389839748321271147254430659978087846724395755033485299972081333337741019295749346030725428246579317684370972492574952010305338914123559130257139378887426649741991325556944022150914533353368465656411939569401856.000000,278.42,-87.29,305.73,217.65,-267.75,236.35,271.40,-18351,21790,0.04,-52.43,16454
0.000,0.000000,20100105809312981624330921200864349044491902503944573801178236759251953653974362367136205963456297665605889108488282827345243179007079782737624193345393921781640489677880163621169898240516569410388103010819230181699181163672654446973886063554299867732542757378682351479422330836347907167416007786496.000000,-168.78,-193.46,163.70,-198.87,72.54,-222.68,7.72,21954,16454,104.86,-288.36,-775
-1568721910262451798548827750251129445319503584789594468732978289318243090249943457201512542563581978254733043032934250080036876688545194497919798694817707382761350409334366375722120835109836976752803442542311204480565890075263500288.000,9148304262.375267,-0.000000,182.87,140.88,-32.29,189.57,-199.64,7.72,262.14,16454,25436,262.14,221.18,1149
0.000,393757141559930103271913969830002542898995235622411961618118616398579694704235492674391874860744676018449582344655721328766349280370949069768807279369037806401011562697010310263177846415541298790400.000000,0.000000,163.92,-224.61,-109.46,-179.16,0.04,-235.93,157.28,-11746,11766,222.82,164.54,7991
13810129271780472157309184070678996647649504270036519267737399006700374254921834379908107227196858901568574284056173133585451091645956096.000,-0.000000,-95165608366716455528454207132935257566787900280621921175031597453799698041334158466719794425613441083396949783674673572804555146906381170652277086029861159099696832507965325873858279035034727670140478154771459906718673390402031644644487451184050972207105065505856206699941898360183349285406380130304.000000,23.45,310.66,0.04,2.60,-78.64,52.42,224.46,18795,8036,164.54,-298.59,-16355
0.000,0.000000,0.000000,-258.32,-212.44,2.60,78.64,-52.43,226.09,164.54,7977,-16355,-117.02,149.34,-22414
1116241822796470541994829365489174494466644113105552284761858741184514492235905432421822246953898294365706249282650306471027966432356087156478783039514630259666338047178438990719730225045579735602372425099631268598080699472944648468196191204723817071991808344349707599872.000,0.000000,-272137084476398862336.000000,128.04,5.16,235.93,-157.29,227.73,164.54,188.15,-16355,-23534,246.62,79.72,-22711
-0.000,999889708330540671342278607274837735141100939552431512207244735099383825762201702421467918850014025071057081354175499489510907436728037417458597888.000000,-310278020469538273659009776443462396816377071281746958165019247100873108902778953620630864807216818857644459604394864340608952274598798962772893957140427437662393734749737742400157257223625953972942825678411689661903609821633113556319551365166437554824499167232.000000,2.59,-262.14,-262.15,229.37,164.54,156.63,-304.58,-4146,20786,79.46,-163.55,13056
-6301281207767717499152730074502644225379991591947482858403001932327859911691685411767370429386158401842461306076417552296146387279644697683399526064305872008776760950784.000,0.000000,0.000000,-104.86,288.35,231.01,164.54,-92.04,-263.88,78.96,10790,13063,-163.55,-268.72,16476
0.000,-587736860470028431308305049606782380864424905374646487361411840288260743929740699912976306008512240453575355529123307715552892726425325260724355551964065546069718877534742587420880331082709317705882025588082868224.000000,0.000000,183.50,232.65,164.54,-20.50,202.24,77.89,-163.55,13053,16476,199.69,159.31,158
-0.000,-0.000000,0.000000,234.29,164.54,203.67,-142.11,78.90,-163.55,109.40,16476,322,-318.76,130.64,-130
-0.000,0.000000,9070947279196301788283283253551892590371309807545620728500439146069739018441973739592825001573483871669657176173033695606608318800330752.000000,164.54,184.44,-29.53,79.82,-163.55,73.22,-198.01,214,-3563,130.66,164.76,1610
0.000,0.000000,44.725000,62.31,-261.00,78.33,-163.55,-296.90,-135.85,130.63,2473,-87,164.76,0.00,-7758
0.000,0.000000,-0.000000,128.43,77.11,-163.55,320.50,208.84,130.61,164.76,3460,-16162,0.93,-30.69,8573
80962285207680927689288242351197694951255322828977627950747987608147591168.000,80298908497936920991268210110104437575932164810135814379253853521239762556340109705106582626490686803288094700669653895818801183939209169890800857755487946562912161372522586994663813310736737181505607386648725253026725625045903924793602355530760801708072808325939517078709517938589696.000000,-0.000000,78.76,-163.55,-99.21,-108.75,130.55,164.76,1.99,-14107,-17938,-9.50,-10.78,31500
-1875672507060549865087351525267280359818595872305450055639627327325438183935301858454419272997762756478305226388909834454964932620320768.000,19435756734437634025988776866357758301443886577077076400019432150157308002511927509144601501941607852485860952639177553645183516818301096781913522176.000000,0.000000,-163.55,-23.64,24.71,130.56,164.76,2.85,-17.82,12717,31725,-5.77,-34.35,1468
0.000,44.745000,-7.280088,318.19,-260.54,130.58,164.76,2.91,-24.49,35.01,31950,3235,-83.57,-50.42,25499
0.000,-54247999803526109323984162205526437394359620288745279293085280202538601867955404101746902471761108043692746363932915655784644462683597310375843274125440966906748228177823980304458041384895417237243309661779806555871156685496699017376349663956336439802100014031508781613448624321193416548577982556405760.000000,5836677967377077047265555694680998697500672.000000,-280.05,130.69,164.76,1.93,-5.36,-16.61,131.69,2971,19544,-56.25,321.75,22613
-1972024662257670626600337068413783903552945283812745550793532744486825744790948218175493275656725742480101736448.000,0.000000,0.000000,130.64,164.76,0.34,-20.63,8.94,-106.91,-174.55,4083,22453,324.00,18.07,1097
41614952599410022843709518758582721607933570719295592373355623098796789296583575120550873295165036937854186285795556524560660829780982831728028210972418717515776.000,0.000000,0.000000,164.76,2.81,2.36,-31.43,33.71,-168.97,326.25,27719,1155,-27.47,218.43,1164
44.765,-7.279226,112.797115,1.90,24.95,20.90,-117.58,-172.74,-326.86,-29.48,1240,1207,95.93,42.62,-15612
-93536554480846533979199668756222094273367704533685461503599854141168305293990624203322581873338416600643392797162231934454363121326935128310653274590002806784.000,7710290613103699968.000000,0.000000,0.21,22.27,-106.79,163.48,-324.61,20.84,128.71,1145,13060,231.86,12.09,13107
-16806315662856126164843873909801661963751947139704743780197095090243802823257069921377284760587265835015839455592041488393843130503987184342535790305197611126609571352309030335802384140622942543816585341367037284425757744929944966869545307031671190760910905030989203351202069842667503616.000,-0.000000,0.000000,-22.02,-110.30,18.06,-322.36,-21.75,292.59,111.21,-23548,15728,11.49,10.14,-10486
0.000,0.000000,0.000000,-103.91,-76.31,-320.11,27.72,289.83,289.25,10.62,18350,31457,10.82,51.24,18020
-7.279,112.798133,-47459039293130645069058579677682696943588956915466238202721922203076111946368417792.000000,-88.71,-317.86,28.49,265.16,262.74,11.96,12.05,7864,18021,-314.88,209.71,18752
1577380453996246169840018738207625309940761551414489404939153717684364718658200091387778801401522666016417365082178220830221897039721437983022083930290713233090847439364962898216745910721144371803498337515723284024186833113433382060032.000,0.000000,0.000000,-315.61,29.33,133.91,248.68,11.05,12.21,-25.57,18021,2368,235.92,-157.29,-10969
170281211777227519840928544727656980471892872314757177612743704118193412902486101094039552.000,0.000000,-0.000000,-29.47,274.01,183.99,10.43,11.45,261.14,262.14,-32448,8151,262.14,180.22,-16409
0.000,-99394257827243362935954986920855516768475896514516621027304690494866465427498785642075553956369605339827962852056467682842438172612703000804442949088789431840140409921773346252422321070330256184387875323169071107819662550543123727856763890530064163235596892049414302847729664.000000,-54343811277905631429698214587661716651473580425240236926949264791869313822793709946942924566806204191656595397115656172385422039927656226996075846297333235926137174759013940268650049780708914655050285589104607981380805673734296571323105449215038195809387748243078913887991496704.000000,282.98,264.60,10.16,10.39,-104.96,288.35,26.21,20190,-4726,180.23,-324.48,7453
112.799,-1794470810598283122733398046429892590556959904377954289648532848557277319266304.000000,336188384559928452374521884558349348464222135709511145183472365176467487083644031330245747512615502101525161863456856224804856039878295313339864837628747857830415021875340877877412570860341897724554490135367879337950559893296739997920301945165185024.000000,140.89,12.41,12.11,184.33,314.57,-209.72,180.23,-31118,7453,-222.08,-258.83,14528
0.000,-15167022588737382614645897332238272514747098468130281877804037030815867765421666525662697532243798606276433134252100949671088148250279288741913126750448708294934970715650655997343525835638367239500354515493456589331273868562278307885415146241642994551136829515289061396316160.000000,0.000000,12.10,10.45,-184.30,-314.58,209.71,180.24,-214.40,7453,-22592,37.12,228.39,-10608
-69654487088412401946846286385273082640410688350696087018255364495691694121690368637159254865976611341267591570549129878627196939466548227224913307802964220521602821199271279169096156867322008319322355244676939951950271742008984710262046745374503314385235846114181111210953619939566266364355386248527872.000,-0.000000,0.000000,12.18,104.96,-288.36,-26.22,180.24,10.88,-217.09,14272,1746,125.87,74.53,7318
0.000,0.000000,0.000000,-261.10,-262.15,-262.15,180.25,-127.36,-218.76,121.24,28048,8316,74.53,45.44,23603
0.000,0.000000,0.000000,-235.93,157.28,180.26,-275.84,148.29,-292.51,74.53,9055,23603,32.64,121.62,-4288
-791494178098568258793093219967358087212370957687695135559135530392349840356990474540457064342457771598942608763650048.000,0.000000,-0.000000,-78.65,180.26,-112.00,110.26,-282.53,74.55,219.52,23603,11584,-148.23,84.13,20736
0.000,0.000000,-0.000000,180.27,172.16,112.84,-93.72,74.54,-115.84,33.92,26688,3328,65.81,236.03,7673
0.000,0.000000,17848520451213382242952839954432.000000,90.24,-147.76,217.92,74.55,-126.08,-185.18,90.54,-6655,15091,236.03,3.20,-18693
27566552335840549085379066351186551221163182761192256993346519750684088495787142321999797341471455661658274869813921106598345521827640638620840869014746062681168535565922660597605751802612842395667819134976.000,-1029301110260257238294325583982364181177985236491579900989276160.000000,-0.000000,-218.71,228.01,74.55,293.76,177.00,77.56,236.03,-253,-26892,169.60,-207.36,14061
0.000,-1971896234613608122787281013662819141288496603008409404135344323823738284437420254248312418238651856620003262464.000000,0.000000,-4.37,74.54,-80.00,-236.67,88.63,236.03,-252.80,27901,-21743,-43.52,-268.80,-31509
0.000,0.000000,148131973366490990954869085928735915224437333773154981399476477527019144819146193237885220208004869771577123792285513248017711436257749493445777319370298010294556865920284785452188842260222188087535067605044822016.000000,74.55,127.36,-153.40,104.38,236.03,179.84,-184.31,17182,26080,-110.17,-33.36,-26108
0.000,19471113219505767267799819878400.000000,0.000000,-108.16,-149.76,74.60,236.03,-58.24,-253.44,5.02,18129,21765,2.47,-86.56,29941
-0.000,-14224306541391755390101790918590939182926945346003937890213079026269828926602430821336544957639083751708159933122140419310210974384925787314315444670841098546546720623215990393418166032667556083157152275395852615303564777238910897879832512876773376.000000,8764036531882114447175763263827150947149426930669555063184447513492946933171244528097930346043396282011848034123598937330328165580447140108505807163626010867503317445010481426391132798976.000000,-167.02,80.32,236.03,236.16,238.08,84.53,166.50,-28922,-10744,-43.37,100.32,21328
0.000,-0.000000,23280339174293725649985432956503916711587580146800755318035029719828864534138103914138789793993424794350328865698790963624243959609218305344633649816903088071579567141497162509312614289920286642168604058539528896595614164266276953310112318631354050892048676108630738572304528120870431405113344.000000,79.47,236.03,225.92,-319.99,46.03,-7.60,212.01,-14086,10036,20.98,266.31,-12540
-0.000,0.000000,0.000000,236.03,-30.08,61.44,-197.09,304.49,53.28,-56.60,16417,-32510,-294.33,-289.16,11524
21905002371943485743441368842240.000,0.000000,13919521113268898998590520674171005824789188734199090535815012885667780011112059768092783397163925380265482189368346463177131804906749952.000000,0.64,-140.79,176.76,102.36,263.71,-136.24,138.32,-24301,-23292,-214.97,-245.01,516
0.000,0.000000,0.000000,-84.48,324.98,-296.92,-67.07,-217.00,-30.63,94.77,2564,772,-280.49,326.23,-2621
-0.000,47974257562122789696199755334148115983032464653373601575945504501582515266906987337511219176386508656095789011226748960705899350145720183240609737349910246505232966317723224783866606484898701557748133904561805819917721949923108640878185399022595282931672900320013070877532063431172412376318776180736.000000,0.000000,-276.42,-48.55,309.59,-294.63,18.02,10.34,-34.68,4,13107,-255.84,-61.40,13107
563649434334111905234111216297937909279308311744725994941424189689249056341365059389934813847655053334015108282437723058552419809781736507377883831774446075812741860975991439178517954135151431371648869438045112929906770739443811197075163473627244495501069380269312570642539552924779965259926470656.000,0.000000,513609499411907.187500,25.48,56.92,279.30,-125.33,-278.96,110.69,220.16,28836,2621,-166.36,5.16,29655
0.000,13942412218081074714556761885350961009447582054717107677008323819302317863052829221853736455523715350561291907294114292271441616633331712.000000,-0.000000,-119.77,199.81,46.20,309.76,130.84,-155.20,-271.32,-7865,29818,7.72,-209.72,16454
345320517579625316446472039122751854572160568847901128917139100152434344419616991934595149134557427487836510302105290169216040906209527803494937238778294269069204662936275026370117274667712549877384129565165470699568718267558197429226964448635046498742505137158579467398242676879296010139071475341066240.000,0.000000,0.000000,120.69,294.53,61.31,-232.44,93.12,-51.16,0.03,29982,16454,-52.43,-183.51,620
323853127794317463688420482617405259907072.000,-0.000000,0.000000,151.18,-222.68,21.58,204.86,43.56,0.04,104.86,16454,5153,-288.36,301.46,-21402
0.000,107145621327749273357752116720954608164139935723421696.000000,42900393515989935827882322506484773561333350991472075266285082946928590538507467609513921703249140503791871591720601825870912421888.000000,-59.02,-109.96,53.81,-110.04,0.04,262.14,262.14,-5637,-30813,303.10,164.54,8008
13953388986645953050942544639559858818138132807237126257170742813488900831168876552627386538344509140170004712634493698649433865415819264.000,-0.000000,-0.000000,185.03,-94.53,202.28,2.60,-235.93,157.28,304.74,-29172,7940,164.54,-247.40,-16355
0.000,2972827676276887175572287024436541074682132653550797034243489792.000000,23948588331369581211448742922503115980723055431486275384200286928578148809070506285292989974835770696554941425353551600591796735472315572000069869557563962770333208204961382400.000000,121.32,-222.68,5.16,-78.64,52.42,306.38,164.54,7940,-16355,-50.24,-18.94,-26983
-0.000,-0.000000,0.000000,-276.44,5.16,78.64,-52.43,308.01,164.54,0.62,-16355,-20067,207.04,79.51,29492
3.218,-0.000000,-257710308242452620707638095382040809532297515881150868419124783265298774779122754411484527897857169605989525874267277412284145471526490418983224914763404797875441823189075545171682529745197346892724238513238129480774107071090821217386496.000000,5.15,235.93,-157.29,309.65,164.54,-209.05,263.47,29683,-30784,80.59,-163.55,13111
5303180188738515105364272961530962069074778927852754030194063416880005120.000,-9102687827420610341303346944814277820494257468612104515954370650991510184461044659537314935913421160159763370875133622570318528012579190980226749529635866343499286754190946987872714018516893696.000000,0.000000,-262.14,-262.15,311.29,164.54,-287.83,58.34,80.14,17330,13103,-163.55,-71.07,16476
67261610732562077758739110584347787264.000,0.000000,-1954286461752675477744370824774727552947846050504680732358041763765322597088710864799589617175621156052410564608.000000,288.35,312.93,164.54,-151.34,-281.55,80.35,-163.55,13098,16476,-241.80,-120.70,111
0.000,641106827962929324584721186816.000000,19991590393122155358750191774580342784.000000,314.57,164.54,-151.72,-106.91,80.96,-163.55,-325.36,16476,89,-236.99,131.04,-1172
929744097223627998397350891216289362125523931032462604486778422425115092364020415070677015175872228627552234214695798738780160.000,7857992842863451013493730956454103314370349933390612868869393154695953712825866095623189603794609678078538542894385007902224197437214852504354816.000000,100498550743098684614272211478317315923537871351623974510173731945812012593919090578031354830937374636399212038955377836076538192028639435502601520807205863186702638054685442834291893169473281441949227146323471994276801082581542365471901318915980485776344480429253889795997715973007212544.000000,164.54,103.93,161.70,81.57,-163.55,207.19,-136.68,249,1241,131.00,164.76,-217
0.000,0.000000,44.970000,-182.82,151.93,80.75,-163.55,-150.05,53.70,131.07,2668,2010,164.76,0.78,-11558
0.000,-93202640850288156168743974205490718164667118697897239481679872.000000,16271111872357768530993286127307071716628396799849558578298880.000000,-60.24,81.98,-163.55,-229.40,271.91,131.15,164.76,3337,15889,3.11,9.99,-5912
4009794866900956435987610708452468929149175767052984528785696868007936.000,-0.000000,-932008153484358408072997722074826984401319221863917813760.000000,81.72,-163.55,141.31,253.21,131.13,164.76,1.20,-17465,5184,-14.47,-13.27,6525
0.000,214301721437077740427576373231903389470749592292114890208199583712054671552828141159301716457508591995458294795248731670249694373127144489472055018896670438047261323318766594478264134873023867699136145010899499593427646791310459913183121706075763557595445047930745143959006869538586277737943984504832.000000,0.000000,-163.55,-155.35,-283.91,131.04,164.76,1.36,9.37,-3288,6750,18.35,102.38,-1406
0.000,44.990000,-7.280719,-231.96,-134.45,131.10,164.76,3.18,-12.77,37.44,6975,-894,-34.01,-151.25,11808
-4262226886782.786,205689071504459892027363799111137270370610258301508385305683951788157675907866708719945708914602674483731062545147992556155253497265351829329139835015949069672100816486400.000000,7186775716784396793486015147586890380676744778986760540413738893195231569725898612531427638798233813189640324256959561347530675465979032663841166058416242688.000000,-202.81,131.06,164.76,2.74,2.89,-18.75,-174.59,-555,25800,-88.16,72.00,10528
0.000,141151796683429853871151709636168216608142215855574165389042616903896738419410535152942108800585784033998055289030342344704.000000,-0.000000,131.02,164.76,1.49,11.06,-4.46,28.12,-137.42,24219,7647,74.25,10.67,1053
-0.000,0.000000,0.000000,164.76,3.19,4.44,14.99,166.29,-118.09,76.50,26052,1030,13.81,153.05,1245
45.010,-7.281679,112.799898,2.77,-31.20,-11.64,10.99,-163.99,78.75,-11.11,1207,1175,236.29,106.14,20994
0.000,0.000000,0.000000,39.26,-13.86,-134.68,30.75,81.00,1.09,234.30,1056,-15616,246.61,11.39,10485
839994.626,-0.000000,-31988854092272169620904662201304033786957218477226217713253068568376202206651227921011954712099046705690822526145061564680931599054575810771207482954523940836130892133198911308545827791603478322679216683511339210752592000311922984226641509087395536068207565495441817600.000000,-27.89,-38.05,-22.77,83.25,11.65,148.58,59.84,13057,13107,12.20,11.20,13107
0.000,0.000000,0.000000,9.37,94.44,85.50,17.26,221.01,179.06,10.95,15728,-10486,11.53,-235.48,18051
-7.282,112.799927,-160907647949947003798846253307772093446120695242219471083724071287699395099544086714753415958882310167495411007926917790810215257493290876928.000000,-68.42,87.75,-18.48,225.97,174.01,10.87,10.05,31457,18052,51.24,183.50,-14528
-3590283490385122454192973495499181793762984777696630994610905065966448672768.000,0.000000,-213919185767216064868731379200466061789589010972858876188778150727154457180946308103317745858521051491201550899795045118705464595300638261248.000000,90.00,8.61,189.06,186.64,10.34,11.70,-314.84,18053,-6080,209.71,78.64,7871
0.000,-1360650015657829515869166476504798214725592100985151921697053816533740129086668949366081372681975587149178550419936147194232796670066892324907607046007601733095838262476331831691817865722557647849466060618151278423614525106838610455175731712543077436302132391957583629988488252422997464434635934475514544128.000000,0.000000,-31.05,289.61,35.66,11.45,10.26,-25.56,235.92,26176,16141,-157.29,180.53,14844
0.000,0.000000,-9089142323437440253788547712145989089966856495074631049124217727578579550530787594653635124050612963072066341324235072223043565174832813699461979643668592262955961113156343387367784947727938516510425240828569366264926979293021098043671739001431117687504838461948099235980559635123995670349297827708928.000000,250.90,220.31,12.56,10.79,261.13,262.14,262.14,-17229,2298,180.54,-145.28,7456
112.800,0.000000,0.000000,260.95,11.00,12.59,-104.93,288.35,26.21,180.55,726,7456,-181.12,-139.42,24512
0.000,0.000000,61969888739661093136227792509030912872269517638988788922710401266071557825136061013589925828010366147231744.000000,10.97,11.93,184.32,314.57,-209.72,180.55,-129.92,7456,14272,259.79,195.17,-11172
0.000,0.000000,0.000000,11.69,-184.28,-314.58,209.71,180.56,-188.80,-231.13,-2368,14409,120.90,74.56,14132
0.000,0.000000,0.000000,104.98,-288.36,-26.22,180.56,164.48,-299.06,237.38,-12587,14442,74.56,-72.32,23603
-36642557037142966231284863583794256165935792633897434354428662145127398548962097463034557878248032253771776.000,0.000000,-0.000000,-262.15,-262.15,180.57,215.68,252.15,247.92,74.56,14432,23603,191.36,-58.12,22592
0.000,5257167175114288906168845408187775671243368319565207127854978809436812869632.000000,-0.000000,157.28,180.58,-76.16,204.29,-282.12,74.56,106.88,23603,12096,301.95,130.66,3072
0.000,0.000000,-41614952613328251346333961274415094172243968484819156231679402355710116544678425507670111359034058329791879461436452421811380858574896558750816010938524891086848.000000,180.58,5.76,285.12,254.91,74.56,-210.56,-82.54,28992,1280,135.26,236.03,28155
-6754413693676887750251718204261354882747372456277879102205601880816482542750709758594735174335618091799447949020531478153753501554848502625071319343498625963040755221742171060504730997193666480728355002560022866497392564068403559868561603541252423826683646986760915019514439508390643997304400891609088.000,0.000000,69771489036562862070222221737984.000000,-155.52,193.37,90.46,74.57,-312.96,103.09,135.70,-19967,249,236.03,210.56,-12045
213391655458295504357859959597029913747040881513134613913038920691723698009990408868569661890513901767811902628134593771454851714195596274240850095094923618537360101899221748806825179244134400.000,1636907960528971297181056148938083512348420256632116938528332096533353965537884935426055950412322166633467042446483076968580606192517120.000000,-0.000000,268.12,-157.01,74.56,168.32,-170.23,162.49,236.03,24846,-20468,-42.88,212.48,-24878
52934553684044749796157693209083904.000,-92562339240665163599293394824906752993853089484044869436440576.000000,0.000000,-94.01,74.56,-174.72,173.78,154.92,236.03,-265.60,-28175,-27388,-268.80,-243.36,-27201
0.000,3942650740548682956423657719491937103452954066400229371174490458991203264593345835515635375419843839552585154904416252583900905735768087281970354822784844529190895520907557963451993522660816572512262594675950895860877778622243498098688.000000,-46186096016923206009382502400.000000,74.56,-254.08,60.56,150.18,236.03,256.64,266.24,8770,30442,-184.22,166.51,-18129
0.000,76261860109730096326600927739904.000000,0.000000,255.36,-15.09,131.15,236.03,-140.16,-79.36,20.41,22517,-24784,-158.81,-33.03,-5390
0.000,-0.000000,-4358566045866155189788641571858761380590142215033822595868699625848096636162927381804957056028265800242602197491535854732389301653173951151743484364311311844800153190285050061822435296804048024325423127696702305329128638845373377914502035827190784240116336567992195571777536.000000,215.84,139.38,236.03,-170.88,302.08,-46.11,-253.43,15921,19458,36.26,145.63,-2962
-17834106467351146952345203422780429090963417159613557068601737277284891819078671151485234034693949277792440144628826683456647339220714557821636785359425175399304445408108792240007541563063278333959825530146195916934848687851346168960261279898068072483094790144.000,-239960808388260668421474063258338821462150044946469410305404030569572825531535017562400557333359858115110735350903790547418434104751167692079645243010213122909618397536143568592554390235230452319362371441584330436771593710469120.000000,0.000000,155.18,236.03,266.88,-5.12,-179.08,-33.25,90.06,-22777,10304,66.53,-206.86,-1522
0.000,0.000000,0.000000,236.03,225.92,143.36,-10.29,-276.54,53.31,-15.33,21820,-5788,312.82,-64.06,-17916
84374823951192663213782727655424.000,0.000000,13965998665715796393375245639446136147426575725579129043104278107438556966563481447726408480942733935504047057766697456933426039395188736.000000,169.60,202.24,5.18,-76.70,289.84,-92.73,-263.17,-3288,11523,12.76,-272.93,4
-0.000,-0.000000,-0.000000,7.68,291.82,307.35,-304.24,-173.73,192.52,-199.67,-8444,772,16.02,-291.23,-18350
42615742933933507094315370161246882025589158233582249656861517064463263807281601138914386914748965014778873685068480512.000,660413992683133782306831214774370248034907211506095836603790154581055939871601504311995681991000469123006285802248351362543252590000758610377863690687106265748258024325120.000000,-103182058022986186975266083027297673480199826971046078457661034371209487482457467629097596482113748322120784311903804754200986709447631962112.000000,-299.65,-122.80,-223.38,-252.89,-158.19,-230.39,-135.29,3,-2621,-35.26,-56.29,23592
5443306839988731112729981096094001795163774132169550562636493808086077542705074114464061099627181387789925943345044357382144.000,0.000000,92152300596294424154098910187108490666755867095886441075442152422155558163675726462928374331441974254562183702098123471115976781558541256458507256735681911012783460043180415099436922159765822220550813448894241951765676514687405815065798693672281060050787176789720355868128171480587074515278321680384.000000,-317.30,7.00,323.12,67.10,-41.00,-132.92,239.00,13107,13107,-28.12,10.27,-27853
0.000,13937222739722898170266222175241846121827328309576826758436331639366192071890989999623995523996091239545801510220066837622299810905194496.000000,-34075578830115672969808979445367796437852956587787558556655962301397869091916159985348371938661847888035840.000000,0.09,245.42,223.27,-56.22,-281.44,256.77,281.64,2621,-27689,2.60,288.36,16454
0.000,438707659249683971749221849297884447418787110224897636025165528983787542984600067538525908738750431089398258927206262986389767206774268197334545636664541184.000000,619975450523446189211215932622149984345408705863025447611912715145052160.000000,163.96,90.16,253.44,-68.93,-60.92,-197.08,5.16,-27526,16454,-209.72,-78.65,2493
0.000,0.000000,0.000000,187.45,133.21,77.81,310.92,261.16,7.72,-52.43,16454,-16117,-183.51,-273.62,5622
0.000,-6298029122403752146549760148850821433692772974991525890901299789298130700683493704922637757138824885952674030595641491096506664140295542936814125622279989314099036788476171847345000536790864747608941044565867784830976.000000,2491077510542363458998468118453509840487998639239593984.000000,92.24,-27.63,-188.41,212.52,10.28,104.86,-288.36,11972,-7234,-271.98,164.54,8573
13922130991139016191381593073578567963895377763424256685364909273552076587344528352885051151718964791897051024719194592401888372806647808.000,17062932356494888341693690941712642481730960560953169796879053138474787990451906001603677207612843880543695563878102588673863051377070944799504582733774370691051850867087844107985502846918260655728142012265502788777188266877342456724860665979920083422079408331030528.000000,0.000000,-9.16,187.34,7.72,10.28,262.14,262.14,-270.34,3766,8599,164.54,323.34,-16355
0.000,9672710415798758557927728940598792528075415667073511949808157232758243027849421333864771785508279850586243846847294237039711278835694418122279068196082242253926596698652874823052142268595270550522580138457038848.000000,0.000000,174.97,-71.64,0.04,-235.93,157.28,-268.70,164.54,8566,-16355,-163.85,196.98,24064
0.000,-0.000000,-0.000000,-168.92,7.72,-78.64,52.42,-267.06,164.54,-107.38,-16355,-1755,-149.91,87.97,19383
0.000,-1235745623300883267226827631737751329042854901176391828421280445448771791041428945904986845608292094142473159049994279959776052010646927904634687513661423862240623577374411066232401326860294801400544333883146200728921780620534283828967768744326776531448358243488737818064065656139381506565040913776640.000000,-84634953157645706528759930340839698699169137806056220193838664839812339094465146511717040128.000000,10.28,78.64,-52.43,-265.43,164.54,-107.30,-305.96,6689,29013,86.04,-163.55,13093
-0.000,0.000000,0.000000,235.93,-157.29,-263.79,164.54,-224.10,-93.60,86.45,-13978,13101,-163.55,168.69,16476
0.000,-0.000000,-0.000000,-262.15,-262.15,164.54,-83.97,114.83,87.91,-163.55,13104,16476,-106.84,-79.64,34
0.000,-115901255743231647218367092499956666046148948044501158865949112644932510064824753605595493563273421208117610246397016249423410436193650682246522340881416156846174221958353232289201657770068980932002276646071453698690994384422059798609209376595150214235422720.000000,3942650030086975393018346298859236218898333557461406825525871067001621734453157170734105599621833666805934976524436622085738908631996461862026637346958801044530436225225732880575914740882044933343508842710260103193499342247574150053888.000000,-260.51,164.54,187.44,-151.77,87.17,-163.55,140.00,16476,270,-321.18,130.96,-994
0.000,108505522543390495431780767610193226052740197083254308092783612098987324200001206946402933900735242138857733118429970389585115477930044702097471511464404603832923223036909286330947185563404049122860869668371994460478644465629777279257343749126032056823517128595158311738474488818414153513413921210368.000000,-0.000000,164.54,91.87,-223.48,88.09,-163.55,-147.07,267.92,314,2908,130.96,164.76,-2338
-130620296065331991270530149159288006193642800479286559473609861192560650774740563646897756369664347755966652284403712.000,0.000000,45.215000,82.02,58.78,87.00,-163.55,-130.22,78.45,131.01,-701,-788,164.76,1.12,-9229
-0.000,-0.000000,-45685547036148089153000644111516425454309127084629873935436183970507795726336.000000,-187.16,87.32,-163.55,260.31,-96.79,130.90,164.76,3873,-4206,2.81,1.11,12376
-519289736260313924044566804114586317465635208469434639346052180366707864157046499748657716936643826903069294417694639391689278377250923696128217852675840976906004014041266994684667374477699058804043968216178323136108116091323200666845663199232.000,-92559641160338028082322598442681971627167100768704797758980096.000000,21950560168119758053441536.000000,87.67,-163.55,185.02,-171.42,130.95,164.76,0.10,-15278,16540,-29.71,2.75,17550
-1507892739740070767399627983830111508372958161206996972769746661661174753611807957897743557210161112662327427072.000,-0.000000,0.000000,-163.55,-162.05,251.27,130.92,164.76,2.73,-12.63,-5293,17775,28.25,106.90,-2768
0.000,45.235000,-7.283343,221.67,-76.13,130.86,164.76,1.63,-35.50,-33.26,18000,-483,-152.69,107.58,21437
-0.000,-3885356975164756293976057085595374766211581532607409340815491437772723137093078761641138182565879060059708143371251108863057566928321371924780097092590667885894847221273127852926947859399442432.000000,-0.000000,48.23,130.86,164.76,2.90,-3.53,-18.84,-99.90,-2478,8034,-166.40,182.25,26707
0.000,-0.000000,-8340537471034148313019841150925883233701113953166851288764938564701386653207041538017761065701266802807745894540086390817113857566609630137356866323982357936523868652666896891028051748945015682293750132574407467533860864.000000,130.78,164.76,0.53,14.85,22.66,120.19,12.43,9660,28325,184.50,-20.96,1016
-0.000,0.000000,0.000000,164.76,2.39,24.55,15.42,-173.25,-110.25,186.75,4835,1126,32.97,41.52,1094
45.255,-7.283409,112.799079,2.79,-7.12,-9.10,84.55,-169.66,189.00,1.38,1059,1242,69.27,148.09,-7934
0.000,1321867522897005347287121061109369441051177324253295577503583295994366015165067888655236807164763965368673068887690972620076588795824403644416.000000,0.000000,3.60,17.45,143.81,-98.00,191.25,-18.72,10.63,1010,20996,59.34,10.60,7864
0.000,-0.000000,-1118761169761036289702974753125784147396554753481145144080081739365369581980696438332711213632240912947106205753781627525927382039128308010874176178077433020088296746967727739666298394759543579182706936883279897963792670242741850197296931538246565888.000000,-26.11,43.33,105.02,193.50,11.58,265.68,38.98,-15613,10485,10.58,11.62,-28836
0.000,0.000000,0.000000,119.76,31.89,195.75,-9.62,292.65,129.23,12.55,13107,13107,11.16,130.58,18083
-7.283,112.797912,0.000027,-94.67,198.00,8.70,283.34,284.06,10.70,10.92,-10486,18083,-235.52,157.28,-10688
-0.000,0.000000,-5202404543097967602810784747235000969515584254663501243151149301042674701323730944.000000,200.25,6.61,68.50,26.36,12.15,10.38,51.21,18084,-12480,183.50,314.57,20291
0.000,0.000000,11819542482168158271941186481655307650686174279564173506811197846148087808.000000,-28.05,96.20,186.67,10.46,10.99,-314.87,209.71,25152,777,78.64,180.85,-30299
0.000,0.000000,0.000000,91.32,294.02,10.13,12.59,-25.60,235.92,-157.29,19827,9631,180.85,254.08,7458
112.798,0.000000,24111942053086080124703775735353673476798644452698269754285457339567145240927602420947782331773198796906462969856.000000,293.43,12.42,10.42,261.15,262.14,262.14,180.86,-10837,7457,85.12,50.03,8896
0.000,0.000000,0.000000,11.13,12.17,-104.92,288.35,26.21,180.87,287.36,7457,26560,253.68,-145.95,-611
0.000,979275086757009261430058672612384846602554913986977635390827032492270031685674240525205504.000000,0.000000,10.85,184.35,314.57,-209.72,180.87,136.32,-270.15,-31552,-23730,-225.79,74.57,2877
0.000,-88539230725740120884461739329995805845971792617071983217698084482642606597893374541732255116982325724020107601803615633368036958232834127609104515263617873101822051611029761184048115213742520939135428413401175467598359225210880269498210752195985408.000000,0.000000,-184.29,-314.58,209.71,180.88,282.24,7.28,-214.32,-18530,5557,74.57,-277.12,23603
0.000,4488399337052799842740694475779351778431927766803833830124150246227694103901733363794980373477293477839710081855796000317019018295836859791097983335572305803872975008028133602724389587746085206506979597484032.000000,0.000000,-288.36,-26.22,180.88,-245.12,168.71,212.60,74.58,2949,23603,-325.76,268.25,32576
-0.000,0.000000,-0.000000,-262.15,180.89,-263.04,-311.68,-320.73,74.57,117.12,23603,19520,-209.94,48.84,-3071
83039781403396419569481633265745988031631431069981443611593956473998678546912022504708094464676170777493504.000,0.000000,0.000000,180.90,-311.68,-143.06,192.65,74.57,-120.96,255.16,8256,-31488,34.49,236.03,-11767
-572535584035170537891394987958238590915569014532605619939921623942915202515609059695847334584666362013092598012237647750292216402726356344469669118836779703430013766866481449227410354815303590665770913279467108899612567614813085789957405379485650439604562210133387509760.000,0.000000,272595585073079593331292498821120.000000,28.80,40.91,94.73,74.58,30.08,177.90,18.65,-12800,-15882,236.03,205.44,24831
419207465196255559847400598369228491707933900120651340193634444183840084923484802717837033276992008708829319911046383378177627752350829193478518060422107505753309955449120290039823417412643979264.000,-189552229972121363205451241247081252154255452053783514390287863168383471113870861672075571948055957089803382486008965860684726598969813336891412620940883523387309575532632451752699159761349244311948424271380873216.000000,69530883616879504888730345662302675495677316988518752233913655688251943071492223443533070703001600.000000,131.09,96.67,74.58,-69.76,152.07,38.11,236.03,30206,29710,115.84,117.76,7449
0.000,-4310008108608.491211,-2385582994364637538983709493846429488879077181069832471303212634587508787330686223630759396368552270575331479246971111255415173130282237855298295158049511528661700771820222287634759680.000000,-210.56,74.57,124.80,-240.49,24.63,236.03,315.52,11504,14287,212.48,-33.20,-23022
0.000,-92559631389139194579463770297817800774952917462268822532653056.000000,0.000000,74.58,-74.88,260.71,-2.90,236.02,233.60,240.65,25609,-30947,309.80,184.27,8538
0.000,298557069365748530356807322828800.000000,0.000000,86.40,-249.62,29.04,236.03,318.08,-271.36,-207.52,26637,5979,-294.55,-83.84,17413
-0.000,0.000000,-0.000000,42.71,22.53,236.03,56.96,263.69,-286.74,-266.09,25692,-6156,-235.21,187.16,3608
-867968008998481861259877246917829906472091550733038682370528728786279087566391723724279579438014470135071613357637394124757756585087884316279502036460757421182616163671746007358048329873469190945074433778253824.000,-396047724782315993312382181457138810880.000000,0.000000,28.69,236.03,18.56,296.96,130.46,35.82,67.26,27638,6913,109.89,-260.19,-19404
9070947271412543348769815910677186440789127018373610006589940176191871938922090311823556049683115734626032746465184815427652421597265920.000,134449887007722128350749471578837300017588041806132199798549513830910356102417116290987180461837707765322677243085188262625353018353864895629212504850156058928541622617736327125121641097989088505949823078236367305052610491318272.000000,0.000000,236.03,144.00,158.72,2.71,5.04,-133.11,30.27,10098,29025,-142.42,-38.46,20996
324518553658427015013532172288000.000,0.000000,13799692399725934325659665949516978916607055259680025337707937504190388091513487753191271761734319724531984795593811699902238502498074624.000000,220.80,-107.52,156.13,156.22,235.25,-48.71,-68.18,-30976,-15100,130.63,-45.92,1028
932261207563050192501483564971516243876250766321327323010508027966057317182779517673932812488388264673095021292842005697078162681910219153067183144839593643628723228958591887096421627800619716552942514382568559392944246834785627080025829025281308884992.000,-3393961292644808059310481371444284675400483323725201714268816277504.000000,0.000000,-92.15,117.68,-322.55,309.39,-130.42,-293.45,-253.50,-4349,3,-14.81,-58.81,31457
-576402866200053194842102018224122736272164934790788431523032988340831260821238427219384683493395299980804096.000,0.000000,-0.000000,-263.55,240.54,-250.77,-209.92,-216.64,5.18,-226.80,259,-18350,-35.56,-17.89,-31458
-488887239274772847723019468723931927559014796787641180064400096473206699235107092915392223984879570776098613572294191521257685506627482849669059292521820807593338951407000917832415467296505663328395006506008589794520716332551737979022651228722500315677536572471318021620966915765909458463490048.000,-17342255731896099393790802146154252624159133748726145661147976379411465923081666767711792499964377698584913899136645353495281648469578421255350736296601423355299845654515756145581166289346692761947189821159366207750908966046924577272245412837041583795263113423935025485514084265855287296.000000,-0.000000,-104.85,210.13,-287.21,54.73,-322.66,123.31,204.80,-2621,23592,-92.12,7.72,-19825
0.000,13814831729600665322296036826850531726155210346955658027655534299547233793838766892942317781116179195717352316700056083494527050276929536.000000,-596109365832147374667730503026841318841264177955902463267118272285074801770296689831880153050346669007749060206142463413908401804595209472726677647036965435739440225980269149846105383749989894717440.000000,-81.78,286.92,-211.50,230.39,105.32,-240.45,89.64,13107,-19661,10.28,131.07,16454
9973944613615573516943360000.000,-3133982723785647762612577871894259190868819131882274816.000000,4404448936565561723284483638228237368830813648874903722972842501005992920453651801589273224720176384049152.000000,207.95,-242.21,-79.41,-135.48,258.99,322.60,10.28,-19497,16454,288.36,26.21,-19041
1406982667862108739327955289149791421857792.000,-626076556709552475440825928452113644346184160887848781274344321063773800348921228638183297827914911815062673500068998398904546816991799510353447212150494904332053799116117226469523852569214648844288.000000,0.000000,-137.24,-230.31,71.76,-203.79,284.20,2.60,-209.72,16454,405,-78.65,-193.34,-24225
-431334170095204009483131536150524905197175921271508306314808734910308239539716417968108360366659498059921011853401447646567526546754804098739053749929386774020588545408159202110215290686983396947699670928277650100184606125777838575977386297613833873964158454197628436480.000,-0.000000,20737681192654939869688546664411532194937989202470521482073549339684739436142621678273937831136000614539749725438344507538915475244465905504657292748651045497657997327147220649778379314362479415851192518503665721883276019983494965999943167613031818698420813561856.000000,235.40,-132.74,77.62,-33.24,2.59,-52.43,-183.51,6409,30453,-191.70,164.54,8307
13808806140313458450099412540096701324635924780357586691244976518097389360300444484025612277578115129297427878598234152187967674307837952.000,13668683020525237709060575785290767285988558516147641289283447051731201674627519335964869219074383291725244200351717068673003747321717620198526083837209857934589718323027514436922085854983449856114428118058626034752234086198028329093138804575478856075941044148930316334919766526588983705600.000000,-52885854631418553892753887736866139181902017170893166296235155374643283498271333365834251441504211620394505297890276805015639282726234304666429886065443164801065255432836471075231138707052436600724952408143780519448955179578710070234251975706251992737219392733206057894551663703454199077429233844224.000000,254.07,263.78,286.76,10.28,104.86,-288.36,-190.06,8805,8377,164.54,156.09,-16355
-0.000,818585341163560394759648162349056.000000,-25414476477924965835151649794606246578910689494566931815175675576731224614087913166295002943602022425556120372652942648008599666688.000000,220.53,-156.12,0.04,262.14,262.14,-188.42,164.54,8186,-16355,314.22,294.39,21025
-0.000,-0.000000,-0.000000,-268.76,2.60,-235.93,157.28,-186.78,164.54,47.56,-16355,1629,-56.37,82.25,24332
44678404261041617537168127270564685491340802097159716731386846637997712729585079499417608010169927438090849244538950718115315904939035061439152064336945161310455689319233095073614903978306904155247014537522963198110430092412368722590992559307940167680.000,-0.000000,0.000000,7.72,-78.64,52.42,-185.14,164.54,115.30,-2.77,-4723,-24395,83.69,-163.55,13047
3269779567048964238216279297828074850105426847814313519016654497452347787094299967139163588545548944539412794536199206506454225009030395535000189807914454614016.000,-0.000000,0.000000,78.64,-52.43,-183.51,164.54,-313.30,-94.47,83.13,-24931,13053,-163.55,-194.33,16476
-0.000,0.000000,9086928679939333114130263742526582089564262948210480336263981405912029755987384423727593716401261725029972019710113141542640628447313920.000000,-157.29,-181.87,164.54,225.61,-320.35,80.89,-163.55,13049,16476,124.61,173.09,216
0.000,0.000000,-0.000000,-180.23,164.54,1.42,-123.41,82.75,-163.55,-308.38,16476,142,-55.00,130.45,485
0.000,0.000000,-0.000000,164.54,231.88,-317.22,80.46,-163.55,-186.79,308.17,56,985,130.56,164.76,3889
-8978744706510100461435264343332105880952987544551413461028314984970352567421268890980381335356700326233099723365609246159638537495001459323674102094728145969463730993558879469393316207887165771024796198405932669087730478776028179133194305536.000,0.000000,45.460000,7.36,150.94,82.34,-163.55,55.26,-281.57,130.45,1970,2240,164.76,1.42,11714
41632925746167276033007845478849848326460524549638127499978695222633863539998396706194600101450559632234336742382168644474550419347975301569464068638020250206812160979960703969567439371873726144857056498252133774547266114836727070720.000,435401600159977821633939952491395470524855826174680503741922814998841470351602972884992.000000,-16782220759553207285721057801371910144.000000,-215.86,81.73,-163.55,-105.15,82.51,130.57,164.76,2648,16420,1.24,1.74,-17398
311636669274026859249917889514257333287384834190496837103759478604001023041021295893040177662946179669194978495088515043769309145321505846878514006929155950171941620638512006128316326243281968315865742875833592151277568.000,-17835455463879940640560416574031209511579177151792041154736743789303891221609601696158125717818523051091336231373315814897807098294688978684566971419813363629707840578863289220836174085288276797027055523026277759439625887094090979803828602801226494157741096960.000000,0.000000,81.66,-163.55,-305.58,232.70,130.54,164.76,1.30,-12101,8229,-27.46,14.40,28575
-41323117904464071894154103237707010052924571807064310084339227947057111444864426854442638716421572835488392429089146709380428936415558982230531073395034330136313682875159697948672.000,-0.000000,0.000000,-163.55,172.56,2.75,130.51,164.76,0.32,-15.49,7125,28800,-3.21,-17.45,-437
0.000,45.480000,-7.281085,183.59,249.43,130.54,164.76,1.89,33.89,28.61,29025,-2241,136.65,157.93,26890
19943656760516860182462678323431473152.000,-0.000000,-251402356700057158607205837112067918695618692179944207270573446775901573713274417117694922450367978405858768979695508532858944521536489908517491498958192640.000000,-24.73,130.59,164.76,1.26,-2.58,6.40,122.83,1622,10576,61.65,292.50,2499
427698050653467153704851834452467008376341313681290743642790903737585961681863332331520.000,-6623532725082962135204820051285615496862472719063675165998914283768081133823699432019261113334171231664432454747732888780800.000000,341210638864313230409681440920978739078774402971041732547033063214490320896.000000,130.61,164.76,0.58,35.55,-24.72,173.11,-120.31,29774,26689,294.75,18.64,1122
-0.002,0.000000,0.000000,164.76,3.34,-37.98,-12.79,77.17,-128.50,297.00,24530,1139,11.62,66.27,1211
45.500,-7.279942,112.797354,1.16,11.80,37.61,78.49,30.91,299.25,0.59,1242,1213,160.71,165.29,28931
-0.000,-0.000000,0.000000,11.45,26.82,-9.24,-106.47,301.50,18.69,158.66,1146,-7935,276.65,12.18,5242
9822888430464826267738457639940399154574357682081234944.000,0.000000,0.000000,-23.78,103.46,79.57,303.75,13.70,208.45,198.94,20993,7864,12.07,10.73,-5243
0.000,0.000000,-58391106940129360639645134696078308448987962610472047825740677142470644611325384471788614677387600454806298475463445849771545530427219635883602122131518727805209290350581716584453537332256401841239676299994795687870728610276050942228323621861813565593967545782040149998174208.000000,54.69,43.56,306.00,-8.17,91.49,246.58,11.43,10485,-28836,12.21,-156.16,18114
-7.280,112.797288,-7338395.988037,-76.01,308.25,6.26,190.64,48.60,10.55,10.42,13107,18115,130.59,131.07,15168
-0.000,0.000000,0.000000,310.50,18.56,9.61,119.44,10.60,10.08,-235.52,18115,25152,157.28,-104.86,18772
0.000,0.000000,30940470513890241557991553618785065730421164561767881240762884117689408786144774056964692179847434259308900994376195862916635232577087813121018502120730829761390690535706063088150742356313799472295225129277159356871538551744333168089870727175020811744638154437680195217264310484992.000000,19.07,121.03,261.53,10.55,10.39,51.23,183.50,-960,-18483,314.57,181.16,-28627
0.000,0.000000,-8926477775899850013450574841570522407969140754018159929873414590492042095960899010111437216399772861882475448388383277410612714212479996268497313705634121501171795544967778863394703076919077657871347887972591744129471525730963258654582823992762392641536.000000,267.18,64.24,10.45,10.24,-314.84,209.71,78.64,6843,-25602,181.17,-273.28,7454
112.797,0.000000,3329520823562836205633536.000000,162.80,12.58,10.34,-25.57,235.92,-157.29,181.17,17471,7454,282.24,13.91,-15936
0.000,0.000000,212078225073186698197192409088.000000,10.72,10.46,261.13,262.14,262.14,181.18,172.16,7454,7872,-188.29,79.82,-30720
0.000,2554020577960367157019511511717612368137277792172753793262206103596935328976255549099434278537339980782957258892152109351549735771920051965975639776929341851687061062326871713152166967551101996362643837976783117219420209201434424958111578073976544942502057791142198308941175288068847758006189817856.000000,0.000000,11.41,-104.95,288.35,26.21,181.19,-321.92,110.66,16320,-13204,153.70,74.54,2570
-55955628589517045746521834798409326957222664572445679694823756523598954061246033090210377391587761504525117460854542809413777192981794667276138027135857450653677507425360707437717714120105428431390088765430345561843021927833162167738938327776515250283163414030936680084235000989512728838144.000,-18274375055299047642574012054798144657774090151770669266671451079307088832889759639408297924199250993311127648568244328244747925914581221925505041408069794918206557955640155093759339528336080811675848895802010087803562535646983202261912399922153510208568504754855527590116982784.000000,0.000000,184.35,314.57,-209.72,181.19,-286.08,78.92,219.25,24922,1817,74.54,-141.44,23603
-223166799711750968594321112650036967795473244626562639292872916079450050832013507310991168893523742589582789575630893911505037698662395648596347598771958890770858296940380039511087333190439613107248471627499162872838343818861864647841707179185577889979240022016.000,2618082015308307140179914391233691514710955692401295653024672730192381217312687939149988470371627137015224223942862071043116686987207513090768846784063961674911851081167864294208469042079638762506515683547587004135014264448013565952.000000,-0.000000,-314.58,209.71,181.20,-160.64,221.03,-77.78,74.53,2128,23603,275.84,202.88,21824
0.000,0.000000,-0.000000,-26.22,181.20,200.32,-100.47,-77.63,74.53,-28.80,23603,-8896,-114.58,44.88,26112
-0.000,0.000000,-0.000000,181.21,-137.60,-159.19,-49.32,74.53,319.36,-250.29,-23744,4864,32.02,236.03,-8968
0.000,0.000000,1064420855999631097641972518617088.000000,233.60,-143.18,174.99,74.54,-284.80,-19.40,58.18,-30207,19981,236.03,56.96,-11004
13182924402711095692246776469524477702672872501962107167325552640.000,297723032544366307690066844925955449742455456168953459815824372078171675256841752752441967973464656717459886499826603522563973671958672941445778487241731672597660813407477164814000860530938748687343852265998678832411276739334888747593523951563249539800736748462492055845808565657796608.000000,2579119635572013674332826894336.000000,310.47,254.17,74.53,-220.80,252.24,43.93,236.03,-27891,-30987,21.12,-240.63,29140
7084183296977261244456435467617317333763661495516968478946587925248343086528399317303326558483856523728984843038566767792759057602952866395947593249408118405742008746666449739024535775586020445640968774203000515182332972059099293487726592.000,-0.000000,10193410.212344,-134.97,74.53,293.76,-51.56,52.83,236.03,10.88,7430,-23514,222.72,-281.62,-18672
0.000,0.000000,0.000000,74.54,-51.84,-282.60,56.08,236.03,-4.48,-43.52,25410,-26607,-314.89,-302.20,8325
0.000,1168266793170343595116991157895168.000000,0.000000,81.28,238.69,71.49,236.03,26.24,-184.31,-309.71,31162,27014,-297.00,-238.57,-31244
0.000,-39354336933474887639498752.000000,42837649145532965080047979918316797952.000000,-45.98,44.69,236.03,-268.16,-20.48,-278.93,-233.02,19847,28927,-242.66,232.39,-2263
-41614403856807646230204258156118916579233191509242413174581531672334665111814479328200553203762713171106739733005034726934210071148421727931196110223336877850624.000,-7548608851103862327102004062982118659748087986827928396627968.000000,-0.000000,62.89,236.03,213.12,-94.72,-64.13,327.57,-325.00,-17142,22275,151.17,52.56,-12769
-0.000,0.000000,0.000000,236.03,-232.32,117.76,35.74,122.88,38.44,72.22,-13753,-12268,-129.19,197.17,30212
1272112730341019775564614681493504.000,0.000000,13882119732493533798600368204681040012771684636665387892044816532569036094267672376772603013506366580917518559100666033123275256274878464.000000,184.96,-225.28,-322.64,312.30,40.86,-7.42,224.09,6464,-11004,163.95,284.62,1028
-101622975635262151403310403180215138885719379674478008621400944990851517800476051820215179484931614367800049644010282295808897016876206393107939328.000,0.000000,0.000000,40.97,2.42,220.14,-2.35,-86.89,121.70,58.92,6404,516,84.62,-326.70,15729
-7155310992250232963525408940693127168.000,-12656818032531348038994344755766330931197365275749292389383950305475182608294772197870154145333665692614303858314359566524629196036799572913560093720576.000000,0.000000,-307.20,-145.85,261.65,-166.33,-11.41,84.42,266.48,260,31457,-117.73,-110.04,-20972
-12185852531075015524440602133288828787894425196984362389970181065472083280518413248451390855326422474024411474984699673670337680068708598473851831282575679737440808374923020633039117423541510638391307989340589669503657184966655365410902426756414421660312702411813170119865884498566167134208.000,0.000000,138921063180686673776755707752323595691418531475975779004501156245107602191409615158891583605829801446717141423350307988962899103525105214698550992469275567625622216116286731076345140912387176805438296119840866304.000000,-110.11,191.81,0.18,-309.76,86.96,-79.18,271.49,-18350,-31458,61.48,7.72,-11797
0.000,13922789743163152269735405740322725329027972377199628070006038691744421911808255163667994615034534011374641816148795496759558122256728064.000000,-49426096894908414066655380068684741265617728000722075671301181996961306727976530099835921236535441759642432749699072.000000,92.30,-79.32,320.00,327.60,266.41,230.57,-102.36,23592,-11633,5.16,-26.21,16454
-62607377943981089295001314798415990672195121525208733589315373871061616576109198966784.000,-300175943799116966075205647825065242756621864564345367065752204982896685037503748183984068817194829345718272.000000,-0.000000,-156.40,-94.71,-84.58,66.65,292.85,-222.68,2.60,-11469,16454,131.07,131.07,29603
-2411004401236601350246856391052281664424492922115884663605315825727265065290630929240565055781231857444002903011286525285820885629894474759167371149418258077256171893112708747267927257587753030040975860587290896957406377730589451260924298561544570672222397928481602662301696.000,-0.000000,-0.000000,232.98,110.01,-116.97,100.62,284.20,7.72,288.36,16454,-14811,26.21,-113.05,-1796
0.000,-0.000000,0.000000,66.56,-268.24,-211.76,-10.20,5.15,-209.72,-78.65,4957,16692,-111.42,164.54,7974
13922871183024138053851756351831201225269313122036561441032984039293886790574243902847067929456120653011497376601258682992722255527542784.000,0.000000,-0.000000,-284.16,-170.55,-243.16,7.72,-52.43,-183.51,-109.78,-20054,7955,164.54,-246.73,-16355
0.000,27148388660373946500260804737100510572306956422534362726246069129104494421768414712152217362497182640535742791141572039942914328657657856.000000,-0.000000,262.25,-176.60,2.60,104.86,-288.36,-108.14,164.54,7968,-16355,134.93,178.76,27881
-4608092582676607976179695215430932191397237712397627551150733746772405012887034088972225417467070338202649592770354096422259038664000818741231731760938049842970571143477745907399831908620549081809604438313106376405588987868825368219656083136286792008372562495018963560821174566912.000,0.000000,19200355257027280027015530897409325697892678119638054322365610691370081205994806404616190644929045717925737733278063370892637337989032318370470689466424448225940076279956028193344149757642695936492682072523706698984227636991305657259513467323251943128151065150121297575936.000000,-125.40,10.28,262.14,262.14,-106.50,164.54,-215.44,-16355,-1678,9.39,78.99,24339
0.000,-0.000000,-46445067982472241152.000000,5.16,-235.93,157.28,-104.86,164.54,76.22,-228.46,27136,18373,79.95,-163.55,13102
-10067639424298611600460223141371211169556095025122573867262448395843671758293895910246619018589089518583808.000,-0.000000,0.000000,-78.64,52.42,-103.22,164.54,41.17,-224.72,79.87,3847,13090,-163.55,-303.88,16476
-0.000,0.000000,0.000000,-52.43,-101.59,164.54,237.33,241.17,79.25,-163.55,13100,16476,-94.26,-146.93,282
-0.000,-0.000000,-4310085681282.251953,-99.95,164.54,8.60,-248.13,80.69,-163.55,-11.28,16476,238,14.56,131.03,-2437
-32339338422477608491178846652542274763127464910911392216408886737801626814614391947614618980941947377635248862405354895797868333318398025168377147508585246271912889793051887629257914892147514035303994578702938105515975278616576908367219080311919413331597514059560205428790510719178540843008.000,1054799986162689234264546220135852703045108054630953611050352640.000000,-4230758200273135097230604864011843971179699877020788495939956895652460339936575691934834494258086661215293187098036657979392.000000,164.54,-201.37,-306.81,79.42,-163.55,38.56,46.23,335,1125,131.05,164.76,-1090
-0.000,0.000000,45.705000,-287.38,199.34,81.31,-163.55,-300.98,-317.49,130.96,2014,-1041,164.76,0.83,-6079
1619784671559557204810955954075170145055498403608016438309015468985304242301146046029038176460435049067972630778216448.000,0.000000,-638455870211861573273866970947752986852919488132449703515714076383893104707788078195563740057207367560322329838406285756295430915812298150768619012734247239680.000000,-88.36,81.10,-163.55,31.29,-324.55,131.03,164.76,3251,-7171,2.01,-9.86,24
-0.000,0.000000,2764862213304632067023645454541041972790085286096669800021752920216112375782302134111323719390106304045761094280825530009991694997701066768763003227570784335453792243428462834649133307791827613859950926749411821966494554706919861133679256973227237130636847832710012832714737486163271356551664440049856937984.000000,79.30,-163.55,122.72,153.57,130.96,164.76,3.18,14139,-14397,5.67,-23.73,3600
48945183774174933749432011905477187670874906354374965922693240087328708176153016911224061271271213094969806338725988388159602217687147158114204375881647281651607728496716010264908104834345517755618295808.000,-9070947279196301788283283253551892590371309807545620728500439146069739018441973739592825001573483871669657176173033695606608318800330752.000000,0.000000,-163.55,27.47,-320.03,130.93,164.76,2.41,-27.26,-14346,3825,38.71,-43.41,-1888
0.000,45.725000,-7.280779,160.70,216.04,131.05,164.76,3.32,31.42,-17.01,4050,2997,97.03,85.46,28992
0.000,-2118658386632458229314034602627221717557504403323013460322374194744956440431679905875261128704.000000,-0.000000,-239.10,131.07,164.76,1.46,-5.95,-21.83,-19.56,2442,17129,172.41,42.75,21053
80298908497996089978755404617695899631842814670065925279769899131718094155751097182192935810751821535947512305713857428058045982351243992817465158535660006928500010605136326303271701880163635111485367148046663967112445278147168503962390530445510702160734716411306345399770064594403328.000,-0.000000,-0.000000,131.09,164.76,1.74,-2.98,-0.85,-73.96,-120.78,14069,26140,45.00,11.57,1067
-19435756734436180348540185652576659653828110568008369117298057514036745022113566230568374706094955470384433425508056028601970984462434027578656292864.000,0.000000,0.000000,164.76,1.19,10.84,17.09,130.41,4.70,47.25,6277,1233,-4.42,181.84,1134
45.745,-7.280926,112.799511,2.93,16.19,-13.47,-37.38,-41.81,49.50,4.21,1190,1115,201.32,173.37,4
615254071651607055919904304567986268667904.000,155676212807486649127580280350233971560768769313800523508196513113921152608713137849846885225209480985062796205804847862421663947842453508403622813951789290863394178370419158207949982644667084306822854472345536163570161877528044775116757103929008335406740683756969246375105238233251840.000000,0.000000,38.19,33.87,-58.17,-41.57,51.75,10.29,127.04,1252,28928,9.30,12.31,2621
2504135696537220853544963508954352938677918760960.000,-15843003282905124511692118329866605433431811036688956268897607298976360345943925953748737912969690185626235169845587777145862654813120920401840928110838119401986492798758927039876485074812495513283805979535686196084248976804920231181474123279581393695354373189591337153798626446211342907620720640.000000,0.000000,24.34,93.36,-107.38,54.00,12.14,37.74,224.80,-7933,5242,10.24,11.54,18350
0.000,0.000000,-23010477110444988168118107382298856364184080286882205038219107041830481707297216378156050820951305282069266025658585279410299975718254300805273056891692749622677872365897740813399840040585796087611440758270679005309680464294188121325568.000000,-104.85,-79.27,56.25,18.31,21.13,182.20,10.01,7864,-5243,10.26,209.96,18145
-7.281,112.800111,-70117915716724584292909303916920832.000000,11.92,58.50,16.52,64.32,216.22,11.59,10.99,-28836,18146,-156.15,104.85,10816
-2385343291519514060425790511956183886333137762779486375378944.000,0.000000,0.000000,60.75,34.87,108.84,117.99,10.80,10.33,130.60,18147,14400,131.07,131.07,15202
-62795425517089919518251641237267208819254217269104803523666329811516736271588153397255481325080461722539887916597834389178326627838545922646999889922024897758821655251988252102097619543494686914687160034215962348994308538521544188613957620360582323503104.000,-121817633448339518262188122373788693027775310487831529061277430759915227620294001705220806803131082847712269315297966597949565130026353860278249665116128893847111694449357463450728341758898712466835851085919583886440009116006969751853167685653987293243888363301383145681279948340344521752576.000000,0.000000,-22.07,27.59,44.29,12.21,11.98,-235.51,157.28,7232,-26218,-104.86,181.47,-85
0.000,-896355354630136368914735893699189322088979304046651312563351072658270536100168722364378810273418926284127800696779043183656896557413116385441566789764600434789841222996596096758580286685615659847063968905601378588494735593328881528368661320050839154971467695251133565185864483766499952033792.000000,-1002791179054934715569140635781517284208335118278066315324941200709318074589290676937264879746917934503401209511857626809895397132089450710493385568759764672279164222091411783448146480986738691546942266136035698140361582751987145574019557643415637564422300264071954432.000000,279.28,76.94,11.87,10.63,51.21,183.50,314.57,-7048,-31429,181.48,-275.84,7455
112.800,-52869982644543331253409501317873188016581350135759935069042877089389790353784343046353151152688910214552781952617024196779509889865062752066601197133487242174388348800697255121377751180138829707562266412048720189044448808552886214452404960624640.000000,0.000000,100.32,10.33,12.59,-314.84,209.71,78.64,181.49,-28983,7455,-286.08,256.82,-26688
0.000,0.000000,0.000000,10.75,10.91,-25.58,235.92,-157.29,181.49,74.88,7455,11968,74.65,-51.67,30807
-1454476467208022307948229813300342454781385450745758904853224150854969358061898660893072296103743553477909171649055261882384703565243949890570751371027783465475431166117422738012681544646897808826393746071494894261037620560560150078623713214157429793411159809313688070503006208.000,0.000000,0.000000,11.64,261.15,262.14,262.14,181.50,-91.52,-230.45,-7744,-9216,169.96,74.56,14313
0.000,-683108713732732523439921544875738094333078180808175072632701510287483693108137827562458170757693744346784616399543334899583499887232696064563602785780830067881272096684717604696424810409399964101528625794481995095935621960106811237406916090211266083241467657662707785869798740717008173309886464.000000,0.000000,-104.95,288.35,26.21,181.51,36.48,-278.54,115.32,-376,13948,74.56,99.20,23603
703107612498695159808.000,0.000000,808881328617277226013961892610378301440.000000,314.57,-209.72,181.51,-211.84,-323.77,-184.10,74.55,13739,23603,91.52,-9.06,3392
-28091628483370149770907508356710076569272953479248824112054245380473392096847181407466160922820577712337008301981978766578494691773856802577763382399531089272091200328875943824790104485128492584478091405938137590841174353640877000520355300247292558041650520706390812265601783228792832.000,0.000000,-0.000000,209.71,181.52,59.52,-249.44,-297.51,74.55,311.68,23603,18752,-142.40,148.56,-2303
0.000,0.000000,-17835457583044245740681243467932738265903412946572608299296223889270430836948985064784842438538724121687415801095894559330091715077324967392839236628646866222064330116611397023091160471271213642658335159533905503136450994157528465575302297232975289430057156608.000000,181.52,241.28,-73.90,-157.85,74.55,-10.88,298.77,15424,9217,142.62,236.03,16640
-149882412874435147308005105474220349686434926353231223481283644891298337039837975182729704410938380677849847446693597821821526454244266915644102108795504342817274930432362872406651039388787349229022951513542023393733429287539168299858718822418050421689792877506402713542773520740646912.000,0.000000,4153837486827922285326937540788224.000000,302.72,-281.46,323.42,74.56,232.32,255.53,148.84,11008,-19980,236.03,80.00,19456
0.000,0.000000,32.554023,-101.58,-313.76,74.56,-259.20,200.43,141.09,236.03,-32510,-17166,-186.24,235.52,-9799
0.000,-0.000000,0.000000,-6.04,74.55,140.16,-253.38,148.64,236.03,133.76,-12547,23770,53.76,-0.01,10293
0.000,-0.000000,-0.000000,74.56,283.52,-281.18,150.44,236.03,156.80,-53.76,25333,2373,225.35,-266.31,36
0.000,4569221235510625854195927028334592.000000,0.000000,104.32,-16.26,134.82,236.03,-12.16,-176.64,-212.42,-5431,-20188,186.83,297.26,-12289
-875064089160530967147577623530907040966828467222811646493720576.000,6660143143949037392577919289847990549475623764792353309524244718652423041599835861566479950919337414440001717479385556339576082675513495528592948330496.000000,-2466860685649364746311854397672714865271455752054033455687801416715590065441756735893644250302246825409012134336428993502890887070343873612464556785721587081026942581940712415973364970741635419943731200.000000,-164.11,164.41,236.03,-106.88,-202.24,179.04,-166.35,-22235,-9718,-171.87,-133.19,-8901
-1971897378090754323758317265423164541461280183500700225711172092117693511283441500617906136696614825722445299712.000,-26267172942648276145323020155951466144130802411399592881997625658858408718939237243021905455551540362248297248684984709514563245597096414172349858986117288426406221171649103582256244305211858515079368957577531018383130229925818316740876252542243255447317255363426801575762593136508928.000000,-585165566659285070834917596011751701220694884064541978044271874404277768268313541892332975335332554099592613324457060283678327788027742451034474151936.000000,141.01,236.03,318.08,271.36,232.89,66.50,179.23,-8190,30,-214.78,187.26,11328
0.000,146916911601482514862534193661490236178768635866362949398873407987009652377767349219074160562056729084959493258071227064068160369828765590991376278244002837242305343396196144580309515493318284743888202257190418222262229951082489195459189949254336054853563551593536938682615370952200142533380827774976.000000,0.000000,236.03,202.88,161.29,-64.10,-84.50,-150.80,-292.43,28994,7753,276.87,158.59,-14844
4984604984193477573478258495717376.000,0.000000,13982627236364481854400877958367461974725710247639669245496299214333298741379974611969758239673446930200657936433587995368993126346653696.000000,-104.32,304.64,-253.46,53.60,-10.44,281.81,307.60,13312,19716,43.65,-71.17,516
-0.000,-0.000000,0.000000,-158.72,-130.57,286.68,104.94,202.41,-212.07,-148.39,14084,516,-91.52,-173.39,0
-0.000,-0.000000,-14206163747672877439114013366975886571021457125402277580649540559493978634469071689522155119403377426123352621785509164319509311265739025677375260199852120856827909669929186325706042566286787375653626163601091109956278523218128679054910423040.000000,245.77,151.12,297.23,125.23,92.58,-158.70,238.64,260,15729,-155.31,89.64,-10486
-671127103012526571253661908408335717262949625024691044352.000,0.000000,-7836820008948012690800780495886647339526466692241751164251700945858769481114621464302186355752960.000000,140.74,82.62,45.84,38.83,140.72,291.87,-234.73,31457,-20972,46.12,10.28,-3769
0.000,13950049711224710229960202851402286551981892720472421529161444548665908076628551487049580945975867135962336870639760885750409436476735488.000000,341856250375887192118695572815086970989140161371485947508060720240182034184713913728490528613995531261101721971579755925312039106530849456169963197096124519335423735299536535666808929286141807427584.000000,-37.99,-33.83,-199.25,248.40,-212.04,8.32,186.92,-31458,-3605,0.04,-183.50,16454
2982252672577342377986604886674089236718832826345624727242415963452501689223942865716597512201577331449651356878226664004652074108168464152777482992958673090927710453312206141768383498695590882239236889561890919874446552465408.000,11827535249420296618671815916838868255740735379296020047656846043796085672055624434929902759478428644507353176394122897504697764299909621858137959177740269074442617284429467630577677472079109242521660793685991836594724667392.000000,-0.000000,-113.10,-219.72,133.24,-304.01,-232.70,-176.60,0.04,-3441,16454,-26.21,235.92,10571
-221601786366600113643585536.000,0.000000,-0.000000,325.57,94.61,-199.47,69.94,-33.24,10.27,131.07,16454,15278,131.07,-32.77,-14921
0.000,-6571038603306594883174004123761924727518102207092581255281725677020278889281626179458608937182224263802456279858087197605629450914948496843626875148020935430267020774922379600930752791157277206874293095471513411239794832410852545906306548180329860799732139407314545706983449690112.000000,0.000000,-125.40,202.92,105.69,94.76,10.28,288.36,26.21,866,-9488,-31.13,164.54,8356
13984032464337223656238270151567410376248989161785273707876237758848082378307034638422766718211500182559724654147226030180018111247286272.000,-0.000000,0.000000,-2.01,-250.13,-302.04,5.16,-209.72,-78.65,-29.50,12832,8365,164.54,178.49,-16355
0.000,0.000000,0.000000,-9.90,-33.25,10.27,-52.43,-183.51,-27.86,164.54,8436,-16355,306.60,-305.46,-24264
0.000,0.000000,38060628566943787146488480677615420805634642414389231765386212083545440952577382665696448708050213435175378942554030728335043087273377731354181272044227595876388545276641011635500078682670055769997243364409344.000000,163.88,2.60,104.86,-288.36,-26.22,164.54,-26.46,-16355,-1837,123.30,84.54,18110
-172758803163705225767083857121918152628921268742429733005705781245589031056142279863480640956547465216.000,-0.000000,313045670053992093099162823456598703744195800594613345937928773400506276475424281571572257109623082456961729065485675493274000800593079506738908408270158521312215743235343287412424012092110588906007559053443511992805657506258788137854257047446812105531805663232.000000,5.16,262.14,262.14,-24.58,164.54,106.32,-148.34,14663,-11427,84.69,-163.55,13103
-0.000,327316143639541217422345369056961360905654584812545801545115222381360050077696.000000,0.000000,-235.93,157.28,-22.94,164.54,276.09,292.74,84.49,-7649,13113,-163.55,-205.72,16476
0.000,10818394094825446471010665779802056069117182910365294449179927490823795388724026662872739158086660782158449716261778276601526634297964305165397297115113805606969651933830671489304449974900124770536675304733125640806819194537161886477058048.000000,-42204887154498803980243858313106824255341388038912844101307380804330472919356646428831612297324916949112186302007410172880937553156286452994195778390841458950144.000000,52.42,-21.30,164.54,232.88,294.86,86.36,-163.55,13114,16476,135.13,143.91,12
-0.000,-60644219108383168626797733983727144671342032832074644676789913127437418739147389075985713653407000408777605230198779170851025989311753838569318473677231021095256006780835069952.000000,-867922232940250176373509441960829943886301613409062194327468852942172113907949129150774502575984042130868867985768500273868422250766995763816329629116120723950891993450559474330105111365396417359743680017072128.000000,-19.67,164.54,166.76,-48.04,85.64,-163.55,-41.37,16476,321,52.22,131.07,2291
-67481764885896887026267138943310989835186825614719134271354123877525986038014617895550874314848649651641088100359119454084218642346293182699929600.000,0.000000,-47086342133837518105316728734045052286096149053997017982923554215801436438210515503905958995380155628572227937042047413442245594196597452022694034169920986644477035428618913696836373956667384641761739443368180598437145285796954719294481715095329365981341783816853089024999424.000000,164.54,-78.29,-226.45,84.89,-163.55,326.60,182.35,342,999,131.02,164.76,-1832
-0.000,0.000000,45.950000,262.85,37.76,85.39,-163.55,196.44,316.60,131.08,-3753,186,164.76,2.67,-12126
-0.000,-1953992459413412057128905112096069792086649135678316836970368560003523925216207647842591683081869295022371766272.000000,-7289877927283693147165011519737660796205831653913575628355631833999368345946577033147362919058308687184567849508487579686829257037535318665950179157886613901199336419983702011611327658678109436906326458368.000000,163.42,85.00,-163.55,-209.85,-119.44,131.11,164.76,-41,8025,1.66,-17.82,11195
532770898044776826788119598399115368801036497610396284782636022528159225626603484050364908835683610061122418904075472145876781727074291166858947298410117263488275533559785673803419548187737392912190283119482315818936180689338368.000,19991590393075007251785221236766801920.000000,0.000000,86.54,-163.55,-270.90,314.74,131.11,164.76,2.60,-7804,-17709,29.52,-12.59,14625
0.000,-100498550743094356825473148108619197556019835247583372112878844038302740339790744065421610140888560210238980351272144663432753429630502031311394074807284706771391069653671409330576573319823771193356421860918365619760817016526135584824127098122215921628949780866438487495943001703324844032.000000,0.000000,-163.55,-93.26,22.12,130.99,164.76,1.67,27.31,3241,14850,2.35,58.23,1827
0.000,45.970000,-7.283315,169.59,186.15,131.00,164.76,2.59,15.96,26.16,15075,1436,-147.22,-31.37,18331
-93252815903782123522504413409269327988230733077099948976111616.000,-0.000000,-0.000000,-109.50,130.96,164.76,2.98,-6.97,-17.13,118.64,2178,6686,7.28,153.00,23101
-0.000,0.000000,-0.000000,131.05,164.76,1.58,19.74,36.84,112.28,-43.82,26428,6016,155.25,-22.92,1189
-214301721437096774244004888855107204670725911019284570338780823961130585432627385199713369633489970149883845596536281093914208843182190308163197993689730160678699433969976616505021862359410334085182024021931438655133660889706697580366569742940891968461881510754207698136356682580670421934408812462080.000,0.000000,0.000000,164.76,0.55,-17.63,19.57,125.37,-21.41,157.50,21404,1148,-29.32,225.75,1041
45.990,-7.283096,112.799362,1.24,-12.61,1.74,106.30,3.57,159.75,17.08,1088,1225,37.96,84.84,-28926
87581605119384165369586043876135208333521815994018251686281216.000,49229559512826060805603954391345260741006494809926378779392245440040635196816049418377994208413785592884819527267415739592337513152045514560475737348749378259295250231657526063762912070150393198210174054351659985321141320565344422870794084699503392654259314360031020104810496.000000,0.000000,29.99,-21.93,-4.79,138.76,162.00,11.44,283.10,1149,1,266.49,12.26,0
1194946790509114277304067277650397964961367616647422500290018066855489622005975443499352064537152689006789939919691619241221175410569158825130928449338271072256.000,871183065680210100636192603556964580232296941787778289486307041492150306252156825011680075460506425240964819193294759029994176983765417097786683898573777189336052396855430285980268739363874742992896.000000,0.000000,-24.79,154.86,-23.00,164.25,-24.97,65.71,229.99,28932,2621,10.23,10.83,-23593
0.000,0.000000,0.000000,60.71,110.59,166.50,26.48,262.65,92.56,10.97,5242,18350,11.09,-79.32,18177
-7.283,112.799026,0.000000,-150.75,168.75,-28.39,108.07,260.36,10.60,10.60,-5243,18177,209.92,78.64,30272
-0.000,0.000000,0.000000,171.00,11.86,243.31,156.68,10.92,10.61,-156.15,18178,-30400,104.85,-288.36,3135
0.000,-1078284237678332318439858188579062242077454077183065677215514742708067623178661427041799896413688187053256807106937068008922690413308468067359802273337399635696705283378405422111490472912582613565315254073227596264064623948891418651372916365889255371776494152065690345901452244207796224.000000,1051879774122913024.000000,-20.31,87.81,285.58,11.48,12.13,130.57,131.07,-2240,32607,131.07,181.79,23780
0.000,0.000000,0.000000,275.97,235.09,11.25,12.14,-235.48,157.28,-104.86,25982,9092,181.79,105.60,7458
112.799,-0.000000,0.000000,280.64,11.77,12.15,51.23,183.50,314.57,181.80,-8867,7457,-181.12,158.16,-10048
0.000,-0.451394,204577353654051708022069640364234903268700192721651854568914659591455389619643402384688957174027071952946135114532067839689145684021948925222544663470071151281760230890478846784515793446703967915474944.000000,10.96,11.14,-314.86,209.71,78.64,181.81,297.60,7457,12480,-97.13,-121.83,11094
0.000,88561414880045509071129490998951936.000000,0.000000,10.33,-25.58,235.92,-157.29,181.81,-301.44,-264.71,-1088,-3119,-6.56,74.57,5898
-50781392019559975791563410745414794117489132805835731296891667975675630706630484683513990855186927324909397406087356179022432295394799316128015256282378810770425978055550311467623366044399865426957817538978896374620831765342637667856101001262437459933004879374628670993368475866440579257785254248710144.000,-1168606142653069543307345516041438741836168214498477270979589412927708821611919878657252600078486909230704614927832989057710979584983093219304809179566921273791033208755886660288286023752120571854887659178458365912484233026497568304347239103288772207896912196671438759919616.000000,0.000000,261.15,262.14,262.14,181.82,-255.36,82.94,296.03,27548,7695,74.58,-31.36,23603
-403733092656401773942655326773714799200223921869312204174043857354888618604862760993223298661660277634884395529378395152177518241589497954304.000,1383468718198633584940717170061473319912168210556375895813696409705902907271375690474127649273724701172750840317043133830682305222138549569751815478011968201881139538698902032329010621341904257747559013803585708228608.000000,-1279003925361367338217138246451954146978734266876928593814384691709235299361868551632082646358700664687018639360.000000,288.35,26.21,181.83,149.12,-36.60,-258.69,74.58,7891,23603,53.12,-8.76,12096
0.000,0.000000,80304864795397920697930747851901729830172567524025231616004041607888332615982534743236846775720506421007758604215034869484165770226189459514444181827129611814544757675983134825895243718790931462139714900569464052135645839512178487943491896409276103131507593291219422971618524521299968.000000,-209.72,181.83,-188.80,301.92,-40.85,74.57,7.04,23603,-20672,205.01,63.63,20480
7938825400519954579286186970727523314380025565806592.000,0.000000,427697983030524614608031041001405989402763236211060586274354893355572206588555473977344.000000,181.84,-163.20,236.06,-144.82,74.57,-248.96,6.33,-9408,-4608,80.34,236.03,-16901
0.000,0.000000,16199966198628690424533581322780672.000000,5.76,198.08,-167.58,74.57,-215.68,223.63,76.32,-25087,-522,236.03,179.84,-6671
0.000,-0.000000,-0.000000,-0.63,-246.05,74.57,-131.20,188.47,68.74,236.03,31747,-27651,118.40,-238.08,-19209
3134336813644961303057849463198392890377405546494138345757259764455108878614185132425216.000,-0.000000,80618208430778325156426738473214410752.000000,11.70,74.58,127.36,65.80,44.81,236.03,233.60,501,19766,-302.08,143.26,14644
0.000,-41614952613737431415818079640151205647541877965178847984631070784337829684004361482964173317925707331944823608064255576981188110264294506715003043646761569615872.000000,350743292225085687349658275747219860116265670231554117139541003200886401250759518981668522367908953582363213933339050107399764727580179639225089448709843967984045693986714527599952916568396056050850282998022198256720948759214686208.000000,74.58,-80.00,113.61,33.43,236.03,13.44,-181.75,-17879,6873,161.33,225.43,-16305
0.000,17861501193360092689976888764923904.000000,0.000000,-320.64,-287.12,40.98,236.03,77.44,163.85,-273.90,-1042,19535,202.16,-174.50,15620
1546165413370546848594476196231538023965355754806168976589228629603749649881476340589899738840618598739451051408656784405699987960233984.000,0.000000,-0.000000,16.97,46.59,236.03,62.08,304.64,-235.62,58.80,19280,-31233,72.14,-92.06,-6071
-92562290235231243361871016060279987161040141020170238216372224.000,-0.000000,0.000000,34.48,236.03,161.92,-153.59,-86.94,-161.22,138.56,12541,8807,-169.35,-288.47,-10477
3942650740594904298889324792318877405150527761796666818488243191232077674846258261110614701567428254485994333072338180672977694478761375812598402917022385230228433489568037410780314008085258984800768796490087563502807733089372072837120.000,-0.000000,0.000000,236.03,282.24,17.92,-0.11,261.23,171.94,-248.51,24647,-29125,162.10,-71.56,28932
19523036188090906965452846715109376.000,0.000000,13858131906811422254191713266411784099551698428470681044908623964864194485753925270379803129903951541502404543684284847227113347720675328.000000,-219.52,-245.76,-322.56,225.12,77.02,327.15,-250.05,-11500,-21500,-191.96,-224.52,260
-0.000,183987090013043464314874432529637504320167477248.000000,-0.000000,-107.52,-120.23,171.59,186.52,247.66,-319.16,189.55,29956,260,149.58,169.68,-15729
-3773603453586827838127404076831016797968131877051311483546598392228447644072010005059170228689439405744029717870747402658575796057247421524625860982107063951615753393148057896021523247834619276853785014540693796265740005798524080339689410270493521153104724732316306889591457762762538614784.000,306.046903,0.000000,-235.66,266.17,-15.55,166.87,162.13,276.47,-163.41,772,0,105.01,-79.32,0
0.000,0.000000,0.000000,97.23,125.15,89.24,85.34,291.86,177.14,-319.47,15729,-10486,199.72,5.16,4259
0.000,13825491203898267936590090211938223829927161171237761796083003858219637138719371957860357090506592705338992461599209206221403395383623680.000000,-0.000000,307.74,9.67,-216.73,-51.25,-91.78,-61.29,-66.53,-20972,4423,2.60,314.57,16455
-0.000,-0.000000,-280152898881582808349276671472811440410198016.000000,-69.68,-242.33,92.16,309.87,174.13,-286.68,7.72,4587,16455,-183.50,-314.58,-20901
0.000,17252920171849279515400258193424460025722947880469033864356524262597754008349729959866722509453885255903061312742282061520261318992638330485161679055888726101138911617552964492701542227581441619416673251065680435233272489139207896481801191513299303238946300249505792.000000,-39555361511878011619698016256.000000,100.72,153.48,325.75,307.97,-184.28,2.60,-26.21,16455,-19248,235.92,47.51,7778
0.000,-3.110353,149945548193847464128326167500888116172307304546304.000000,97.18,-74.15,-317.33,138.28,2.60,131.07,131.07,14573,13929,49.15,164.55,8569
13845193996924692165667046920980330052698606398373984205193790517013610779638003548416086401195537598905234102470987590584064082955993088.000,0.000000,0.000000,164.54,-296.29,-276.44,0.04,288.36,26.21,50.79,20490,8598,164.55,26.84,-16355
0.000,-51421202790900185781680401965594862145987108786929664.000000,1976558588603691063660214860977195188224.000000,171.61,-202.20,5.16,-209.72,-78.65,52.42,164.55,8485,-16355,-204.23,132.00,-26789
-3621045570473918826498509693272058028250379958680375565547887974955352064.000,168849483900113055381287298261008726783688704.000000,0.000000,-171.48,7.72,-52.43,-183.51,54.06,164.55,-116.46,-16355,-26402,-99.37,84.87,-20704
8571250372024964390013006940366901632507470183176203141120.000,-0.000000,-0.000000,0.04,104.86,-288.36,55.70,164.55,134.97,116.29,24591,5592,86.04,-163.55,13056
-0.000,49958274718205284989348910780258399101982048123279245079914662126152187155382363093549561002712353342361472885325824.000000,0.000000,262.14,262.14,57.34,164.55,307.11,-131.78,83.82,32106,13053,-163.55,-99.01,16476
-0.000,-1820222143551002539907032549447833800783017714772514175817081748828165097083652285542841598313231717397262189370544396352179439742727805141170603466910663655348732828571086828339200.000000,-0.000000,157.28,58.98,164.55,219.62,110.29,86.10,-163.55,13060,16476,-204.56,298.05,262
-11172954376053015999302481707804646880236732643583445890488292343808.000,-142945590682891640559618164628711205808604154428744843556777041007465354904933331839173938764620014635459491402252044185400635035162846940825043796156849802391697859905787095414019671998761358290883204431085785858829429790928707601746891060139245795285248524170272547280233647591436141623303471104.000000,0.000000,60.62,164.55,-39.80,-211.59,85.92,-163.55,-86.20,16476,131,-184.80,130.50,3625
70509209315784295950959415297750508928092722654097801481407459091702048914919264935313793733478935571074118914464238449089038019740443735139142235327214359348188633033928056971164122543226330385554602465643399385223674875599519530271370342209989197719427209799154192613376.000,50120005363050315017848491074347886603983868013964731867183467184181114644816206282395101847275914568300508718711669489361876440466660355703641237722543800331279469118494036019976992741729781763744464896.000000,0.000000,164.55,153.70,100.09,85.04,-163.55,276.57,301.39,23,1950,130.55,164.76,-3195
-0.000,0.000000,46.195000,252.59,-84.83,85.38,-163.55,-240.06,186.72,130.52,2389,-2240,164.76,2.21,3033
-3431381478231445274126960002361026674688.000,-0.000000,594608460427626023225916616550188622824357745710193923685239680366710952242131661189596192329531662115550156038690515467330466063700468632117789589504.000000,-289.16,84.20,-163.55,-138.05,-326.89,130.49,164.76,-458,12145,3.50,26.57,8593
-12979052335946498853640190028207217646797653537860138294871542128634617860351307573666532423651271952731363012610166602185244524488245055690444918331817087888055276398447530644682631582270861732726173649628583739548421423611892253120672371839074304.000,3942650030069443914362685684638176151205927227685721620441096473728387175266361567435223279334418001504396588703241288136725561581239472435083264295955935402957109263797010498439990039205530033437474139210151017505854737483063667720192.000000,0.000000,84.04,-163.55,-167.30,26.19,130.55,164.76,1.03,10944,-4383,-18.39,1.49,25650
0.000,0.000000,0.000000,-163.55,219.97,154.22,130.60,164.76,3.36,15.93,15218,25875,25.05,-63.02,1700
0.000,46.215000,-7.281644,6.75,157.26,130.58,164.76,2.00,-23.93,0.96,26100,-1565,-43.06,66.60,16605
-0.000,-1022814898825629350799361180947818157545995115225562473667458278462341805838116967085032484661307520468020021200836756174760841226071172331428175996363845242810105056276472016466913373152994390188776697318790394974356607314628924398000721210329703194681246859717326885879808.000000,-0.000000,77.10,130.54,164.76,0.59,36.21,-21.98,115.73,-10,369,60.06,263.25,17175
-92559641926568271913600598434516089450616852777799578722238464.000,-41849370736087389165550880964257719069199314561020704495407007934564736290721171585226793800547060830355587072.000000,88605416566309159382109324296703994280092335548340833769613676388887896353296853843836928.000000,130.59,164.76,0.10,14.53,13.90,53.06,-131.66,17578,5290,265.50,-1.41,1189
0.000,0.000000,0.000000,164.76,1.28,-5.22,-31.66,-150.14,12.40,267.75,3420,1051,30.20,232.95,1208
46.235,-7.281090,112.796270,2.00,25.35,26.65,-141.88,9.60,270.00,19.39,1103,1027,69.33,63.15,7937
-423290901161801529863515110357834131838827178337818618315651249908778903651688055237167814015288087746737938157597514060955899197637232112646499405125927864521324293736941075001934183517121590724638031670143012450027152070011353914635452416.000,410660042206325836369145944274870653450604761000225417053583956208779264.000000,0.000000,-31.97,-9.86,49.91,-19.12,272.25,-4.52,120.34,1124,-28926,115.49,10.81,-2622
-348973561574406578198319229065942037419786240.000,278883051853531625580076866536295511779744668312812647870943255138436558886919649951528458615013261625448241888185286656.000000,0.000000,39.76,137.81,128.98,274.50,-20.89,288.98,141.99,2,0,12.12,10.61,0
0.000,0.000000,0.000000,51.06,-14.42,276.75,-22.55,92.87,260.85,10.55,2621,-23593,10.54,289.28,18208
-7.282,112.796831,0.000000,19.49,279.00,-3.82,191.77,40.59,10.81,10.94,18350,18209,-79.35,52.42,22592
-12839196199463187120128.000,0.000000,-506222017032155.312500,281.25,-17.31,240.59,109.76,10.54,11.04,209.96,18209,11072,78.64,-52.43,18743
-631949349206383855798863124823673115015103425101011415448035140524848640439762030408657785064531590373513278657694344209773451316863475841064329035912249155229848437857425145740962810166869396279721524505751959636980303784837120.000,0.000000,2800296231424994554177447890819781774833308955425895165716589123541834607931868271444740647823414847700956607437697256464785397526379545276630607069655455806489160884080061982301880979322879881408344376097720207346124562890752.000000,-11.65,251.52,237.81,10.46,10.03,-156.16,104.85,10048,-21705,-288.36,182.10,25412
0.000,-6998951798348739686719254257044671317121656033039906407223300266054051133728249844947074271144534338632218432702344872409039284490344271105684620137617255197693211588470018573525582141593833132742835851623515166860384392631504999758844463010547962166886627809792506829840456529874815811584.000000,0.000000,66.72,180.26,10.85,11.59,130.58,131.07,131.07,4349,-15076,182.11,-101.76,7455
112.797,-0.000519,8062109986584018077105347542168707035487521601258627588865836798700449201762885109583491727655655865869033526473394046623847017897579105160511525367297244619691254141169588242735133972986752321999494694344572306521311093379777009217983362010737278976.000000,240.59,12.47,10.81,-235.50,157.28,-104.86,182.11,-3226,7455,59.52,84.21,-16192
0.000,-73781127613463450905702290901303309235385652542593604285938695658382210848687144746393826497596073063798681498342965539810946764506236906389959411358864015128770481615344702635128552696956634125785790930390793890868476639422560880117607559308149856756722783889266916012483365334464121179262378242999043751936.000000,0.000000,10.83,11.66,51.21,183.50,314.57,182.12,295.04,7455,-3904,-273.18,-181.87,32700
0.000,250630910989176901209280139065296058272456558334736458331444173532693932538658664957506137169612769022093697774313337603885270605695438802866071436949334299701064336996677439411846685570889106502782861947350752375617364643554914155587153428480.000000,0.000000,12.06,-314.88,209.71,78.64,182.13,-114.56,-20.26,-13632,-19881,16.95,74.55,998
0.000,-1872079422606862954898647841783020274970574467866408285717311077501739973530335898075738113401992066773202984402003428292618821838914817508510280182674379709156418311563280162360239161630800057209341804297358235056576281445093726911499469998513065339550212704474865418939056012756642347777785856.000000,0.000000,-25.60,235.92,-157.29,182.13,-53.12,244.29,148.82,-10471,1597,74.55,-200.32,23603
-764058480336523093252983088548990764617854170359971966384274813703124684756837904756241106381121450970289020770786396399045903425595221605050257699878239828798407891904755063611212219547648.000,0.000000,2525426010596055740762397053061657488207567441388774332362712006608977481076321209790958675092707398929338455768339715521425657483448522562268390784264015547833345530715810657325809664.000000,262.14,262.14,182.14,325.76,180.09,-14.64,74.54,-1127,23602,-256.64,156.90,20800
-790872905213694656636683209296824306065841236812401784153009931599640678406752895250620985151904401111796967304572230667424699465963729855186968665779310478169356552991486911454714900622652301068280751883922250727997459960200334948866662449553737162041588344821160869888.000,0.000000,3942625815953656095864511623534772772646839050924256912529857821097707754352618040300145977643670128353940106954131438936188514946161267421733924636637879263215951375382804592088082377446231174295214357560772731922169639023300403265536.000000,26.21,182.15,-186.24,299.54,-60.61,74.54,-138.88,23603,-24512,-160.09,3.57,17920
21976878785151056762126709475726083451542074706782452211499690533529246070296008664813441064254970366878296929234919266324046731126071183365708465907137074233275842924567957202456854562223222126010687206730560885448462233887492011781044302728577441306874216448.000,0.000000,-0.000000,182.15,-227.20,-252.75,238.51,74.55,-82.56,-48.97,17984,13824,-15.12,236.02,18188
-2018246861000445470507728959041422353221103436002896989786850901167713591755369097143201585485675019044783123251566714268214950976526241752460597618040923284907805083324364218295813120467769425285483598422253741398729601904130183646463443910797944624031552375230130228696589533184.000,0.000000,63138329799782757607665613074857984.000000,177.28,34.28,47.99,74.55,-233.60,321.51,-4.76,-26112,19970,236.02,-183.68,-16129
0.000,0.000000,-0.000000,207.50,131.61,74.55,-8.32,22.92,12.79,236.03,29688,4598,-127.36,23.04,-26683
0.000,-0.000000,24152522084370775583976971622362920123214690659397009408.000000,252.96,74.54,168.32,178.54,18.94,236.03,-280.96,1031,-11515,-40.96,92.17,18989
0.000,0.000000,-0.000000,74.54,301.44,235.34,4.93,236.03,100.48,87.05,14291,11053,189.33,291.80,31098
0.000,69784469778708403562926990262534144.000000,0.000000,-233.60,-24.02,0.74,236.03,113.28,58.89,82.03,3299,4987,86.89,-220.17,-30460
-200083577905099784397809126359151938001662423893721703412872886521597497782703505337768334812400180697527749233523087710627027164512591610766382146385365420635452894486852886960223290791866850511904273863643496448.000,2133591.040000,-0.000000,-255.20,13.68,236.03,10.88,99.84,-33.17,289.34,13947,2306,61.69,-48.37,29808
-4310006011232.555,-0.000000,0.000000,28.22,236.03,310.40,-15.36,225.25,281.74,-289.96,-12535,-20893,-127.56,-147.24,21302
-92559631387642434215132259346712452045647354114763690617077760.000,0.000000,0.000000,236.03,-214.40,138.24,40.82,153.46,61.77,-205.41,4151,-31968,113.89,33.35,-9468
76430609757631642218086748353724416.000,0.000000,13859985347353917235778786127435441055632041568516399447775053041393952775777651542353566188846890806541678481017204465456305986108129280.000000,-275.84,202.24,163.91,76.65,-230.57,-286.69,277.74,14170,32260,220.10,-138.05,772
0.000,2466853773465907679914294594365254711397002258401046310993323347376496175340501617895038530579104092780098843786525120792613077562273180407115043019822045218482383589988397392315056370674747444314505216.000000,0.000000,271.36,112.69,207.24,-35.60,289.95,262.39,-220.27,-24828,772,-140.22,195.59,-31457
356306307221332977363558047117142193638205790366582975375053324876059305284924009003744231424.000,0.000000,0.000000,-66.41,225.41,123.31,210.11,139.52,215.07,-253.43,772,-15729,-5.04,-135.65,10485
0.000,0.000000,450857863404654256577078567518542495744.000000,-107.58,296.35,132.79,-247.03,299.42,-10.00,-296.64,0,0,130.60,7.72,12288
0.000,13844989793370496920763675057077477896529566040401008297753997801622603498947090768657299938652394500505154166386506200449289981150625792.000000,-0.000000,130.73,51.65,-16.62,-12.74,-270.57,100.58,248.36,-10486,12451,10.28,157.29,16455
0.000,0.000000,-0.000000,-26.09,257.30,-110.06,62.55,182.12,-171.48,5.16,12615,16455,314.57,-209.72,-13664
-6042405104601089630297284203425964116303393126250949031951643748414692050022655885654688926360771856642745644112069539779693559082472477764265932189779725257692327215504526147589765279939475399363976721701331583586893456843145424028597984090569237413433150771436347887804481536.000,-0.000000,-57042568768404908057877906605971878491101055711174285646175825572073216876858291316650854016246827840438272.000000,-208.61,-304.74,-303.73,262.12,-184.28,5.16,-183.50,16455,21129,-314.58,127.79,13577
0.000,-0.000000,-0.000000,-53.74,-130.15,-86.79,230.44,0.04,-26.21,235.92,-128,16409,129.43,164.55,7707
13850368323110594889787849284010555410656481786118668531469813353552017683719699293390714612845938190694567201191859260900706366070456320.000,-0.000000,-0.000000,-135.26,131.33,194.60,10.28,131.07,131.07,131.07,9331,7513,164.55,79.75,-16355
0.000,0.000000,-1102604234415933821760799237107752189403067072812251391455101945667888727548419980306015806931868816591541420148468735441732681554386035584298001278380256657218257082351219181717041446953474615286307925061416009452945932288.000000,-17.11,222.75,10.28,288.36,26.21,132.71,164.55,7522,-16355,46.41,-87.76,2283
0.000,6800150478462809442755061746734455302416239781126113026544191563651472908432448451522636467217828418760210847915015478451447529472.000000,0.000000,-97.24,10.28,-209.72,-78.65,134.34,164.55,311.27,-16355,10024,295.02,76.39,12514
-1420252013589257366011904.000,0.000000,-0.000000,5.16,-52.43,-183.51,135.98,164.55,256.00,-115.96,159,53,77.09,-163.55,13082
0.000,-34999884824571674624.000000,0.000000,104.86,-288.36,137.62,164.55,0.20,-69.36,76.39,-12022,13082,-163.55,-193.88,16476
0.000,-0.000000,186994397198540654688108358410735044727049204779734682291624118293419680474590134495224094572023808017620840938321155535559021125239961107321396297995804636052177752832892314329066504192.000000,262.14,139.26,164.55,90.85,-286.98,76.64,-163.55,13090,16476,-233.58,-112.10,298
-24006034142349481208447109474542299715193738807158134155756324524490556587441631512942033109515181674016380041000288029373228175318757516130371239936.000,0.000000,0.000000,140.90,164.55,110.59,263.21,76.39,-163.55,4.63,16476,133,-79.58,130.93,3935
0.000,0.000000,0.000000,164.55,-204.55,109.80,79.58,-163.55,258.79,-142.82,88,-1746,130.92,164.76,-1019
-0.000,0.000000,46.440000,-164.27,247.08,80.66,-163.55,-25.91,-129.34,130.86,13,3908,164.76,2.68,10621
0.000,9086927466913761793951336962316195357699475012873488054622655710644768865109785467624509247111430642022134411912324948726706107861434368.000000,-0.000000,4.33,78.62,-163.55,-150.48,112.11,130.95,164.76,1589,7552,0.80,-22.81,14312
0.000,-0.000000,199.341583,79.64,-163.55,-185.49,-216.93,130.96,164.76,2.72,-12003,-1746,-15.51,-28.36,675
-0.000,0.000000,0.000000,-163.55,293.16,-98.63,130.96,164.76,0.55,29.85,-2843,900,-37.23,-96.41,3255
0.000,46.460000,-7.280357,-279.92,187.09,130.95,164.76,0.08,12.08,-27.85,1125,-1352,154.11,77.17,13639
435401805807634699651734335914541077572461290780792769158661741601027052386584327356416.000,-5256699898400470956921952323220190027375578506872018495708929983039600718705082956253806314798635442712323961705127091162383025750004465664.000000,0.000000,-283.94,130.90,164.76,2.98,15.50,27.23,-114.93,1667,15698,61.33,13.50,623
-17835455349204588338339311084816603153133685100732816452547438743665366624730561257976082204527037356676551547788390526655749778005335411085847468139518825608234240498666947513205423330700730205309668857610767064857134975959161414124311036621184651584090406912.000,-721716057150207775178768503282828614940822740324585960413508326590729852323643544104940159674823741574775775853632377668078892877427196164782041383770697422978648644969033049885483390475882418151620608.000000,280360626806053863838823044686751037623749827780001265157680482576039849652328904732517599993146010749924661048740242296968203730944.000000,130.96,164.76,1.94,7.98,21.84,14.06,156.68,11824,20789,15.75,-5.19,1193
0.000,0.000000,0.000000,164.76,1.76,29.59,-29.42,-171.67,150.88,18.00,22957,1083,-25.60,274.94,1081
46.480,-7.280610,112.798942,2.37,-12.00,1.38,57.62,120.04,20.25,16.64,1106,1201,234.33,180.39,-20988
21883629199003599872457509593280399706568036126496865417260741223744908526764192027172711348452633437910537907130779738865825443739778701340920317346101579076559654122394211799367779590587402152650865692579588997120.000,-0.000000,0.000000,-28.23,38.59,61.82,141.71,22.50,1.73,191.07,1227,7939,278.83,11.04,-5243
432573555957790796076768524778741247872169585040411232979719419251583056421185247307563014105960307442503587138169760091225605429263312678653972838706998204757867657966655178346314386828347676861569017774879589657324399826981687641767936.000,1671377120623416324077110951936.000000,-14761867062549651511860297226200979350926105345035454169341800738300815864271766655515142268794007333350425108767667407038197670786732092362272099718178970495134617671596442245513097537019062910402971517164512760854554079597207832953574432759095163576705846607872.000000,-13.77,-15.15,80.01,24.75,-4.98,103.97,20.43,-28926,-2622,11.97,12.42,23592
0.000,0.000000,0.000000,-158.49,-137.63,27.00,-12.42,65.99,103.61,10.09,0,0,12.34,0.02,18240
-7.280,112.799426,-367887973707586327138297832171602432714055104782110031872.000000,136.83,29.25,18.53,33.05,87.94,12.39,10.62,-23593,18240,289.31,26.21,25920
784489887313100913538436078127662342428646316312087211334636506092754072331107006342714217167857059987916650240736863359648995381679875292097368119482441724833872343804685890244702629371411931393999052739989034205921151623056656922656441200370660335943680.000,0.000000,0.000000,31.50,-0.20,185.15,163.50,10.36,10.40,-79.34,18241,-10176,52.42,183.50,29657
78551842675205130790972562798467373998405592828664106169625900325476510830677888121787287177806160002265159104456094281876416255168514840463449600723325693066022117615180185600.000,0.000000,0.000000,14.13,294.18,65.36,11.78,11.72,209.93,78.64,-22976,20633,-52.43,182.41,-4026
0.000,-12808256202067599563363828652308024337595316581981144889453699275863281540947786128972307353053311768311293780764100243599136741001789897670324268722858819808031387099119173081275133665200869640249358868562415179048437370202064102557865309434661990962021344367730664218069560759156736.000000,0.000000,75.64,41.26,10.66,10.85,-156.13,104.85,-288.36,-20849,21668,182.42,-178.56,7455
112.800,0.000000,99481381337856777136106499776733674766624075105287019625477137919299860490610250298895698469935077826072370867674899340196151815799221275389291282966882811904.000000,24.16,10.26,10.53,130.60,131.07,131.07,182.43,20379,7455,-142.72,-275.51,-10304
0.000,0.000000,0.000000,12.14,10.13,-235.50,157.28,-104.86,182.43,133.76,7455,-13888,211.66,62.66,3488
0.000,0.000000,0.000000,10.06,51.20,183.50,314.57,182.44,200.32,-105.08,11712,-9582,-314.48,74.55,13889
0.000,0.000000,0.000000,-314.87,209.71,78.64,182.45,318.08,-220.67,235.16,-14873,13324,74.55,-177.28,23603
0.000,2136271217015980923492231224377517193549686232278563210378659002649893653279955834706210394275601649794649208057804967538873627913369308490339951350420058145745404278884862358193733303391716752512557368453656614090976899276033104430497792.000000,-292393619551466655853013972028079494272773734424179339633860701237619996798820883375537209991971507797515639854183292537261329520624416162283323533845252395760875352375772264631174945067554968682737901147464143852311439441423606530119340875802083496223668436992.000000,235.92,-157.29,182.45,-327.04,33.71,144.11,74.55,12613,23603,327.04,-309.57,-8896
446245906377651616913293312.000,0.000000,190346839740503039697062199273687686964100633801800403080342762489692995594123701637225397184795378420557300218405408639777293178345756888229547900554060066140450724723553354121417326592.000000,262.14,182.46,-81.28,-245.11,-74.28,74.55,-215.68,23603,19776,229.45,133.87,10241
0.000,0.000000,0.000000,182.47,36.48,-29.23,-148.14,74.55,-126.08,-263.99,10560,-6655,136.53,236.03,9479
-120161551462793619877420333095446338020219662456061255856604523496140899306219527997198278570178872139253532155937134016874114346020058804562059662090796569032965249352776428598167625208310131932750112280069891011962185126931566360501103020985258437953804385069714317285380834469512296485879808.000,0.000000,245907179220212495695241490143903744.000000,323.20,-299.56,-167.79,74.55,-161.92,126.81,111.51,-5632,-30209,236.03,64.64,26624
0.000,-0.000000,600568701252722753536.000000,-324.09,-290.30,74.55,7.04,21.13,138.07,236.03,-4349,-1,-273.28,104.96,-1782
25029112980148630159868236249429280130611336024463601135970338223670906162424394197158304443937728145241575612481536.000,-0.000000,22957830530175424687061801022460565604873117484866517379625414393825648219488779910295560404705589497719528235984748544.000000,-231.15,74.55,-131.20,270.77,142.30,236.03,69.76,2806,12781,-12.80,258.48,-17658
0.000,-0.000000,-1579399963246938551059967071446812430306065952130994444925041747298444801534255129270258250572061143372982225071577520154225318399581022801427422835966723008500721153662407854947283767721284358688667369512140475621851713537980132545829255812225924262902105629730187088031121408.000000,74.55,309.12,318.62,113.30,236.03,-96.64,15.36,24086,-25595,-25.50,299.47,27160
0.000,272491739135905487209368669927768064.000000,0.000000,68.48,178.02,122.16,236.03,103.04,-202.24,-294.42,32013,-32743,-322.44,94.38,-31492
297733810929583288568812869266958699277930148793232907905007115838221440334080692963370174947595986701507102164790035399514828675333698830552680024167685490702618436527160961830690216820039138366235962543507936782228020326025689011364783701356423346914704977951671382382753274251968512.000,3312536065105434323131380999655129170926968086207792234521727575448100360054440879889153446315987084956027828541939107775253534537129040078216496495775090648153825255061658681156744674289177100646545873315140625228960693287561710851325952.000000,-0.000000,224.87,143.16,236.03,18.56,-143.36,69.07,-245.77,-32742,16642,266.36,240.85,12346
-0.000,-1155936827241512414836283021822346783362766189935002693256887717473847422377090559534644097324028579001803870441662578688.000000,-0.000000,137.29,236.03,126.08,-232.95,-81.92,-64.00,-199.20,-25355,100,163.33,13.07,-30930
0.000,-1699306624940789218612905258838442121274451516375790776440877298418624773852665359796500970495472251692111416189977544910061528382446035670672266256523928376103078506648652576869561262255765595920187346120020834120214874842715902451155424435981254656.000000,0.000000,236.03,56.96,294.41,286.82,314.72,191.69,82.62,27484,28168,271.64,-253.55,-12028
299076299051607997243437883840266240.000,0.000000,13948590541096814151275360656694337151886353687221598465727369438756553726503865881833006736223095408623941464610478250849797244735979520.000000,167.04,-186.87,-302.16,-125.56,49.32,4.83,135.97,-6600,-23804,-204.79,-73.67,516
169045872494643221719345724924100608.000,-31136125701359245781370127389019905275904997235223339111947599324396073780484107021208950009570890720978944666063315782453542818135745440820493584282148378616739695545024512.000000,0.000000,-179.20,45.92,-238.16,202.32,-74.28,-4.83,-2.63,-30972,260,266.71,41.02,18350
0.000,-634205579881938305513467361003716707328529535125878226870498554844016504028246822859821987183670234031085679733764260333204303486115904868563761335702792814049330159122722966425492509327003879864996366684298803426877381649678866697036317991615747040974199472308093057845019523967972912131997696.000000,7769518741743680864796545461224119742859207009209600478917048530826894584569435504445429051510332604962911264710673744434401930944707116867924367195207865562444767166464.000000,-97.31,122.73,-235.23,-156.14,156.46,-76.69,-189.24,259,-31457,-58.28,-56.29,20971
-0.000,0.000000,-0.000000,243.31,173.93,-234.84,-15.05,-51.08,287.54,302.44,-15729,10485,273.96,2.60,20316
0.000,13980629334065276892245916419787525824958750595268998586772635137816379464807289392531104777534582992494741304703812046232043003723120640.000000,-0.000000,-314.47,-314.75,-91.84,-189.51,-270.37,-263.27,-227.80,0,20480,0.04,0.00,16455
-0.000,-0.000000,9888531013600600449987849509034538574343679239974806384111402195779727466924019976380677597795370629505010174042317198522281885324274553335278721036108344954926207978192437754486096408120730738380242944.000000,263.06,-160.95,-271.48,131.08,-147.34,194.60,10.28,20643,16455,157.29,-104.86,-4794
0.000,0.000000,59002553806009624512557255021016645632.000000,-102.06,-302.07,-260.76,54.51,-168.92,0.04,314.57,16455,26777,-209.72,208.07,-32112
0.000,-3996235062067747037387209682564703047777617234328236241112407970705250552047429550337939234817187835060686275975248568016059414388986949375973547908500222301336344718650012693640000473855879499020813668974592.000000,-0.000000,68.98,-194.34,318.04,-138.20,5.16,-183.50,-314.58,-7390,-17048,209.71,164.55,8187
13953159284859439195696340963150398850549461777153914382598759724764532392365467568021985624286246258964269663237514633250383905880539136.000,1221917502696929696962467598003538678351246545077679677879186506380990563124239715567877685527247414693583815273817118880728039502643200.000000,0.000000,-89.43,246.37,-53.72,10.27,-26.21,235.92,211.35,10346,8178,164.55,-68.21,-16355
0.000,-0.000000,0.000000,-181.10,140.84,2.60,131.07,131.07,212.99,164.55,8375,-16355,-190.31,200.01,29077
-88519538161122271742951646748183635985662164187630375748799511638468945542628807192106068382076908052996202301503352896350921623085741226683092170393071951047414227024797558878060494414959613140706053066653299949868817510755811784751202694471868298451342857616412369396640305266776018993983738871808.000,-1157793227857462259960677654074937913379649921981874176.000000,-42954142064142484357258645443834875500122624863289885711683706138793164485728544811468158777702361648891499956211420479848975269985095421313554650917777259131998863157406293582980266509924338873880027839470309713964667268723716823690984278471560907437378872850903864976018033976109236103573143552.000000,-204.77,10.28,288.36,26.21,214.63,164.55,-64.72,-16355,22166,260.02,83.36,31142
-8862149374363595108081097638936576.000,-0.000000,-0.000000,2.60,-209.72,-78.65,216.26,164.55,194.04,-10.81,-19938,23409,84.56,-163.55,13117
-474792792504664220559142235498730204212758556158493774063822598425187773505941961038172926584815610660544866261707340138188376278590268027633287953446625805804862561377583104.000,7578326076999508662855429861673741152532830317474590951130314812119680076186460881259513147031552.000000,0.000000,-52.43,-183.51,217.90,164.55,174.64,177.02,83.10,19772,13112,-163.55,-5.82,16476
281804641633402151526631213180573142737378012886214132550820237871831679829060114887017909870368453084547034776922039965779763503148703326321125360600495918175036856517025442914492489627690222216428588892425635445600459594810391503801242224590703296512.000,984998692885841240215100462186387626634007440275570691825351577164621621954111559154622742694958942429292770579377947349428726763437666094371641070325678398518437248839760039642186534858360733281161332800828833507748394470974998377534658147929550932049188677774225630961968504557797376.000000,0.000000,-288.36,219.54,164.55,238.15,306.84,83.38,-163.55,13116,16476,-254.53,-82.80,146
54791576561301957450246147866949622571678002545730122633416715954942013079552.000,-1599475457090022566885985156763378059986684203233646373974416188897291883097568334793875227558663683314894858904654980978239939992264445561669405238181826017115138121806683968750042037240398149530762228552341668145042119641627086656480309629943808.000000,190359805272577857806298961724022298169960679667036497312732020200592346523727342909846016111165105925992213958755726330407520689729404729273671441793825828067869695153358313162813734912.000000,221.18,164.55,-76.19,90.13,83.22,-163.55,-298.87,16476,201,-65.94,131.18,-2906
-6918375443917177591288606908271988999718670012352169385684162467889248245196859986286064547155001175748881600870081479235963973111945414330728025297165797626238686195281366357376405639336448706314332366315732095890308332265788550685628107305009587284250766708162561048576.000,0.000000,1972024235902901784140975933273949152639585994274149602714588846211532306466437454988942845486166806613033222144.000000,164.55,-20.05,-264.62,84.03,-163.55,145.38,-4.68,52,314,131.04,164.76,-3304
-0.000,0.000000,46.685000,52.17,-247.77,85.24,-163.55,-225.98,-281.24,131.19,3262,3765,164.76,2.40,-13951
0.000,0.000000,-0.000000,-151.21,83.30,-163.55,-54.31,136.25,131.04,164.76,-2080,-17744,3.47,-3.14,14138
-0.000,-4310085664895.001953,-42899414654555554514192352660421846955890529012847714858489867640181482359342032369012772082318490856325120.000000,84.38,-163.55,185.39,-53.42,131.18,164.76,1.15,-10169,-17702,37.44,-13.64,11700
6687976617515909243788954893191034428017293656525751085610792317473422025753453774906321076677707490940555947778372534272.000,4230758200273586017406497439991598751454283429730044626989347293067636139803109876067656499079231691422983062689018789494784.000000,0.000000,-163.55,-56.81,297.15,131.12,164.76,1.86,23.14,-6028,11925,-17.37,164.84,1009
0.000,46.705000,-7.282289,224.10,-133.65,131.13,164.76,2.64,0.01,28.16,12150,-3199,153.28,169.46,2137
0.000,-0.000000,23923633701145530368.000000,-59.70,131.02,164.76,2.77,-7.17,15.42,156.19,-2399,25622,127.97,123.75,11932
0.000,0.000000,0.000000,131.06,164.76,1.88,18.39,-5.02,106.52,82.88,11624,2223,126.00,-24.59,1185
9070947279196632316267678377851368548025326193065534930841921286679381342839610942488443157246396466274877033815457491212620830479482880.000,0.000000,0.000000,164.76,2.33,35.47,-27.41,44.35,87.51,128.25,25262,1239,26.59,218.46,1220
46.725,-7.282554,112.800111,2.56,-3.76,28.12,166.92,93.73,130.50,14.93,1156,1128,177.79,112.65,15620
-1503831720611033245595956609002448443208588258468365980382592868577230570117630583023522251055023925797264268789640776949169569859237798034928595047578599340387176093044548887012428281083729999856814927036462621064043171938304.000,-49671394586313610566199925392974585621825656630261873430458469698576248609727473198204952444863608887285900501442578162730517229827316548888592269282161876688832832205911566822466041913509913784225070699039035412995785972200182170856479726920764751872.000000,0.000000,-20.47,-2.00,97.18,47.49,132.75,4.18,251.21,1148,-20991,190.83,10.20,-7865
0.000,0.000000,0.000000,23.05,51.89,-95.81,135.00,6.52,183.10,8.14,7938,-5243,12.57,10.91,-18351
0.000,0.000000,0.000000,-89.07,-155.08,137.25,-0.43,117.62,124.13,11.02,-2622,23592,11.91,-289.27,18271
-7.283,112.799797,-78197047451408966522910862789055769844593269412128446542062535802963673949847622147233281099977057946828800.000000,91.35,139.50,-11.63,190.13,60.59,10.05,10.40,0,18272,0.04,0.00,-21184
-128028912093035961544203388665502186598379035708835065360152431047882849026142827072156160705935136192349981508164171840697265184856481020762966868156752928734520372329501556260773659776300889591479884428715564432192474501012339884295082584571904.000,0.000000,-2091260930641900563824737531325317120.000000,141.75,-23.33,73.09,121.93,11.40,10.00,289.32,18272,-5824,26.21,-235.93,25972
-0.000,0.000000,0.000000,-6.53,82.56,27.30,11.49,12.54,-79.34,52.42,-11200,24486,183.50,182.73,-3885
0.000,0.000000,0.000000,260.67,83.17,12.34,11.95,209.93,78.64,-52.43,-20332,11192,182.73,-104.32,7458
112.800,-2946852525180707988136436159949905230056682679380540110105019696106462503068979578418742316635174993920.000000,0.000000,52.40,10.06,11.19,-156.12,104.85,-288.36,182.74,-10760,7457,325.76,210.50,-320
0.000,-424918027755347.500000,0.000000,11.70,10.50,130.57,131.07,131.07,182.75,128.64,7457,2240,-246.27,-275.37,-32543
-21675018191511503983376011182252273255317747058652930853492972060515972445530864311227824289677947140103382942557990417243301927250404441894722195488937778389738845681229108331562788992546618690982315979879339365617462393975589541314656468992.000,0.000000,0.000000,10.04,-235.50,157.28,-104.86,182.75,-268.16,-120.79,29888,-7438,-14.29,74.57,12476
-2526306410296336224845299356560369308478464715505369438627348160684319094239206032467188340901689692837032769618545015080770864304348973093044093891007632229872384719718343069848386648872067431822218060649422432540927788542108418539727534098844628657841521765673963855394782174121033728.000,0.000000,0.000000,51.22,183.50,314.57,182.76,-63.36,80.48,170.26,19309,10852,74.58,-74.88,23603
0.000,35995443493777210814558543833020097199381090825928704.000000,-0.000000,209.71,78.64,182.77,-135.04,33.06,-90.89,74.57,9857,23603,55.68,-24.78,14400
-544569041495632855301470369132886227795667809554423988883185630724852209537742264673157426959172943779955603305030369706959710718949691844155775731274114240850049106718875435689606908812979170447775072245141829657268292695077255804415120758184670979791684863049157917717530675249152.000,0.000000,9071288090800835738791521825331423773169617915733180224109243467105940144342163995631607042061071177189318763695290551310484042531471360.000000,-157.29,182.77,67.20,229.18,10.87,74.58,12.16,23603,20288,191.65,107.69,-23551
0.001,0.000000,190359856426911289331399066884531546697755433046059910888791593716332951263316848833773366589180903918591298539901310958274358555696711584895488636470337449501342861957222864264405975040.000000,182.78,-12.16,-2.53,-182.85,74.57,86.40,304.09,-5568,25600,95.89,236.03,2317
-6752748877764109028358993294573016570649407197214942884192765914600191255529829162855007246021770764708767876557943432674072281196644402005761240637564215366918148153134192465584138841493889907005764316092307693182807898941446183742980158578129242538594902759450458514089266940739584.000,0.000000,957044156965138507629276923821031424.000000,-237.44,227.53,211.74,74.58,-254.08,-112.46,83.90,30721,2800,236.03,118.40,-18698
0.000,681261810234683202544919284636100591616.000000,0.000000,-184.89,67.14,74.58,-254.08,-298.84,88.09,236.03,31750,-28673,177.28,-10.24,-9522
34386909324268481958304068287836204239843517481304434713849174190842997739882413457180896446583758833437414126519818216053665223865710470298933391261696.000,-0.000000,-0.000000,-277.11,74.57,301.44,204.12,91.47,236.03,151.68,-29199,30276,-220.15,-5.03,-13121
0.000,-17835457582149884275368866234208385480464756567004162396744092554586513284219697618728204168648033546652167948099771361947215593118982233720941796520099002007044323432612467028527295971130722261243699545010425040604831253761323624517441896011823377768203157504.000000,-0.000000,74.57,68.48,92.44,88.13,236.03,-114.56,-212.48,-2773,-21224,38.51,35.96,-20413
0.000,1063382396627948252617648600118198272.000000,0.000000,-146.56,59.45,86.63,236.03,105.60,192.01,-268.69,-28944,7748,56.34,-214.35,25350
0.000,0.000000,-152190585672496905715712.000000,107.17,98.97,236.03,-193.92,-135.68,240.68,-209.81,-10427,15602,-130.70,286.55,-14732
-0.000,1961489259265701119485496473780899159426561665217937807246853071476781597487950770433906097632642874260205120282527107929200544380748646011224588714481480868980672133719673725339566080.000000,686858485483542692513623539452424250731599424844576398953705955562967983835002887967838716025990299810820252423826011019087894831533398225555305922571579887398369620338552157548914791532548824977086891219038147909575790200109949572077811917048127238028095667246167451896553305365266424775106288102028607488.000000,67.02,236.03,-160.64,97.28,-156.11,173.98,-266.79,14843,-19373,205.04,-4.42,-25007
-0.000,-0.000000,0.000000,236.03,161.92,212.49,84.48,-281.73,-13.11,126.11,-30118,-11769,243.91,299.48,28420
1169720636290720218674157319253655552.000,0.000000,13887546779784659942693277388871562098408756342873947271777940199082115731912764580418241540478373932516703712003300735107401350775832576.000000,208.00,-314.88,-215.01,299.66,-281.32,48.32,-137.52,-18354,-26108,10.25,167.20,1028
-0.000,-80401477305384628437390192745287945402703931765112041211727981106966583757798673363956147089980315993793118873731717054547965919437326381514332076564771623394031626367420909171704939047930859317228473106791625629356730761846950814528167664546582801593128774561646808040637284557981889335394304.000000,-3788752953335307907812760861340019193042329192996940055762834100303624918794240.000000,307.20,-289.14,104.83,-118.41,-31.32,185.04,-133.00,25348,4,10.95,-244.95,2621
-61894951867058158922343424970098175494414852349016953858888354286871987977242359925699407076426314683600974138471911265514702939054452843880759070565912486098473607009853607139483893150475266294212447961088.000,0.000000,-243358526856559909218856548811682047691952416046461699111658438757453637091328.000000,-169.11,-20.45,-107.38,-110.60,272.09,-133.04,-319.98,260,18350,-283.68,81.96,31457
-0.000,0.000000,-350292812522219223028800203736883075654381853877469184.000000,115.32,138.89,-189.50,-293.66,317.41,118.19,-265.72,-31457,20971,-168.92,5.16,28344
0.000,13892200283416441707120341851061312920138543087043467717526557821545510807283072216088039653894379231667168255443192632775464089490030592.000000,0.000000,-48.83,-269.13,98.03,30.63,238.43,289.30,61.48,10485,28508,5.16,-157.29,16455
-22630993268793803890591156490271687100889922547200518543496525448296368767844358756920036074120842342495521726512473735408024536996074965754870964294623727267732454406454445948657373941673115175319039275490253520559350163027858298258314272175832426716759013492445744852806327860640283450748360740108234653696.000,102144575611694480168366190839767598598649334998009307626271111482097489184089609143464880389087219134097474256163509312179648925187190201396494336.000000,0.000000,304.94,-17.16,-43.44,231.01,-65.59,-304.60,7.72,28672,16455,0.00,0.00,6696
5281243401166485428804386378227988021399747915433919619863800009258198500530571856073799380020063237483433527246240549731574650939076416811428553813895381831072329334194042510845807651540387281362587409760495243176561310467425671613613374234271922505383936.000,-0.000000,480690255841945089822005311941475306044632544040665744172330388827601065924896400547793521979099544346363781118427136.000000,287.49,-281.60,-120.32,-222.24,-99.80,7.72,157.29,16455,18748,-104.86,288.35,32234
0.000,-0.000000,-188697380236346341168270635518149768072343004905125980142469125380081430149982634325903519143538638849117539231279407255357424365040035225197871104.000000,51.12,85.32,-171.28,48.68,0.04,314.57,-209.72,7683,11514,289.99,164.55,8705
13882553329803315233495384588567279883115140137959502362556401149055181977337676410335265198636006550350081694719744603781015095297966080.000,-31002336061780795885989360413509573758883039014487698042887444631993328676114444612314512337482511565193216.000000,-384163179960573200155309828695218258147272026943533326008138775181226628931353271960344994963337489891877508988450268244902414112928910217395249885350659883769757439532262823681289227286332864914893030367699642911625289425974899313277294605891061625861921832960.000000,57.09,-78.82,-28.12,10.27,-183.50,-314.58,291.63,12438,8635,164.55,204.76,-16355
-248299713126515296844792117820799025017095893125177257986516418243174074063622504448.000,-2796775811848088805944841380017473865426772162762449927201225742224849552564516898504940184604029268494993544876525802399497327701570207719334194021933174587664262673338424284641428843842143172712403611102324845495869795100362008924478504960.000000,-261104413901343618698062837305589470657463111215777492915016388175366989421408775897039940872249199388149290283531587509915890164378002725147658354192684526555430188648978909978670467986940377234875325461345156075028926616913477771993706313355496029914784358305782361086684298983930551336960.000000,-166.39,-130.52,7.72,-26.21,235.92,293.27,164.55,8583,-16355,303.82,188.28,29827
0.000,-5481784177238373490707726430669837897416862253847956895616586125479396943841484690815031016154649372853980269118906610828593398343008256.000000,-0.000000,202.28,7.72,131.07,131.07,294.91,164.55,-112.71,-16355,27842,120.69,87.05,20611
-0.000,37490590732036358957977020432449747143487518844209568789373128383103056437000867169490989551958018775321625131788823743867588430243241664534346449542237877396565664393845334946354875360227673753376686887480634449905879844545117605599316474416199306905996089608797257990144.000000,-0.000000,10.28,288.36,26.21,296.55,164.55,67.84,90.45,-26147,18709,87.31,-163.55,13076
-0.000,0.000000,0.000000,-209.72,-78.65,298.18,164.55,60.61,-255.85,86.38,-7844,13066,-163.55,-8.80,16476
-0.000,-0.000000,-862993843649740426591036413740151964631251977230661542020715054916162822237492729881546226082593816838186509718221067978979701016615566659274345082879506892393580600475279888665963090729584529549684472138432512.000000,-183.51,299.82,164.55,-55.79,147.01,86.62,-163.55,13071,16476,-243.66,-209.38,156
140628408014768244315964199607092129892276348912257715535423479756790666053103553727971641204846362310724548093596940754749334735720982678811264734445174784.000,-44017647019146225004206833055489721443942864847289753094828284595654060216607674503164641660238809190045528822260320352657528132264491065866535118907855491832410417428853208588025079696703021719304575758893056.000000,-0.000000,301.46,164.55,-161.39,209.21,87.71,-163.55,101.82,16476,184,190.07,130.70,-1510
25423717226739687795982618290930689101738710135027228719712534799438294553844292778109936273691643880902125432570323543600963723463006312423834169058793748797714033674408241779396091654424810280189952.000,0.000000,22042165505494378066658946691831691149820734088681062049704841161748505781819532872456550140295223908076973573198190792167288967070172912507414931502887659471502551956150750761379705458364815057557559018796612919914828585478469949160434100982259816982612270907392.000000,164.55,191.42,-81.27,87.00,-163.55,83.32,203.64,131,1907,130.74,164.76,-3062
0.000,0.000000,46.930000,-198.06,53.68,85.14,-163.55,197.74,-191.64,130.62,-180,3076,164.76,2.70,-1665
-556423492994797646846986644561641347173765635776166689715622642671324946191732199239281651262423040.000,-42191164367955415108016177061348250283114803042544706393244838432962186596103137952985886634738420516702164865263591619348861305087810027874959178003622890831872.000000,7785890614638563553118174048342367008828430754604068286853596051428564853981270634956354400392819451463986519481971970419572081746302357593317842703102783477795850727176497517319840550168266678280962489450496.000000,-186.07,85.29,-163.55,224.39,66.44,130.71,164.76,1781,11492,1.29,-22.20,-3976
1026055922340887021024264418850956301937531428685354644895929009491271887411852630139195655377892166878969508382613937046048646209073430777990868830436593596624395688283405135013731594310246286457458968572812616825446026884270027602457362694144.000,-867922225591850459360416664492592124828254413052647469738807150686146178493255317951609587184065816042044929647125642410582486767030880684487562736375875284908663510974734953720545011846572830030885417289515008.000000,0.000000,86.07,-163.55,-239.20,-59.14,130.60,164.76,1.88,-3893,5505,14.76,-15.65,22725
-206621550711912522613992194048.000,47086342133835550054825158554707966726933217475366366273016662774746317546952623424617607739503307462673131294652546250097440438767804608995432007034663375448069125217320640242661978287102151308659586103233213389660864215130924118522083185291059253478398927279762513558765568.000000,0.000000,-163.55,80.70,-8.59,130.60,164.76,2.66,-10.11,-15153,22950,-9.64,-47.74,252
0.000,46.950000,-7.282589,262.70,170.54,130.58,164.76,3.24,39.44,-6.80,23175,2522,-2.12,82.35,13149
-1954873122571811292437294450297727573612486142824991197331605431251175413675050783057645664566069047330596716544.000,-794624451535762051407514433567930643380297652502951945475279268123156866584321354794317476356161536.000000,183917652289956891881748171604224437165420169103882437752526804826261344993052408576303620580536469540351183312087369722441351050796341889567959592799298112699190077019515445689200624776738504951777461120947237417170823688022582429736372140345231986990694676352816270757309972480.000000,-74.92,130.69,164.76,0.41,-5.62,19.63,-20.37,1880,16457,86.94,234.00,29355
19991590353511094054983818115922526208.000,0.000000,0.000000,130.62,164.76,3.22,-18.76,1.94,-143.13,78.03,14036,25596,236.25,-13.50,1030
100498550743107323286445341876425669383700826231173770701649074604941849007433094749685962395839500307367487009291831551783467932596796519649894508721110984000078464042647048773348644900609608539726272071487571046533316151934326994030544392453533971242433119009717446730872555784756002816.000,0.000000,0.000000,164.76,3.26,20.57,-17.54,68.02,35.46,238.50,13212,1164,-2.86,260.09,1082
46.970,-7.282968,112.797189,2.34,25.23,30.68,-110.51,161.15,240.75,5.61,1050,1049,236.51,191.29,-13052
-0.000,196123165407165337219334612478240504439943399554445559289131119923710394368.000000,0.000000,-22.20,-4.17,-60.52,-44.03,243.00,-0.09,152.51,1183,15619,168.80,10.95,-10486
-0.000,-715082167100350302289612032835294297070345860219589925826774893602534734919652750403822999125992579935269199164267742071476104155767708583448566337532063708768144140855022605539206152292102992823720711946083563449604575436586346116265094934548858891928914752320831488.000000,0.000000,23.38,-131.27,-106.09,245.25,-31.53,173.41,156.76,-20992,-7865,10.86,10.12,5242
0.000,0.000000,-78578109148906780147472343573630500969896358599850226511673041954662245544793836972922019739386456389129129117346081916754121308709113009189450287156647742054948103043770696420752731918905974702348975168266194016593362070699267941821934919553818396295996241608855451262961002500048287569089210089472.000000,90.83,150.23,247.50,-11.82,54.88,175.16,12.50,-5243,-18351,11.71,79.40,18302
-7.282,112.796637,0.000000,43.55,249.75,-5.53,115.86,175.66,12.51,11.72,23592,18303,-289.27,-26.22,17728
2983788835442528558271737580310092750280053307781094235148485562324033000607630257591012882564925423671211858158080918876975846701022739429100296614812864899102866067819731473033469638297962373763345769467314001884586946748158574592.000,0.000000,-732430792583847831024933458694751579386086096076849975483934777947224364330499985815395529325990893962851527370787453866176942774376949359635869631869492224472592205670311280914313883324692479454274274721792.000000,252.00,22.42,12.88,107.55,11.71,11.48,0.04,18304,22080,0.00,0.00,-13556
137449267449801575021364291414385935354863844594262675034206522071660501300195573274604144548386547598899909465302779605611195863175245323001724561490569612204006246254452895539646949228544.000,0.000000,258225273193049345417281631329187686779488242720082613041491842220830826719315201646079901168916988559854090217693232620448120742140723726483153032522712142097863271251968.000000,28.86,271.22,218.85,11.23,11.42,289.30,26.21,8512,-12589,-235.93,183.04,425
0.000,-2348260881354403682356045341216802096648910392271357314868244629771684134402440561213457372782174415897555340135984749982247587218541349306970775657810764021219737843865247200524063978505026020558396697143754764356713104646222876147022148261717737472.000000,0.000000,262.47,154.09,11.96,12.36,-79.35,52.42,183.50,-24295,19823,183.05,264.32,7456
112.797,-81733377407326241175467284363920940744113082204927981729000677456031681613846241269541653028462854674302444629115786372129332151599405306491925460918514838110842909355921535760799084806589481674471822966540103380854460672739639296.000000,0.000000,104.08,10.25,10.23,209.92,78.64,-52.43,183.05,6637,7457,-268.16,56.39,32448
0.000,0.000000,1179955003822127615079262288995114897375232.000000,11.77,11.63,-156.15,104.85,-288.36,183.06,-1.92,7456,16320,276.65,233.69,18287
0.000,23762761018891845539522514799600799654500053717373076109346694049000226873175426353123179855210415526444154632455448196915760043888956738458811301229443198378325531900747642832900189061120.000000,0.000000,12.51,130.60,131.07,131.07,183.07,-142.72,-120.92,-13120,5318,-183.71,74.56,1232
-11281014614861493413855643917569184546969860913562395009735935385559536149937422217281780312440777912256156104411948155373152329298380531901117249794908782451632820337352493507895693087750341775425812771445744860128855806261084332779561104635568720768401408.000,0.000000,0.000000,-235.49,157.28,-104.86,183.07,-191.36,-209.46,276.06,4072,-102,74.56,270.72,23602
-46350629404590347325720311215708041637055859412376250570045883579095528927753396363661168225857597243907362266387849412608.000,0.000000,0.000000,183.50,314.57,183.08,-173.44,-269.03,-76.51,74.55,-2450,23602,227.20,-310.34,-9408
-5383461421979428817589355427301820417254401650849887173342953232337802298882022767031033699771975338345821727169124628708567854890942258227389250842457631012375881262510529242696434759645983172671165494632388503918019084288.000,0.000000,427691413425215930453925722866311623183408528810832697071449597711429048312773155487744.000000,78.64,183.09,-86.40,206.34,-216.87,74.55,-261.76,23602,-10176,52.40,-3.62,-24064
2035616318973440896319489995983561351494930869908570377547573868031932353707615505101734718830662237790033107406300560035167902961855076467678604177122587664637533919038530348132677225289181579337269248000.000,0.000000,-4310085582848.554199,183.09,56.96,16.18,-144.26,74.55,-23.68,-22.36,-32704,28928,-22.79,236.02,-30720
0.000,0.000000,3721838388197705768727110113443184640.000000,202.88,260.81,199.79,74.56,176.00,146.88,-4.51,14080,-2575,236.02,49.28,3315
24117152983730326359333343424439302288579495449229014991061166148056521594026045462953499090072109056.000,-1354004772168933372138783967792124348410551671079703049191458707016461674509675880898031126276018124442658930688.000000,0.000000,-182.48,-97.30,74.55,68.48,89.13,-24.97,236.02,25844,14345,123.52,46.09,25130
0.000,80304723030017571797269770272766231311969648287120495022208641140251644066951686883352679239613545049795634159952147331472480158348432450394666016619823958994197349315755611773076404717248053008957390310527895933912049442056840978025602644286501364273531527505804192705301397431648256.000000,-1394251365164500876349075164077121599734574757213178183565197819200435832101029671088892050725121054101372301967261692305744104412960373779332637018785692254208.000000,-132.82,74.55,165.76,0.05,-14.83,236.02,133.76,15619,-13103,125.45,20.55,-8893
0.000,427697983030518485857275090980762747339557534212458809689587606052311222267044740202496.000000,0.476655,74.55,163.20,-67.14,-21.16,236.02,-94.08,40.96,21759,-16679,-125.47,-64.07,21102
0.000,4147191346848944158384786459926200320.000000,0.000000,76.16,15.21,-24.26,236.02,-48.00,240.64,-304.73,-24790,-25489,-271.33,311.97,-26873
-0.000,1874939194802606384018431870386896511126689773346580972783960559489521394888917480824939171985777788062686927267122922429452447342619631807723891542153006281352282112.000000,-0.000000,-195.43,-17.41,236.02,197.76,51.20,248.33,-104.84,8816,30969,-46.75,-325.50,-29680
-0.000,3058964891017772404490788400436094857565730537623781641018573155666644434944.000000,0.000000,4.66,236.03,233.60,-43.51,53.78,-51.13,55.77,-15877,-12955,250.25,-21.91,-12236
-41614952613737781051655715031281120386431614799805091827623049261106725909583839524598921131675160806228366719165025477597473707806058796888279123934715874115584.000,-0.000000,-6790653909912460186273958469240541115691047371635418717581686866202851817807682988380381111419393819222899301338834663876553982618514479436745660127636913559342175130016387583721855257991035059892650101234710595482854180605353072391226518758764826985253817426018064509746721787651545797923060047675392.000000,236.02,-45.44,79.36,296.91,-61.37,-299.25,170.97,-30193,6767,259.70,248.28,260
4572544305500183138338273165114867712.000,0.000000,13822035374303984251170550407375655283852576877884717183947385174721593341164645874439473986870086290111075437820655796493556374818521088.000000,-183.68,307.20,76.76,133.17,-255.39,89.71,-288.13,-7137,-24572,181.89,-40.96,772
0.000,-2982247250005931159872359006639354390335248102341362118048148912553309030027898557155204181302253609421562138123450038434279958967183751049540231259461373007810100915395161940768534500466470087088304873752927210141124892033024.000000,0.000000,181.77,-135.62,-194.55,-97.87,12.44,-295.80,294.46,16388,1028,271.61,239.19,-13107
-0.000,-5549116664863730210906073400516620713966847137857104572889479112728062198593404092707072319670187934821994262587050816670038334703759782674223021963181385842688.000000,-0.000000,268.92,214.97,191.93,-69.10,308.36,5.05,26.50,4,2621,-10.19,-284.13,-23593
-396155683325844525411954094818759567488900291976743106458044480660083793505370066583255231986925568.000,0.000000,23833104320883211849510786197329194389706783162423357672548927987949186766249663003459229534530548046612857217955178521828503995721394908649772689522719228296596355456621374427319085589964166158219971039216051936829963317652918850907593631455800031077048559842885632.000000,151.17,-246.39,-146.39,-154.99,-115.34,-80.87,254.28,18350,31457,217.64,5.16,-29164
0.000,13803829465755744332184672503054279871719384386199058794479404857352531187305719620983419717235560637126752860176521354756013261951336448.000000,0.000000,235.51,-225.74,-178.02,309.88,169.12,-168.20,79.40,20971,-29000,7.72,-314.57,16455
-0.000,0.000000,0.000000,-304.66,-106.33,-245.73,-204.42,-88.59,289.32,2.60,-28836,16455,-157.29,104.85,-29900
0.000,-2687097164670109711127949081440601251920629875100970828090357899746680682820489771298029061196877262810730993768665860153340998677310795289318800564814128036011406343434739454101316286867780899934313769861120.000000,3401947702656253039389772395058894449857280088011271858200057234025480968203739416780792271709713655990011675745163328125507757989251277614639127008454814955350065640351492159141030612141319357525393408.000000,-70.48,250.78,295.48,136.56,-307.16,0.04,0.00,16455,355,0.00,-286.72,-21763
0.000,0.000000,-0.000000,135.75,-93.94,-204.52,-261.08,2.60,157.29,-104.86,-4600,-30409,-285.09,164.55,7718
13842573773157149951025281211487220797611226730231966232816886279137695536010686060676449506075598469462337412233325008585686926082703360.000,0.000000,450315629680259139535625347160621449216.000000,-24.61,61.55,105.00,2.60,314.57,-209.72,-283.45,-18101,7873,164.55,52.69,-16355
-34757995725217706992874737799154720414569742681898075807065793027554055446408636951452719634093949998922975693695131494367365322405194222745503990606103472387826088794119512713911599104.000,-0.000000,-2273288725263312648323886918730235160020186169347411349773336582424541372003268654308522505943723331545530457641382854228431971906997418025280984348351176108975063040.000000,-112.24,-227.80,2.60,-183.50,-314.58,-281.81,164.55,7792,-16355,208.00,-171.16,-23343
-1116757735424497523601835300278054040413499975305847035812717064516595175815476784206952954906720081102953796943163181538788509168038636578961255977220495967248912768994094082902289107062479355353323163707960443681594510113264190241742503617552522703173283723756055822336.000,-217660557411882987416991753571026485032059225712683825772757540667614748137698368942639706425588638714389981799898170950633038396181418425739469326855393618730746965926306524970756435480677634877845954500161311162236928.000000,-0.000000,-304.60,10.28,-26.21,235.92,-280.17,164.55,305.56,-16355,5315,284.81,78.76,26673
-1232249810352288471445209007787216908207680631387265720841770919353593977411199835194798367254659515176199694076998897209153226259873449150500111838969185331837464248046460431555525753955115880561398269463419103691738442675199983280621092612341760.000,-0.000000,4027706203791446877524232983910999097362926417675064180431198021995864449836165656051536011308431878147757763829999639215364609324567962153749887679581897920846124667926660426017680258029997075181091929989084521175350204113415569408.000000,5.16,131.07,131.07,-278.53,164.55,-103.55,-279.47,-15078,-26743,78.00,-163.55,13064
2370571346739720469518241339232606943332818763761047886652437428151688005070293214879695522478245732775589162330048365248880769112107481264705604271743495339892414018142041540922189368915207516441297557651456.000,0.000000,0.000000,288.36,26.21,-276.89,164.55,170.54,33.16,77.78,12616,13061,-163.55,-102.94,16476
-23657533041270043788559256282461339920872774586065929399529965193478671109164281908931025033970589904802638693509342949789807909424964467661417147014522667193637922588095361451190438885594667625329166320140288.000,-60461052614603220728045041456099548198821893475401357909242106336650381604110381195376878507296945426780141977210063945728.000000,-0.000000,-78.65,-275.26,164.55,221.16,196.59,75.96,-163.55,13059,16476,57.62,-245.28,22
3053991165863649642355432724226717090376723581170229461074613984853413098466165027962627481652554762805392424122034075264847366293268681797941965106802431865486862140017085557699361034457303670472121153993665727435584814203898355997535633408.000,8327733576831652837764295712026178798587152733976930914698002432.000000,-0.000000,-273.62,164.55,-147.01,-122.14,76.80,-163.55,116.46,16476,348,-29.50,130.60,1822
-0.000,123326903956372181522811192353147965254633453650063747214873055959973081089267717398559933440162523209827856419383476028591700307126465331200.000000,-0.000000,164.55,221.73,-143.92,77.86,-163.55,-0.03,8.93,41,-473,130.67,164.76,1359
0.000,0.000000,47.175000,75.69,179.13,77.26,-163.55,214.31,-116.97,130.68,1590,2127,164.76,2.57,-4543
0.000,-0.000000,-11466154352221862281935774872749031879722035557419380728426011820761295179984949935348601558342504284440728187695728658401136932762587032830052121625078744793468517317113676968927397014357354298773094446992170857405532243318800384.000000,-313.37,76.92,-163.55,314.16,-259.60,130.70,164.76,1482,10646,3.27,36.65,-4436
-15225367671451029092083973817560531881488917311434516947263489015615702238985420724941202127202998701590195918364996112305778912944019771630570344287188956078484136641711564973506241601938737158197580446496669972982828424154387028989331513357399362465955840.000,0.000000,4075249418860793699617590003671404400902924862450027372864246288502413992238719743276408620821262274561644459411121360060183407742493445339737662549438290381112304350061347057241897081808549515120567627213861791352162364855350525188495835324879204480540652425436757461828003138110295638016.000000,76.08,-163.55,-270.49,31.91,130.70,164.76,2.84,-13802,-16011,29.84,18.64,-31786
-0.000,-0.000000,0.000000,-163.55,92.82,53.81,130.78,164.76,1.68,-28.09,-15953,-31561,-4.71,-70.48,1359
0.000,47.195000,-7.279070,-308.89,48.14,130.76,164.76,1.16,2.13,38.10,-31336,-1542,-41.48,-26.68,5919
-0.000,-0.000000,0.000000,-35.84,130.80,164.76,2.44,17.75,27.54,83.30,3347,20924,-150.83,-311.11,28771
3942650030078481465034041657682787536778192588005411790797499484701755232295604903365836704833741774520061573501047404030786444941288611515878291616586077279478539613074115653631757601470392599227468913674748971995526877688866610872320.000,1858203812985.639893,0.000000,130.72,164.76,0.20,-7.64,37.76,117.99,54.86,7994,24464,-308.86,11.57,1114
-0.000,0.000000,0.000000,164.76,1.71,-20.51,-38.93,27.51,48.20,-306.61,9134,1094,-0.03,176.87,1073
47.215,-7.279227,112.798911,3.45,-38.57,-33.06,89.05,-52.02,-304.36,-5.30,1218,1130,257.29,233.12,23553
42535529537100252865144480385187313744634938999157346497601941304172461603068669842099188595655508664250718989591153227530110043145674217977020416.000,0.000000,0.000000,-22.07,-13.80,-48.16,42.45,-302.11,19.47,248.91,1027,-13055,72.90,12.23,-13108
0.000,0.000000,-38300299848984268282935703441915186345241404533855762358504738419006529498602513849135671352307054397728696465136373365929528019578511120551050057994968243784940079806494381679960292047451203797150484536045826676926994524920710113027151781354181829243467756157796352.000000,25.62,-149.99,75.91,-299.86,-27.39,113.05,223.10,15617,-10486,11.86,12.06,28835
0.000,0.000000,0.000000,109.13,-157.81,-297.61,6.44,52.86,30.93,10.09,-7865,5242,11.06,-209.89,18334
-7.281,112.799237,-3356268255931825882818394933880154377272990208672484927454740201926686498086458293917876032343521119155432643889049693744672958309487395631554956203974714392508578292409565533132956271053118558972791783126794529235665953251681135156668875952703406080.000000,-179.38,0.00,-2.36,85.64,18.33,11.64,11.06,-18351,18334,79.37,-52.43,12608
0.000,0.000000,-4960641074532950255818571932302620975980566450173685330488167598190130078784549360213615613408451063959655447928296745156473701541356489194151092927101625274036959910000076884999544107218907805035888101549649419287307620339755660079994973194662522235573077057134584135680.000000,2.25,-15.64,201.60,45.98,11.93,10.96,-289.28,18335,23872,-26.22,235.92,-15678
-40672895154246285730922064486063852844398202145717873716750770813242353278633805239918542663595424835499824567275097746194347707523480577317583078822095197840918303599721664590028734464.000,0.000000,0.000000,-6.43,193.46,65.70,11.23,11.81,0.03,0.00,12608,20626,0.00,183.36,29982
0.000,-82880706962323556777938940876414588597527169231180769193226101026598400270983655943008400745785772679908719241770781565164941375588415275637656688825081296465897202798884430676875780621803777206899601356225550289458404131893179550166993910246122616254464140271470533844006207280448305234702588675358720.000000,0.000000,92.50,280.80,10.60,12.42,289.30,26.21,-235.93,-7567,16071,183.36,-65.92,7455
112.799,-1197400887169274595433476423636466716319216369566486429062293847381109682129691461855699726698480664825518810772178104581028155215875557303307468800.000000,701584322108388156659381696879729801817751549291790581497023514542080.000000,50.96,12.45,10.34,-79.33,52.42,183.50,183.37,19591,7455,-9.60,63.93,-16448
0.000,-7482127915514058851281273479366063595586880969708822069248.000000,14960882711741981054125832246654914127116230759440007304581091639775009438160025301340970856124348528328704.000000,11.39,11.78,209.95,78.64,-52.43,183.37,-288.64,7454,11712,141.26,-14.01,-16997
-499865452207895156518947172073995072915741200270473953359943398019612884277207077557565297480417012561096622987790285548829901573154754446634847261611625363226610444071537255891537184321939957560463838008742016774683017064475347329685566312761276854569245764432691200.000,0.000000,0.000000,10.80,-156.13,104.85,-288.36,183.38,259.20,-209.97,-3392,27518,94.02,74.55,9450
-3758013882062926224026511619808222132669099981567658073087727119767968275851532249176544290084417412860835981355431225655298785657185431658977892868195479415524524141082700526516867536026803734685465239905684716960009840583989283283466715136.000,0.000000,0.000000,130.57,131.07,131.07,183.39,16.00,-318.81,-114.15,1170,7851,74.54,-128.64,23603
0.000,0.000000,-0.000000,157.28,-104.86,183.39,128.64,-260.22,-33.19,74.54,10052,23603,-110.72,-256.23,30784
-264095357484491812184422888051330424409060109920262337872433934180152603063738767023503182735392070879277699794212508080525819606714774151765983788717782520079583584560316286196401065643406721037777320907539976560836608.000,0.000000,19990363349786784411882213989943345152.000000,314.57,183.40,-296.32,187.22,311.42,74.55,94.08,23603,5696,264.91,107.99,-6912
0.000,0.000000,0.000000,183.41,274.56,-149.91,136.52,74.55,40.32,-119.97,-32704,-3328,93.94,236.03,-15103
-4463950947688718398460919712638260879481330147057870441518141858387749990312488662352637798351617455099910821793778749796135988162053096563975871691614391344156186875488151770143006237712064819474876775268447754121738644262168432291694902409650314902340573899456434918500589964382278213780068147394510848.000,0.000000,14462000594140029768291774571351113728.000000,-301.44,-54.26,322.60,74.55,-297.60,-212.23,124.90,19712,-767,236.03,225.92,1806
613229809316470804380288799886780863454303549152529120542066629922323467787992413921640783691710522009435942401107947295866880.000,2259364663914696686655519249104424124452351419965987496445914312845780601641439808739318637760914742787404771384833598208066359339225693499849297309201090903082752157689903534374387712.000000,-11079514113266008308274447297851416379392.000000,-262.46,315.35,74.55,-289.92,-32.80,124.94,236.03,271,-3578,149.12,71.68,-15890
0.000,3942628846040819389270405175866662032282517580782070851500358633702233752101608417812095413743172618075118920130651874946805217248170450300751306946174310846407489139557483770807926616843730801859256448524244829400010290833766804881408.000000,0.000000,-190.28,74.55,73.60,208.91,127.75,236.03,-181.12,-31219,17859,-104.96,127.96,20187
0.000,-0.000000,-4360929856299268702069402025286576738897218993151221088286617624566559679609653900668983029283008196008022368694155499955494183976917181466620203293812340350623909716702024712347376654620442652799015755710464.000000,74.54,-54.40,71.71,97.41,236.03,-211.84,-250.88,-18724,12272,-322.56,-214.94,14861
0.000,16163412428744383586379155512341037056.000000,0.000000,-97.92,-112.57,101.23,236.03,28.80,46.09,-94.83,4340,-26354,-35.92,-289.24,-28915
0.000,-0.000000,0.000000,191.99,112.93,236.03,10.88,130.56,-191.89,-7.72,12558,25091,-227.20,-38.10,-14316
-0.000,14182585673138272434041046778733676420686663192833551953344239888696596157579576930993226362108529162130792124381722026773810033385799680.000000,-127900075974413480778432986907402887182600419300633043464014318861502212287959169736752710622965355354440432220331077652699225608329190868260980449590405772047847368740919179741469947505672192.000000,97.46,236.03,44.16,-63.99,-94.64,-140.75,-148.35,7163,-32497,-115.54,-281.45,-4096
0.000,-0.000000,0.000000,236.03,-114.56,-220.16,-325.09,117.60,243.14,-196.55,24116,14911,-253.28,-199.69,27652
17864824263349348950926068072386134016.000,0.000000,13943097230705613858357925094689670497257271191029042894802674000603524686199726227089244434020462806129707784799558869447775375062990848.000000,-196.48,-235.52,250.83,253.50,-53.54,-276.40,256.17,-6059,3587,325.06,0.55,516
4004973140723773276882029806769913602308659981128436975433274965315703928124765965516413703562555871630111402503891864613718905926098010996713360059392573264592934262226695311252799150901716406229352766407251049124000706922279775144732882203341721705638864617472.000,0.000000,-0.000000,-128.00,-314.78,-207.31,15.04,301.52,322.74,156.02,-23292,4,110.68,-219.78,-28836
-1441274880114077137688376163887206349767370745403211305489351235296413090758901499587085523817739013203807496033358047639612728282464561662726095940987188207494225315275536868848210276721370831333097472.000,0.000000,-303566573706256119541805569750204134697845571036572405765638985260448998329092734026505873528190926848.000000,-266.25,-309.67,-243.89,222.60,66.75,-28.16,277.50,4,-13107,-273.85,-319.96,-13108
-4874509585051956510073218893594693483163194187962669716501562791636390474075993900797367399016441256455629373480413972224666315611700372219985119633022673860967874286569848954870166678495741457171081987553604063561391671697521516244229358721132879296776260427810659765840962676770996224.000,0.000000,0.000000,158.74,-273.29,141.18,-81.72,-92.30,238.71,-63.33,2621,-23593,97.32,5.16,-21136
0.000,13933499332920898210668639209430207988280466032471229478492129588388551188421943324448697085271546981758918619736641106389781033500278784.000000,-2003513572614501969963344275078744400886488891392.000000,-317.58,63.83,212.69,-76.75,-316.50,282.40,215.08,31457,-20972,0.04,183.50,16455
5996599062643219917990470445928317058661143786846875083501403994630662752447166907987248535864036517952250921698165210022018834090487185408.000,0.000000,0.000000,-15.37,-161.07,79.45,46.63,-99.66,174.12,10.28,-20808,16455,-314.57,209.71,25991
0.000,1099990575015735629630757243782380984222716202252665298932816830423446436448399261300736583122735321609289800707693170414163061500403028221917032836873759832380026770767108528788099097348700766715369491621389272767638785933340997851690094945098657517718879673454728052736.000000,-1424299012236431670864019862327999558109241884749385867721672859250856527003799551216041264862835697400123762854568698311161675776.000000,-312.10,-227.91,-122.72,302.82,-317.40,10.28,-157.29,16455,-3434,104.85,-206.44,-11483
0.000,-2558727491406991446503189761974081318339944373782164061669498239696256481353690712648476946044808414649301856749115504161561731615098646513679118739970959749415716530431253322234620193506753143314864617871049339534975838417024243842707819148029452450175993079025023840471631265792.000000,-0.000000,135.69,136.54,-61.33,-294.36,0.04,0.00,0.00,2566,5066,-204.80,164.55,8019
13968998237309740595634052835577297993309730504485563751429470144876399213015553015547815599118004679924343693238401583006471436011307008.000,-0.000000,-82128435651401727355440189003012896204536535487980837667184865763068413985156858456571891186524505147011112935911043874960620919963053328543307556357492586208797337430378563696623380322576747070985844318626542813425310202132533837919231785808068345856.000000,-71.09,38.86,15.40,10.28,157.29,-104.86,-203.17,28561,8143,164.55,-225.11,-16355
0.000,-2284105007650072556458508290000351107711849737685344634999087885418368017430673551607676662542645337390175391774063834292814439330057829436149374488863311227073320986452970865296451624509301569412399104.000000,0.000000,88.07,-222.68,7.72,314.57,-209.72,-201.53,164.55,8204,-16355,66.04,156.05,-8547
-736600235293980977114145835916137070592.000,15566271736806367102125259038450333064274040694463565622265091633673272600370868546658468496949699154257934796939296537072002437428066160098672640.000000,75111311538872883167404225473262007022322840151210296895647744740662197211103798774198182038057690209410585200147068040533581410129153910248225303906980460125480153383290904432806644182935746114207066139146359134184505273589887546059781410083072993522383882670766749223608715327970442477568.000000,-243.16,10.28,-183.50,-314.58,-199.89,164.55,-200.98,-16355,-2652,238.90,82.42,-22807
1572389036457517982996435768500387140413610621088818429505306624.000,-0.000000,0.000000,7.72,-26.21,235.92,-198.25,164.55,-163.90,-105.23,31570,-182,82.74,-163.55,13114
-0.000,-0.000000,0.000000,131.07,131.07,-196.61,164.55,-296.52,213.74,82.89,24547,13108,-163.55,-151.09,16476
-2970939936022730662645444863399708304097182719707401301764310302720.000,8308166987611107130960081489695675844362784488447262720866765584143786531256749071864612341650108746136041049139332131250883392905623485325837268516699192538662970716219409958969919164645987171751081009248424018593969740707198509761275038761359692853949336283528732163197144166205449733526417717030027264.000000,3975236801105047222417993344837682326115879804672010172415647698960277988683259193676863978340083603464094978608850835001425622828901745161970300915162680826668071062111598144058990521815948097431385503532906029065185321376748494913536.000000,26.21,-194.97,164.55,158.63,-31.48,82.34,-163.55,13105,16476,-52.94,-193.91,120
-395016901991882083036106715277128404920122882763009580977413674246136234102988849722524327111994866353655006439078147824772972027420512271538261529979790828236701696.000,22997884539447082014542368989643006050844228392956575246673520365443947622219769482001474653220716022907747278597765220022714968467068623675200142809846343782767550835122146492371147364496897872475821980069198868741319896730177634304.000000,-41614940043959122489803212229916012047023195532794242986896573893824532193750227995779305320947236962051108750602833659450088270779717273822801348861489699618816.000000,-193.34,164.55,17.19,199.76,82.27,-163.55,99.43,16476,342,-139.16,131.07,-3807
-4063310273830443718382640134521120228603915963117235462548141097885210936621227097323667682188091508333861695468784424131017979901888261760303474094986415124389870475505486845310161350050243253104040727150020039583007615968480313950761932924599802027744712940479867518976.000,-1096820291726532713262781067384718146083190249264599487236731561409930207333539560201683890064792657362045294114672317531294000725478431273376703399838190509433078773569828821476566626173644990232394868037366389136522768328440058026556232292106240.000000,-0.000000,164.55,-111.50,237.30,81.31,-163.55,-76.62,4.02,209,3545,131.06,164.76,2627
2929392911729133912920704100160452284198666321391647755968458172791296815249915101292883763019999257041218779503871229175750878970290485004214270514739642505113661203210753265847763651317184168576785003915892607365462510035527581552329846849388430114504200643825697571547310456832.000,0.000000,47.420000,-319.92,-219.61,81.69,-163.55,213.20,316.76,131.11,285,2341,164.76,1.37,-5385
0.000,187027514304830533063538836107652975850924205548894181734677096417120963310838271759610676026252526666862855736270282892950954583814779214625773320249910805012018471156806670114415968256.000000,4303377540153863432290923138337254770329215072616646675519630822878124245265698502956800095149091695661212664444747685337286240632832.000000,256.22,81.41,-163.55,-233.22,310.92,131.06,164.76,3440,-148,0.93,-27.96,17421
-215841254343279196113823256233536183588194435774492515239584227008646936009703189599124604291527778862518088191665474992741121598713757531177460080561176559228841133070945325334633684859082313482425895110049792.000,0.000000,-0.000000,82.96,-163.55,249.83,298.24,131.17,164.76,1.29,-13665,-4420,16.47,23.80,8775
-0.000,-0.000000,0.000000,-163.55,-121.59,-19.26,131.06,164.76,0.12,14.61,12936,9000,39.25,6.16,-42
0.000,47.440000,-7.281730,-293.90,313.34,131.05,164.76,3.19,-19.79,27.17,9225,-2456,-148.35,101.07,15489
9085505997151885479772527738175874651114560766456471192069213631858317587507728663620628764439858035183281511909422583266408243423870976.000,1179139647700502354953252894608878689996986968420756259120180170470276787941094550631439767978377216.000000,-73669233837831.671875,288.12,131.06,164.76,1.21,-20.90,-32.77,-169.29,-2350,3224,-170.82,94.50,18062
-0.000,0.000000,18089114213491136334651575905382322879665239209318579235771726239407822747636627962658509815808.000000,131.16,164.76,2.95,-23.82,37.13,-116.59,95.61,23978,29875,96.75,-31.73,1056
-0.000,0.000000,0.000000,164.76,1.34,-6.18,38.15,116.01,97.55,99.00,3232,1013,6.56,18.07,1012
47.460,-7.282049,112.800086,0.45,14.33,32.96,145.64,155.13,101.25,8.84,1220,1066,139.01,215.84,-5118
0.000,-2116595714334713126617140296254156138746942245483091568690007635723945120160186970787771149239426526526709370591473669313105125908714356736.000000,0.000000,-13.57,12.83,-112.04,82.40,103.50,20.44,262.96,1065,23552,180.28,10.10,-15729
18908027757649753347705005475961040459256763995472159586203561873476415389696.000,0.000000,0.000000,12.52,53.55,59.50,105.75,-4.38,276.13,85.36,-13055,-13108,11.24,12.57,-13108
0.000,0.000000,0.000000,154.33,-140.40,108.00,-18.92,198.74,85.47,10.78,-10486,28835,11.44,156.20,18365
-7.282,112.799922,-258082029221263556311169389578841180134277597799034169120054484555987767531935891456.000000,96.34,110.25,4.50,231.41,70.29,11.67,12.08,5242,18366,-209.91,-78.65,4672
-369815119737638085052477521351498918546287642398491239912878816600168679834331058695519876948306883182132347991430128331930104610132796665556816234712052456042682221517538696151289562094632960.000,0.000000,-378844482255842397814763417299708576345392145727249543755221472223820343620970131388104704.000000,112.50,-22.61,267.86,181.11,11.97,10.65,79.40,18366,-8128,-52.43,-183.51,-6521
-0.000,0.000000,0.000000,-12.39,31.29,78.39,10.15,10.47,-289.25,-26.22,-30144,3970,235.92,183.67,1345
0.000,-40531185779644983518487379063344134097414782103143051452050600815381931567423046974501567063600221559566996963369279684308019908053589948315894846745305066908191681769178076276254159171933856596549837201828105107159502258184947814387886722105183335345221364936716738083660898144400107882850807709696.000000,0.000000,215.99,69.97,11.12,12.04,0.03,0.00,0.00,-15584,7711,183.68,-165.76,7457
112.800,0.000000,0.000000,3.23,11.48,11.52,289.32,26.21,-235.93,183.68,-10918,7456,-40.32,50.71,-13888
0.000,0.000000,0.000000,12.26,12.39,-79.36,52.42,183.50,183.69,-24.96,7457,4288,135.33,195.37,-10841
0.000,0.000000,0.000000,11.12,209.94,78.64,-52.43,183.69,-199.04,-187.59,-2112,2588,-296.16,74.57,14299
-18375741306851887674985249621622796011145708552682098921453131939706080649962136521646432797055836113691298074239495925513259192789212458099665486879983854653352529039679993949817693390988086452056869503102375836931808931362762213731898228736.000,-72043120088404543116929340504370152742299977962265952769618086927966135669180403637598541315845933573030046011362714490469757910319435006616767828895539188662731600677542934520715776037895924980694827757497093979122336831959612051224428356358414286100365312.000000,0.000000,-156.16,104.85,-288.36,183.70,-206.72,-211.23,228.57,-31005,12397,74.57,-179.84,23603
-27680204786754440576238954595168271458969329604415766805369793380319680936958170068435807283869253423531912501054939725018131641089173932807901823714995800277708095742320778350131471107329478485570804389795353191158716803647339208500051968.000,0.000000,0.000000,131.07,131.07,183.71,44.16,-7.45,-123.45,74.56,14340,23603,-161.92,-317.10,-19904
-8321174341558740322226199198882333460529152.000,0.000000,0.000000,-104.86,183.71,-304.00,67.35,45.31,74.57,257.92,23603,26432,-26.01,114.03,-14080
0.000,0.000000,80298912928112997305672370565513563371061211218995075268117598405332971029818250983964535666986383600030433483868188402488444894923178801241505161583356700406338567789080670702811890981927960870265756084144406186378137112467094396103002936931787416366397180946586917329511026876481536.000000,183.72,-76.16,-47.14,-6.13,74.56,257.92,318.03,18752,-20735,151.47,236.03,-29687
-46090930735087935327140887408518617418854989882290326845367901012664806596997319529007250720991126977110049211615119491054587004475595999283304275792095506978716239036770831252973558252942734281560934966375954988943653342704730158222515340667810553000851275141820399063209783881511546916459609216516096.000,0.000000,56146590541954594108191965672401534976.000000,-273.28,-202.48,295.97,74.57,-259.20,-147.11,135.37,3840,5132,236.03,200.32,-26613
0.000,-307761506971412553408604622921119028713869333330985388061592314267483442187794954355474645563826222902723785068743280732811359290492025250329679076088782231712860345666826676380063181939446379515193430263264168664943756274253173502752303611901902254134871982080.000000,-247088683643306143739486720666737916637228083630726866713010508296946339821425524736.000000,106.26,221.39,74.57,19.84,-123.46,136.29,236.03,24842,-2,26.24,-151.03,-559
215538.130,190347099328598092715779220638473384844849434546667454339560219427347349098270411744059836386017058765296946913542238254637489081866351963130297376353183376698905619199328210289065721856.000000,-0.000000,7.91,74.58,191.36,208.72,107.51,236.03,149.12,32498,3337,40.97,99.80,24534
0.000,0.000000,10597229231754124103944798168157091923922843149889617042697463958183500479316727036664608555700250120213034457981773972959217852681658170496355284429189280340627993994828458770608766972305108710310186039635744701076670381290075137856615655629812720557038881346893683577703522945609144076127827642023936.000000,74.57,-220.80,270.97,139.45,236.03,-76.16,40.96,-8682,16386,222.67,53.81,-2760
0.000,62952237880374389453248855737548931072.000000,0.000000,-282.24,-249.26,123.82,236.03,-27.52,112.64,-192.13,8501,-14023,-117.73,89.13,28414
-0.000,0.000000,-37641354395194548289465013095428515112598961393370178144177459049511333167529012490424964729182286010746020068672497811281128262860350872083740130509074358160291991183262843391267005492305550376960.000000,130.90,126.69,236.03,-193.92,-71.68,115.24,-215.07,-27334,-29949,218.08,7.64,6424
-0.000,0.000000,-0.000000,104.51,236.03,-245.12,153.60,-243.34,4.98,-168.77,-12802,-28661,-71.98,-224.70,-1468
-0.000,2622194153677397746001468661533910130048188284928.000000,0.000000,236.03,-209.28,-291.84,61.36,97.27,159.27,-151.65,8733,2337,269.39,-189.39,14852
69757885218791814170331345240799051776.000,0.000000,13958872415039720756378982697579257260631298490334786703550561721968311180664077739252684500883721586185749971064817213110126976276889600.000000,-168.32,20.48,-7.67,240.68,-225.02,-232.77,259.16,-28626,4356,222.80,169.06,4
-0.000,-0.000000,0.000000,161.28,117.75,40.98,71.35,-312.05,-83.87,256.04,18692,260,-81.61,325.65,20972
0.000,-2048841802035415717454497063168252673994118228928662944079530355747051627702166716485834526638109198365712176739263225556253577402685830624504606199348271459030731949298494502237960444143513923170216467856171220046530767187324808616612204044828701729065939355578225459552627548970597171084115180452315136.000000,2.159302,-235.40,-153.56,-220.10,263.74,-181.14,-233.08,49.08,260,-28836,-73.48,-325.08,-2622
-0.000,0.000000,157288824498085638756291829123104262584764892470801725215445376683550806956487079860512159030523501540778728618009300919429999900460220788404532885166484231219141452352888289676360024086142002729246334430710622028228613809193567259721728.000000,150.90,89.91,184.48,146.55,289.38,210.35,49.14,-13107,-13108,317.48,7.72,-13108
0.000,13949177425148109401862719464384392851044236333272353969146538698012887214243492883106853162034337255147448411545003180432873958901022720.000000,-0.000000,-4.65,106.92,103.04,53.71,134.08,300.55,284.20,-23593,-12944,7.72,26.21,16455
31136189943215012177348594257207892577511903840038326662582250484333894200459990799138515064030560489896542044372063378119446775581331349756197833940186577877288759901290496.000,-0.000000,-4355083106857649431943808511207723883176763854131350453514521755672781582241466532875217105614117627321284742595674296912696715921685043756419614237470004326441558090049635820072787964715484915659316951987911378091561588806176231901736921700518330368.000000,27.99,-309.11,63.94,-147.73,161.75,-304.60,7.72,-12780,16455,183.50,314.57,28234
-17808875460022913592887735840297260522894579041582771715116089920410500359741630420079441753439037156928032935634031430677805717850089886656608088936073237877812314415914651929360735725534451906559735845256155910660918248185847092112952167570761562071236507782826041721463175844462592.000,-6725556363761990776793031191234091385296918145308339362384839511717045155819082787199911269327793471191749383126534133488386493483081497619464192.000000,-43142254383361613228247898084887229115141578198761212356767688008718235533721461580245183844446124511977278111710513828000308787704120055197981212777738230076851862667783188374859686078723025337154397666279424.000000,164.49,-138.28,-104.90,12.82,194.60,0.04,-314.57,16455,6126,209.71,-126.16,5165
0.000,-0.000000,-1481310260330931238251103932400348966870012167444102655127896178260359818010726735558118328128744437320903141581914112.000000,53.86,-134.76,-1.95,304.67,0.04,-157.29,104.85,-5033,18609,-124.52,164.55,8626
13914098917669810932581895269366215475916806266839991263928827602293311423685037619854423153078041344131325410100979723719089452981682176.000,-9730631612170781127780143481268658340934354804552802074764779734505668609901320130857807294899655901663473832810653412464511864829033711584063843678968206070923114202186389640473053219450383790079226367408196203568359868268411716225854221810642790637784336592368010860714394835979794202767678982070468608.000000,0.000000,177.68,323.68,-74.20,0.04,0.00,0.00,-122.88,28527,8765,164.55,47.70,-16355
0.000,0.000003,1528604641312951952284218316006547783680.000000,248.62,-266.20,2.60,157.29,-104.86,-121.25,164.55,8600,-16355,-28.77,208.86,-7057
-0.000,151304607232446708372937824941441766166027993855706817914899324438575728567532219005241639098156021318121559341865833417337232553404572472671695177615079207066650401952031900821072633221120225010473591812479744553627243520196608.000000,7692781122011835316393201811825407334815306445288378591285202094010540550286868720364035986309846276492112899352747300957387523246229333731388153146823316009658873645879495912977551553110999060060706511024256438438638581731469106311929607872026336927207251969073977138815696896.000000,-163.80,2.60,314.57,-209.72,-119.61,164.55,-149.02,-16355,-29377,225.52,86.47,-3205
-0.000,168435255555346191655491244070310514239075413746839849501935440596590634739321439580496903946715182186513480430181216448057490537823418085633025696676792809915141245108224.000000,0.000000,0.04,-183.50,-314.58,-117.97,164.55,-252.11,246.27,30305,-26202,86.93,-163.55,13082
0.000,0.000000,0.000000,-26.21,235.92,-116.33,164.55,19.18,-155.26,87.94,31568,13085,-163.55,234.00,16476
-0.000,-0.000000,0.000000,131.07,-114.69,164.55,-13.51,302.88,88.10,-163.55,13077,16476,249.66,-322.58,237
-25846431546268354607679942396711915292708957351914572375353755670893440453157345316404825099799548798773091067086938691664909480519505632134361583373433344494410208791023523454530465172821893331102329085719287558370534093760062983361351846384264806400.000,0.000000,0.000000,-113.05,164.55,-311.97,172.22,88.33,-163.55,-320.36,16476,296,-17.93,130.91,3592
96954143750494379199042523299501207413058862628336055489711342940519028315241879954292065154555659887873394438215126597916960775039732687757099176192602536118307373001547341888169314995088346886413760814007874727234309358564724004993004749790321474684321792.000,-23711595667037528761667664636178207475420062676619642295177423790470041031931153627547650806071737903480832.000000,-918645304405139299554873665405319501819567811710423216190684289954137896269968324948580429335625728.000000,164.55,203.04,142.96,86.43,-163.55,207.13,259.28,306,-1222,130.84,164.76,-2280
0.000,0.000000,47.665000,-155.50,309.40,87.18,-163.55,-14.68,250.14,130.89,-914,-2868,164.76,2.41,-15623
-31060338157874618348706836120930920758703052673475667325224777354941415074977751937309139918071943469530027565843036596801651073506666967931382491661576211704516341327827020227404713718868217140617171093334091710240712032597951137223427393692044953684995919909869674640534707893849013101663354880.000,0.000000,0.000000,35.16,86.01,-163.55,-174.65,31.33,130.78,164.76,-614,9708,1.10,-24.52,-4273
8261143925683824219369751416116531975490261006377446381476760686996743950710273673751694519178580820614383824759509884299848629178264202144862593088303020391160299666487739623487597702980357571425426657900640593905623485388736869458509824.000,190359804764522597997011474752633984409132679367584844320915599998643683966052329314599964476280672897546981745612624916957055711040686496185671066042269656893320468906729382556400091136.000000,-0.000000,87.69,-163.55,237.79,-93.15,130.73,164.76,3.16,1528,11729,27.74,-31.77,19800
-19494802168167582456691495400485042844226662351469424323508114488940266934520250368.000,-1972024235902970135726125402396585793334183419941816889259304259100170611797887766020167825983767541399815192576.000000,0.000000,-163.55,-115.13,-153.45,130.74,164.76,1.69,-7.12,-14201,20025,-6.99,-146.88,1873
0.000,47.685000,-7.283504,-134.19,-167.44,130.74,164.76,1.77,-12.19,16.30,20250,-347,-33.40,41.93,18092
0.000,1756240828497138134421524803391863987560277042706696087535661379558053115467416716967936.000000,0.000000,-27.92,130.77,164.76,3.39,28.31,-23.18,5.43,-3059,15292,105.30,204.75,473
-4310085681294.502,-0.000000,0.000000,130.80,164.76,0.54,-22.86,15.27,-6.16,27.96,18600,26537,207.00,32.07,1049
-4230758200273285403955902389338428897937894394590540539623087028124185606558753753312441829198468337951189812295030701817856.000,0.000000,0.000000,164.76,1.02,17.74,-3.73,176.45,90.31,209.25,14938,1002,30.14,96.50,1159
47.705,-7.282743,112.797402,1.56,30.80,24.13,-35.57,173.41,211.50,-25.91,1182,1049,174.36,147.58,31490
-5568330203519301795368605863831933367011837804287695479512300348887346745012496616951818145983622970684595360192989757440.000,-18148706159661949233861284872171862612982302282067989827877562289686099293362748905310899186560685879092885980730860356747377488413065368746166151437743210256876074436126965942902383713540310953049253715893096793042453265069694830772910189721598915222436628369285403039914270680453800233013396635648.000000,0.000000,-11.19,5.42,103.40,140.75,213.75,-19.67,115.64,1025,-5120,181.47,10.04,-18351
0.000,24123137365986414265626084088610760197067260232450969541135040512.000000,-618815943727221510825662018256909270660600622829081693623497559041643585797158411701097058913477814842501684208249571517405980423148421525810397817100976021360311702938943341091436349832350186060936760304767837701547395648732082789112325719747512542906648771488293870468620505490832580354768896.000000,6.32,-178.20,168.84,216.00,20.10,103.36,210.34,23552,-15729,10.25,11.74,10485
0.000,0.000000,-134034881471331144282535651633174470487675966454474542036319095348747964319070361093350046615359610636294766391954772262075286185634486076332190945897330801498575179391731480504836262852803774832824030841220535378355560203965219974905046116598648449047229020241920.000000,-5.37,-64.10,218.25,34.42,126.53,105.51,10.27,-13108,-13108,10.23,-130.54,18396
-7.283,112.797534,-10781373364802518440129805374295872860944718977587507075080802432441920391717404848698379483429125655370283351588278100705151706166010727650588619793379771165647654453518464995742564982747841259337927306918142278020919239853066577959186775694021364356743168.000000,46.69,220.50,2.78,51.57,291.65,10.72,10.69,28835,18397,156.16,-104.86,22336
-0.000,0.000000,7784501019.684429,222.75,24.03,266.84,7.94,11.69,12.06,-209.90,18398,-25792,-78.65,52.42,21350
0.000,-1481405800548939750338361551595489146690354152921252768490955807203367451468755031314393459894708426998902565332262810617042227522917292975333961076321922711826961109706380125036169652715325976987210806627418906886268433161464120821651088340966073295478931746834996761952966803202520156995584.000000,25819464307778887100339549205137285098849798317820640669620986673271835840108581043374963304284533556116411803238400.000000,13.77,133.65,32.58,10.83,11.96,79.36,-52.43,-192,-16839,-183.51,183.98,-16506
0.000,0.000000,0.000000,54.31,143.57,12.35,10.39,-289.28,-26.22,235.92,28116,21999,183.99,-165.76,7457
112.797,-4658170141390774025728290071861615983568592500030646546771225831990531473493486107319449441719854522481306984070922718188706689400381919510840591604062446607041242153364930407686977281779537675681498322876892506292631790838911860736.000000,0.000000,269.75,10.06,10.51,0.03,0.00,0.00,184.00,17541,7457,126.08,-308.44,-10816
0.000,66501017554130109988864.000000,1993372507876868009502739732402304284272356321511862272362905403184321106021865902706386253730588525187140205854609089882432929259003883011312885193124406131217061499204238205251849664515103778296068461828534814433176748546710894018560.000000,11.49,10.75,289.31,26.21,-235.93,184.00,144.00,7457,-9536,213.23,-256.47,-26674
-261404052834785643840918770857892265445248721788468625821804023286384426999936313355639563974765759416816142266920515649598786412321464156137156917208062904015877910483705724082021904313641700271883677000149628220044563308501741264633270005360925858548577992704.000,2210192910226097637950469861667785754788405732161229938572739524924554834796598026870703220907933574533632947935199796764735480791040.000000,0.000000,10.13,-79.33,52.42,183.50,184.01,-83.84,318.51,31168,-20534,-47.04,74.56,1942
-4672081628450167351449323589324208402293362326144215350872004149244911611923382211742015639850412199768253637505858120848538763979763987540503066879403036058240302286415420195801592089013154028689044517738350255065198748316143247732005275789129374933224695791616.000,0.000000,0.000000,209.93,78.64,-52.43,184.01,100.48,-128.27,50.33,-6919,2541,74.57,-133.76,23603
-14260482680832.008,0.000000,-563623199115129.250000,104.85,-288.36,184.02,-104.32,87.25,-76.66,74.56,202,23603,37.76,131.26,-20416
14601892561806288.000,0.000000,0.000000,131.07,184.03,-211.84,57.72,-3.17,74.56,-95.36,23603,-12224,-315.02,4.60,32256
180255801554026651086916514219146757593881624014285978082920484595829475799057114770624055055796528668048898429310240331607882651719963360203280220160.000,0.000000,-1972024236673012686058936775290732673603662483225123293909578792541008634792268377141620770031995580399233269760.000000,184.03,8.32,237.07,-256.99,74.57,-277.12,104.97,10304,-256,25.16,236.03,2825
-1765338451205127290294564885591463690896531070169678892302560625369984814019670006595096098465603185579622452245949534815775644479612333648979966123756308418812007041644949337570862351289244512876758497413560854731885186087013827289249750935164911601615731840784531456.000,0.000000,217780714829396125457139880408947621888.000000,-298.88,278.18,315.34,74.57,78.72,34.07,-9.37,-768,-13310,236.02,213.12,-23052
5374152461190857342622459153722959756968919451451464171307588407574386073638226348601678551262278370914999934439179637179249370768533708926324962285569703936.000,-0.000000,3770384920091905699707286897758189099880705525229493537748323896977525322022912.000000,16.95,-232.73,74.56,-277.12,119.42,21.81,236.03,30730,1529,254.08,79.36,21962
6135652232654052757865230240003534811167761475340375487948368380881851640679492328053066028116530959023268319574101157163962841134147283143338075879722774676314282976965819622778445353714154194833522267195063458405524039248601366700800143776655867904.000,9071304719288222462473508300561823227451618815499828703915881718434063619051058108497444245013811390598664741542651437407957218351906816.000000,0.000000,-98.89,74.56,-131.20,80.15,2.40,236.03,218.24,-25358,-17693,325.12,240.55,28869
0.000,190359856426904315048837996676112604304889766725149496418376264134421312034073994920321265898102248756403170226498894324717301704111336808855092535453552475970846214334934200181841723392.000000,-0.000000,74.56,-54.40,-96.48,-20.63,236.02,169.60,-135.68,16172,20785,-168.88,-53.77,31843
0.000,245003304183075382395231166583860625408.000000,0.000000,147.84,-192.96,5.84,236.03,-263.04,-312.32,153.49,12804,26468,158.70,156.22,-16387
766294108526965240202793220302650212352.000,-0.000000,0.000000,104.80,2.62,236.03,243.84,-209.92,74.19,258.43,20325,-13815,92.44,50.94,3677
-0.000,0.000000,-1095720036610.576050,15.08,236.03,179.84,-279.03,-38.48,171.38,309.92,-31498,-5360,-28.59,326.13,18514
-17835457582821323669431670110016415448609622099021957859916286845178919003309589442138805905422787641949503988504099179391732000840829732734121859060755714505306317250722204365523443558831198200862803481551849823293323262157274268284368504968543757123039789056.000,0.000000,-270672756890811935088497424230220123011023503386242345642698642155159394777550940624266652704639110487931637256728649180094434940293374788252133305084533182141399680624080492139872497257928546230913128696638438782790983543735374233226522880519899564167141441730151388381615929922212060987392.000000,236.02,-58.24,61.44,-92.06,163.80,-266.20,-107.91,-7333,-8434,-160.26,225.30,-19708
272225893536754714891186178673097048064.000,0.000000,13791177556157904247970595771621440580000250394435852950230382828137210364715763440045188054603572447288573301611674851037862306248654848.000000,-196.48,84.48,-38.25,48.57,245.75,-187.06,-231.93,49,19972,225.18,250.99,1028
-16193757631881999019894812964485947240893174141742514919237783689424333858013637051940864.000,-839428511782764345921060768114890633476084784493488758923729537606566237698324830980599805503745382012935910843971119134774829090698274266084045904816074000095782091058069278252282374699183089556011281135147618049510518296001854508202196992.000000,2144357.927385,181.77,140.66,-58.74,-202.11,-266.31,90.64,25.63,4099,4,233.13,-45.07,5243
635789383290079208710847224969482870847112647010932778199287799924021831824739151247257725786656573834638584828594976773011150302165346901467647110198223436162863837283100508929017376324528265077094398920472526086044806317032687580620640844841408790528.000,0.000000,715831047857604096023644623825522393088.000000,-69.06,0.12,324.86,309.73,1.05,-281.60,194.67,1028,20972,144.15,174.12,7864
-84857736330033907970295737403993936476226650600532978160052138377330099285336486004137211025908430941750914950471689654697493485629691332444543081599368994985341333621186946789571739184087474366858329481590176832564764387147746815522815229382079970365435954593792.000,-352665837542089722698345596771419517492380563090029511503543684327954805801510810075974307465094274549398887440836727038853099071593123506349678554631646446430395269572809107859994838994279634266663758413410390214875006793507465028185152773321708811336959601099685340460240313706495073631858589696.000000,0.000000,-92.09,-207.19,228.20,259.62,199.56,225.42,172.32,-28836,-2622,97.32,0.04,-5080
0.000,13804580383463682879481155124031985658208846249108096789621011226455738922013152442181843864919485186017894150977259229202017335059152896.000000,-15138186097706671583958629512261749975054415916834215562634522148248757245107503104.000000,215.67,150.52,6.19,-215.11,189.87,144.49,-230.36,-13108,-4916,7.72,-131.07,16455
0.000,-4024700938076970109594181020760486069017672773352962915122077659739844259959950801176299314729263546113806213296901787604785601905890838911709153892028936546932651555179267122409332067467966311046616490762495568817166849364618998402916890979413299778496241860608.000000,2745275878565154213188763227101639789473002651829411554715132056475242265832886448443987722202044235686568488730293876343377226634628040651187846644867836080869384606706844273712143026427985513876264378042446923231532154880.000000,69.36,72.76,-255.99,-277.99,197.42,-138.20,5.16,-4752,16455,26.21,-235.93,-6776
72567189441856822837248.000,-0.000000,-69680446062963820929837495605132741086564513198759620729980179281270328611789865700338452291232994601502493689135150286328271249566917020316781502885979117538080808666985189259515879395119541311743678214746858190058983341970450904610923859441989553720960638799200222534616706818994143815008256.000000,-21.96,-245.89,-314.61,-117.27,-110.04,10.28,183.50,16455,-28738,314.57,-45.88,-5488
-38230319131417567418382170139229829124518902567193966697617397077051506120117652661197430394196852295015798400153553977310624586071681601764679869675723162092691855597486470574201304040491058730974988573067269957558259300410683902207646507601293985901671281642199179427691180728358827640472688026433093632.000,-3108950771197471456300673783981523668571857493860908732426705581277872874121219982668715233699555516140569592116859225734699783140237637335017787475091993851247643444911665703521730933102249055730326982098944.000000,0.000000,-207.46,-55.55,-155.98,97.32,2.60,-314.57,209.71,24068,30558,-44.24,164.55,8158
13779453670402281950402755795427201229814221889917691890536336408598172150490356438016087099789480389592685955132897687209181636213080064.000,0.000000,2143967860777056195365000371829300112690686979360879518349982386811050036360681958363801030864245239640719319767776165061499421700508664253576657095982006144053488140255389964199526400.000000,88.07,197.17,-186.84,2.60,-157.29,104.85,-42.60,-26717,8155,164.55,112.00,-16355
0.000,0.000000,0.000000,16.23,222.76,5.16,0.00,0.00,-40.96,164.55,8028,-16355,208.39,165.17,319
135976.045,-0.000000,3169017088798266720723582849909824403680953880246312718151223093424459628937216.000000,156.20,5.16,157.29,-104.86,-39.33,164.55,-200.97,-16355,-30031,205.49,79.29,-9417
0.000,295427977468803462784988986978142489495484089228190929208392739528973949253383433340543656074438890935123871118520359960951915393511399656690722314357030174788764694924402392445952720896.000000,14116004231752335338656081716618920730127888480585044676051629050696287982377970320787170484934685318667435742883364645037222835410357143680820582750942994160126949603599029358424910112400291190715532854527406802731008.000000,7.72,314.57,-209.72,-37.69,164.55,-29.91,289.49,-6103,25633,80.23,-163.55,13055
0.000,-456223528916828254284652669659105715556448279276752853172866244995763097419070362467527574864089261909037501157061529245313318158746321136777734993330356717828793292042534912.000000,0.000000,-183.50,-314.58,-36.05,164.55,-120.54,84.58,79.21,31367,13053,-163.55,-296.28,16476
0.000,-411654764123063909967700795305278267209101126928533547389557162568247033086011922776173664896553297064215360984591728936798790882387635029652072197425246537788245753870540674792760394383360.000000,-18273361545338435650473380182602518796059114368270560001623288606291485381796272852698317843546665424361160650619005043761395216846182123664926633007365217624987672778908589314462385358274128414991648555755091764311446341770867143245145693174660662480622059520.000000,235.92,-34.41,164.55,83.42,-211.69,79.62,-163.55,13059,16476,227.12,159.44,113
0.000,-817591647798270585290297374975412690630282126035827838486137007737919191919802822173658025066454407302517701917026611888234803853463387595305803343276946511784386636926182087792394197760324867238643861343672198734069716103898864949112663620780321401087599837184.000000,0.000000,-32.77,164.55,-251.27,-93.82,79.85,-163.55,-261.36,16476,8,316.37,130.53,-3021
0.000,-0.000000,-10310005410669290361998220223684322632672708045964144183122121930488014654643428549567312689605357494093126777990934319823714863334755224665803706217559227494289853976219922882793351310640365464021750324023361800883561963705972696846506154768814047232.000000,164.55,303.45,-203.52,80.49,-163.55,186.07,166.12,15,-2370,130.51,164.76,1896
-8165743712.589,0.000000,47.910000,9.53,254.93,78.77,-163.55,-125.12,149.70,130.50,3852,21,164.76,1.92,8971
12006565522264028.000,-863314850333641464449085215861772899306559445969768399760173430841848043406606680383556923955558232138936839384526081179200065963913815958118281866711612574318339601771736934947144259677553848330403571103170560.000000,0.000000,144.95,79.27,-163.55,199.66,154.44,130.63,164.76,1168,11130,2.63,27.52,-7552
-801420844467643913178007828886261287871339153539729499631307703970270547287775054058042853826944658996463118065155386295874245356125954991094010317189289019779193413454932893252563677606923052534710378296611195871876517979721342370558156734464.000,-0.000000,133662893236843948620624519791393387745911560187293200786810818620089419730855927185309896714302077728273158905189129880371761416394277280893400624532960810369024.000000,79.27,-163.55,270.82,-279.76,130.55,164.76,2.02,17692,5364,-2.31,-19.64,30825
-0.000,-22042165505494378066658946691831691149820734088681062049704841161748505781819532872456550140295223908076973573198190792167288967070172912507414931502887659471502551956150750761379705458364815057557559018796612919914828585478469949160434100982259816982612270907392.000000,0.000000,-163.55,39.40,-164.66,130.54,164.76,1.08,7.40,-12323,31050,38.65,-95.90,-1817
0.000,47.930000,-7.279576,278.68,-29.27,130.65,164.76,1.43,23.49,22.29,31275,302,63.73,35.33,27395
-42191157559199333606158999019769662906457271655908843154118740585276823818340956092507906817073595278648634565912551658526131877288770703224594690314399121408000.000,-1293653379120378364266284779761970619215732305006863410175081810280935422132728919911201408328976094465947161517362381224325764438256166274371738904815026689103415198967430393546226505489184947438333925774791604445042344335385776056589642366976.000000,0.000000,124.46,130.64,164.76,0.28,38.61,-30.66,-124.99,2012,8128,102.93,315.00,2549
-867922225586804765032575926356392480326078346870621550468070823287720037903860151558690166688781196945752822268682446307578857240097843832162099211984847701701956319859663307770276507632977177804196053241561088.000,4840747580184811725940822262121204357128819480012654069621206187451750538254569439232.000000,-0.000000,130.54,164.76,2.09,-19.78,28.16,95.45,100.36,10015,4391,317.25,3.20,1201
-47086342133829645903350448016696710049444422739474411143295988451580960873178947186752553971872762964975841367484042760063024972481426079913645925628890541858845394583425819880138791278406451309353126082828311763332021003132832316204887595878248915969570357668490787160064000.000,0.000000,0.000000,164.76,1.17,-34.80,-14.06,140.28,41.20,319.50,12341,1097,1.98,103.40,1161
47.950,-7.279203,112.797557,0.39,13.13,16.72,-180.00,127.42,321.75,31.75,1142,1188,102.46,197.20,2560
0.008,27899708153163544468949508855712347598574162462438597682850002803046830855413909277372888121344.000000,0.000000,-18.55,20.00,-62.58,-26.09,324.00,8.78,157.56,1144,31491,22.34,10.67,-20972
-0.000,-110285538984499978104457500303083180840155413243004882532662509568.000000,-353256212874472893559685262579710971565418211354306323692705422915131630733590927737828026551028181190731640662856852926125287959021760066550792985862439110659951371123855398401191898798546462776611117692328043924231897450448253399229797771960955480374036360382419756846297745501192192.000000,7.19,102.66,-52.46,326.25,-31.55,258.01,238.39,-5118,-18351,12.49,10.40,-31458
0.000,0.000000,0.000000,20.50,-63.66,-326.86,-4.39,262.36,59.70,10.68,-15729,10485,11.77,235.53,18428
-7.280,112.797813,0.000000,58.30,-324.61,-20.73,296.74,114.96,10.29,11.28,-13108,18428,-130.56,-131.08,-31424
779191780414608081233590799494028271822434057264859159758259296150335980051104039426558482837537946580687487936065940589261869990925041664.000,0.000000,0.000007,-322.36,-21.45,220.65,47.50,11.81,11.18,156.18,18429,-12736,-104.86,288.35,-16856
146034400.057,-196817812104618473349480152302300391902840728491268713997055662589331075293008549571275104274167873857611769795935907607272682368594126218750652024429102085647794552479272417272599446014966024986056043868944670402035671146747318369323934972241020366868417821540352.000000,-0.000000,-26.70,19.88,152.60,12.10,11.09,-209.89,-78.65,320,16665,52.42,184.30,-23610
0.000,-1767177691730086597494677492683128542203356733733191557952610876814304032688205165819020348596012405240759938139104767826006242975500301206015096581402482196660936358950197804030458499702671163377801182449540350725496944841533226937379840036550205793416094725177344.000000,-5031912181423463654057635838601041596025182185553667324161430881028391717519710862742833331586996576062520568438723613157946307891607701813113362245115056533247596547964900845280683318424091395835485267016510589323264443748612848128621353353289277792501663390780365032770174575258383365082972160.000000,60.92,135.23,11.12,10.28,79.40,-52.43,-183.51,14285,-2424,184.30,-147.84,7453
112.798,-6528854884987428473887687757378069530270741683932774386248791899504931566652197487723565365721665191487331458901487304243214738113384029331352302973538308427087872.000000,0.000000,133.21,11.54,12.45,-289.27,-26.22,235.92,184.31,6170,7454,241.28,-134.23,-9536
0.000,0.000000,0.000000,10.83,11.42,0.02,0.00,0.00,184.32,-17.28,7453,30400,265.09,308.06,-2891
-1772704760046087795892638478253337364703280731989552490863240998936555035185384827699210488572791486178676880671289704986500768134505441439483333131579412455905443351297665340869626175142543773260735531751874615964600562869066768378750076049967049361929679493499209859699056836608.000,-0.000000,0.000000,11.30,289.29,26.21,-235.93,184.32,274.56,-228.98,-27968,3287,240.34,74.53,5854
-1350124613293833648676854797552871693762015232069875941008114456791909798360604256257490088726710657233019340258343883194722730358279769812391193158934576716698525513159696290449119279602558939146788321565580229658877854393311769490859878207076012527793156915200.000,-611789183604256424223376734519441111515424914562051738671769841594594470866806676121042066171152166855228207770191762540777735408143108650561429864399868837171058986641652963861136642389090015148805760980318196101972810963032736656120291313851687920008353382874744881152.000000,0.000000,-79.36,52.42,183.50,184.33,254.08,-78.64,4.90,19030,6994,74.54,-172.16,23603
-14349609095396807311368357603692666394378152221164216058233722892018224366187561538724869903972835136853831675584755637124815484675855601755346169025656062194019192625829348167876453146215480891091395883244180809128136730928838147571712.000,0.000000,1120135500116429162262295386541611306365095955509876499999322337194198865213187407478784.000000,78.64,-52.43,184.33,254.08,280.77,150.54,74.53,4747,23603,-23.68,-131.92,-31168
0.000,0.000000,0.000000,-288.36,184.34,54.40,210.98,129.90,74.53,286.08,23603,-5824,176.38,92.01,11520
-0.000,0.000000,0.000000,184.35,-321.92,-122.33,52.41,74.54,-289.92,-23.57,8512,-9216,80.68,236.03,23051
-250792023769900695650862795487095538461317973290325046531224331920861065894684993483740977554027233647312875611397510659371418304622979297353356713734716412542951742543654592042062987971643163963436648419005955078193545981755652221272407555567572344927998989600900980684655458844628471036883501056.000,0.000000,843900269963934032436547808818100174848.000000,31.36,258.27,-143.53,74.53,63.36,174.30,91.43,-7680,-22012,236.03,-291.20,-4617
0.000,0.000000,-4842119138540076608399377720154891175724770989583815726318404854248977309531025411992174477850181352838876872221092624392192968468447664524076006262046837549421086621691168151799467242347877991976044825839556135754436393120482804219393856857097514747974196752213396008680021110856613888.000000,-201.63,-273.14,74.55,257.92,198.89,66.98,236.03,-2041,-26627,133.76,-133.11,31266
0.000,427691650824335729930902244095606874544507570612285478760161141274402303962194036916224.000000,-0.000000,278.73,74.55,-307.84,-111.20,82.16,236.03,18.56,-18187,-566,-158.72,23.13,-7871
0.000,-4310085582880.592285,322293726958249906955817003909614842209585428759888302506858083485041339530875004790268609097296050021610873927719124504903095774599105137210067340728235936403851700463848915612874628435064964989086833967834351182225854248585103951697105073576532845348865611925753479460403882938575282585150160896.000000,74.55,99.20,-262.81,67.85,236.03,-37.76,25.60,-15560,-15681,30.67,212.35,-25599
0.000,952790627378612374562685285384161591296.000000,0.000000,-105.60,85.77,85.95,236.03,156.80,268.80,-74.24,-23798,9986,-189.39,-177.09,-28672
-1278943147556449807237997034227527117137120051290408411065299429013699967960225647168537698281371103365875892224.000,-5510598913913794774474914363732926539708956932289742545690342378600976774272708339350340122341241433962521735635932291134390272.000000,-9973934816912845473394458624.000000,317.86,76.51,236.03,59.52,-215.03,153.71,104.92,-28157,27910,79.52,-315.09,2374
80304935623989620788692501121110860647088918357730758033224540531967761619045947911107099342093206254818586759051105262378539697691708556529374939439022108974455753917508058782644982199334844860619710919736470438455327587679549145977496577588068767883292754273830692300404635870429184.000,-0.000000,-311982156426561639059621641956400089613735376838763385457993284470866645024185297076047223585378779417138447980140879614418301188810689421512268333425859276844199009292960212350008465460125459889001733316979378518655842662594986862306797027608057089125399937417216.000000,111.76,236.03,-263.04,-71.68,243.05,307.35,289.95,9206,-18103,260.56,-79.32,10511
427697983016057008273976338216654355730117440809021712820275996969363199410046018519040.000,0.000000,0.000000,236.03,202.88,61.44,125.58,76.86,-87.53,179.58,-24544,30060,156.21,238.11,-22012
1061680984793329855662232785569754120192.000,0.000000,13910653777400121783141469162195571467852393826777800535442845843012635872917536261930725393687956929882543018235894099520822964108918784.000000,77.44,-309.75,-217.45,-133.07,-302.53,101.82,-263.62,-5364,3331,-199.59,-53.67,260
-0.000,0.000000,-4024701466438435062886121273109186122701645603939019248863079911886881175901761848468107539860291419276108789594113410143311784764701891074477588686902765220769136299672829580641541748347125478925752264319493450475342711364247723273431227820590417265120222642176.000000,309.76,-286.72,176.62,-268.34,21.01,245.83,-227.84,27652,772,-286.09,-265.63,-10486
-0.000,8332424433332941883033047079309129231195949036079138231940743692288.000000,0.000000,-58.90,-133.22,274.46,-58.46,-184.25,258.50,-157.70,260,5243,-285.91,-151.00,18350
-0.000,0.000000,-0.000000,135.65,176.25,-135.94,-220.08,-179.34,128.42,82.03,20972,7864,-79.32,5.16,2949
0.000,13923201605755201827367850384361262265811422362899449960069770629189742809878971977874488041774714424442453518773798416047655274323902464.000000,-6655112477865533535546133719285760.000000,276.53,-216.97,-5.03,-279.00,57.33,-27.49,56.35,-2622,3112,0.04,-288.36,16456
-0.000,0.000000,-947452.347622,-295.02,-202.14,-163.91,290.18,-174.01,-176.60,2.60,3276,16456,-131.07,-131.08,11458
0.000,-342613030075982176749303455002269236510625988080004126194077958396360526095077392117108698125135468937961415417057777475911680.000000,55517815017796401041998091806001004388340332354521877186277746754505833328180829836170731285356847885709265786697059531514195994475471630332109946743875381561279296996618479097216187378248634201639151618464091411557908480.000000,248.43,-30.78,210.56,-234.70,-56.28,5.16,26.21,16456,23276,-235.93,34.40,-19530
0.000,-37253948332028279278571200964487926809522378077573611995689581411421782368098062414569368826690271379698515408098846982073172566751984178110586454594982032905612627307506965799999813739646951297715126488215786330326679981977917322171290241868392875064127742828541427793298403356165808324608.000000,360033321847058643832939474705491938786342873345530639508390695694550331572255290619034856830847042912145805803533941384990695759304666061232445255337727454806591534296027614387781696156465447810819735752878975457481726134976427509940224.000000,-238.22,-71.00,-268.40,89.64,5.16,183.50,314.57,25229,-19812,36.04,164.56,8031
13933368628819725264146151180517870485192768999367171365973667695473220642531153473294282354687275918636288094438718647879023051659018240.000,-142332288958087601604528691923163195736166012442087115219701771700113701397292764380342264949559538651921051245228672153631727008061650633051520146595437710866766602793640726622386353133129522326263004727475175424.000000,0.000000,-165.73,-7.24,-291.81,2.60,-314.57,209.71,37.68,-28930,7996,164.56,-306.23,-16355
57811787622030890526787669919442905073673059325596189284900938422622879744.000,15471770580283154159551390510618060363188003874022858119524900673909828871721875345723908718169132926367449931372155402751334955719434992385793896877821429608403457951227070866030189046034071552.000000,-0.000000,-299.07,-133.08,2.60,-157.29,104.85,39.32,164.56,7885,-16355,-44.78,-236.51,31394
-6387163698641331852270329281627487950371731460151244615702993864502408065789781229572981438255134884518697847766624685757838038669623062041722880.000,-2343287511983854191749958708482533629037068486642710529841342760100061422915565360570903164432463900326819793514932773228801258455714004564460331686670458745636236555998253621786005335852349741103983771204844187249358409336395248256942080.000000,5247020070497396218907357272757913471644912373410476365259262292790192049666913123468728486976655143111660485225538926094143138217582544792195621872909781608104460288.000000,-5.08,0.03,0.00,0.00,40.96,164.56,-14.85,-16355,-8064,-293.87,80.84,-28787
232158203240819123708643638873102213355503776545965938534466014778416916934103824055288360331220517909265756126847062260093233926391937822065933942784.000,-1738328822294943054366302962929668426882893959292527118234187416431373638735301416240478150803773938064833279780298524902296685430332197860662942455346195136743174631047129539014760103619436940137169854997983787307283181417357848952783106830499840.000000,-0.000000,0.04,157.29,-104.86,42.59,164.56,99.05,-258.79,-7770,-10610,79.95,-163.55,13096
-7872887551606995513181008036739366314948853530398487056544503117480481731831549663720591045133049371338645016204899553538692511983574984510904575167158685681592412640333068524126835438618935296.000,1117891583078816941676098745150885330944.000000,0.000000,314.57,-209.72,44.23,164.56,-292.42,-132.56,79.85,16011,13104,-163.55,210.75,16476
-0.000,0.000000,-0.000000,-314.58,45.87,164.56,-255.28,215.80,80.70,-163.55,13102,16476,89.11,-276.80,300
100719834026055726933233828496105416164507150143779862770566095459227407130327150287062321516869524291431171652034782289938212472393999377474046986650399073688692210898189329258958096541589002370383268079284294471951945911472283681477349730422232596162466021376.000,2011912788402144826871176075696530162203687968707864569673450054874382591981782692103204346983776735058516324655065030208573991555619279839652784649469338475498606370243242357437843055866807010716121300992.000000,9070949806172315572779631432406142069877050027519270194007059966852828866617792725105464605718553915495914927187290270487786101869117440.000000,47.51,164.56,147.59,109.25,79.84,-163.55,-212.86,16476,274,-282.97,131.02,2460
-5844188667821461432434688.000,6940800686051239505967117338957989953552306663294299992529901030168557992806941079834413048872720067962816034215863801908954769202686094795047066283124827958413175155236518686506649397609615310049060327904472630249237281704911306291462071119092306848241187988989217176291019050173966524712871539771441152.000000,0.000000,164.56,-150.38,-286.35,79.59,-163.55,-36.05,99.27,226,930,131.00,164.76,-295
23428080940324466688.000,0.000000,48.155000,78.42,103.20,81.83,-163.55,-117.90,-27.84,131.08,255,-1189,164.76,0.88,4449
455614393397974743133837682346262888285398447650896813713399582836772359732256150229263332291611424797197433950699106546965727448079491618913680462691340751609048315978205404250149933559778685295997978644627197447124538237428055278577187096106223172024860147712.000,-0.000000,-0.000000,39.64,81.07,-163.55,262.38,-106.63,131.00,164.76,-624,-13477,2.08,3.51,9359
-89509198085.801,-0.000000,0.000000,81.72,-163.55,-61.50,-238.23,131.13,164.76,1.11,-6455,-14381,16.00,-29.88,5850
-0.000,0.000000,0.000000,-163.55,137.47,-185.16,131.13,164.76,0.15,-24.79,-4393,6075,3.21,107.89,393
0.000,48.175000,-7.280997,86.69,277.20,131.01,164.76,2.68,-10.74,-28.84,6300,1998,-27.79,-104.95,27726
-0.000,135509484367530569782596251729633975900513245222814025719249307709972407947938499267708626497027811835904.000000,0.000000,234.00,131.07,164.76,0.59,-8.47,-35.62,61.93,2257,24110,-173.62,65.25,11514
0.000,0.000000,0.000000,131.12,164.76,0.24,38.24,29.89,46.43,128.90,15497,20038,67.50,-21.60,1196
0.000,0.000000,0.000000,164.76,1.18,-12.81,20.25,-37.42,-156.78,69.75,29057,1005,-29.58,134.99,1064
48.195,-7.281113,112.800045,0.98,14.37,10.08,-52.43,36.15,72.00,-2.85,1124,1034,220.95,177.13,-26110
-0.000,-321987759354637745562640954949632.000000,0.000000,-25.52,21.39,135.56,-24.63,74.25,2.90,64.69,1010,2564,231.56,11.90,-23593
-32812654388077966720460515540550813487927404105131241933201034579621455123946222058972117077021434471465960093511351825055350784.000,17169173717456808653070974329430495963677507415602803777075369746839579293841588386524857816526610912192465065417663342208209187296934880585891386052757812522363017075901475098231234485026816.000000,-2321725404090671340315284875262619494971030968040769595738739584281968044665091587516501744819953992197590117440750470868838437857112443599380521379303053318604034990780424151231925814268413384344023749827682777417769867794517852389260867356471022324832875567328002048.000000,0.47,-124.06,15.83,76.50,-6.64,202.25,279.97,31491,-20972,10.83,11.17,-7865
0.000,0.000000,0.000000,-41.80,-165.90,78.75,26.03,266.39,191.74,12.56,-18351,-31458,10.12,-51.16,18459
-7.281,112.799779,0.000000,59.48,81.00,-3.06,144.91,226.29,11.67,11.95,10485,18460,235.55,-157.29,-29632
-159389286160789526896240037282849395394448554756000762745819454367539622057320490637748793687317773126378327293135493019089460828784951289422384760536175328056976108721627023774842822057333653552255644444803430214889129773591311599083506441652909515667560174661264379595789696131998210357803251769802752.000,0.000000,-21785358064322854742247791254169910440433390369807442827982089680664961880312697472471482865851677596638916205206517427997810036232835097099669056959146389647991056437800173627604033306370488999112781270233980266377838614010815164917915428126088342588700646920956149760.000000,83.25,-10.13,147.28,80.11,12.08,11.41,-130.55,18460,7232,-131.08,-131.08,-13453
-25982481625513439970564018748075588036945707911070501451026912147335387365181305630199887442304662976273976424001982459669109731023839952844103580305995442939916166804613388156866791571262519515707151592023602190067218419703321887532454277738770925104004961943642281355328163414016.000,0.000000,0.000000,-12.17,64.05,46.54,10.30,10.45,156.19,-104.86,-15552,16857,288.35,184.61,25168
0.000,0.000000,0.000000,66.96,214.67,10.83,11.48,-209.88,-78.65,52.42,11928,-5436,184.62,-260.48,7455
112.801,-48199022994629961191356457720211977988047289924429260606378808321196178423152640.000000,0.000000,96.60,12.28,12.11,79.40,-52.43,-183.51,184.62,-14349,7456,184.96,140.75,-832
0.000,-2166180638477399896670461608265764025713227825858870159645605888.000000,3237883464749572.500000,11.39,10.84,-289.26,-26.22,235.92,184.63,277.12,7455,-4928,112.63,-61.61,22847
0.000,0.000000,0.000000,10.25,0.02,0.00,0.00,184.64,113.28,223.91,13504,17098,-215.63,74.56,14445
0.000,0.000000,0.000000,289.32,26.21,-235.93,184.64,-65.92,-50.88,199.19,13415,13267,74.56,263.04,23603
46013634004189217520877568.000,0.000000,-1978814824472929073213137180813046484820270587509349971000079042016851136541538029545730579897998150706414268734100060572383099437393202655479071339504472162304.000000,52.42,183.50,184.65,-232.32,-157.29,-137.40,74.56,16365,23603,-320.64,-32.87,21568
0.000,0.000000,0.000000,-52.43,184.65,-145.28,130.67,155.13,74.56,-77.44,23603,-14272,-113.02,158.93,-2304
0.000,0.000000,-0.000000,184.66,-260.48,76.83,-124.71,74.56,273.28,-291.75,-15552,-26880,153.65,236.03,-6661
-1651733801381913771102838968091642681663111811143845112553355965924502585878081535956088437318663633313140889504417518453416609406732281315297307532368801008927739789725244112142683583071413870456558731818729820906151306986787723845024732543837254902087680.000,0.000000,3266710722440980718599053326096451764224.000000,169.60,-308.46,304.29,74.56,119.68,7.48,164.21,-9727,15859,236.03,62.08,25587
0.000,-0.000000,0.000000,37.07,-172.73,74.56,206.72,222.76,141.86,236.03,7686,30712,-283.52,263.68,-31804
4436327004271121584301397941655151802210875265486475811843482414457327688245618317830581446234571581423339140454397517376168292041883648.000,19990353236435449297675226285384663040.000000,-0.000000,-36.05,74.56,-3.20,-93.70,148.64,236.03,156.80,-26627,24876,-151.04,15.38,-3385
0.000,0.000000,124068515564533399552.000000,74.57,316.80,-35.07,123.99,236.03,284.80,115.20,-20969,-11503,-235.55,232.85,29484
0.000,3702272152099850038534333519524234526720.000000,0.000000,-51.84,-69.07,149.57,236.03,305.28,-261.12,156.06,-19240,10541,48.52,174.14,8452
2126693623455452577507125360967182900949156550916135010870401367186685724523068645437937646259221235864013256543752654652877542775598576595139682504774483615890971943551682781764386816.000,0.000000,0.000000,-111.26,127.19,236.03,-211.84,138.24,22.92,56.44,14638,20468,41.34,-271.44,-28557
3942625814796931506335749612131926943553296864211952296173716112254812273265466059302707988486724452692530914504860760534494895095772230655579538069317200238512432789350431220628487406311319359505985514494538546207560578881904286105600.000,208054873444872633072887549980560266022072252667936743243998437808526894002134561489471456091768897467512529207151762259410220042411186670813507021622856676819287135197668183861091868892703469403093176478326429264136896382514345482673091306722447984773267749284683222037749313112287433321751283128231526400.000000,393.921903,135.75,236.03,87.68,-107.52,268.75,-143.41,-114.95,20985,3102,302.09,-183.85,-12718
-0.000,0.006072,0.000000,236.03,44.16,-232.95,23.14,43.59,-200.10,224.88,31317,-930,-14.88,-122.89,-12797
4137833581758563407038883425788480192512.000,0.000000,13975173843578476647317662505442717391005097585876701724378274620455203946878914185328457451270685080205569390130380752650131254246637568.000000,-188.80,-307.20,-15.44,-204.68,118.24,145.90,205.29,-25066,-15868,135.62,-132.52,772
0.000,-0.000000,0.000000,28.16,-66.58,217.53,-232.72,66.25,271.86,-289.23,-2044,259,0.19,310.51,-26214
-26752405105207803443261186043903573664477879747360275481753590117582331604046267459654547199286004790166874575124585484148323052720319859825645319576144327228377833663377989898815489716335206835254180436255220823462972287244745425586541040782247907424162761966644021154949116434130322555092177961091072.000,-6.476319,-0.000000,-312.23,291.99,-127.66,-15.36,133.62,-243.10,-278.77,1028,-10486,-157.60,-79.32,28835
0.000,0.000000,-16362374504720058541979292693835717579237615862364476948388835184470877476590423033742322636661105055458414253829774576409086403099742122371247698056796920431198547036904613414793068575068557955759849067840461463573452224973481325484644225038958640733288045486276608.000000,171.55,20.70,-92.50,276.99,-173.98,-193.76,297.11,5243,18350,-171.48,0.04,10977
0.000,13950997919375060323753089048817165986491347148643350489838422344474109726778942191858356547038232552051818052567313980484913940138033152.000000,0.000000,-48.83,-171.86,169.48,-174.00,-4.26,-58.04,43.56,7864,11141,2.60,209.72,16456
0.000,-205388724989817541074567284422758820732864137484816625958912.000000,-11963003494490651218111849900080992343298498670758854107909167491721908867372402773018361784373226392226063022036498675014143707949569265046191341893363892201459589038288475297092591827879688979556683192700592845868812496597992973388061059422637172857707228323457148125184.000000,-253.37,264.21,302.04,-291.01,-181.07,-199.64,10.28,11304,16456,-288.36,-26.22,-18126
0.000,-0.000000,202463306925395221040518452399969540358568954782391221269978129097734617248259894626554955062990973471061995936386609010228407837306016459936843931771978876820118955623217711587806570025733436389215784544158563577444346990193072338907543774150235185614301182442371222709475234649547624838890526867456.000000,-237.54,-253.55,-211.47,39.56,-284.12,2.60,-131.07,16456,26591,-131.08,114.68,21887
0.000,0.000000,-0.000000,63.95,220.79,274.99,179.24,7.72,26.21,-235.93,9910,-12254,116.32,164.56,8517
13958878188463249909708175950786964277345697235203405218349661152709846243434923500768434230897567072479870896811635020911079949942652928.000,0.000000,-356470401225556725003060388662689071386803877744273984258942411135228788502758224284578510390211021544430843149899767351075571750571152783631626133032863310400795954671576480838700543349517623230464.000000,108.64,-278.98,-184.28,0.04,183.50,314.57,117.96,-16856,8519,164.56,18.35,-16355
0.000,3949281924732067270321494805098526773535681271966197510252260874407762847676820533200677229220593575056977575194774226999100155675822082208122841656398406898805882541278129880993176281358611112763493953267089284094182715018928947954365144841223956057078468506327303143804084599201464320.000000,0.000000,-196.64,-291.80,5.16,-314.57,209.71,119.60,164.56,8597,-16355,-216.41,164.35,921
309256780247062199742161201887528538967704473965492921427857836878777380027725562710374245969575592964523507793333174182817109399670862748743568860324381075265084629599959849799290014608883858195644632326669137643587250542311771625291989751917869342302877358608409911111893839123578880.000,0.000000,148172805029830277336351905123238496384274045438476682146887252477131175036167752113487227733066602889922976254350757974087902263990491103610252097484046633608972810461304806599272339293262053376.000000,307.24,7.72,-157.29,104.85,121.24,164.56,-69.91,-16355,6573,-93.78,87.72,-25597
-0.000,-0.000000,-4493367908389488513952610604241948728549596840976459398761499546431258624.000000,10.28,0.00,0.00,122.88,164.56,-105.78,-297.72,-25771,-15698,86.90,-163.55,13108
-0.000,0.000000,0.000000,157.29,-104.86,124.51,164.56,-259.78,-99.43,86.96,24770,13103,-163.55,246.22,16476
-22536798770879803884283421537804729359520691049349248697545868350742247234859970526767871859026598385376208204604079202755770781796146959553029709015725973596311894753659360720065537112446376040759090951170130639815331074747365409270356433003321325159847063134476746716426120303517152123717530959767134011392.000,-0.000000,79016248839900075290359715565055710696382159064554109268016007089220612157295492589761008989207061197279714059028616026656853268388757177394465958060827742760277192709909675795055872664948547791924015549202460259914120016707132758866560521540347137981029643563013753337839263997231104.000000,-209.72,126.15,164.56,-206.36,27.93,87.82,-163.55,13098,16476,-309.76,127.90,324
-0.000,2514124018571750822949537793991891714066874368.000000,-0.000000,127.79,164.56,308.10,151.81,85.87,-163.55,105.06,16476,99,-100.57,131.03,3388
6220013774551658990059041775043964555091675035618760415306787323388282438458131634736737364873456552269770103237822967270491407455838907392766806851584.000,0.000000,0.000000,164.56,295.57,283.47,87.28,-163.55,-272.18,-254.12,106,722,130.91,164.76,-3983
265069305948974536859972399788337475053945643497621827978137294977068775243776.000,0.000000,48.400000,-34.01,-90.44,87.08,-163.55,-67.28,-164.03,131.00,-1533,3938,164.76,2.24,6631
20292324290803865185470297502528289518673589668739041053580721129006871092805745848732773075693400441603038665674437165056.000,3975235048083565459054129773526250790775296498077030674411891987360896766585310158108447543539466001680092635937393768565831625399818947260128072728275391530979256610711008576769971735548974640259319576776440508652805021774605451264000.000000,377235603764746058251602876215978810055698962093929517456252914288612735782062357303352225245942194773782216390982103732696831095093193616238304633762341248816712146445397951709491459033792274102298345472.000000,183.06,85.99,-163.55,263.02,-244.51,130.92,164.76,-1630,9268,2.44,35.28,-7479
-35447577435856396951779571086652268914912169684405814902776996512967892367087071509053619231765042223382528.000,-41614939939394431591769278012077690193430244293944174972158614131721795576456688398811427364395277630970554129036350377072594420440849041162465265393811182321664.000000,0.000000,87.69,-163.55,124.77,52.80,130.97,164.76,0.15,10823,17026,-24.20,13.82,16875
0.000,0.000000,0.000000,-163.55,-165.07,-187.72,130.94,164.76,2.76,-21.57,-2090,17100,-15.76,-93.15,352
0.000,48.420000,-7.283325,-250.60,-63.07,130.86,164.76,2.79,-14.97,17.48,17325,356,1.85,130.08,6141
187093953153825773768685896667075490820062866238805335322842136163824587188742485049013928186736946438517494810843346858297719886862066890904236682981221450070316515448151912767926829056.000,-51358797331416533509931309777886134619997725841410904525173255361345466863850009461059428002542169435267668447658988324511440437985660633088.000000,1399188237396189867832461355778360954840491513182092772327651815128412564905873012094609014409517124862049944848981545414807062357946570379647512932602080804489982122141718338143260994389481747660363973658502563448273137242959097826913979194009662432914247254016.000000,239.62,130.88,164.76,0.47,-1.47,-29.98,23.97,283,1443,72.30,175.50,13732
0.000,0.000000,-6910898407683776457005072331551454321444451543784849296220213535592939520.000000,130.93,164.76,0.33,17.49,38.43,-51.79,-99.72,26818,290,177.75,-33.50,1043
0.000,0.000000,0.000000,164.76,0.55,8.29,19.94,-11.06,127.81,180.00,17112,1054,-24.66,62.21,1062
48.440,-7.283411,112.798532,1.61,-11.75,-37.72,-174.04,24.92,182.25,26.55,1035,1214,119.27,229.57,10498
-0.000,-0.000000,0.000000,-21.85,22.86,108.80,134.92,184.50,-4.49,221.34,1111,-26108,213.21,11.85,-26215
0.000,681949954217888897777498349676022832737950889544243457749112633213005345865832562582127663777772712298322838161067045871190292534490813165572772232245397690466360404927834653047633416261212307456.000000,-97475687112475570857823949729191436752170101873172138218973830636012741526230219740051778047132243023617538200130181552484061361925880457971942452854197117763019866254884737234722300391203769083674947294724299789947464424139669312777378440073981843474674981202091562456716737900364695601152.000000,-30.34,-41.87,-41.78,186.75,-21.95,14.35,193.60,2562,-23593,10.06,11.40,15728
0.000,0.000000,-339652820246658339745465466240580968516703886798607632282339371236513237150234403497067274630482516709403005838355793818814947814516275162474039751262640199091704583453747227944277978618638598003272471420396040510304392413890594439312784596676037927771047499279730944424208996339197727444303872.000000,-105.46,-58.98,189.00,28.72,272.50,213.20,11.28,-20972,-7865,10.06,314.91,18490
-7.283,112.798351,0.000000,-139.01,191.25,-14.90,143.52,145.99,11.87,12.09,-31458,18491,-51.17,-183.51,28736
-12534170682917352409808769983093460120722044067250176.000,0.000000,0.000000,193.50,30.77,168.75,227.82,10.91,11.16,235.52,18492,-24256,-157.29,104.85,-384
-0.000,-293430535653068443589450201554985717239964358661862439356219055134697777646214074688239228662683626259630197785065708380077401540486975403886479317660949966348737242364311683464686751491713163745886708597239510861423627988575284317188127719424.000000,2403288569156322750655753322545188222322619828763580960866304.000000,-13.28,259.21,61.79,12.53,10.53,-130.56,-131.08,-192,7155,-131.08,184.92,1971
0.000,-6779913717148890105473205694141965637771436463882716441207834873468523396595364909495526685951364279105459866362894640255398041366970241016748445790858584314514042140228846874522637405393837310087563468382675717537784028843266484604409125252628480.000000,0.000000,278.56,142.57,12.57,10.93,156.19,-104.86,288.35,11642,20833,184.93,51.84,7458
112.798,0.000000,0.000000,283.96,10.74,10.99,-209.89,-78.65,52.42,184.94,29292,7458,-124.80,4.10,-6208
0.000,-604975665678631767272287311929325269177227298431083547759050023173099994921686354216765043995344431096477039919338437839613697755970575621631885571288700232181659809931505579156995622332332284901210611278702939121355114210758136499998096832992697844772138857267200.000000,0.000000,10.17,11.03,79.40,-52.43,-183.51,184.94,-186.24,7457,16576,307.24,-41.27,489
0.000,195574976276481500119995751238520477219255880637105936509039606178029577961472.000000,0.000000,10.59,-289.27,-26.22,235.92,184.95,254.08,198.27,28352,-13566,96.31,74.58,4977
0.000,-2380839682816207041269628532122074119851948631586032884780112123126239406128882011870530782278735791829521506492943521888010809735530061958438001043651940685426065368159174362490537704966052722114619085607379641917858971621278144295674216185856.000000,0.000000,0.03,0.00,0.00,184.96,-17.28,229.37,-57.37,-23939,2856,74.57,106.88,23603
-1550859439779096575470469120.000,0.000000,203697945383789087764819190720405742440347093568834821962274334544621292732309499200417520083364859808481252702760496555359303370685715288671547134237096070207447892849246414862133443092401664363841615864646222860965718580314921878159360.000000,26.21,-235.93,184.96,-298.88,304.43,162.75,74.58,5193,23603,-87.68,55.29,-22976
0.000,0.000000,0.000000,183.50,184.97,-301.44,161.86,-24.46,74.57,106.88,23603,15424,-197.87,35.69,7424
16269386116266031577354194034115894487104432704649510010220921462390580166929280025938469322752.000,0.000000,-867922423980294069531792944112984914113570383855687236117985607120275818457522776986199833755256636910667437501478638057459858494402220305341132126866681404029950987909960716204771718746121193102597113514033152.000000,184.97,-55.68,-203.95,147.39,74.58,296.32,183.80,30528,2816,36.70,236.03,-18677
0.000,0.000000,12631281460105510528420747440786063228928.000000,-83.84,-286.71,-44.43,74.57,181.12,-104.16,49.87,-16639,-17911,236.03,190.08,12536
0.000,0.000000,-0.000000,-54.78,250.74,74.57,12.16,210.96,14.66,236.03,-7169,-6644,215.68,135.68,-7656
0.000,0.000000,-0.000000,-297.62,74.57,316.80,-218.08,42.75,236.03,-229.76,11516,23577,-312.32,291.72,1000
0.000,80298912927035028824094143619870562550557337724537321013319831068228433701821479969356993488880693764930915481256227008079547263139190586119701166203520014700128016549260886061195796076590544481306935319501993146136210564128067973997527523689992006194366129486199904153269845545189376.000000,0.000000,74.57,165.76,-166.79,18.10,236.03,-42.88,-220.16,-26302,-6914,-268.79,-240.58,-9129
0.000,14373527178740376091697143212134792953856.000000,0.000000,-269.44,77.75,13.91,236.03,-27.52,299.52,-202.37,-14867,21592,284.03,143.76,17664
-277043798036432663778904200511291267242125338894596671265518717548777689217421958559768316739638533382894828554036213684674975793232421619693348342721930125552529378455237025764798698960948912300120250935484243825863220547131437057366867489881790670908279488512.000,122897685870444882273893816050701256635172804286402678876248564897296733844470842710909700228110840908580997810642446871779293096179893221718392117865749706906789019123712.000000,-35434602291016.710938,-121.00,36.54,236.03,302.72,281.60,35.87,-204.92,25945,12280,-325.40,-229.92,18966
190347099281112406751508267294044340890402752616687620763573819392206008888157458493217067846383677724338764709207624582168404603134923370094669429143196023424834795730303963355947204608.000,64559795567646284703776529645061669804217411328000111303287258887414516283035859277188638156993236949723642314002892344154669763673068445179763197133221548471707250366680357148819915438582610786553764585086674727756743311360.000000,-0.000000,28.01,236.03,195.20,261.13,76.72,253.58,119.98,5618,22028,-307.54,-214.14,-23240
0.000,2071444160795657984.000000,0.000000,236.03,238.72,-304.64,-263.79,314.88,-268.14,266.32,2881,28225,-132.21,-51.33,24580
16115772897375843700031707068812526354432.000,0.000000,13831202369514080200222111162325958740354121002055549812171950074585616500412936197129292385748911473609085772833787599819278902410346496.000000,-163.20,-240.64,232.96,297.02,161.06,187.36,-249.96,-5296,-7420,-220.16,279.79,4
-0.000,-18719903357586472841920072150892077377968226255231065425268586670951182982076693393658933121433370621648368073807269030244773546695549860414771535430820918412089369389186660154455602014942976291669620844612311856348156173206238412119391063552953045018954516195235682366255040995262464.000000,-0.000000,-102.40,-56.20,-97.35,-59.46,109.60,-226.91,171.65,19972,260,85.52,146.11,23593
-0.000,0.000000,-2678318365776855135725588625704615290813430600204875470409943294768445575236866801687488576594338024527996989817105443724886595898108212349686396204668440554165424455272924419309283878862739841449584115056640.000000,-71.76,125.55,97.32,30.59,134.06,-17.83,218.63,772,-26214,23.24,291.88,-26215
-38051049693037690826566349154109283290152868242661750618694554712936447728109689932358373804050609563616457843535673104006813015305837408825261424640.000,-437938469482491718079701777630022426098525993277287212545183439950882718493501765392344008183562797620707201853568642625922548919289745648406744310217198725606457402947210220574792852002203845819980116478421065146579428698571652101807474895604045027040133584119652514835694763364616794280214287044080304128.000000,7286987264378563398675013570196356253903492343024498365856869845786298552137395296212759027959076749707409820209933921440482070247608760726621718046232844084566182502352570705078679525312692224.000000,-150.91,-189.45,-50.53,87.98,-99.76,323.71,146.04,-10486,28835,-5.08,7.71,19005
0.000,13806721359107051851888824204455239116973571317404506097736886845508377714276685304416849650338501055908639288132306849150290612281409536.000000,-0.000000,12.96,-128.21,-142.41,-194.50,184.53,320.82,-245.72,18350,19169,7.72,52.43,16456
0.000,-32.720306,-190916016503798104064.000000,-209.38,93.12,51.22,305.78,169.14,-5.08,2.59,19333,16456,209.72,78.64,-22852
0.000,0.000000,-0.000000,59.85,325.17,-268.14,58.99,-51.16,0.03,-288.36,16456,-25383,-26.22,194.96,18742
0.000,448407203544593488284563053306867530615299635274757216615279626657527721617023516604292432507327036235307703360266247913551814827443221728769950455760624391448470189479297024.000000,3494832897561814746771111412760546935695271010855563935032711791304616111673692729996557349230692618519197475275399991044767711305085964905043823814172765447257847494396867355520863389585985760062508031956323830903040818727092224.000000,189.35,-50.22,-132.97,-163.80,5.16,-131.07,-131.08,-31663,12360,196.60,164.56,8380
13806323468238971589710403510461474240425221096478210025969186693644137332984416150993062392089345890656961016232004809898457035559665664.000,22045416896927381849176870498243703392964925414744568294377341125122493160384144465072703874470516287038046718120216294697189683892354778497531682089777205744045310938628112330089840582325290074530369171111150495252306957990299108191993069568.000000,-0.000000,-27.51,66.58,51.24,7.72,26.21,-235.93,198.24,-12733,8344,164.56,99.04,-16355
0.000,5412004802183221368416086069411148512348995757442618590892143918708366298740082029415150085733299547727369637628821072324312694784.000000,-0.000000,-314.63,158.76,5.16,183.50,314.57,199.88,164.56,8253,-16355,51.78,291.81,-20869
-19531700326130073831422097025422114516215835494810180484405995014536936057703384708380033303643965580378112.000,0.000000,-0.000000,0.04,0.04,-314.57,209.71,201.52,164.56,286.35,-16355,4299,20.74,84.33,7438
-0.000,-0.000000,-49768132001913179489467370612993276521855783633163279155189485376673734764255946256889712819684900174814943945680805231884143989255951223353112509843578314906284944286110299405296854846163214075386920960.000000,5.16,-157.29,104.85,203.16,164.56,38.10,291.14,-22507,2530,83.51,-163.55,13049
0.000,-0.000000,0.000000,0.00,0.00,204.80,164.56,-252.81,-235.31,84.22,13502,13061,-163.55,-275.03,16476
-11931993897958250978988694444020587130245616197531607795202989263822333200156951598374981495100492217293545113844059808717174982532987039454394947355289864892786292863657513698064656998594126716862464.000,0.000000,0.000000,-104.86,206.43,164.56,48.86,92.36,83.44,-163.55,13057,16476,121.19,-293.93,278
-0.000,-106663174088595225645219015706632265735505603022762303383733971758922998242503440386806446781374697623385204814874769273007725994011478982451556725524308205732652059585595473455396057761472933142813767032048637744241303547699978830672804029729430382867120128.000000,-0.000000,208.07,164.56,-259.88,60.35,83.45,-163.55,226.70,16476,348,203.63,130.57,1520
0.000,1066458050592089386421854316436864711178039938544746256228417536.000000,427697983312734482885641575342139380621113489016419930138300240893915522290794329276416.000000,164.56,-67.13,-32.44,82.34,-163.55,325.80,11.41,272,-1964,130.46,164.76,1587
0.000,0.000000,48.645000,-153.55,-205.64,80.98,-163.55,-166.39,98.30,130.48,-1984,368,164.76,0.46,1443
-3040185773489469035341180380700871955702086997626750875464582816442338062668254609014192672460457392911353697421278437045373718805359610986620763799379813625582724991340120555400514030728572900177590072386868501500600261731021374597891114091413504.000,0.000000,0.106450,259.15,83.15,-163.55,177.78,-44.26,130.45,164.76,3793,5590,0.97,-17.23,4543
-535910211453572391034471555325468062849490420015140446605291751298058262937600.000,0.000000,-44460170723139733044503271544901309106188080793466438379448188257884446706709271752474624.000000,81.98,-163.55,50.19,-173.12,130.50,164.76,1.98,-3319,15320,37.86,37.28,27900
0.000,918645304405170382257149277070454213210076988012929494700109124186477925268524147417143712671596544.000000,0.000000,-163.55,-31.69,-100.93,130.50,164.76,1.70,26.48,400,28125,-14.89,-46.80,874
0.000,48.665000,-7.280856,113.87,-42.18,130.45,164.76,3.25,-11.43,-31.97,28350,973,-20.99,-6.37,29500
0.000,-573394905489508546406527359066373588306806563789434404897642408116089392750707328440820399210931961192251392.000000,0.000000,160.94,130.45,164.76,2.40,9.22,-15.23,168.33,-1715,13167,-5.07,285.75,17786
190359805777425611854880921413975105726188426283022295291631626016702357841998399546978330868066131506202053274730263606045839353582428343402360216587797506026389267301705448083249168384.000,15870676028840268217633839598115093145396468803673955381586285830916544007197509334512042606769064872959689234890917018622296485997425217358771744206093888775248516056625498731918729061135565370268885898900823014763151844124444103959170515365523638560778302772851245056.000000,0.000000,130.52,164.76,1.24,4.15,-10.84,144.14,166.55,15866,21976,288.00,13.48,1242
1972024235903038487311274871519222434028780845609484175804019671988808917129338077051392806481368276186597163008.000,0.000000,0.000000,164.76,3.21,0.52,32.75,86.47,89.32,290.25,17490,1006,26.60,288.07,1100
48.685,-7.280703,112.796646,2.63,-27.14,6.84,-177.54,164.43,292.50,23.43,1045,1118,278.46,204.22,-18431
-0.000,-0.000000,0.000000,-13.60,31.75,151.82,-52.26,294.75,11.72,154.69,1251,10496,130.21,10.38,-28836
0.000,-260697381802276925921253309087777743750539225196414050072629436388437223923824770223762759915631814795303115571279972936078623448725975117778201757708880756580985081267178763531675044086284288.000000,-1333710534804684426705845687952126387096183028485413574613364763082515487896996948522488948999849398849856866516829351458460704702413431815070408996125983442262418643939097015371167827275626084815631331437353114684821636023886022040658282283008.000000,20.92,-153.49,-5.83,297.00,-4.04,93.89,183.82,-26108,-26215,11.00,10.13,-26215
0.000,0.000000,-52457482949332780682619497617413470204287982551186014644085382441849532821470669800624504731706864557153699064619918444517913617231411781612207677494549588394610861700881537837483282576069724292611725448589009922425995137936175282489967914321444864.000000,135.13,176.88,299.25,-23.86,211.52,299.20,11.25,-23593,15728,11.30,25.63,18522
-7.281,112.797028,-280811545126381465400944372992013862944270496628084531984177598525426584309231217414243305393099898880.000000,-18.82,301.50,20.33,70.33,24.18,10.25,11.05,-7865,18522,314.92,-209.72,30016
0.000,0.000000,0.000000,303.75,0.92,28.57,54.61,11.53,12.47,-51.20,18523,-15808,-183.51,-314.58,22801
-9160439291770014720.000,0.000000,6381702434004371514695588969262952240330755219722558177208572542009842472916821809064436226311674861214563649263648001015066739545251458282674055256027065384833431488311365611217938276617631128188025019450062219174703649383825638054743324590484319582451065294971469824.000000,-34.59,217.44,299.33,10.66,10.47,235.56,-157.29,3136,30536,104.85,185.24,12020
0.000,0.000000,0.000000,100.89,128.06,11.19,11.58,-130.53,-131.08,-131.08,20523,-24201,185.24,-211.84,7454
112.797,0.000000,0.000000,2.27,11.34,12.59,156.16,-104.86,288.35,185.25,-9165,7454,149.12,-222.02,-2624
0.000,-16136625535839087573904526244237540805889950055619628080758343095771060788830149002300549242613869297270784.000000,17443036854073160777435412350606028229465072889445705941002485760.000000,10.38,12.10,-209.89,-78.65,52.42,185.26,49.28,7454,-27200,61.93,223.47,5152
0.000,524522294249025214579886886233429380329716319645671063852403789777089455200059736954517449916475042945170865911486298221287016495159743009726257143697688494216939874624124359096058691952120046182884178140351305822714009069465587066034560158312258093712441881615747995543405839402401792.000000,0.000000,10.83,79.37,-52.43,-183.51,185.26,-170.88,14.28,24768,26498,-65.43,74.54,2551
0.000,0.000000,0.000000,-289.25,-26.22,235.92,185.27,16.00,-205.49,-82.03,12862,2457,74.54,-287.36,23603
0.000,0.000000,0.000000,0.00,0.00,185.28,-263.04,251.06,-20.84,74.53,3206,23603,-151.68,112.14,12608
0.000,0.000000,0.000000,-235.93,185.28,144.00,-234.78,45.65,74.54,35.20,23603,15680,84.43,10.02,17665
42970208685905340399971016530395177575799430005324841444761792573205221313314588237476380213260917718369668775362056897148802841728948274261431787520357212424850017683942455317493656635238431158594323358861589304814401327006366638492402119478387547926586448866451372200808048266197081129095468100354048.000,0.000000,19991589045670536505318984632395366400.000000,185.29,-137.60,-195.18,111.87,74.54,263.04,-1.26,15168,20736,32.76,236.03,3066
-5228587946300004081571257585253530549808633526760995447686328842068243538688727909640491128944158106893897364353249955272597857023314556029480743369030864895157337912121347730089977251751746917852486007585117101186863633861129400966620357752064779806313813696690377411653815629008638987658399322310967296.000,0.000000,48782880121785945863922226299295672303616.000000,-293.76,240.20,212.13,74.54,-238.72,238.11,13.52,-8960,-28666,236.03,167.04,16655
7592558915145825422986541128772993063178376730679089894569087060875945306699729720260394004182250607941229049806734478053573492016125448851266994176.000,-563601187053686.250000,877964353813677351760525693392951606000227485203063370451385520750592.000000,-100.47,-77.63,74.53,-82.56,307.20,26.89,236.03,5124,14600,310.40,-215.04,-23092
0.000,0.000000,-0.000000,11.08,74.54,293.76,200.64,50.52,236.03,69.76,-6924,12317,-166.39,271.48,5363
0.000,-1972024236673067954723491228839114644790309620386088638889094770931431014493870777077025344106227424543232753664.000000,-0.000000,74.53,257.92,64.32,36.63,236.03,-48.00,122.88,-31734,-2747,250.84,-230.32,-10878
0.000,55751862996325379102808138633590398255104.000000,0.000000,83.84,38.21,41.92,236.03,33.92,-43.51,271.25,-10718,-31613,-97.42,289.78,-31995
-0.000,-0.000000,-0.000000,117.30,67.14,236.03,195.20,-253.43,214.99,-181.65,-17788,-18438,187.41,-186.79,-5858
9071310270296999703190231264877324141892594327737958106938827353953732570743866008781971555119486453847488988412721800054223371199578112.000,0.000000,-0.000000,36.66,236.03,225.92,-240.64,-84.62,-58.76,72.34,-25862,19298,-265.79,-257.23,-24509
190359856426909930704926131129644739738106277269259180797152243797778735829048760409074905415594152912970234582744996029659347480712547667485021863544989727385012346186647150482088263680.000,-2847278696580503975827655025207924428175736222662414433255424.000000,0.000000,236.03,228.48,110.09,-105.02,20.59,207.90,311.62,10088,5184,-267.46,-79.45,20996
62720845870867307564585735562501717753856.000,0.000000,13876303199559828997115065964460251645141020158602330414886160891950596723722962503342783759654760855849225532838308734619487849846669312.000000,54.40,307.21,-251.04,-66.41,135.50,230.62,288.07,-28319,17412,-176.57,259.00,260
-0.000,0.000000,318869690010404522874144698429454781138831857336085131212258214859312192312702119383046263290133737853277358032919350009995345338935787931426906347482866603158589000526123431315300114796719817371316113034748559446205270786877410584007834579357858122519026274855723998933427054437502803771392.000000,125.44,284.15,-109.97,14.86,153.46,244.56,250.97,772,1028,-167.93,49.02,7864
-0.000,0.000000,-0.000000,209.98,-186.99,-65.90,71.79,-244.39,-153.51,-121.86,772,23593,-96.78,15.40,-15729
58487790796732850764574643918464023238592668995479988779085529607179112105266974742034776064.000,0.000000,-134976.048463,-10.11,-135.62,-5.45,242.01,281.66,-96.68,-32.78,-26214,-26215,-87.01,7.72,27033
0.000,13907054949132573154109332807601183062237762463396125047511329303714946527483017496393510657147196226108716919561429555692216272918937600.000000,1930030200397714970817873752150817991738412490861884310221063042260668870579051275027978049324252180263521412544787825802840516823684261498525182027565163240433115580073501371831162303065855760917901913454002585788383590167116065714832312451721899925231082961493827780608.000000,122.42,-85.10,-108.70,237.96,-109.89,-239.69,53.80,28835,27197,5.16,-104.86,16456
-2982241023409924493795222997302039222637005815313215306477425245265888402504688662475869481554892226765267458077348045464738117940948905384740673479010245400095346839280201261281635302822302170992863015322761877469201008951296.000,0.000000,0.000000,-165.93,-65.17,-10.29,-135.03,-176.24,10.28,2.60,27361,16456,52.43,183.50,31957
-547397525021953712847824959032213948907167880695006006399554010164446340870269136170647552.000,0.000000,0.000000,-46.08,322.44,52.25,259.66,64.04,2.60,209.72,16456,21268,78.64,275.25,21634
0.000,138222995712072824775334973649548573917841526274129920.000000,28288802263228034615328545456752033719980246950611007410754213360022226384312080158509188585111915519320817037298085768591005908397113978739552001164574720.000000,-35.71,-184.02,62.52,81.96,7.72,-288.36,-26.22,-26521,-25861,276.88,164.56,8074
13903567143227187549177112890134369429264727763816940528936997994793484591110998655099239044237984916724757112294317839977391543103258624.000,0.000000,79096624889836530817623627344233197650343297263892640753527781261980000813681507104211092496184239944955729898032022796749781445549261432172179860617240651107401728.000000,90.47,-155.53,-130.52,10.28,-131.07,-131.08,278.52,14513,7931,164.56,262.47,-16355
39556427339795756757286912.000,-0.000000,-911867.623067,-268.07,-181.72,7.72,26.21,-235.93,280.16,164.56,8075,-16355,161.64,214.20,-29895
1362551262546277797502811715695468173767131660648774032275622684846076074705016617572417081633088547524014761064281044829448436145783582698378173972421784409436636361422475360981211961858669182074616210531498774732781887555325474040152532517858736875332069304827930878076755011138721526283501568.000,-0.000000,1909337443208097561259148956335845727015323914243389051110582964563214458897612415753815586870110546213401600859090264900523086328440072639406669530582026868671378912953467334442458239420251621388207546164134889754680624487638308705271808.000000,245.80,0.04,183.50,314.57,281.80,164.56,-144.41,-16355,18813,-184.36,79.08,23927
-5168067208292724294412933466856325507644555001856.000,-3274408792865284476321934497071713379082427648807817502609298572931009042502954375079130627761693606746550131689868678613606324947838489108480950278668261130887380864296305593248420940704110714910200163205120.000000,0.000000,7.72,-314.57,209.71,283.44,164.56,-82.77,98.05,-544,-20107,79.33,-163.55,13098
-0.000,-0.000000,0.000000,-157.29,104.85,285.08,164.56,-247.76,228.71,79.21,-4376,13090,-163.55,-173.55,16476
0.000,0.000000,0.000000,0.00,286.72,164.56,-199.12,184.46,80.61,-163.55,13090,16476,-21.31,253.75,60
0.000,0.000000,-1972024657768543568738653501007133004477819708428367153519360457388846491128870620412449134733267151000629673984.000000,288.35,164.56,-209.25,266.63,79.36,-163.55,-55.71,16476,182,-148.38,130.99,-3376
346131752362507901308143216322552028620478263905815477476888723115793291673600.000,-629705914264367337506944906887138300864684010754354341397486692019470189546444958198736262752137947480977645967240815189424239061509543325771143806014115448585836490104242176.000000,4818682304997939085392673819478923473234622070681684805410656044967045159376615280484150969917624610337598134687884780113462166335990039277056856451617801974474946960961324098282781257608094370463042552364744129311050425546203532886016000.000000,164.56,-166.54,201.75,79.96,-163.55,-249.86,-60.81,124,3481,130.96,164.76,-728
-757523621254590892165065278502318372464037641745292999262169128359137250930367884427264.000,0.000000,48.890000,229.83,228.00,79.03,-163.55,-119.00,-102.47,130.96,237,-2353,164.76,2.88,12544
0.000,-18265845723332431429431854920840733684594236741438999848112525492272872165521509969488510108390613385755875971773660168359755315626357867327764273882732291445289555377493384449476558472479415014959808035896755703702066241612338861677610272069966892104050278400.000000,-5343817315645834490021605446558289078478719418368.000000,51.00,80.74,-163.55,-81.16,-177.58,130.99,164.76,-3487,6629,3.49,-0.54,-679
-0.000,0.000000,96017.828194,80.55,-163.55,-80.97,283.20,131.03,164.76,0.71,-10136,10845,-11.03,0.42,2925
-5733917759177490742015663353371096237905001789712655695719246445106043005850609793271027051057907961588997648593524683206296535983341754754199957806975489863600273597031466715135840633152850898451829974483535994200864837781604259553368740966652989079192989392072134811237885149184.000,10310005410668881788916905630715277346038688346091682338942769363674254412596685309790196121172935569484032160754625045868602760744481702903426656610085459884096255938661880724786221855612421611807061227523834026070590151730324461877785329704500199424.000000,0.000000,-163.55,-313.36,-295.26,130.94,164.76,0.46,-25.94,12490,3150,24.33,-172.68,2023
0.000,48.910000,-7.280343,-276.62,288.61,131.01,164.76,2.08,28.76,24.92,3375,-1608,125.33,-156.52,7245
-863314549044883927778746561612404535479514249974724539423190185401344278114859502540871012743916532199827890491856087992275130771271348259959099060920406881022043596845407455791183210161109004868745299606110208.000,-0.000000,-3209799042122795974656.000000,55.04,131.01,164.76,3.21,-23.57,-2.39,-144.76,2490,24482,109.12,36.00,25792
-0.000,-16927578595692353434621357329186226007577395698296384626590067011532313305363584861293719007254479911615139693860564610893572455933468491382616986342722998726500367224778322604077149131891992214634496.000000,87228092559295643648.000000,130.93,164.76,0.19,10.87,6.86,154.81,-146.72,10930,16383,38.25,6.10,1077
22042165505494378066658946691831691149820734088681062049704841161748505781819532872456550140295223908076973573198190792167288967070172912507414931502887659471502551956150750761379705458364815057557559018796612919914828585478469949160434100982259816982612270907392.000,0.000000,0.000000,164.76,2.95,28.84,32.13,103.36,64.55,40.50,13556,1169,-13.08,171.06,1028
48.930,-7.281028,112.799459,0.92,-11.32,-12.02,17.12,140.78,42.75,-25.18,1063,1102,0.62,239.83,18432
0.000,-236464593213936943995750197745144195920325715462979584.000000,0.000000,13.03,36.25,30.93,-62.75,45.00,17.01,123.55,1257,-18431,93.45,11.61,-31458
4581201991055727675825179592705714394878733434681261913423184290511342897722586508184440819356934242564116529404261697845793560872979128835535968284481517823815622048455235366464313085783481118294146456291950999040499996880437939984126958793346233772115113575041638988775424.000,100262935958469318127096961475641152695080513086908948435872048469555953307849482275797281766032170455539150250922816422361499128194057719151677773008797127684047324753187616441989397290521926794444013568.000000,0.000000,33.53,16.41,-89.98,47.25,-24.84,256.11,110.22,10499,-28836,10.66,11.45,-2622
0.000,0.000000,0.000000,-158.36,39.52,49.50,3.54,82.95,215.30,11.20,-26215,-26215,10.13,-261.12,18553
-7.280,112.799628,0.000000,-34.78,51.75,-32.85,126.98,277.75,10.78,10.49,15728,18554,25.61,-235.93,-10688
0.000,0.000000,0.000000,54.00,-11.04,165.25,267.61,11.13,10.10,314.91,18554,31040,-209.72,-78.65,28672
-0.725,-316002509395712313555427433890883473577851104155016625134318443676545816577660838509957908049695819511064730739926206563303044513015264091091014541654881209999966781030730543567732269148396716406772769521063030491560342118388101081517534390621050101849857820708603944471919739583594496.000000,0.000000,-7.30,60.69,236.42,11.69,11.39,-51.20,-183.51,-27584,-22624,-314.58,185.55,-30171
0.000,0.000000,-6272022379495026587478945924629150717863608488019139897812742136430559858436245178472866419406468940877404180268002836573731424611095581238867950087010739592640824653135146107219059434330686470511177679824577715939982127072880852315243037179740910508091829302656860819980226582370320384.000000,11.56,221.83,11.47,12.04,235.54,-157.29,104.85,-30950,-28551,185.56,-124.80,7455
112.800,-0.000000,172751765639440479599381098271960979153100436726997940117133298049917345749854630467894552416839778352487981282335984901179889572073648947200.000000,116.54,10.46,10.38,-130.55,-131.08,-131.08,185.56,31468,7455,-188.80,220.55,16064
0.000,-8163182254184370232502023039374521053240280883506960085266783817660820287307062416682310953584695749319122843303895102740296928693115446756876929066743878840024781678198140692613920311553701183488.000000,0.000000,10.05,11.98,156.16,-104.86,288.35,185.57,-129.92,7455,-12608,-87.62,243.13,-28076
0.000,0.000000,0.000000,12.49,-209.88,-78.65,52.42,185.58,-14.72,-189.77,21952,6142,-259.93,74.55,13469
-24648589169060582515224976589072455415440624408527599644900455770466912623427824103254935967241003090190369650174850382326547911374582124014927674886555444570615191950904030890305547925981573582377652098372071102514620813434374932137854095040357469460729629245440.000,0.000000,0.000000,79.38,-52.43,-183.51,185.58,-83.84,281.06,30.95,-24010,14505,74.56,-138.88,23603
-3380035978376526628331550574719672692427445585943388244509446446934669652089216514376134897863267915626393475516123673160263611187200.000,0.000000,-0.000000,-26.22,235.92,185.59,-229.76,-293.07,273.51,74.55,14599,23603,321.92,-16.74,16448
-370981953005413439257284224366687385091349409294669011619903260386942478930089038860606038101153680146146822962806784.000,740499688483304921360817922992481784677268199247738625551231606006936687985201399482723044689937355872367289945267405679312254104997089938218302841709668105639542155948890395584084374178749839879169728715145323395454331256384509756734556109537280.000000,0.000000,0.00,185.60,-163.20,168.01,253.85,74.56,270.72,23603,26944,164.62,150.56,28416
0.000,0.000000,-0.000000,185.60,-81.28,214.66,255.58,74.56,-110.72,282.83,23872,20481,133.32,236.03,18953
0.000,0.000000,188162537612599437142272079009921957363712.000000,5.76,-83.22,-194.17,74.55,-305.28,-143.03,140.37,-8447,-25090,236.03,23.68,-25867
44017970734676359108344766468536205821607850498599569551431913953400704437935663168822494702294274034901627921780338163401842676511628880936289953350634019225600.000,1057828758390812961485062344012955574826018368234593881179592332623180544133854073454592.000000,0.000497,-171.05,-167.32,74.55,-120.96,245.36,129.48,236.03,-9486,-9212,177.28,-145.92,-5177
15559954020841302592937416730870457999829587937732967173980160.000,0.000000,5728836998821278909389700520889323026258966719173688006017024.000000,183.74,74.56,55.68,-146.74,129.95,236.03,-42.88,-7691,-17922,-151.04,153.68,-31465
0.000,0.000000,-4809808401338124363075173981503365390100115026635478777584711644538787847854910052163728257636988915748395301279564553959505920.000000,74.55,32.64,72.20,149.43,236.03,-309.12,279.04,-9238,26146,-209.97,-235.53,32545
0.000,216038469110767073618130011389300054163456.000000,0.000000,-56.96,42.05,163.49,236.03,-24.96,230.40,250.88,18418,18466,189.46,2.84,269
0.000,726258176743092775225030079706803377876762624.000000,18719892964223578852030679968225424519583531408173272204158244999884288253282122194166072474164563195628893604517733730013194379856152071848885999141405479267131554166293137146535441611535037193310018911877052379597982607731583193102903041944099351443409121069420510424891575391748096.000000,24.49,138.16,236.03,82.56,-179.19,-102.42,245.72,-28893,-20224,-125.20,104.71,16410
427690702443707204750959323401714192777989245966220772015196858286295547866004303380480.000,-64391177.065000,0.000000,133.08,236.03,-314.24,115.20,-15.44,63.99,-22.75,-9468,7540,23.25,-86.68,-30190
-4310085582912.535,0.000000,15.785452,236.03,-91.52,204.80,174.17,-135.57,-191.32,-54.27,26421,-23541,-58.52,-58.99,-28412
243914400608924806573673660726478957969408.000,0.000000,13977074644153082612716319829935835823593014381279293332561132625859317432361467594564733152898402688556555948155655888415757861088395264.000000,197.76,-12.79,-237.97,-243.06,-264.07,-135.22,159.09,-12196,-20732,-253.37,248.91,1028
-0.000,-55012810444057906024538343885021031173008406751663735582630787368696354307621562721193695283251898913141808830455715177156821835590533566618465265160073069858365526810569389851064771537099270532848965377058140404482291443068918418327000519278592.000000,0.000000,215.05,-130.67,186.85,61.78,-214.66,61.82,-253.46,-5117,771,141.67,-37.60,-7864
-109600846984585639827806351875144390515643788273749536045847491350055571700056064.000,0.000000,0.000000,-230.37,-184.48,140.97,-294.40,305.03,81.91,-153.59,1028,7864,-237.67,105.00,-5243
-0.000,0.000000,-0.000000,-74.33,43.51,283.46,-281.20,-192.14,103.53,-117.19,23593,-15729,58.92,0.04,-30475
0.000,13962254817591730852763889699146210164918213619542705683306285780992537980186542454512268071560931699281750455692257874010966498809479168.000000,-0.000000,-10.24,204.27,-71.27,176.70,-319.79,-19.42,-217.57,-26215,-30311,7.72,-262.14,16456
-55012848350671607542305345910989318501749938344689805389852017358152357839406115609616075758307174273149458418431545524414181646402235907899424840062849292095333300428095886940501023585696837721788244370026580460645880168253379594268166722682880.000,20897446078331466358101373186177549422770799668452370660538474041227301518476011050517129890746436380795019459551009386783055608088577184990059627529123916995056808725012153097950454888719602837781342764477936733783009644418558384824882965117189785707379096060936682698855045927751249673184083968.000000,-0.000000,125.21,305.06,115.15,-137.73,-84.01,89.64,7.72,-30147,16456,-104.86,288.35,-1607
0.000,163495182269950598492259876864.000000,0.000000,225.71,-258.58,141.58,-303.80,-174.04,0.04,52.43,16456,-18381,183.50,-299.83,15840
0.000,639596387608942613468925167039105189688301357754143397648399978930882112091711748108249143271032598991414567913855732563842279314080336259193302007004536031078575464490945108209256177284066300091059810356686756957064129995885491217884617180708864.000000,-400209923010668557475038798230477899600395382033489325923048930757022407477729320268734172197179934203740269417504030141916900240419168116125780462289694183095911156856583153065109478373962738177325249634850769596334740192627854676816796408704449642496.000000,-56.41,-45.65,-112.56,-230.36,2.60,209.72,78.64,21614,-32246,-298.19,164.56,8357
13953879024649266353778049849795380487951827670751881940144153184356043076100299620166994428453035579107262306367370889779471355136180224.000,-0.000000,0.000000,-247.30,41.82,299.56,10.28,-288.36,-26.22,-296.56,-18804,8538,164.56,-89.19,-16355
0.000,-0.000000,0.000000,-327.55,112.68,2.60,-131.07,-131.08,-294.92,164.56,8450,-16355,-3.66,220.72,14183
0.000,-0.000000,-2842021719892731438054779743885114049787859377322989447981360949707246459796773040995820942490183405438003514061716989399413753463870508108782582187765271769204871058349443126937689778028544.000000,-61.40,10.28,26.21,-235.93,-293.28,164.56,165.94,-16355,13506,-199.74,85.20,3966
-0.000,-0.000000,7801696847960610373405696436195276830409238098048340844952224919485861594675385339435213900663576912680832517442863580583749538867277303665131520.000000,10.28,183.50,314.57,-291.64,164.56,-48.68,41.03,-7539,-21154,84.54,-163.55,13106
0.000,17929071629547759713171598480013403968843257709767662051971182000713638721660919245956940935687147711873692177455405299734517762686982831554432934666485883818912377475606995596745226774558612860636324202206459334754304.000000,0.000000,-314.57,209.71,-290.00,164.56,-8.52,-136.98,85.87,-25229,13102,-163.55,-180.61,16476
413944256362853488185541054462825458925589311572196780246598503702046369593612200813190936088538758810276623385360102191294326264078207397680319723179021115669496561444691902721842532491225327993330476861063520291405701957974171366071537438242386584121344335663321003635886784512.000,-26156493441283652893140236824247719656618968796518230246583063536561456618798808640898113648721354487918260414028459281505148993536.000000,-4260616388757.545898,104.85,-288.36,164.56,160.48,-310.30,84.07,-163.55,13107,16476,230.98,-322.42,262
0.000,-3226404691796430920775932516857422963112090542860042429392566997019435054778473270564347619283374648812531597663245839102069220757962618852774259017646080000.000000,0.000000,-286.72,164.56,-50.13,221.59,85.14,-163.55,243.69,16476,253,15.71,131.01,1714
-6859818682404798444792402579279851770057262846312118216192313974906276717541639737104074517256941780146323781991022686982699308140983023590120326074132501336682343578191077526987149411321353489248781183425936229245286088704.000,1607637781843811474681272306525668536995087939834927834693632845193019650505763128066801101435101305299281165172093044381013730032130969285829675124018697007158686081958716233481388094824014496476196100474825987423815147995300568263387252616270271520993302026405576604045692851312555911695826944.000000,-0.000000,164.56,234.94,4.55,86.72,-163.55,-134.46,-233.40,58,371,131.02,164.76,-1002
-0.000,0.000000,49.135000,147.15,-188.70,86.36,-163.55,-229.23,218.69,131.15,3424,256,164.76,2.06,14614
-1010554156348685735395782821761718445593480174764916874495553860194371378803983699215937654437020756381573970248936867372095561197550366097408.000,-0.000000,0.000000,228.03,86.87,-163.55,-217.20,65.98,130.99,164.76,2697,-9653,1.71,-18.73,-1843
1755748211174611363261475485344594272897863522471564558414587547378795795185664.000,9070949741186216976901057539539679840753443800628205228178948283246502073974419808933023287354590799404044277317564785549827328731774976.000000,38987550984085494898608671940224715105230826785233470153289837316268696350228949933700407826142898921998802026369939564506155026876834273817855286856507307451274460397568.000000,86.40,-163.55,-305.06,-193.46,131.01,164.76,2.82,-4347,7280,-2.87,7.43,13950
-617977907375754783726913417253832227097726055226349311247732031254222346188299282706496732806219505957450098539790115114705775276033335804738732855882587095061370465016610816.000,-0.000000,0.000000,-163.55,62.26,253.31,131.05,164.76,0.87,-26.14,-6375,14175,2.92,69.29,-213
0.000,49.155000,-7.282802,-211.95,-126.78,131.02,164.76,0.52,-6.64,11.39,14400,-521,-14.46,-128.03,15405
-0.000,0.000000,0.000000,-135.85,131.09,164.76,1.49,-10.67,6.04,-83.30,693,4333,-135.07,146.25,21428
-0.000,-0.000000,-0.000000,131.04,164.76,3.08,20.75,32.82,-47.52,-28.82,19259,24607,148.50,32.36,1208
-0.000,0.000000,0.000000,164.76,1.85,3.64,-1.80,-142.24,-13.57,150.75,25369,1087,24.99,126.68,1123
49.175,-7.283175,112.799622,2.36,24.30,-17.90,94.25,75.53,153.00,29.82,1085,1188,76.94,125.85,-10493
0.000,0.000000,0.000000,-28.78,16.03,134.46,84.08,155.25,-18.37,113.75,1022,18432,226.53,10.02,31457
-84364.766,-2703325627423934991200848064443370078340766649447677261611753650975579667186201407608965818652040252967207169914352219866985128005611562016048441568248119310472134129673562016649008743101893758110543214140966998317492862976.000000,0.000000,4.51,102.58,101.37,157.50,27.89,28.72,177.44,-18432,-31458,10.30,12.47,20971
0.000,0.000000,-107003236136342504915809765616216185227909656801149634924402057526138339640184564844504187235658192034966407228014548579839360848210856955961884399422331031907517485295987963736634980154686331560484859938239847661708266595004895418169702744064.000000,-27.23,-67.80,159.75,-16.16,54.67,11.46,10.25,-28836,-2622,11.25,104.98,18584
-7.283,112.799153,-0.000000,-83.44,162.00,-15.99,2.87,275.48,10.45,11.37,-26215,18585,-261.08,-262.15,26688
0.000,0.000000,1931540037394365932028035072.000000,164.25,28.93,53.44,72.30,10.25,10.23,25.64,18586,-29376,-235.93,157.28,31947
0.000,-2808979238600957358141487166274307303092550625857704214091387010716148238675032917320589436068385740703393741223985574921221813939584061625325185566123035465032668607101522083716184081456075901944236218188789927057480787495662763992444371322823847073818376487483755319246124295939381927617099039373522894848.000000,214638.408749,-26.27,124.58,267.96,11.64,10.41,314.88,-209.72,20800,-28866,-78.65,185.86,-21740
0.000,-619134437852480390209779847059638932434966902632971891947888736728809007780466658316593094822252643611605292692672499246314258467489653359775411602672830659142504645486979311192456059366742475372872922252509895048416601964034698237339959080315140274615250756065879276436984183128064.000000,0.000000,128.57,87.79,11.21,12.08,-51.18,-183.51,-314.58,-6702,-9055,185.87,-191.36,7457
112.799,0.000000,0.000000,156.71,11.18,12.16,235.55,-157.29,104.85,185.88,11243,7458,323.20,136.25,-4416
0.000,0.000000,0.000000,12.24,10.48,-130.52,-131.08,-131.08,185.88,123.52,7458,30144,177.18,-283.34,-18562
-28807338701230229541207121098006132292063882839309939781918164221869892738802728073183939526734180513037962513632708211516088900275345818519496496571725433912953159236212380227223300812544684185786654625875095796333185813420231939052823811015398648525049204797157602557327048704.000,17767187887123154862080.000000,0.000000,11.39,156.20,-104.86,288.35,185.89,64.64,-94.64,27328,-31880,-245.30,74.57,10228
0.000,-173775349297852721051701015245609998363238133113516302894898862712134633770967207530964557248346843536472503787368964938682880651100362606560182092503066646435376598714546222898163192092607677193518719577727267761588575200649890699959160312605762912256.000000,0.000000,-209.92,-78.65,52.42,185.90,80.00,-27.39,-4.12,-15276,9449,74.57,229.76,23603
-23537399827228660018596444174042204760560237434400137029385613025887612995116249765341429020606562011566024641336585687772650536960.000,402407374618724653448865389889745529636201408155208601478458699470330515350434544678435041107559421498236738893546632035347025939329829038196211329336868864.000000,0.000000,-52.43,-183.51,185.90,323.20,-216.71,-291.32,74.58,8680,23603,-77.44,203.04,16192
0.000,0.000000,-17834165130342506299595504186470067108944691255902609878145455211606326786961066276411995930565854246744928839367005780689020313677108082402731688743686542790417600942221068476932223688011483311178592294688183946899123448825666234266998076424275831559148273664.000000,235.92,185.91,-112.00,21.80,-170.30,74.57,-225.92,23603,28480,-124.51,60.03,-14592
1534162773231339081053800507180614418432.000,0.000000,0.000000,185.92,-314.24,-97.54,-243.91,74.58,-3.20,138.20,17984,-1279,81.44,236.03,-7171
0.000,0.000000,724774218952259822654173232786907311636480.000000,-53.12,-186.05,-165.70,74.57,-67.20,203.17,73.59,-30207,32248,236.03,223.36,-10505
3464784894437085188247648647836568628491130585717250798345551306775674370772031259537186215690240.000,-1978945554206525058531083308161403154645914400847820992971191501138872709015856464745409364898609241717439635913224997695802970131079694428976268246618388561920.000000,-771507441414296990128034178420751496471479199826349630295856628725817909503002369413400209244253707980420163978908400357291962441723328154367897305114615199165166403345287884738888993888778349529960656111162911018824133574131712.000000,-38.45,-118.03,74.57,247.68,-261.61,68.87,236.03,14835,28147,-50.56,166.40,25838
9955779960148478947484317411494053979934685771291516273369924370891746432829465024545028641826384670656925250671088308221648503766284473219573744751277743381004396191119390193630146001221013763231216138704650240.000,0.000000,2635328480971664388991475376225913531402833992417997969224731639333262547898988507400839523076742117275991023812608.000000,-263.98,74.58,101.76,-245.03,78.74,236.03,-291.20,4860,24556,-263.68,138.27,-27129
0.000,-0.000000,-8607156206268631407430448686009970545478903360551536309379230795825010475767791572582550733759281421204132282564102609469203409373164609702513802237735552847274618802244421829503430046424036345492999153647616.000000,74.57,-64.64,130.64,52.33,236.03,-42.88,135.68,-9208,30504,-87.17,-209.97,20556
0.000,836277944944890754476347830135622926860288.000000,0.000000,-64.64,-24.35,57.87,236.03,72.32,-250.87,-143.27,22768,5197,-146.08,297.26,-8435
-0.000,4842842316685019313550590187198173318212556968612976560405307676591641411417439389400631635627537067529239457502510459798842379129303662694442911331567736016828797852064606501727888446501341418575808875038328495249843018090803378667629417251981466498701447475381093281479414250647584768.000000,0.000000,35.98,58.40,236.03,-211.84,-40.96,-240.71,140.81,-17330,32519,-304.98,146.34,-18847
19990353234733697311908320936177172480.000,-731674456935179186290771942701273553758104784864163582044278681899189766650981132715266843362722649493474695276299177220200938843668480.000000,203067344630233776416145186272610458215851568648355261773815210149281618005034858016847326689573480454840264985472767966072960369209635131134031885989336243798563989666310769148033253639687533686604439903019924599469187350725865176309315039094009166547341911106198860556735547965440.000000,50.33,236.03,156.80,7.69,-145.91,-92.12,-297.56,22773,-2193,68.68,264.47,10809
0.000,340736543390177801800032038642660821870256633310820651375244341945864960895006486480465181179945271816453416151231792601617193881237599530555551704363506510090425500815118384423143581442200683119321988939271037308253274155929993768108735170033968670332094063131594000184150923831183651033779520923500544.000000,0.000000,236.03,-158.08,-7.68,133.05,161.13,76.14,-12.47,25929,-230,-283.37,-307.27,24835
947781670937561609864789380998204038840320.000,0.000000,13847838288512477099216808821456098053962690397769161410785218684740569151555608395925994622257252474595100809542703122952448721419239424.000000,-68.48,248.32,-89.75,128.03,138.24,-90.15,139.04,22295,-1788,192.12,13.13,771
6662900272268677058387654953006856313415907237075582494957772075933612395111720823073600695987901751501770647635804431278934627340575789769856766705664.000,91501065433025091885634072706091647740671603412202128675250134123708736467378279539849781699815408467968980533436792303424847933865984.000000,0.000000,56.32,-145.77,258.70,258.55,-171.03,-78.55,-151.10,-18428,772,261.96,92.53,-23593
-0.000,-0.000000,34501612818523479121519259471645402076249667735964646199817319763117090438363918159788977116319508207974255442616375161780896861122413881164391893262235788636404997057462294020096.000000,174.10,133.22,-263.34,-250.68,-147.66,-138.38,271.92,260,-7864,-234.64,66.60,5242
-0.000,0.000000,2666855705359153568297614077929415474147352727207203719309830188450248772064665027112598478258176.000000,-179.19,-273.71,325.19,274.75,176.62,1.12,259.33,7864,-5243,97.32,2.60,-22447
0.000,13862085012131675359336510835414612917773211714747857446849402756422900164189718698288179188927023224081070115278198691606966601204629504.000000,-535488258179389476664075183456151056742811203927306859755626638887630452459085613564499477050604976462813131611749032380116377263225639668197203737267471626044906064866404540085290463416083525518988070598861923634770600007956229745632335613845422404262409224193010075264695834995851264.000000,-35.92,245.96,-186.04,81.84,-53.76,30.78,-140.76,-15729,-22283,0.04,235.93,16456
0.000,69890152548717983855091784409417251720180834064501073628784098467962503859116011062194929022271488.000000,83723413022183487156485528629240387514498311770851543725810693532340877864165415910660782462764643314648498072732369656120876803280711101730381714085815332226414015438797272819092240203776.000000,166.44,-311.47,-46.11,303.17,-150.56,204.84,2.60,-22119,16456,-262.14,-262.15,28114
-1470928848638610773839954066128275310699220895789873492243054772762046901683228497730747121057446256434649128579088469062556056586209651255240450126118912.000,0.000000,0.000000,82.78,64.09,297.19,-88.59,181.80,5.16,-104.86,16456,-15700,288.35,-219.55,18429
0.000,0.000000,287384049394834525302473856097947200342126112556632532422569255822171808671657784814155810781264949052168563971752074692220491532715059717039194112.000000,-38.37,90.59,-40.23,-253.41,7.72,52.43,183.50,27240,-21845,-217.91,164.56,8501
13847462287714247715822122112603844990523736678351228844169243431125328537519633837138960259391972454303904201529497108222897173303394304.000,0.000000,0.000000,84.74,36.26,-81.88,0.04,209.72,78.64,-216.27,-17100,8611,164.56,60.98,-16355
-0.000,-0.000000,109604039067036271267100676278248497338837387110612683745185896430872450351830037732027535460207719033885674568442813889971878474548037197507597277573410089822440191092414267000808559738685027692998632528998460373134952412114802498769621132944701500460535005266297868054300410773504.000000,313.07,-250.84,7.72,-288.36,-26.22,-214.64,164.56,8530,-16355,-135.48,2.03,-4685
-0.000,-0.000000,-17309703466843134971687589188636981823570414245358210949240106681107053077178723040024637569404071717785820661507111712890087801143443123901377215874678661316608.000000,186.92,7.72,-131.07,-131.08,-213.00,164.56,-265.69,-16355,16896,285.29,85.52,3905
-96100184581232516944186547828705205658987207219906181774206225285831771194711396846481642683613458604853028062232576.000,-0.000000,-0.000000,0.04,26.21,-235.93,-211.36,164.56,95.33,90.73,-16868,21029,86.16,-163.55,13054
-0.000,0.000000,0.000000,183.50,314.57,-209.72,164.56,270.40,-225.31,84.35,22847,13053,-163.55,98.90,16476
-0.000,-0.000908,-0.000000,209.71,-208.08,164.56,-2.92,-134.52,86.37,-163.55,13067,16476,-213.31,-304.81,74
0.000,34612030911870644785226084286484402433099881489228378139713668115481883061747634737732896606006560353319087590737675437610042065054722389008860896892275857648242148956337062885185996326548771623750808252939726107059708752476169149449980870656.000000,0.000000,-206.44,164.56,244.61,290.31,83.99,-163.55,-107.30,16476,136,117.32,130.64,-3605
-453573464817928916067055882731878606473375308176531228511736367375916094058364779296310231213075892409955977722306719579612551554428952543017348156239666591784671402524672.000,0.000000,-0.000000,164.56,102.93,-295.90,84.47,-163.55,40.91,-290.21,28,-3811,130.50,164.76,3755
0.000,0.000000,49.380000,-153.34,89.44,85.23,-163.55,85.40,41.49,130.57,1537,-1675,164.76,3.38,-4733
-0.000,78998116998226484111732297739066482147480051672024952322274394964976680366990714913057712043587754383365674003806034189620790081632520136639886126273087545809257387505943760649599149011133032516562882517722537767955926589826418906295136467835857971952691840910206270971669306310393856.000000,0.000000,61.76,85.80,-163.55,277.99,80.62,130.59,164.76,-3288,-17272,0.86,-0.07,15839
-299653987968149759133646472420861551195210185017921312071400074508706400063856653307922612224.000,-0.000000,-0.000000,84.89,-163.55,-267.10,76.28,130.54,164.76,3.35,9099,-1645,-15.14,-32.50,24975
0.000,-0.000000,0.000000,-163.55,122.03,-210.56,130.51,164.76,1.04,-12.42,-4431,25200,11.51,-75.16,-120
0.000,49.400000,-7.282558,314.13,89.23,130.57,164.76,0.86,-23.96,-16.61,25425,-1536,-27.76,156.06,156
3974459156226656599936436965177700186092978536766823630649246898057856828610925310188248657782039030027179358503944117967251498039123898783917102707953040931891634666200158339749556478122150571609219461969114744321175045852361981427712.000,-0.000000,-0.000000,-158.61,130.60,164.76,2.57,19.96,8.94,159.74,-1860,19074,-79.19,256.50,4078
-41614940044059817611042204875331456847267403905152469768586375203266645160639903986586675680789837555711524747624565036940340362807832843726312471792329395535872.000,0.000000,-0.000000,130.51,164.76,1.50,-33.48,3.91,28.88,36.58,4036,955,258.75,-34.03,1251
-0.000,0.000000,0.000000,164.76,2.84,-34.51,-22.34,-31.47,-100.88,261.00,7660,1159,-3.66,115.83,1251
49.420,-7.281642,112.796244,0.16,-17.64,11.09,-116.53,171.32,263.25,33.35,1121,1198,184.59,19.03,26114
0.000,-51627566813808868022106473352361580511807802842954909209845263111968581089209860545722871447552.000000,0.000000,-25.26,-17.23,-58.58,-15.07,265.50,-27.46,139.64,1071,-10492,228.40,11.34,28835
32696583572984892690883802154071684926987145488392799893612315287376579283794440483664431415434188530828436508889376646333110567535508314007380344415162684305190822567803793460871584013475432387916681424364634035588548449318110123508169548322366368092464983866081280.000,-4951392387417991672783457639472611352618472454190522323631998308603611687764026669315116071188615951767202380635912003610389647548459889898095518571471949828252891538470708636538386489890386626728545438100902499300223372781573735251474949698100523548289564549759101109373876292590121266575483250723155607552.000000,0.000000,-21.56,-124.15,-139.54,267.75,1.89,61.97,0.26,18432,31457,10.51,11.25,-20972
0.000,0.000000,-32231729032209824852720093149492945621874675846195030294994538795537523628690669977745671061916637692766334060784041587099468902644361748576063465170620688031659899071769046014371720099205067801412885948552471714953907925852319903507086275422615372970097615975994946872583772924845042074610634892766999478272.000000,67.18,-178.51,270.00,-16.66,100.75,298.90,10.51,-31458,20971,12.14,-184.30,18616
-7.282,112.796708,-0.000000,-15.03,272.25,25.56,194.36,261.50,10.71,12.05,-2622,18616,104.96,-288.36,-16064
318549446908771438135437568658446829320293988886709882708486525465087060855996724812516526357839307621769255480779160911666303510348786926114925656840740220022531935073245883238253682213641940567540881162240.000,0.000000,-88221087622730390383624502711599854628357168070247374772505441903797871980866229811666141270197328453176659571656224425939293750073645208788071117089911615987416184022333233360273408.000000,274.50,-25.93,153.92,186.46,11.26,10.58,-261.10,18617,24640,-262.15,-262.15,-9902
5914900085720320728216483354364640632658473088646414097272664705138460339124589886861355164744053870568572257605600944724174176256.000,-20276901800782350364972383124725620824737991792241694269350790387126286418508492987426327997244437115387033833998596270877322764961541536654845330055117471446906794885783255361555946896197351913512385697409876346229431576200594252454581445820846717555532765821198228584575678995272695697008918265856.000000,571177715664449049737774065032651133770343741850453183391793437953927511552764029381970465896083946837606966649572279509368690238072959707589096125628017922711136317013074803874002728898836896779670782103330488320.000000,-11.97,186.14,157.18,11.14,10.54,25.63,-235.93,4160,23628,157.28,186.18,11007
0.000,-2430965431574107101530864352351095730648887734196188643253105476728824995239762173951978901470264322238513433693524231492096365086581414690213155371657900123962983130342635274677665620504663189179818804783316377981233720074786094676626767672935593677141892356486684385402439060315348020432814888452096.000000,0.000000,109.59,18.90,10.96,12.14,314.89,-209.72,-78.65,-7125,-16973,186.18,182.40,7455
112.797,0.000000,64395332617668701016092165059479036323183676688826962979939988850785189853612471008796996990799165588646082943723807826711577656802578982996717443794111740617702183079697108452480652908363399207661796422584639905916365571973974420027878211088568811520.000000,21.34,12.38,11.55,-51.20,-183.51,-314.58,186.19,-2277,7455,39.04,-260.94,26048
0.000,0.000000,14882556679479.371094,10.20,11.02,235.55,-157.29,104.85,186.20,56.96,7455,1728,-321.11,-254.27,-9015
0.000,47086215234638716892477825389760467258129414550029234244582377975379876087244280730044017003865533708050081101226924870925124179713261509505173797248117082469508414129513737481783992098673480950119498214177555117866278815082217472.000000,0.000000,12.31,-130.56,-131.08,-131.08,186.20,28.80,-49.28,31168,24468,-108.49,74.55,-1057
0.000,-243886347138710676402893154687080609856230011556939370936826992629008999668095968263726692870191680638123218345381810161820194920244051128658079968458519835392764101567081689646678365180988112875967400105706532649834953846941975076749739684426566204551713499671855595547928560256724054440935424.000000,0.000000,156.20,-104.86,288.35,186.21,279.68,-257.00,280.84,-6070,-2089,74.55,-100.48,23602
0.000,0.000000,-0.000000,-78.65,52.42,186.22,123.52,-269.78,-25.80,74.54,-1306,23602,-223.36,-70.03,11584
-28886739505289644591189023011387479085270094858150109745457439876121535238547742943843591687191612029517409211831621601215598144108585497440751916357476649898612162424101114768052597875929843254860188157523964303963177304027838915372053587934757959832250089472.000,126765856454021062974609587953467392.000000,-867968636907095748061789485887286167811406749891565047309900738991643475287942907675932490722266433778574450235866693336918928346051128208821730995478740344824089657056040025057977347850588176765670942151016448.000000,-183.51,186.22,146.56,-205.81,101.51,74.55,-323.20,23602,16448,-130.44,-12.88,-15103
4342794641441316579037316104729513025168720100401740156117891967767939719797955111610069548464504155453032073099921397746302501688791149033964063095807980028148368308856108255744418694336112620479473349798416180629400904661706392450460833342816256.000,0.000000,9070947271581581299164202077318947393667202180185044042347230391177036146390275916132211499545364263919780489117726190919746431634898944.000000,186.23,323.20,-44.19,213.91,74.55,-220.80,-95.65,14656,-8960,-4.75,236.02,-19213
0.000,0.000000,2787593149816328511661984426771182637809664.000000,18.56,129.05,108.17,74.55,12.16,18.41,2.07,-10752,21760,236.03,85.12,-10232
0.000,203719681143616683855873187189054510626123666316297795849369378208065558390220297679786744395053332633142705596308784942056299098745999409728910170931557795826953683298029189675534858301460059891056101978054778780404736732482750707138560.000000,2267323223449476784159133485144996877422034567422008024039923318660457384991629935837120208177773463771893148173692957479403222269612362425320661583788888959000831415484192145395322263175168.000000,-129.66,101.79,74.55,252.80,-64.33,-15.18,236.02,23792,19721,108.16,-107.52,-14582
0.000,0.000000,-0.000306,-99.72,74.54,-190.08,115.70,-15.49,236.02,-45.44,5619,14645,94.72,281.68,-22740
0.000,-867922423961169632445618576948664091399897204305636391465409731476547850229934170476509214250111164108514675996569705744712507934145118733496086046904149744544135546030494571104319703831679408356466717506928640.000000,-713820989740222804237123778210451503126152981633849616462652037901844480.000000,74.54,-251.52,-201.10,1.11,236.03,-296.32,61.44,-31734,-30708,-28.16,281.70,2935
0.000,3233608053787010076305691702151094737043456.000000,0.000000,-195.20,134.03,-4.66,236.02,-311.68,-69.12,194.64,27077,32632,258.67,145.22,-22276
0.000,19581032497441403028964427344381984241161755175765993788936997214762973073302032633701786679251748671561498886144.000000,-0.000000,320.01,29.13,236.03,-60.80,184.32,-81.95,212.37,-14983,1023,33.61,191.88,19736
0.000,0.000000,-704671750212695226198874514672476511516138092603331865996478725621273316480766736993529434525359920895914186647374289350785125387724949656326910399214284715737943994731914375935931354960964849703137575281098752.000000,19.94,236.03,161.92,153.60,38.27,-325.10,270.89,-11531,2079,110.28,-144.70,22785
80298912927031198688743410046834508087116692979140059370206069187193005986681036583563457233649504239825729966643990618715846148956268689099894771733374948292534160237328300257736803289730321177803781227804358720447626033012137900792405074867385427816850068471745354998558336944701440.000,5550178174690067584483101464824682808832548358866464560644096.000000,0.000000,236.03,-24.96,115.20,-30.58,71.81,-91.91,31.09,-11750,-26041,-236.85,133.03,-21500
3679622957757533803594390091545957197938688.000,0.000000,13817811306706715487621709024051039034748121958543128059003183424782204615164796670997174025712586866323384880461550214071920495891054592.000000,-304.00,294.40,-266.34,184.38,-127.77,-48.46,37.07,-4805,-25597,-97.38,-245.02,4
0.000,-0.000000,-0.000000,17.92,309.63,299.39,-219.95,-126.08,-67.88,-102.37,-30972,516,-298.58,23.34,26214
-0.000,2042930988602973950688944642051516666745636015128726038109202814463582159533692324844219725765785952094026289086154315296783281889039065401335821114278863915891800384743361325588966663645462041817325670482248238849492984849629261311409370023537450168016237444913430528.000000,-145667829180722856738917001795833674501972782178397468890245752318923361484451147713919876798549910708804605036468209697538469830547113339219564338851667545558803610590775337756512992886784.000000,86.89,-97.18,250.92,-207.16,-152.35,56.35,220.47,259,-23593,275.04,-48.60,15728
-23786976557930035868655916241852205994168948964322825972718759374129262846899639913537334520340457502090294054712496408562148455078545965317707071006781595768951741053197545113879172291576230691958122768081086420643741369952600015765504.000,0.000000,-20766111436818821120.000000,-166.43,-94.48,-286.68,-213.78,217.59,-303.97,-166.23,-7864,5242,-222.68,10.28,-14418
0.000,13824974798024999512713594307180853002958615152231214375342459270923673385926950951951942598163434852258310509571862366972161544652062720.000000,-0.000000,-7.96,291.40,180.47,-322.58,310.65,-119.67,-217.56,-5243,-14255,7.72,78.64,16456
-0.000,0.000000,-0.000000,210.11,-42.24,-322.49,-214.20,171.61,307.24,2.60,-14091,16456,235.93,-157.29,-31166
0.000,-0.000000,0.000000,119.05,-166.45,11.22,251.98,-281.56,10.28,-262.14,16456,-31497,-262.15,-139.27,-32310
0.000,-0.000000,-0.000000,-71.77,-273.28,-104.60,-138.20,5.16,-104.86,288.35,5320,9940,-137.63,164.56,7652
13832885288756329763504104931429065741697901015849894426199234827348860143938682702753514802316920239078097239664636395672779359030083584.000,-0.000000,234160013094153201832913079653318648800296572174885623498657055135211243395211304681272909798229708976022981215771087696126328726654802257620733793769658580394021017826107848738191840378880.000000,140.94,107.86,273.96,7.72,52.43,183.50,-135.99,25612,7741,164.56,288.03,-16355
1558602522603279384374802266635808242796472696281630856632743633178171445785736171379460966012622667059321665882752397050854229041480971845632.000,-0.000000,-0.000000,207.64,176.68,2.60,209.72,78.64,-134.35,164.56,7549,-16355,72.08,-207.28,-8423
-1572658749799834560334167224697929874072558749525543491931982992773744733393891524611103790020043213811236043404712167870994407774748672.000,-0.000000,29373246480108271200079876139011624331166095098974219075170683048499014116877271040.000000,-102.36,7.72,-288.36,-26.22,-132.72,164.56,246.18,-16355,-7540,-280.50,77.46,-9145
-0.000,-887429585918315678245522626497189990616615637458265240751860399891317687106210690364167657228730528268823841601444632694039335811430137381233557064012804767663314486778934088428116822955059866518963182859452416.000000,0.000000,10.28,-131.07,-131.08,-131.08,164.56,-28.96,-313.42,17337,-8030,75.37,-163.55,13084
-0.000,0.000000,0.000000,26.21,-235.93,-129.44,164.56,21.20,73.05,76.09,16004,13079,-163.55,-62.90,16476
14183026614911905650740062503256488187507055980405070243528020833692333661155640984433630671343756510329032377657455063946391382992846102252410586453916214417404435845087311930478905708061748684907427755867645337569700938138772643701266370153911884227503764794998670844113598554576891354028179456.000,0.000000,19946257543889094958008661237089435648.000000,314.57,-127.80,164.56,-262.34,174.81,76.73,-163.55,13076,16476,-20.35,30.76,136
0.000,0.000000,427698053433848368722708550857927287445427606928052503122139920996070344283981516636160.000000,-126.16,164.56,315.23,-275.68,76.77,-163.55,-49.29,16476,47,-216.87,130.88,-213
0.000,4494786046342268511715723478667971106574774354763974112164270681813417984.000000,-199017653376070640685962906339807445483195369886578947416777269872712220672.000000,164.56,237.09,-52.88,75.10,-163.55,252.73,-25.09,259,347,130.86,164.76,1726
-0.000,0.000000,49.625000,245.07,82.41,76.82,-163.55,68.75,264.47,130.89,-219,3493,164.76,1.21,16144
-2644517209878546306039808.000,0.000000,-4670443725571179245868707098390687190332089904766854677873247392423771183908211106713780209423579711424245936526714962359221805660173951177150796415855846375218218814907541214961100024710200534525757203575984111121305584143944627690341979343494797147600974878704842785237051104514098654760402944.000000,-189.07,76.13,-163.55,-30.22,309.60,130.87,164.76,2856,15553,0.44,-35.12,5560
123515500765278775599476454074786422352401413531710242503558146079282294289567683949717164577940747199739066894790955711061296367278961162080525131388193578663714935123148689032664842638828477684908888725989828186061337907520769595279589445927143860750078473128599554654994432.000,-0.000000,-12915622966824146334248797732877421772800.000000,80.57,-163.55,202.50,289.32,130.86,164.76,1.76,-16043,4004,0.23,-22.47,0
-0.000,-427697983312748617662159802416776047001119432364546550009475245845580495140404670234624.000000,0.000000,-163.55,3.37,-184.15,130.89,164.76,3.02,-39.45,-9460,225,1.13,6.44,-3300
0.000,49.645000,-7.280826,-203.29,202.54,130.83,164.76,2.75,11.48,-14.31,450,1717,131.72,78.54,24527
0.000,-389964007328948369536334796437695371168533930236293155184806427063484416.000000,-0.000000,181.11,130.95,164.76,1.15,-34.29,2.22,-151.71,1035,11753,124.93,6.75,9532
0.000,0.000000,-980398437987060541907851152816709047589131148326667913804225889637852786815930668765160525039902724778249832339204220538571247174878443820230015093431011331014656.000000,130.98,164.76,3.49,37.68,-38.08,144.74,-47.09,16545,1364,9.00,31.36,1069
-918645304405077012733516677966983146572180282635478994021407180730737760034581071329936037338152960.000,0.000000,0.000000,164.76,2.92,7.95,-29.16,79.48,152.36,11.25,13636,1107,-2.25,247.92,1146
49.665,-7.280562,112.799624,2.38,22.56,-11.89,40.48,-134.05,13.50,21.01,1095,1056,162.23,152.09,-2558
392321282805369136012277340745693378045262700865171999869564554687963856255533730636399659908778578000658249276541515529792494762098796109414468001597178322532433920.000,0.000000,0.000000,-24.51,-13.61,-25.25,70.47,15.75,-14.34,136.27,1058,26112,91.64,11.67,26214
128510909084444915040414941268079017984.000,151644811113752953012127614654665197844725518946653582568768393646219188173173026359737436969167639781053531151525347893197722888432404381817878435943761504632398548133656543133955322536478955108448147134667706823808576569451311415565849708736806912.000000,0.000000,-26.67,-65.85,15.87,18.00,18.05,271.58,61.90,-10495,28835,11.24,10.33,2621
0.000,0.000000,-27146593717109014764103395311809605064142422227460566626053622459683771208034182783876586309477486902442422051774959135400349145637929468443983299532693793302840597523379805419773409850848541142825339511443112633483129868275511735195318328754176000.000000,-176.07,-28.34,20.25,-21.60,41.80,200.80,10.56,31457,-20972,10.08,184.33,18647
-7.280,112.799802,0.000000,81.53,22.50,-34.98,164.31,262.28,10.43,11.65,20971,18648,-184.30,-314.58,-23488
9074353027504018309948963213848029848840790117486426579859431811003102063049103849291056693538203108148875335992204758131276877350792671232949264311041993835354605500036940399749993068221697544555918640860402550558214749086002482262671806392432931870297466516910951538225878914190082419796796768256.000,0.000000,0.000000,24.75,14.21,276.80,244.33,11.96,11.93,105.00,18648,-28608,-288.36,-26.22,-3677
0.000,-10793503506058843741132178358336501367072164283288973279041733440524603421147482651875511881267264121810799832718759654060772225974881573878905883314686056292621173831893010788604774024133314582851016983787000525055811800955494903454174413944473437079601152.000000,0.000000,-11.43,98.44,140.64,12.36,10.37,-261.12,-262.15,-4032,2208,-262.15,186.49,5296
0.000,-4110075237714816842537703662191862154513647696286133244541412881626758560149225285114696155604617940157329653857142032677414575961560584433909223348648317436865266173428580054005994030994074162932067520405380463580614296831608969792989724193790825591899014431331589436431536159737912492032.000000,-5776498503526948289769730322250951711265693160833844509340492448041105038564792369617358140436717307031134801889666590876685205350899154336049453375303542706704682402595962220000926195490871954960099322877539888069945927932022731962559369484847652952445288448.000000,112.13,276.70,11.31,11.27,25.60,-235.93,157.28,13887,13222,186.50,-222.08,7455
112.799,-20519354722518637584642346601502913310943783569349137089137326234480482760200768680315639275953218090941026250196960118046720.000000,0.000000,9.73,12.47,11.83,314.92,-209.72,-78.65,186.50,-19966,7455,23.68,-134.89,25024
0.000,-11280670415568253547261065875880732765555090183824328135672447185838049328790693640254083698975905030222596963978592929197957104451971941546505042581528428890388299112252545008138993605306231680567362791553721676452329283330039070860499987773427156939711404176074661496294079887113107488566582341271552.000000,0.000000,11.08,12.54,-51.19,-183.51,-314.58,186.51,-191.36,7455,-6720,-227.11,-299.01,-12616
-4282755593126999417724319975537179378657046399452546584391293106224148718618744606645964693207577635929840074369842614188185857052395955578735157331353426139947360398875790627339168754709301702067756008447302663383398165680486070683679710466863136070948931235741696.000,0.000000,0.000000,10.48,235.56,-157.29,104.85,186.52,-88.96,-199.18,-8512,31689,13.34,74.55,13067
0.000,-2649658404864751974978282154504185235034552392783810416626561172642130025530212561335450552385600738344457686016886101998986228014114000436380663719242870214095587365799427979514586160978808808917399344326493918007212368377880331611343889600188408173881720832.000000,0.000000,-130.52,-131.08,-131.08,186.52,44.16,-261.41,-192.53,-18680,12095,74.55,-266.88,23603
-45973247111656535181935557967720476602923730940840332963398697274460402837660527108580795933585971272925726484871440490212339455098816290850197935236349493780542390272.000,10514302529932543132823882818472741724732885266426387353823918320731515801014981009937909054258156970400154086919163142084738197667055062456648238535178843549959572439366054446592601707140761474162451813339496448.000000,0.000000,-104.86,288.35,186.53,-129.92,-132.95,219.69,74.55,12920,23603,-41.60,-125.26,-2240
-5597778564538792266854308951680533421309277595405422543934513177249122161578134177844104355873109210681738462737221552336109731350531727080404379140670294717212106321201459101696.000,0.000000,-41614511163462645658213649623539271295676707777002694182041879691580664862778351761717656690617515069871839374773602730931320454272886839763079668560361234104320.000000,52.42,186.54,-104.32,108.95,-312.46,74.55,150.40,23603,20800,-252.31,102.36,19969
0.000,0.000000,-0.000000,186.54,-160.64,121.96,-20.52,74.54,-161.92,226.66,-31424,-25600,136.39,236.03,18433
-312848899967042248413178386888366643783482658498011166253316740641358385549271991114301971392349077881521311203166780914932573090796852082473525501299019253442492347142173049538912299810457336982707614714725546386247482370157228050271987974158682811918357124681101680471703552.000,0.000000,10927365147279894964618599269092387132014592.000000,-168.32,-105.04,-315.30,74.55,-172.16,101.05,121.52,2817,-522,236.03,82.56,16112
563636480532111091238337706277588064228470328235910132087071390971453927774199138120472568507325995935302942720.000,0.000000,2134464.000000,-242.00,-142.06,74.55,-307.84,-308.51,138.44,236.03,-32247,-16113,-280.96,40.96,24540
96891977069648.859,0.000000,-0.000000,-303.83,74.55,-126.08,34.98,108.14,236.03,-265.60,-7694,21716,302.08,-153.65,6383
0.000,19991589046134764020051002235482537984.000000,0.000000,74.55,-28.80,-132.40,121.78,236.03,-283.52,-130.56,10466,-1779,125.40,204.81,5397
0.000,12488417311177207092924247074140791706222592.000000,0.000000,45.44,135.55,119.11,236.03,41.60,-43.51,-122.89,-9697,23574,-309.73,148.47,-28931
-633986036466267.250,-0.000000,-0.000000,-220.80,125.73,236.03,151.68,-261.11,-327.57,89.51,-17897,-15092,-288.84,-175.95,-1275
0.000,-0.000000,-594704825965216151563852169083219352153920021758662956792164096360676344760638707314184768360560731357720016213508096.000000,122.44,236.03,-311.68,-5.12,-89.69,-189.44,-314.91,-14581,-19114,-253.54,302.32,13337
-1972024236620583816268740076863305668314877741796142610056073571976273525007468082862472057411406964494331543552.000,-0.000000,0.000000,236.03,233.60,-2.56,-271.41,-135.72,294.11,320.22,22886,4724,192.25,176.64,13060
14272476927059297050318883490199141953306624.000,0.000000,13951688254276227936415225676243653709738380104371530667896653918638296194544611048311627938306896180384502697593087442016659470477688832.000000,8.32,-302.07,284.13,66.68,-186.48,241.05,-209.66,15654,9732,-273.82,-284.11,4
-0.000,-1687893161126428060531707383835844217221462390253338661018620988199359677799204984053988935644084988131687406074110691262584614114363315144924060224323584.000000,-23782389951047282397256907047125432652079636541750161802693551149925233110937525960921397295407954041389859115887204532823275269613682688.000000,-289.28,-104.92,33.12,-261.72,163.62,240.91,-225.42,30979,516,-122.58,-58.36,10486
0.000,0.000000,0.000000,69.08,266.14,-78.78,84.42,-73.96,-53.66,-24.62,772,26214,-178.39,220.20,26214
-368392156343523696705536.000,0.000000,-868122369877149951654743782615335676872740354202856629749370514272602578680033952662429432614546230407684676093154170535615016390345263447997356184275141603079909764582375055343947844327639555602382626609539108333724323384790008328115970237267968.000000,-153.53,-41.59,5.01,33.57,-110.15,-127.72,-33.09,-23593,15728,322.59,0.04,-6390
0.000,13945009115998915692403139364689057084956538037087039384645873214855567091973468245041429201585898909714533724203795483210078699330207744.000000,0.000000,245.80,-74.53,217.89,-76.70,-129.55,-196.67,181.80,5242,-6226,2.60,-78.64,16456
0.000,0.000000,-929165146891547797505552342325185030527161755467045980785176063103905458134912964436979094217965553463552086423887687632070392996509862747053988915862785222949739028627615697703864038618108246565424587716645920684569813969133273877535260393979362406301696.000000,-153.81,238.38,158.58,128.02,26.56,289.32,2.60,-6063,16456,78.64,-52.43,1974
311130846932920886742104773648450948878995207611493106445189120.000,1485707828195251247287756903701128218806273134971045480904054718606114868059727231361786304728533734630626617583912270161883137260388352.000000,-0.000000,-296.65,-61.55,-281.23,102.46,-112.60,7.72,235.93,16456,19003,-157.29,-58.99,22826
0.000,0.000000,-161890162733945852079082111478527072202083806873038140630831474921542638739576200364213326205061607937944589413824378242037276844471657806792803083874864688245931317607280007716981390854238181173181284352.000000,296.97,156.81,-106.62,145.96,10.28,-262.14,-262.15,27346,-30091,-57.35,164.56,8279
13969617698238841187799782909590848465906422156708800015604982624782442751189036489718962971003048348243470846558710578462146785410285568.000,0.000000,-0.000000,204.93,85.18,281.64,7.72,-104.86,288.35,-55.71,8965,8227,164.56,247.26,-16355
42019845992567506638426339283694484067994619441150594604043063098393892635430763065176290323006505198523813347614559213386115609598800579767949276033449224767033392837854621642740180955297824675197850824474624.000,-0.000000,780099018592143409152.000000,148.81,-235.48,2.60,52.43,183.50,-54.07,164.56,8341,-16355,113.54,-35.15,21438
-8789691270.405,0.000000,-50505567932863152250946665018819269133473100527351014072959511567426392075178244389418279708107410162293442713667878645471085690705936384.000000,261.16,5.16,209.72,78.64,-52.43,164.56,-168.07,-16355,29141,220.85,83.46,-19396
212213810475170229687028615573027252646406143984560456471624149107240631049546139370524360434853463055719513954022998049581023466052637790910337219482618596255880311983770752108547198855655871855729317118883135488.000,0.000000,4030219705370979729356042240238528160936120026216129949044896154943984228302536616435031200455126506056907232250747865875007886061195688567939628678080296492164953967360499879313473807848785661841074354968746708769567503536000860160.000000,2.60,-288.36,-26.22,-50.80,164.56,-312.15,-42.54,14204,3588,81.94,-163.55,13120
-0.000,0.000000,0.000000,-131.07,-131.08,-49.16,164.56,146.87,187.39,83.80,26746,13116,-163.55,34.79,16476
231560025886052612719823238367342034477880046277620753879374726364377252828689141465793234087322293124089995193578866212597291416209437162466065170746296853973480564845259123085795970670139804132179262853295534338418717379268498312864297123840.000,-7976171402190319709409642029946677772034523151754581254465899664428120767268146561929899786476707021370317439336856990201912439126800449419041341291907002775257857049004472494120492684359685784661060070166426625687504413178581983716844392872382969616465159564189407396350656512.000000,0.000000,-235.93,-47.52,164.56,-249.43,-45.70,83.20,-163.55,13111,16476,165.38,88.20,346
-0.000,0.000000,80298907390563962030928488604067148898444043420997406549810519586201737465676195686684016386099393054005008753381603667392722560530911744685555627929590178715347551906699823837197284242301878497453204355055145975603823697835905675564856751022909587089322172934875990578695762962546688.000000,-45.88,164.56,-70.20,-280.30,83.45,-163.55,143.72,16476,170,-137.94,131.06,2543
0.000,0.000000,-2250506878188855889655932934131730278572399662630704596482434606479226987807399933034383079458022184822936587862608302279956465866989596971367995114170848870680731228694967479567445661621250781384801053471956362745688203722752.000000,164.56,-76.81,17.84,83.05,-163.55,-108.46,-253.25,115,-2714,131.11,164.76,-3190
-411582782630899308359157661568244142934760853903099339090780733049693794449870796458971735229380679079904802625536925970441466768330313459212030247178387650436303600570335232.000,0.000000,49.870000,146.21,-41.16,84.34,-163.55,219.43,265.33,131.05,701,136,164.76,1.69,8374
0.000,0.000000,176363647983954812352497289613019306622693636815404403904765187282619477639022974548035157875933142317520501716422016686959282658080841601902377208493459581798562904407863275777163264.000000,193.86,84.17,-163.55,-195.02,-279.18,131.14,164.76,-3813,15657,2.19,14.54,-15366
0.000,-1972024662256850407578543438942144215217776175800738112256947789823166080813544485800793509685516925038718091264.000000,765527921150659375392395546688188682381634527537367173720608333964844952943577528829880791608433172016043498632061256596739354051352314497383301057886452594148714796754394062693728896694527211626366567760023040493821181468606464.000000,85.13,-163.55,103.57,-242.79,131.09,164.76,2.45,-15761,8908,-8.55,-28.87,11025
-0.000,-4818682304997568936235078015995163359640456625698379616750721834997729856518733245478417866907844947631025447901721810588435575255990551500290052039159514666908532799961262000977478435040738674432036788727958320986428815746639435279630336.000000,0.000000,-163.55,-219.19,30.90,131.18,164.76,1.03,3.23,-6270,11250,-9.99,-60.76,1782
0.000,49.890000,-7.281749,-91.60,-112.22,131.07,164.76,3.32,-27.29,-37.38,11475,-350,-20.19,-174.22,5012
-18265851393836380284140219224095626284185559950281115301036118658998678245052075637677276007628774426419045483988948202054253684135382161322230229668599974295991476353762823634754557406310435720181085984317165784162779790419549644125605456476238345818947452928.000,0.000000,-976351216913218305864763621277090978991394025210455577542497986301061491342604961814248233704120639477045182897469809478978576285707607889145913259509909458186532698077947212434140648162750826732070502971447871179296083154775886412697788064311999008524417892352.000000,-305.84,131.04,164.76,1.80,-20.03,-19.18,138.05,556,14409,60.82,117.00,14149
0.000,-3826819582570125887255771424700946276348609446982613786399635854774086149126508374525956182155990905174789162319898270790792388338775496680441909246060272066206599550469763237276502108319843705402078811294128467507377681990542981828526999529512705575916592491825272673271808.000000,609434897762183054048100352.000000,131.15,164.76,0.02,-8.84,-24.23,-154.83,24.45,10966,4951,119.25,27.22,1196
-10310005410669290361998220223684322632672708045964144183122121930488014654643428549567312689605357494093126777990934319823714863334755224665803706217559227494289853976219922882793351310640365464021750324023361800883561963705972696846506154768814047232.000,0.000000,0.000000,164.76,2.32,-16.97,33.52,-112.22,72.00,121.50,7564,1149,-5.55,36.69,1152
49.910,-7.282565,112.800648,0.12,38.00,-33.14,129.55,-56.58,123.75,-18.97,1047,1040,170.51,239.56,-31486
-0.000,0.000000,0.000000,-7.66,19.01,44.77,-65.56,126.00,-1.85,252.48,1003,-2560,10.82,11.16,23592
2466028865798133822091048827747494119351516791266188704806687339910062452772418744176634772852440221277132012289108977953377249698748316855730521812915716096.000,0.000000,0.000000,39.92,127.78,74.46,128.25,17.08,236.66,270.96,26113,26214,10.06,11.29,26214
0.000,0.000000,-1119729918337849814378563496557042762836618055096626252008506156452635683113127847858589232039444328249690205833074459729061539267454693693450066025166646258441928558598476316072941176360059443258467420644316485228072534057065597461339062762007706974448329751676976103424.000000,0.06,64.46,130.50,-27.72,196.49,250.35,10.09,28835,2621,10.66,-104.95,18679
-7.282,112.800398,-34575970903166139623265914973849649152.000000,48.39,132.75,25.56,16.09,209.81,11.92,10.18,-20972,18679,184.34,314.57,17216
0.000,0.000000,-338797766554596045024627908553585957871123871959218004418577747707209297569096844051801231372631184879428861171056866286437040440842283796619068932758821693030484751872104913191422427419237463481947128761082344695196072141259259063296132904454519112537336887666205721100288.000000,135.00,33.76,10.63,272.89,11.83,11.24,-184.29,18680,-25536,-314.58,209.71,-25126
-0.000,0.000000,0.000000,-0.84,8.06,216.21,10.55,10.13,104.97,-288.36,-10432,-879,-26.22,186.80,4153
0.000,-830920130122205409014880740745710602392732922097944974441363297720592029018818054821983357425041170452691442568910218229538187922214532622755048403059303613914982633782094768936608808375543993684268275065324648488692475599621391369517500108938045222711647825096868723823738880.000000,0.000000,43.31,47.66,11.30,12.40,-261.11,-262.15,-262.15,-3762,-18067,186.81,-214.40,7457
112.800,0.000000,0.000000,292.84,10.10,10.50,25.62,-235.93,157.28,186.82,7604,7457,-319.36,312.74,-8768
0.000,0.000000,0.000000,10.69,10.52,314.89,-209.72,-78.65,186.82,182.40,7457,22464,-303.33,-253.60,9996
-1440939383719677477264039789632423422040422052248695244737307838250604394290320110375471231011175162720638974649688697056787260947546465934593891816878304920875487767644435462666308198434726611048562622922990139074405849813566718214144.000,0.000000,0.000000,10.72,-51.17,-183.51,-314.58,186.83,-204.16,49.64,6336,29889,-169.26,74.57,12480
0.000,-8506251131361378141414801802763175467825870239276011350418977030497838921857603243655533581919148615453269031635715024041954296691151870796082344516427951549773930910535755701760370044133456266192553343830294567665633771690689288562523685302997085917920150006065718014848745158422244571048501008311598972928.000000,0.000000,235.55,-157.29,104.85,186.84,241.28,17.06,237.72,-11907,9935,74.57,214.40,23603
0.000,0.000000,-926522984072817159792415339095378360164288069053186467833053184.000000,-131.08,-131.08,186.84,156.80,39.11,-272.68,74.57,13196,23603,145.28,198.94,320
0.000,157782345329279420575457643245594259361880436849508352.000000,-1971899671781891364349831833904248239346408322453074683339410951748995895782750875204240623349906307538160189440.000000,288.35,186.85,23.68,-146.16,-168.64,74.57,-266.88,23603,7232,83.66,127.41,-17920
0.000,0.000000,0.000000,186.86,159.36,269.44,241.77,74.57,-179.84,82.32,1600,-2304,100.93,236.03,3838
-90201036032271873478312872464718256388047048219244284702485838576821237184375608378740063106464449240462419586530988722856966821819216169111807648280018244940201423795802096497730553100814843666303354705006126944513930577233053471341744039118987481266789771283178448539414207788278970907103498076160.000,0.000000,42817430781179166229197114412280571957870592.000000,300.16,-281.09,251.36,74.58,124.80,-113.91,114.30,768,-2807,236.03,-147.84,3056
51233710102521693989645941593376455936530193751565390086548393750190020442872659592195140167928555522111852997477794751761287155812900600492582764544.000,-0.000000,-0.000000,-237.82,290.04,74.58,-292.48,172.98,107.90,236.03,-9476,-18689,136.32,-17.91,10687
28684830816682591761331175782376026278153214936821427782592879982225127577783750700272916567117415355252736.000,0.000000,-0.000000,215.11,74.58,-8.32,-233.88,100.46,236.03,36.48,-3323,2353,-158.71,140.73,10507
0.000,-0.000000,-0.000000,74.57,-256.64,-135.99,119.51,236.03,10.88,-17.92,-9674,2622,-115.06,-71.61,7745
0.000,48169609628825436101381023660455622699122688.000000,0.000000,-231.04,304.72,103.40,236.03,-22.40,215.04,138.37,-5352,32577,74.36,73.83,28417
1057898952540614519815885545026601869329119967385643780179322675210684715706813509533696.000,-2580490654165522323059270221824.000000,0.000000,-273.65,110.09,236.03,256.64,281.60,268.87,-161.15,6466,10506,-310.33,-132.94,-24747
0.000,-0.000000,0.000000,112.96,236.03,144.00,230.41,320.12,250.92,-266.43,24053,24581,-210.40,-40.29,-16545
0.000,0.000000,0.000000,236.03,-104.32,-232.96,-225.18,266.31,-279.33,-291.79,9028,24132,-132.44,299.48,-8700
55305848092356351039200654349576415479857152.000,0.000000,13897838714411732779126044473439217757087793879898958462806043990704484483530172306087521978080189794464240710566378130732998707560579072.000000,254.08,20.48,145.87,-25.58,184.91,286.35,323.25,30475,-3068,166.53,-71.36,259
-47601764861806151956671804447542864153077046312960.000,285643234819500915455670721495234785096132586163039424073174564425701749587501352458344845563252191637035899121768934786160286735695544150595470494594647842846847849670368055490814474642821888226493498850679327701271093049876525578893288228298662436426933512412465760042672455680.000000,140532662522.609650,99.84,322.44,135.77,74.23,207.14,315.58,-163.78,28931,516,-112.31,-40.17,-5243
-6411740933645068606404423467029183780296969676095562279451437672113509334830680474935885824.000,-0.000000,-0.000000,69.21,107.42,-43.31,127.34,318.15,-25.61,-86.70,260,10486,300.51,43.56,-28836
133554593225176495943101001927179664575519805366340111136289553584995985865360164727937643226881224531387412116179779584.000,0.000000,2324177122047662210975789242078514617563616854094697930946737004765441497054596409664255374831232466079948210176.000000,48.68,-15.59,48.14,179.92,148.46,292.17,-160.31,26214,26214,5.16,7.72,1638
0.000,13880164951454258053021774072218524650496360422021869495661796741786384911845128975046046467402565374184823125272140377993907782144753664.000000,2328819575545785744870300064881251283669356855372419525528955228798755194305442640451954704780802084424006610572373967653920033034277278206372439865277836241507822805799757663810613672618082813916604485354387564493929871767163525745317429766735077652030474789311510588169815851008.000000,130.47,-32.84,-22.32,-207.35,148.90,57.16,-58.84,15728,1802,2.59,-235.93,16457
-0.000,0.000000,609990301654553421934094652966896810625823996659432680996992913341737583465791171939060366941497084881361139538282674228137759929794560.000000,-112.53,138.97,-273.94,-283.21,-325.12,89.64,2.60,1966,16457,-78.64,52.42,20387
3078694925025606144521005587645717087726533141352469967032226837060308570352754621881243804893184.000,912878148108470983122516684147348985807636140799108298484190042444873445607867018474554699923683705752583012848914054583856099574100465387653824469797906256368059253273788485798190339720447554880621989502093695586777887519249495815981184088801280.000000,-0.000000,-183.58,255.95,-15.35,-117.68,-145.88,0.04,78.64,16457,26213,-52.43,21.29,2784
0.000,141216271502717495396229754115141746703792500263508728821521139449183303762631894164943556604748338803215290266025984.000000,-8204260791117358645256181577232205581472578907144498730861261118366617972749505780012941939038390820271345626430525528280815924472691454126122439296196363184978418687511131906102756585294166382308813133127468947506084037237774854125520751306938225147185826852217516375552859885419888640.000000,-243.27,146.35,11.04,189.48,5.16,235.93,-157.29,-26509,13888,22.93,164.57,8696
13885140517944007781002700308669939541109788916450012165552510106629370606723396915662034353450538624410780244597835258173483794682609664.000,-0.000000,-0.000000,7.96,320.00,-179.16,7.72,-262.14,-262.15,24.57,-17323,8620,164.57,226.93,-16355
0.000,-14555075355997943189575526886424398790656.000000,-457122883644899686224404947713022190062376637899849808142001124998995910685027885742542672015478074815160593882701063359059514454888430598695094890000285696.000000,-2.29,-110.05,10.28,-104.86,288.35,26.21,164.57,8830,-16355,-15.39,306.94,-13674
0.000,0.000000,-912207025490721893769473202159654873424214406703651701481410158984428532134938712534471915171151812208499180991324036237247810291557647492363152476541601497608977854931259340812691112891161266618368.000000,-102.36,2.60,52.43,183.50,27.85,164.57,10.56,-16355,-2719,145.34,86.25,-4199
4268669409543132996569750986617612574019761582536095502919929897208043141788628245003466429107645335346715863297834924188930975635739376432333699926869153170284219530949940184337769143089800577632760759898625420396147130565191008256.000,834089799451412850645999785164145606043154405621166485750739381824277053610731068667270792261826982605034983515957829356180036110423596701164227294241226752.000000,-311976223840138397547994042057727197382589322674657486104996361609098845915950039511067328382902647838485314821568188787832792382867750449748536767608432739014632899547426340771503500155532487723278890069606373680575346411801945445931848934943315558737171709952.000000,2.59,209.72,78.64,29.49,164.57,-321.12,-117.13,-9326,-532,86.48,-163.55,13074
602839098249243132228775040075085675213850490397875619794991771726997220264980829437952.000,-0.000000,0.000000,-288.36,-26.22,31.12,164.57,238.39,-171.80,87.11,18129,13082,-163.55,229.44,16476
860483164666909911638597884702710723917048197712972302900363168572665246295900848914432.000,0.000000,-93240300395657750991036399772999696843026805061070906017710080.000000,-131.08,32.76,164.57,110.00,-279.44,87.40,-163.55,13068,16476,168.11,82.17,211
-0.000,-0.000000,-0.000000,34.40,164.57,-68.68,202.43,86.05,-163.55,311.47,16476,269,-297.98,130.80,-1547
-5901207159914729887266815082496.000,0.000000,0.000000,164.57,168.86,267.22,87.04,-163.55,-242.47,-254.01,329,-1415,130.76,164.76,-2855
0.000,0.000000,50.115000,-159.22,-162.57,87.70,-163.55,-32.81,-297.17,130.76,-1049,-2355,164.76,0.05,-4834
290448883339481944534172432273665026366919097841355912813543269063669547210917324179301892073831288430727021185582337262562020234057861171248621775272583550209277092214760388475911779750772505561463760863096312637594077026311979730399660638736850905609535488.000,-4262227280013.014648,-857540029789171854037256448555532855551590068880999899494073668047323349619392380928.000000,107.12,87.57,-163.55,-128.20,-12.06,130.64,164.76,1474,774,0.66,-39.69,-13333
0.000,0.000000,0.000000,86.53,-163.55,237.88,-107.37,130.72,164.76,0.96,9651,-14927,-1.96,28.00,22050
0.000,0.000000,0.000000,-163.55,215.69,107.12,130.68,164.76,2.65,34.13,-6604,22275,1.75,-39.46,-2581
0.000,50.135000,-7.283005,92.65,-14.55,130.57,164.76,1.27,-4.40,39.98,22500,521,165.15,6.34,20975
-0.000,0.000000,-11999394440863224284490288776871158425787910065158503680008866271995178854117692766468494566819689089347193395119273714363435856249449056542130176.000000,-37.29,130.59,164.76,0.09,11.99,4.31,-162.25,-2116,15295,50.61,227.25,4285
9070949741158781863071323179228880527510497800969389268983034198034432733640853698272905358082248132348119452927474032299202872988401664.000,0.000000,-26702432276520729096554232909768997313441591378162897057258905567150397115644401580773666944055384972194372880109329679631910377530057958162119153665531360664513477373818620944858819516180312136819639241474545055908164914263372919375193174495295013126144.000000,130.58,164.76,3.31,30.84,-16.64,89.60,-80.41,3597,16496,229.50,-25.77,1077
0.000,0.000000,0.000000,164.76,2.25,12.77,10.66,45.11,-156.78,231.75,20796,1017,-15.76,186.01,1105
50.155,-7.282779,112.797001,2.24,0.68,-21.48,-122.03,103.94,234.00,-5.51,1177,1051,50.79,208.49,5122
-10322262748264278131607854037710893261700361879552.000,0.000000,0.000000,-30.07,11.97,177.64,14.71,236.25,-10.16,61.57,1254,-31488,285.75,10.45,20971
5510971075074451971635883917247629856397429568738350973335133397340229488132137295814735167488.000,0.000000,-2616637085823852378482981039972166283710980524918468278923938876721248889251889662220609232962109642295475643244833162199913485715518797098113255118266181723005221438345978475057271443153551851335602420619917469992825999951644709118188339276126485253231528092136357423592781374179059208702402756608.000000,28.38,-14.03,-122.73,238.50,24.74,48.91,20.95,-2559,23592,10.05,12.45,-15729
0.000,0.000000,0.000000,169.80,-149.67,240.75,9.56,235.63,159.42,10.86,26214,26214,11.17,261.13,18710
-7.282,112.797477,-7484968402730693378712807135789645021137319957280264571477832020828366208453393579373422582157305821781400797395088874236465658999503454787228630880695882153304791771581054950031443577369280876445858234753643602448112196237996168239049136706359522144941699794605178880.000000,90.85,243.00,2.88,54.83,56.95,12.30,12.37,2621,18711,-104.92,288.35,-13760
7944474474542726170072655526844967045630252886392237750302272366117988151586717696.000,0.000000,-108902879695173746716694767837874682488536873623260412659835720991230576180495905324674141965812614031356656100378848359512986571766198537490601607168.000000,245.25,-12.92,104.46,137.24,10.28,10.25,184.36,18711,-3776,314.57,-209.72,15889
-0.000,-264231215084000880166527293125930782851702721750932045746725369891250514452827126452894915313785906159286882284601414079044967360323369893700281847840157129986175857445600912873166498960771551288176276045643604476736726823164530541693526404041054089851937324961259061248.000000,51542179205399611530797120684401750800121840338781468310851850801321805815918270579049669741358030368363765458585158995345505151385222320148575549449031385088.000000,-21.78,70.29,219.69,12.06,11.15,-184.32,-314.58,-30912,-20556,209.71,187.12,23367
0.000,0.000000,0.000000,120.67,226.60,11.85,10.34,104.96,-288.36,-26.22,-8241,9706,187.12,277.12,7457
112.797,-7614706562498838.000000,1200998964160106730400776192.000000,262.39,12.22,10.47,-261.12,-262.15,-262.15,187.13,4182,7457,248.96,149.82,-21312
0.000,-446579234289195360497065629563939078404212427532570238659045493743856761165943631887112007587764463550055859401684505200049220846301840111962262723496909099536675858628364817591579090289238576987184224719835818178996245717243237301939790108314846635041748942848.000000,350542425368834020808236212706214934030795462346427944624159055566501824758556173806078456506580205568.000000,10.21,12.52,25.64,-235.93,157.28,187.14,10.88,7457,-12608,272.57,88.14,-9268
0.000,4503605602239765832509620959661441307922489904659909822846361671486949408665894119680365542260382697548477290696147134670675712679383387139208498792355485633274355586602893312.000000,0.000000,11.84,314.88,-209.72,-78.65,187.14,-114.56,-219.55,-19520,-14657,253.93,74.56,102
-5291565413429878071051843127006754198741072815058246857061313208832020664360965029425767483635226252705549293322885366736159296237964913878342855544216365794392859991257963452948446981925284615287923121129702522982744355399896372156039168.000,-245016752606963154698074815352787221606273028342203897597482361907742447648622510766334403718920955189290272403437472724276656381747504566219413424694420472783009299718900209918619374928139830238279895074306506993685679259146608429822306456163843414911923038166450176.000000,0.000000,-51.19,-183.51,-314.58,187.15,-78.72,-47.38,-218.18,-25634,1030,74.56,327.04,23603
0.000,1475476723371263220236513871413100006009380769703825748047508322715320808664700554804513951606100930424188164227510120579459084978031153385247845300367373705575246331904.000000,1727947187076322452278808159228714912694400971032725888762760629192900833679536342437610952746282711103825677032871759788559836792225792.000000,-157.29,104.85,187.16,246.40,-309.33,135.71,74.56,-331,23602,-72.32,75.07,17984
-1061114385632692867280617782745835286878210258981857719268679566853090772353491455537880982604801512231126235171542312490323721258339032662802432.000,6248711219354121781193961462163133925122135183566731252931790413360939943036451078310501047448302274134473060727887614825095182672834922646190338648661461176220876624631461865293259323998208.000000,-92562241087619223974103656767307093308440102343138809739214848.000000,-131.08,187.16,-37.76,38.42,-32.33,74.55,-23.68,23602,-30656,-277.92,-19.31,23296
392991654305090147496071086165035253802814231431888781733766255453469944134887691766464313453677649049282107980835131566192585015164832527295891885391874038357155888319546478640568883765837824.000,0.000000,3942650740641128465368950573363314655956943661820967617155907775050476768501101549399424388913512575293324506470257079659919981505751242466523316889650873557819059945174623288904725976225821969721347491007751954902097166391031013310464.000000,187.17,205.44,-281.64,10.31,74.56,-272.00,-209.43,-19904,32000,-11.47,236.02,-17679
0.000,0.000000,167701603892949919990237785509075996351922176.000000,202.88,-307.11,-183.59,74.56,255.36,207.74,-20.01,1024,-32265,236.02,-170.88,29454
0.000,0.000000,0.000000,-102.73,156.25,74.56,119.68,86.42,-2.53,236.02,-15873,-7423,-132.48,-58.88,4624
20718388594183823500381639440080896754869065906105012863357469372262826588174384741285864436429891356160489745799380606341191005577184301968773667590656516696929104401720479318016.000,-17834106466903991824864437064558665164874965339459275153197629303030268964344024602359908119455758632574467564899241537616065957025186503198686417123513151887081683016496704248130714646808937141473125624250310644894700779457795358123803543197103474721456914432.000000,-0.000000,-159.03,74.55,-82.56,-236.73,0.24,236.03,174.72,21490,-12520,-184.31,-320.06,15052
0.000,0.000000,0.000000,74.56,-213.12,117.39,-15.96,236.02,-24.96,117.76,25075,7127,-122.85,2.52,-28564
0.000,185542200051778593827630861857785865322889216.000000,0.000000,60.80,217.35,-8.74,236.02,-186.24,-143.36,-238.23,-811,-15764,89.69,126.03,-22011
-1759183198515945927864065891368562161630018347750518900233811421221845468092378553825746597139057515426395497617355785316002883890944291751513291075703774642176.000,-600834954062692876288.000000,-62607403072447286496295976031202449597414014148009638462777382545145209273696013778944.000000,-27.68,6.09,236.03,64.64,-174.07,5.17,120.31,-19859,-27139,-174.57,-87.58,18518
0.000,354933981091417571509458505610039630063663693643786636581686127143620461686189611524815313891676914947356805321102548884542499555418692790240551829005502239347863746576111704690756841166497310103605780414464.000000,-37219452510308989935455315554635515551080610198056638801322793919201242736851072374139151015905922254101181755140352245760.000000,10.13,236.03,161.92,289.29,227.78,-25.56,156.38,8973,-11736,-168.82,-219.06,-19130
-0.000,529671699758198466543616.000000,-121152702914612465512867803447759595160216706130950967010445691953521991183608717138620457918693776910895534476492060604287570892430521185511949788106665991271782508748386836592869442868422156927959569857767910036924564855749717973059407176862802346048469038843398404669249468771610885357568.000000,236.02,138.88,-51.20,-235.62,-94.74,56.33,-247.99,-17654,24924,-129.45,227.96,14084
214087153905892033145945044514719469276233728.000,0.000000,13798961337811720171320630527165432634976243010811850700856924272835741991794840879842623954083785574729762808484714399617810644651212800.000000,172.16,279.04,-135.76,253.43,-223.30,-327.59,-98.72,1872,-25852,273.81,131.25,516
-9168035815652064.000,0.000000,-0.000000,273.92,28.08,-307.07,9.57,250.46,298.09,-232.86,3332,1028,-152.64,295.34,-20972
307004738238688160757364266218029056.000,152415506122205067293716006395890173069119655157218423542207817841388567775533624455624362301537124352.000000,-0.000000,-84.55,-194.71,120.65,169.08,65.14,-225.25,-188.82,516,-5243,157.24,107.56,-18351
1778928924932173048251092086051454597517679824313783509158026365481368646577679099460001711191597712551259626546807875975504090343118811557446244108337152.000,-1188062900582903520779512346260090549988320159559056424237010298647998912869317641635885632744205993607952183793093781945147467948976948944910564576314150181287128938874191932394506012835260934143890031186615797662516881090671863586331658419669984830877496193843200.000000,-0.000000,281.51,-309.61,90.05,-313.73,212.38,287.40,-53.38,10486,-28836,202.28,10.28,9666
0.000,13800676640962266170650736793939484926604605023429236666854257243647581208407374932781266045548788553326665966556148967907316190551212032.000000,0.000000,-72.17,12.25,-288.12,-184.30,-198.67,-98.85,81.96,26214,9830,5.16,262.14,16457
-31136100544957078967637486020313387834365740206921132851767296383388791394660311741124373501728966468899253889819339004747952903732763589050678827056964731704493935752642560.000,1369534796169412518834341989872889855691968653885694122446484309467102919731264993984277959775111047041005951250449230585468004192780868118643878620698859505211309205205048928816773191763651182036647829441743094139226552048466908617118228931757471483673643978105862145436522834503792726060386591178752.000000,-7604270300383744.000000,-67.13,98.44,168.95,-321.71,36.84,-61.40,2.59,9994,16457,-235.93,157.28,25265
-8191560509748126132023353954367528305669612994835440942776506137329818847293232930757426891687926380370616705974087313078930140886368754558003862156866133127928432747177796734635512662800503621698385757601792.000,1259186197150669894588482418892068132886558527766948475659867377893397260043825226420858844675184772804255940608.000000,-2113546001057250794280814458699776.000000,162.45,204.70,2.83,164.05,-25.56,10.27,-78.64,16457,-18492,52.42,101.58,2000
-3291952536224876488445184818150928331989484371559654624280536812860773802297424526170401796369979222356369559486830755220144223803060454259597748216234597086641591072956228513424003775087883485329116604884317847884524772646416420082248222515843377096806601589660872531101011774053285888.000,-633412237355141093315396172939889893365713940245391151190663272175407225987631900600473566765803118315120502887332273359974017889836037846438389535450163328705005271253500121905680815794716354381218605001785131972154888282479200435412738043461317774616228110296804229120.000000,-0.000000,-281.49,-73.57,-283.95,291.88,2.60,78.64,-52.43,9143,4177,103.21,164.57,7859
13832340058172817026844880631997478756767656248532243248304797584674725942940438802866960805936247993444985897161024360036046098546032640.000,3059459474636471548483669594369836670956512846515047332848851645145192011119851743277580201418994288379413884671805620224.000000,0.000000,292.06,-61.05,-115.16,5.16,235.93,-157.29,104.85,-22713,7965,164.57,-55.52,-16355
0.000,-0.000000,-0.000000,-293.58,-209.88,2.60,-262.14,-262.15,106.49,164.57,7908,-16355,-122.87,204.98,17584
-1251259865933993504319721560827551888552175807810324680713544710492268960443542000485380331123350670392564908032.000,46318388963686661043714579510156747135157153038336.000000,-1366831704114074688971636603752915411878805504.000000,184.36,7.72,-104.86,288.35,108.13,164.57,-33.21,-16355,-1894,-193.78,78.24,-10104
793051201247626815895495546215220641792.000,117866426476605280.000000,-0.000000,0.04,52.43,183.50,109.77,164.57,113.68,-308.35,27056,-17770,78.69,-163.55,13067
-0.000,-0.000000,0.000000,209.72,78.64,111.41,164.57,68.33,257.50,79.09,-24674,13063,-163.55,280.79,16476
0.000,0.000000,-0.000000,-26.22,113.04,164.57,-162.40,-265.15,77.39,-163.55,13067,16476,-294.47,-6.24,257
-910377394109597847738092818834337917967005375268238694941131228103835648.000,0.000000,-92559641160899256129039206810951235069217909044213766917455872.000000,114.68,164.57,302.58,132.75,77.33,-163.55,-43.62,16476,213,173.18,130.64,-2943
-0.000,-0.000000,0.000000,164.57,243.02,-132.60,77.61,-163.55,-327.54,-70.13,130,1962,130.68,164.76,2208
-72271715237419091208688492954308362179615134543185511065152924450713785916437641409098697317166988461222393521888945685883997459857370666383465155359262954218914416521591295533044812608087019341147474931916084698528585903981349084702238248412385834128709083613877778653322794968073717844448779436032.000,0.000000,50.360000,-73.20,-283.16,77.85,-163.55,167.93,-121.34,130.72,384,-1128,164.76,0.18,-10131
0.000,-0.000000,0.000000,243.40,78.22,-163.55,47.47,-205.45,130.71,164.76,-211,-17052,0.04,-10.40,17677
314908268255430655277666268289041887879982312292941133816147252423828353644512917703597316874297164067848693517447943486803190549921893667742012863829667264144041772051689204140481455801251233360677129989107266242315175588909860746898878712043598975268147953664.000,0.000000,-0.000000,75.74,-163.55,259.43,-183.96,130.65,164.76,2.03,-13555,-13630,6.91,-37.56,-32461
-0.000,0.000000,0.000000,-163.55,3.46,-29.18,130.63,164.76,2.01,-17.54,-17097,-32236,-31.62,117.54,1692
0.000,50.380000,-7.279080,212.57,276.14,130.74,164.76,3.02,-21.81,-1.51,-32011,479,-168.41,51.70,4842
79070713611939628753798315448252749246962314322063161180554701922147540725772282712854474584645359572655827888461076007137181291339059454660231819415965671448368423464901147056027419743049971952746905514879292102045070916404617123037868848357977789582164022404582652675681499945631744.000,0.000000,0.000000,236.68,130.68,164.76,2.46,33.92,-30.21,44.21,-387,370,42.28,-317.86,11151
-0.000,496605336921041265080760857583614924409548597490305558680386914208280850196741850570915122320268267604034514624579891887319616573305711186935808.000000,0.002906,130.75,164.76,2.62,-29.18,-28.59,-71.32,157.14,10402,7529,-315.61,-26.76,1250
0.000,0.000000,0.000000,164.76,0.40,26.79,-39.82,93.08,40.02,-313.36,12925,1242,30.62,67.91,1012
50.400,-7.279270,112.798470,3.35,1.05,9.57,10.65,57.20,-311.11,12.44,1185,1122,280.23,76.07,-23550
-60.502,4110722049640645141642596810181358799366219997304816087830122662858345444016128.000000,0.000000,5.32,-24.22,126.88,-12.66,-308.86,31.75,42.82,1203,5122,187.88,12.57,18350
273601713213610783415095768214233164445946206331387522980367607099010528123304733534141731813719815861957970913132151734852072897059736771953319747888062713036800.000,0.000000,0.000000,9.91,-129.61,-162.41,-306.61,17.89,142.30,82.89,-31488,20971,10.41,12.55,7864
0.000,0.000000,-5573233692919375683644720263543413816837634816962364774897181737275505119989852934249643649629836562057453353878972879871280467949682833688642857157729123516417307716113610497056620119067591167642324129414810956404117701789033462497280.000000,109.46,-176.19,-304.36,34.23,212.27,30.94,10.27,23592,-15729,11.83,-25.57,18741
-7.279,112.798778,-1917358552644204672575839015734279841171381134058659845100686128409692974020450777350879617067565488916785467790742790999544422519610589875130103127121482231380849171829731274392362546863656222231589980537108777216935450465022627552574664867840.000000,-94.50,-302.11,-5.99,190.75,217.73,10.87,10.34,26214,18742,261.14,262.14,64
-0.000,0.000000,0.000000,-299.86,-34.69,108.38,211.30,11.04,11.64,-104.92,18743,-21696,288.35,26.21,-6885
0.000,-992695888340830673339380202743894942000129037239571056367846261756953026203098950297702344707790605002927899608578901447693227153861526820610473837979240176518358031120447188500998713398614184925770944282856343632694777034642870465697851984415030321358434056544664595499692589056.000000,-0.000000,0.26,47.16,291.36,10.60,10.13,184.35,314.57,6208,-20980,-209.72,187.43,-23623
0.000,0.000000,0.000000,1.86,196.68,10.62,12.35,-184.28,-314.58,209.71,30741,4989,187.44,-237.44,7455
112.799,-26367089596300884106371823334014384835332860290094291450657650397604940684482309607749599913385377239752765052675751135022679938657962634682872250730202283611366942048256.000000,0.000000,0.78,11.04,12.49,104.96,-288.36,-26.22,187.44,586,7455,-242.56,244.78,16064
0.000,-620513731178564490396201242902291180538753311170246948283984556406497135237827108891493966739342643495984949891284533020634338878551827429170554270286390998713452954930880875232379972887486960367253931178328064.000000,490180458549617544671514770460763626143785404392515597806955295028246326503867717273395516135610394732227631944466293832496168120431902272674544095516370036326400.000000,10.27,11.79,-261.08,-262.15,-262.15,187.45,-209.28,7455,-11072,-196.44,-205.22,-29415
0.000,0.000000,0.000000,10.55,25.62,-235.93,157.28,187.46,169.60,-274.18,-13376,-26108,-180.20,74.54,10805
-38033304762852698928560577645809131598618184995714621296397296539210050733328533163323446066667762682202279757121325542336333869126318552004305031712663818901142252643602225230413801902158528445800238254788819747017969009530622167190241295276149687743672283906917655379968.000,0.000000,0.000000,314.91,-209.72,-78.65,187.46,192.64,286.99,-229.27,25722,9977,74.55,280.96,23603
0.000,0.000000,-168501894254699225212664092953248035233245882349273477302520361350118162607936560834076836485921543134927772218109856183953467078579665501594094512612324722212348167776111898292308792431245680099513253106928320512.000000,-183.51,-314.58,187.47,16.00,-271.58,74.57,74.55,9167,23603,-26.24,-96.20,15424
0.000,61436736141553869057393892075440133439191920872207253750878419363248445652162610586093295523294109469312090657090090375490913980116102482493440.000000,-4310008104928.517578,104.85,187.48,69.76,92.61,287.97,74.55,-167.04,23603,-10944,45.46,116.23,-21504
0.000,0.000000,-92559631388392823962049344813777656476945120677668283482112000.000000,187.48,190.08,281.56,-188.64,74.54,-85.12,17.11,-6848,-16896,84.34,236.03,-15880
-306765999061962706781601277581925525473095477190309925881358903603350787306014708685652162267958213787667711946865539705456803314125309227703645628993046768900713255852825553557150458329392720931900357660451751352445026002154915241846930868696465544762427381928427520.000,0.000000,656533938644732779482910967740456413033398272.000000,-237.44,97.34,235.25,74.55,-151.68,-137.95,121.28,-13568,23536,236.03,16.00,-12037
88449527153584772384367000639972615021255667862514910776852131977776230826550265195121738167187116127888009627113100662891170311672701424352788335296512.000,-0.000000,69573811950081903384257652908506567632284138043427346635697484883952003701801200280657777884397568.000000,144.65,-34.19,74.54,73.60,207.70,117.47,236.03,-31218,28164,-9.60,-158.72,7455
0.000,-867968635366631691948734089252564025170355180452069011706062412537789349668665339674735800487969982084067587099873181850397542756438820584272466185594536391896296716315242278504852115291344105323811972417847296.000000,-0.000000,277.45,74.55,-108.16,-259.69,116.13,236.03,133.76,-12023,-16318,125.45,309.75,-21758
0.000,9070947271497255347145395990415143697186271824416933169976599268142038134443084527387629533493538565263064308094355336935804389491212288.000000,0.000000,74.55,-110.72,-214.33,117.56,236.03,325.76,238.08,-825,-29665,48.60,-299.57,-28662
0.000,713623846352980098985468013253422755279273984.000000,0.000000,-274.56,299.85,122.68,236.03,3.20,-291.83,-258.59,27968,13067,92.15,284.32,25083
241889890345340233304818333035310221209742890370639633130708558642898843747785886250994953181888141556684383469595476915343777886079067737413047829368478053372440211470191373833106223732979087907762471158312255633792972702786252416483328.000,-0.000000,4103038303725232065246417352118736123628309243100797976524724299809767959528243457345716224.000000,-302.21,95.20,236.03,54.40,296.96,33.31,217.45,25100,-15368,227.28,202.20,32599
0.000,-0.000000,0.000000,91.37,236.03,-104.32,-253.44,-22.94,12.87,-68.71,-6659,22289,122.65,-289.15,-3035
-867922423989873734847801914969661409310627171544739050150085263435314337403505527069284549490155371922334295882165857742025343199544327164870509706522852551949745326596749664382632479856511202386573462530424832.000,-212066426507080673938860581910554454212658372896458859691949805362009410427303838445768825780259729908086090762099145235621583372135968249089773671301664210944.000000,0.000000,236.03,277.12,-261.12,-232.87,-7.59,-211.82,43.09,-28856,-8693,102.54,133.17,-27644
827803661769474896446907132808030626858926080.000,0.000000,13918346646566988071662615426599460304597217948718309405105031795673258731207686427549914456902260419000433275558836874450468484147052544.000000,-24.96,-99.84,163.85,217.54,-189.79,-38.14,-184.18,-31995,260,-266.30,-188.79,772
0.000,-4960268047947042422780523239582064188845886569525840853977439883471965950476512079482219679871925277012199578009600.000000,-0.000000,166.40,153.69,-102.44,-160.96,-117.26,-207.21,110.13,-23549,260,-319.50,-40.39,28836
-52505547697078886767805324636745564252662944939945569964698481911338408273172968530421455360672168490258304752930448418653463421835796221564149139900869372689493200702816649216.000,0.000000,-5907027927882179113188401520334149833552033959482675257176530791278048565704581756998177434408896868970860138206194112418402368766182880982870759816734444418505411477979629214950339496478276168732873501293965171754210063951557697222817876717011824303712468222436771656137695082587626135829213427749879808.000000,53.81,-23.02,-196.81,-194.67,-186.72,207.27,-249.99,1027,-20972,305.41,-28.12,-7865
-27030794540631625151303846580256968787994637938568991937040926853851390172902129783551697028691325489743148194691706939035288503457583168868414657627669334915231035701052462451818603351263013897087536418793760068454905849051916600803543110061396548837681544965114978470762382670800968596016439754752.000,0.000000,0.000000,-197.19,25.04,-275.92,179.37,-25.70,-201.43,-194.37,-5243,-18351,-84.44,5.16,17694
0.000,13964926779619271938474511115757923052814450951831741317437205329953120722874743712485838539951455429526747965576375694661531588605509632.000000,-0.000000,-192.61,301.40,12.98,-179.28,131.13,315.31,294.44,-28836,17858,5.16,104.86,16457
0.000,0.000000,-87408544055344681606567663671482163365806871889842086736049052054786106481243557571281513124724736.000000,220.28,202.43,-25.68,67.22,228.27,-281.56,2.60,18022,16457,262.14,262.14,20932
0.000,7682909252502185966375704407726692389675857677622640035716447431589979515943036744140876968194358283402332145042241858264046483770026795478869489907649183857891929489408.000000,0.000000,135.88,227.97,-163.20,113.15,-61.40,0.03,-235.93,16457,-17257,157.28,181.86,-17233
0.000,-0.000000,-0.000000,319.89,-129.96,-101.88,281.64,2.60,-78.64,52.42,-7572,-20791,183.50,164.57,8136
13961613709159995513739456290807999093449098049406091876209434725927238963951951016165216730041116575540828545175124603283055193609994240.000,0.000000,0.000000,228.12,-225.02,-325.08,5.16,78.64,-52.43,185.13,23032,8089,164.57,26.17,-16355
169893570802923200624082187305615360.000,-383862591768817713698779026680300397755028511043442902673301676641579254760650365655436166935927711429961584595697664.000000,11914944164904217714739330293638275066804028316570114985718739725830747823943187423977249933390941776746750170145894496810908759864236045614180780632650446381011435520.000000,-135.62,289.32,5.16,235.93,-157.29,186.77,164.57,8044,-16355,103.11,195.85,21204
173224962963105737126802551713494901950689341381124185337044134603647376189721095575290186093889493207652521160150190364742268069611452660261433075395954345294842056955132364454098128896598796888333004676001693696.000,-0.000000,0.000000,112.68,0.04,-262.14,-262.15,188.41,164.57,184.71,-16355,-4661,-21.82,82.10,23009
2449872457144948686762373237649753183709583900672.000,0.000000,16999883288033025171576087347262432724939008256977497722034029182857177310383660562313665938299991384743242744648434637921430483936087127514108006094248333979782555355919709254413761345162465518659316970915562318982447128748156939299144597504.000000,2.60,-104.86,288.35,190.05,164.57,276.02,-83.78,365,-12373,81.25,-163.55,13115
-327357740522612322387076285330848225155815501792036482648254082204392405238096221590197616777374734259026968370057245211286128005605149482452468629504.000,-3356826476608206628608321608968792324147723288000334045527665690698819183336927466244958805032960.000000,0.000000,52.43,183.50,191.69,164.57,-259.19,13.90,80.97,21924,13109,-163.55,-240.03,16476
0.000,0.000000,435219516638083168058791463513030349339505556480963055481183388488905833637118008623104.000000,78.64,193.33,164.57,18.68,313.02,81.31,-163.55,13101,16476,-317.52,-302.85,159
0.430,-3289051191983484738605133940015506899598316411080348888038327099880339011375619819581018486235491440688255766813620172201775209663986228432897300017417858149930899420056533408582251604834902315043385075273254276067186830195933441639411871297659417636151086879682766831616.000000,-17835455406464038971523168865721126610587063482150568145753208371800899282086715391829284874501537668962436088767391281219567642200783830027709191229477875443430787708635875054063663544818534470632632324207231647136042987834488479147861078254532580654689812480.000000,194.96,164.57,221.47,299.86,81.69,-163.55,-155.82,16476,100,287.71,131.16,2207
-0.000,0.000000,92559631349473389317355191180064031836630927339024622783823872.000000,164.57,-107.82,-187.49,82.70,-163.55,289.94,19.61,198,-1659,131.09,164.76,3835
1168987572229526991229685327030455169906928020622969359647274571650639835981310317292884659812816630376342466824135372508534108052109419190486507448365679282753579264322344648488513354429352647412001758033489182448271719004318033275051992280638338387499635634131702595988796089559130286545960960.000,0.000000,50.605000,43.33,-28.71,80.56,-163.55,76.71,-120.25,131.09,2119,-1694,164.76,2.34,17011
-877116578031.067,19941057007184879246134137555699892224.000000,7531128180113138024241483976962403497060143270776022097972084967237556533514689061870614297204214471035337496712667755653890048.000000,293.08,81.22,-163.55,-282.88,292.22,131.03,164.76,-638,10883,3.24,33.74,-5552
-0.000,427698051579323285201761677303388231525642502671145545347965247696637556858416776871936.000000,-3659111336233.839844,81.23,-163.55,-107.11,67.69,131.08,164.76,2.36,-5111,-16492,-25.28,-3.20,8100
-7045705616300148208680311225558380201381097857511341500337392135726595689838963469510368107639166385566577984747488093503568353510633318920107930140511610994698600719826242858571468323303580049700632607148625799690042031490755581785849143563999028760514193985127956955303298877374846877695608923363475456.000,199017653376070615577555964793084390140037677055913283007355492016574169088.000000,0.000000,-163.55,62.13,286.06,131.07,164.76,3.38,-15.47,-7036,8325,2.91,-27.13,2518
0.000,50.625000,-7.280951,28.34,125.37,131.14,164.76,2.01,-12.53,14.34,8550,694,63.27,-161.21,9279
0.000,11741352272791937172443611559028937483989724377095839610914700115329679098197686589059926656855007806288603956540175663495061560145120967084463640390642699657666513541716692986349375177630378860362225660760900272960092259462257049600.000000,770960873678272917941759224768740658633357722832206390270740748981216944366810440575065486729759857997882778057508854825832193644857171779661149278572642304.000000,299.75,131.13,164.76,0.78,38.90,-17.91,-47.80,-2152,10832,-144.95,87.75,12761
-0.000,496733970818232327357510336334325901183902039076147616948461528925003777861041686832954212352.000000,-3473643232632029068960891901651906888595711828840930076794392355059941926089297333046676033537570920639099662022667539434060269725105139262585650893666064004514505079573484864567492504430669709375373594676263905525316086111053172692406414801679118575475117111902208.000000,131.17,164.76,2.02,-13.83,20.90,-63.86,74.11,28146,9309,90.00,-21.53,1000
427697983312706213332605121192866047861101602320166690395950230990585576591573647360000.000,0.000000,0.000000,164.76,2.71,7.16,4.72,155.04,132.18,92.25,8030,1182,29.33,209.02,1011
50.645,-7.281659,112.800537,1.94,14.05,36.27,143.74,0.84,94.50,11.29,1252,1128,17.33,229.28,13057
-0.000,0.000000,0.000000,14.45,20.19,-31.53,-101.02,96.75,-2.02,239.66,1116,-23552,140.59,11.67,15728
169034766055845363712.000,0.000003,-286168924232531500217965725713196660140904106892429122673177302243941842284437891568344739650770370773211634125846775683145574446091836043625198507349105507114188698331368068948378779405033022562171955795031209428248328824097364870633657779318315953524333027878477378042953011574807918048289226752.000000,-6.22,174.77,-129.60,99.00,-28.28,233.82,159.57,5124,18350,11.62,10.96,31457
0.000,0.000000,0.000000,-150.49,19.39,101.25,-31.53,18.81,149.06,11.56,20971,7864,10.40,-314.85,18773
-7.282,112.799882,0.000000,-95.93,103.50,14.13,115.75,280.12,11.61,12.05,-15729,18773,-25.57,235.92,26688
-0.000,0.000000,0.000000,105.75,26.54,215.84,235.78,10.34,11.31,261.12,18774,-10688,262.14,262.14,5841
-0.000,0.000000,0.000000,1.43,21.70,166.52,11.65,12.57,-104.93,288.35,6720,-1087,26.21,187.75,-11771
0.000,0.000000,-1728291624117863367145763333881338663042861115330469301654736717955666672416745036939852376501772361241508059080975896044142821473807948207363970476820972351754604820809010005698846035278132826095873274533735540465497434809718925827583163329207019998246814840940331875719905190809663306727424.000000,165.38,80.15,10.12,10.42,184.32,314.57,-209.72,-9644,13843,187.75,277.12,7457
112.800,-21189443685058004881778384470088642048417000982739780552211879373177306886483552118526907446511120373617643114305706199934146538668205478520743508162643793017186483437187142534157957851131238523161778202764073580335103038850072576.000000,714991182220806318197823019236688494042639923486219188293114053725012996478372329917367576765045150794218051105960611175796778049494391588183811772631262758925471611179189278964951261537818868328497366410247125505930478177810839685372505105441681833984.000000,26.40,12.23,10.93,-184.30,-314.58,209.71,187.76,-18670,7456,-211.84,219.04,20416
0.000,-46034781394801256826962093425894135424714200379480055305572561745183862209529725743178243408439070425505043304157911145194192896.000000,0.000000,12.08,10.60,104.97,-288.36,-26.22,187.76,92.80,7456,-5952,100.06,-312.70,31538
-709498562322953856839753828370747741088235049446038977422003862598856111634867031642882066193803715087911254877096205159663988113913765880846243421197477261895175550461462668122459356654758220341888876604997925109941573364623616497549031434086624624233482205500801024.000,0.000000,0.000000,12.49,-261.10,-262.15,-262.15,187.77,241.28,-26.40,22208,-28134,84.49,74.57,12174
-2366422743087284400638545535291312378667389320402054771788436809633824825294061530153838750221213516875289403977574758681702691760709187679283595519378527371684078116087233416751050268170426680168732054612101461253083593917786905941777863602946163764894951622765270007250390677291368632768628640145985241088.000,0.000000,0.000000,25.63,-235.93,157.28,187.78,-170.88,209.76,-181.66,-29705,13063,74.56,-16.00,23603
-25603401673117084018620570603499972256347302911787394125302027924588172185347950129221708204024268254708929989453875677459352085676486728614277533412517759974552553792847229457927688404598784.000,0.000000,316306206821138104598808714551037242595164588745768770646487510124953509172429593876048975257572395356152263643214622755203872519155545914193742535125059157840966300328435263247099621312417088456291565862225399311822633444657113630536400156604626578405382803395129423796848239916875776.000000,-209.72,-78.65,187.78,-81.28,286.20,159.80,74.57,15485,23603,-120.96,-158.12,9280
0.000,0.000000,-0.000000,-314.58,187.79,80.00,-149.50,-189.08,74.56,-307.84,23603,32064,-125.53,137.32,-6656
0.000,0.000000,0.000000,187.80,72.32,-47.94,-78.12,74.56,268.16,-132.46,320,-8959,142.59,236.03,-1805
0.000,0.000000,2569045846870744328745247723402780777465774080.000000,100.48,-99.39,183.91,74.57,-243.84,-14.27,154.72,2048,18940,236.03,-73.60,-29453
0.000,0.000000,-89350209680023424294371878621481530408203485275042453363405355114551361308875286464961709605933546046947943645612955092109568249005449970787356141261981104317379396110886418270046981462364691773932918242119322022996039371079874265639553492079931212879367737779275605612420430560043465953973288824381374464.000000,302.52,-219.48,74.57,-90.24,-116.36,138.61,236.03,-26378,-4870,-32.64,153.60,-32299
0.000,-41614457497042257810311254664098313575146188358178027191338262157793085092815159439635991797030979737303934639551542515039647202504330674426343043448161104297984.000000,0.000000,-99.11,74.57,14.72,-60.67,149.83,236.03,23.68,18952,7694,-284.15,-30.68,-17387
0.000,-0.000000,0.000000,74.57,-136.32,20.87,133.49,236.03,26.24,-199.68,-13017,-25138,291.84,79.30,5429
0.000,2797405477703652477117061298772950357444132864.000000,0.000000,-151.68,21.32,144.98,236.03,-104.32,74.24,-43.44,32302,-27082,-186.81,41.22,25849
0.000,-361259365810155389223585957469111550500477963473282663534419321919533959851002510376946665295326467294681577506318813040450910289920.000000,3393959662720933522023540304660992580954022325693909838565560287232.000000,-175.73,125.08,236.03,305.28,-202.24,33.28,-184.32,-7881,27890,53.29,243.86,-2746
0.000,0.000000,0.000000,136.60,236.03,51.84,-168.95,-192.03,41.09,-3.25,21771,7244,166.05,259.12,-3278
19991589045825486794354903431147159552.000,0.000000,0.000000,236.03,-129.92,-53.76,-97.37,46.04,-316.79,86.78,16222,25899,325.69,-25.53,-10236
3197034831661365649613907365094743425144586240.000,0.000000,13957609508881071118005905095951333332045602339675287801741194920385563717381074313309402796763738917885473881089362772706294954123591680.000000,-291.20,35.84,312.28,225.32,-123.50,7.03,-209.34,-3016,-6397,-92.04,-4.26,4
-0.000,790218349083113545021528551052635746847216512055319199744.000000,0.000000,-92.16,120.32,-220.23,-196.43,-71.73,77.38,43.57,260,260,-183.28,-214.13,13107
260618137385010972385083140020699710973642003701588587197570895099010071762223381837163146925827467175962411590249141647483030375710739990052864.000,-0.000000,-13375917809973080107182480456495676301009771093604012277650566047047864111770906467014173943659039677734997148080616684960738981876903552751108243181724034665219794585865773269154446708346608589665015002010475877807031060872082483423387582464.000000,199.66,-284.19,171.01,-151.64,21.07,-279.06,309.90,260,28836,-22.35,258.59,2621
-0.000,0.000000,258779129666979382657475697974201891367978847243401939275100996091517829304336732755101254810481983488.000000,-74.26,-123.00,-231.08,320.60,-309.69,259.03,-248.00,-20972,-7865,81.96,10.28,25722
0.000,13936854068165235335020884556695390735394497015492271417593126683149819609183946268122261565139694719363159321159566641583000776345649152.000000,162776883105913795268123625868776432412210699837796509724712114088148700495872.000000,-71.86,-310.03,315.49,-263.67,297.12,-171.44,181.80,-18351,25886,2.60,-52.43,16457
-55012908109618393454671284864000761589502622854382188206785061622128460078837597953268179885822793019463567705102948114675994469246378345129765405300899304853136554715036960697601803844582930398043060502164713642324966244740624540063286326984704.000,4865565734662692369922813946742333799662953779567851291242966260462880311170554734054395234746862959594616241948794485472410336487667472276855198237859135944089026319468478314943741280006112192864226382960105145536400448994054781443725684630864599311824024293345270754630910916077551616.000000,0.000000,263.88,-250.26,-309.75,-181.37,51.30,-63.96,0.04,26050,16457,104.86,-288.36,-31252
-36648963173378677849201651333587970720942342184192251287498042003539153583791420820758162854260512374692773888.000,-599680707093757.375000,2013507123666027531435853857225925722112.000000,184.95,-46.07,43.82,-65.70,7.72,7.72,262.14,16457,30937,262.14,262.14,-23862
0.000,23220841174547982837846842067366700116898960772956970584880714612822737689180152166651595976770193081985771848934177696454758212544188153362042315044664601702437540554857713045889877787071397900871917262967277985258839810307985964774847414272.000000,69040287706132816848782351278342219647466420412531852781190576950680403678685998701769468833431552.000000,-51.28,115.39,36.52,-7.64,0.03,-235.93,157.28,-13074,-16440,263.78,164.57,8722
13913462221799227331873874588442771914047004201061375932385436615425129191219316393919095110266884500488284447667290953050570272498778112.000,6924937989977167737844237818658587418313960060219129794399050654430648205460925849743652382218917329282115915852124241331484539902888854278897664.000000,0.000000,259.73,-234.71,30.76,10.28,-78.64,52.42,265.42,-20205,8610,164.57,281.50,-16355
0.000,0.000000,73494101401876931769174615829008604843061502181980507269196336908899118895527782322167448280128053825943310019519115615764305939896245411164557963509124228994507182535232573769332337456668579786891352547717753537359026325712034926213362115713001317860314117511839744.000000,43.88,-325.08,5.16,78.64,-52.43,267.05,164.57,8837,-16355,-191.11,125.17,-21142
-0.000,-82054895306468056794786980866184884717873155863392770206990336.000000,-0.000000,-307.16,7.72,235.93,-157.29,268.69,164.57,-28.27,-16355,17668,-313.41,87.82,8235
0.000,0.000000,-0.000000,7.72,-262.14,-262.15,270.33,164.57,77.73,-317.41,14,-13694,88.53,-163.55,13089
-0.000,19421903065279369438854343837974206517918834442752368258355349417829380410612811535371223747417514087858430708505560575567122172630490729322533204592164864.000000,0.000000,-104.86,288.35,271.97,164.57,-225.90,174.26,87.77,-2941,13095,-163.55,308.26,16476
17955145025394417767773061373443385180298495137381399665076722907389362815939823805312809199642607616.000,250543113487365150364371492324483585872378917363181583817803701462003245702077660968975316018037216446405541576834451042734331382767642738688.000000,0.000000,183.50,273.61,164.57,151.46,-243.23,87.50,-163.55,13083,16476,278.13,-193.11,270
1021732672457355026704557848528771980651472386277207030581900724227081563537408.000,-441872069245482705820563587751829394611824702540350251265891884161932847627310452922825260134206838426042368.000000,0.000000,275.25,164.57,272.84,65.12,88.60,-163.55,116.95,16476,79,-218.69,130.81,-2858
-0.000,-177727054506722416675820379114969263544941565115007065848585370791979617797720877886926662473395375301930487347618039711674194633772733368548925891712311412623562942540840341534062741028864.000000,1050343936819612177274687143210052477544288029502868778499424635700416964469765582136230354261074654265189121904606977470428481007117424078138074629657963204250829872501525939569705896308389016075587436254651744256.000000,164.57,88.13,269.58,87.22,-163.55,-188.91,-155.26,118,2610,130.80,164.76,-915
-684622119750593.250,0.000000,50.850000,-323.72,187.08,87.47,-163.55,162.54,198.27,130.92,-3704,91,164.76,0.46,2383
59974404242050342773533174622823387234304.000,0.000000,-6645370260460624137897126713281005260442472445390504465799044901043871512894441018543580123868888970590320976245600506032789539172967025807783088032107120820224.000000,240.29,87.38,-163.55,269.65,-220.43,130.87,164.76,2685,2398,1.04,-7.38,-14887
0.000,80298907390246985312247089456255745027494133457086098154188846672924961040260191345149981470414742700472414440644799030396768283323582336149854016607239855328269788160554791826797881191800639586847348490423331435858896984793416858589205813979606548950061951048982267430157120163545088.000000,242419836151569649001821712439836672.000000,87.09,-163.55,77.48,185.63,130.80,164.76,1.75,-11341,-292,-37.56,-38.34,19125
-2741892756357597785462704533289225714479227288175928386965881779164991633384334945624482786005128618961596534297339539267078642609350692108234880736536499021682966682710491379949109248.000,2250506878188687565307083386179498566896147498513406985608744264915723042818501733605445572871714547493775705032169038824953068164022780349535989232447228780608070368507768912409969551394108648144548755145003681361632658718720.000000,0.000000,-163.55,-78.81,38.79,130.80,164.76,3.42,-15.51,12108,19350,-32.66,-39.07,-1819
0.000,50.870000,-7.283772,-221.00,-196.42,130.83,164.76,2.20,23.49,-0.42,19575,-1274,135.63,140.22,20455
0.000,356.017929,0.000000,-11.40,130.84,164.76,3.28,-13.90,28.77,-131.16,-3081,4309,146.01,198.00,19845
-1972024653281398706846304538156944685546019477406340066041935144061378092078852042554929428240229868337834754048.000,0.000000,1721699776677721221414825310514850798144712988860096301629496524715335072042172803796959232.000000,130.75,164.76,2.55,6.19,27.92,128.01,-138.11,9320,5062,200.25,-5.56,1006
4818682304997568936235078015995163359640456625698379616750721834997729856518733245478417866907844947631025447901721810588435575255990551500290052039159514666908532799961262000977478435040738674432036788727958320986428815746639435279630336.000,0.000000,0.000000,164.76,3.15,-21.72,21.60,153.63,-149.03,202.50,21939,1102,-20.31,177.33,1251
50.890,-7.283039,112.798177,2.85,22.24,17.18,164.97,-152.47,204.75,-16.88,1194,1228,63.00,244.97,-15616
-10721691297273448415080235376057746474259773299272307977616127442125824537547705560358244690565274610221056479578733950014876697311725918802674229824810651950711244389180950961913974279372800.000,-6727999587914515522616164046992120895720663199222644812806839984938492895180091343029994091729968416425201373495898167774096833380494399885735909959259268245147267916102721825139656147028556953735180825952728886744414006192111616.000000,0.000000,2.92,12.87,127.24,-123.67,207.00,27.49,58.24,1206,13056,29.89,12.18,13107
0.000,831674630190633519528050148935026666922494049367747543901272231967660385716561252210455467390054273542562786607164138229088376131020691132669772022721805418353393664.000000,-36518475433567979836034244000681140015742183833556224756941846038822746900294825536565006461746269458390831793166978581354266554878169859165825015146834185713647686161500327738721899987582767540900743266212404564546292072672478397343499367052266100621270056960.000000,-32.50,-80.32,33.37,209.25,-26.93,135.38,268.23,-23548,15728,10.80,11.61,-10486
0.000,0.000000,0.000000,-3.36,95.68,211.50,17.14,139.37,299.30,10.36,18350,31457,10.77,51.21,18804
-7.283,112.798223,-26921889933143985205418595335964157576954405430087090057297799850741688371000093385579940566850374111415255037651432614972904858528701469122496930798470716520478327371487704354737277030193331435462887787534345043968.000000,77.49,213.75,-16.74,8.19,184.12,10.39,11.60,7864,18805,-314.85,209.71,-19904
-0.000,0.000000,-41242582804501230589778480841164264517244468552403972636760343943356571299800766794786030888436736805860336929113231161203178757855507850584896762091939995483413216906698652466088434484742210959218924163843785344914558928834698933912851978937199632424034252883692350447638947037184.000000,216.00,-28.67,281.63,170.26,10.88,10.54,-25.60,18805,31040,235.92,-157.29,9766
-0.000,0.000000,5007094306496283324769392396946597996260545366751261413096789879751725971983148988100946185456048930816.000000,18.33,286.05,237.26,10.88,11.56,261.14,262.14,-29376,11723,262.14,188.06,-5162
0.000,-58401994295966973380038047277929537011022618540021643128479328503293365083064021823347159060049249338987686482561010230205477849126069540467621637294932787208120513371196816139578381354492456446804816459448611110547612082577734794753234968970796449697419389488838457748080040659619420307456.000000,0.000000,284.79,58.87,11.14,10.71,-104.96,288.35,26.21,6053,-9092,188.07,-214.40,7457
112.798,0.000000,0.000000,108.35,11.82,12.16,184.36,314.57,-209.72,188.07,-31598,7457,164.48,286.82,17088
0.000,-11997771279986201152454656.000000,5140531422310601499331486963591798788821100007813299440461926776073774646514742418837237808687349837249494425767274730693387985964576756825189507438996623260107774624896549665285522575071946500359988149973239589177917440.000000,10.32,10.54,-184.30,-314.58,209.71,188.08,-160.64,7457,-5440,228.10,-179.82,6206
-33458187229419598123509120096457530849466869707304754388263073980792934209815973438847213826871379260267436482600503844169853234225908026940668018382484833286762699299261266766788292623760034728829425032407341867217500775353930719064891257023651510511556238508032.000,426359213598717375110471882497431930598220026635783016080920473919242195423206504402916647429054576159784034346903535616.000000,0.000000,10.98,104.97,-288.36,-26.22,188.08,-22.40,198.53,18880,1209,324.01,74.57,1738
0.000,-14222183491960898991759930721526493694037044131594742465571299193095570887941719083072562561740323141834650981672605495524440847615688805221344872628608860929186077745543969643379515003681362517040330691854338591983542620698578116374490860674253613783347608990004779037918119796518579863552.000000,0.000000,-261.09,-262.15,-262.15,188.09,197.76,-257.69,-171.25,-32330,-223,74.57,257.92,23602
-36111006993342775417340416596026247790301185550645731524608.000,108058929355622828336541131476122554492179916314444426304780442901317794685093606302138664070615572299976278016.000000,0.000000,-235.93,157.28,188.10,41.60,68.57,298.90,74.57,677,23603,-297.60,290.77,11072
1505507945264751742812160.000,1348003277315321614844851052826604482256383517354708774417378281768092279902038944066954039396803805184.000000,-0.000000,-78.65,188.10,-260.48,-149.32,-32.95,74.56,-274.56,23603,-31424,-38.24,1.34,-9472
36515724642536840202652401610240690368334266222858987539826274826986597438481685088735334152031620868264307947955303400513797211153235968.000,0.000000,-0.000000,188.11,10.88,53.89,-190.29,74.57,35.20,127.74,21056,-13055,-6.25,236.02,-7435
-53235660220124509130834696536710140911166509733962226127225731411313117437366224691787856196335739530925811138346636788434677904755192785762920218699624356743470554952035342287039926215862109901902709618350300439030283586213303181125963117221498561532788736.000,0.000000,10047823756649910710284148789565766441984065536.000000,151.68,152.10,-164.28,74.57,234.88,-298.03,6.84,11777,13839,236.03,154.24,-23040
611189898641597675303712745104411316158648251666339462953025291022676199994029052570842603200013302084942086314735520199163652161225448099436242587462797608266567480036150472007577781577089058475901182234170022594481225728.000,-823703272372844147895648971303219114984992440737541459424575488.000000,-0.000000,308.12,-175.35,74.57,-243.84,34.20,-5.21,236.02,1795,-5621,54.40,-25.59,-24582
608939429449351120435384982867841394305907783635444701198876578395950161301960399992984543536657845310647683145562439918842703540862428532278697570736387929758501752649843697695275696973048641312263001390613054136151556501983461376.000,-1971899671694373033530285404870756416224096721273429420268761228642763273225049110824898992933677976209586126848.000000,1999638701695500738291975298419733039021042689875866710692191642185812721292813572096097757736581101597094081074314794902410253382890326297663831012930378526645481820525468247034099725401167023019853902663758955389520353937063936.000000,-312.02,74.57,263.04,41.47,12.62,236.03,-96.64,23797,-18917,-79.36,-112.76,-12829
0.000,0.000000,71142947420403826719043620336731957760012447506821898257282039454549825969943771793132905087688844978308513792.000000,74.57,206.72,-182.40,6.31,236.03,108.16,-15.36,-13101,-20774,-53.83,102.38,-10400
0.000,10961262279981862751722660604855621931105255424.000000,0.000000,240.00,-314.94,-4.24,236.02,167.04,-135.67,227.79,-28725,18017,-99.95,-191.88,22772
-0.000,-11084425610710433185568564588257816346624.000000,0.000000,68.12,-0.41,236.02,-304.00,-97.28,-92.18,97.29,23394,-32517,-117.60,289.18,-23799
0.000,-1046514361015237513723248640.000000,0.000000,-12.36,236.02,72.32,184.33,-135.68,304.77,315.47,32247,1555,207.67,264.67,-14016
-0.000,81605388206374.000000,0.000000,236.03,-7.04,261.12,-161.37,286.70,158.13,128.02,23093,16421,-211.48,-161.42,-3836
12331420064979321783158343882911851384601051136.000,0.000000,13782327696016941393067935791796290686733253302867205763550707010781105355539415114517536882149761128843641868903463286649030442068475904.000000,195.20,35.85,140.86,-46.14,-292.04,50.83,-119.31,15178,-5116,99.80,21.39,515
0.000,-653652397169979757819904307232768.000000,0.000000,-319.99,-94.63,148.61,243.17,-28.80,210.93,-212.48,18947,772,-202.10,-15.23,-2621
-10786171690037362587990112728125941219297733215429474011267989504.000,0.000000,-355007829490150012926366557617036809912008259984255570344542951029902482872949004700067308878431287029780329791512696061952000.000000,-181.88,296.81,109.51,-107.54,80.38,-97.30,-104.14,516,13107,-9.73,-299.49,13107
-0.000,0.000000,-4183977855255174077117387433603285425957925552128.000000,-176.77,5.66,-186.92,282.63,43.44,-209.62,323.24,28836,2621,220.20,2.60,-31785
0.000,13788244387724606526001446607642527277244437698116828231470881617054996370892191935724134797025065726467561454846795860972511702160506880.000000,32647142551488475615881398573337778076705072027656598783816452014080.000000,127.88,-268.45,-252.40,17.97,87.30,49.46,186.92,-7865,-31622,7.72,-209.72,16457
0.000,0.000000,3919873508036875470442640585364967532490290496256240621735494998400580264396410349547566620447224572548366843585814953175909030548196268440554633065092605205395898567021485975345962292071423693686664284287244567317062331948275513074718332134192084266753424218914816.000000,309.50,295.45,317.40,75.27,-247.97,-291.80,2.60,-31458,16457,-52.43,-183.51,27051
2265618400843976753024882121898663498927524291064512172542104178748942714882968593503870165867321090639921152.000,-0.000000,45859120280361238718323212623287671498240088644376021531379609286479130590967694772519457307158040358332199133238025621864448.000000,-85.98,199.75,-42.76,307.41,-138.20,2.60,104.86,16457,-9525,-288.36,-312.94,-13266
-126176435921374342644566603884888956067151919077484545020153566828332457191147404586838618162145065226177163602354149380279287322194293675650801863439871898938305754227733210490318250387120698076265535078453289120426514003371098411880398837590616537290193722888632866592377536512.000,175697293594561577816036446897831614265848744644243542552809390338542059480763690019650855890862746698819568224213885732199636951542850912256.000000,-0.000000,81.84,-109.27,-121.86,-268.76,0.04,262.14,262.14,17288,18835,-311.30,164.57,8275
13807960000282210799818309734697004102068436652790007048820034659497155614701502105403819579424900018264663079055391396660773421808877568.000,120854285865682619866644152992040452571907538113277753043342818320747484513881164619871485525704369348304049183050605359410923165296426483712.000000,-2081350920785407245428523245381447817161513502177984559222025168337242786824715457893510341111265398797971851510621885668354542988968833244787753596938967938778031882291720785378672640.000000,64.23,-117.30,-130.52,2.60,-235.93,157.28,-309.66,-32767,8159,164.57,-18.27,-16355
0.000,0.000000,3721598988980682526882846168410801739631847109944381571263486028552996837510985879937469679161922069459631787435782233426889130639360.000000,-125.28,-23.00,0.03,-78.64,52.42,-308.02,164.57,8142,-16355,-47.42,142.71,786
1002963865643974996008286237956547328257652998801803173942707235297251213100242341724160.000,-724765923664124617927976452307755145815661776509154976997547406658509677171716773033769544452489202328498733764634727483756404355979045502976.000000,0.000000,-261.08,0.04,78.64,-52.43,-306.39,164.57,216.40,-16355,-1489,233.69,80.64,-9965
0.000,0.000000,0.000000,7.72,235.93,-157.29,-304.75,164.57,297.18,-77.80,-14649,-8867,80.80,-163.55,13051
-0.000,-28800591051133099438599751054080248331078991639888931818567287119606962275830457469291353275049355633491968.000000,0.000000,-262.14,-262.15,-303.11,164.57,17.93,-121.34,80.18,-14720,13049,-163.55,-244.77,16476
-5554251273782868317791245704275843342330965818954018471973489155291841627128590995515440479684009857121871679748844386018006728080059625313458681020416.000,-0.000000,-1954286255689398264420934792851736898195519288482548776280895157786250434970699435237755469633931594318879916032.000000,288.35,-301.47,164.57,183.48,187.92,80.04,-163.55,13049,16476,-48.69,-275.20,52
6267474357013957986540026247885156232254859236042915317734970356646914484187087088010203609343923034290902723456453791135590274957709632485238014693883525464064.000,0.000000,19991590393105834860185394280721809408.000000,-299.83,164.57,-26.38,-301.11,80.79,-163.55,-57.55,16476,187,-85.38,130.49,2839
0.000,2239675393814616771673179902911581633642125636930246531797375134003218021468267689134273065110385736679818958946423414964794689512646594885434935457108107198464.000000,-0.000000,164.57,297.93,68.10,80.50,-163.55,-249.93,-113.94,216,-1025,130.47,164.76,-2042
0.000,0.000000,51.095000,-63.76,203.79,80.57,-163.55,-262.35,150.21,130.55,-766,-1686,164.76,1.35,9588
-0.000,-93240291775840560354241247873550656251176355671276548968677376.000000,-0.000000,155.91,80.64,-163.55,-45.99,218.22,130.57,164.76,-2098,-4828,2.62,-14.68,-4422
0.000,-0.000000,0.000000,78.75,-163.55,-123.22,-182.39,130.63,164.76,1.57,4715,-3187,29.86,16.75,30150
-2732515045777805026046374363068003561631384648992267971081800646714295020272012713461811097209103633597092692974251479241185116906343915399084174788950076976757844062664250549172436992.000,-0.000000,0.000000,-163.55,55.24,125.59,130.57,164.76,2.51,-17.77,-1430,30375,-35.71,30.70,-2071
0.000,51.115000,-7.280412,242.70,-271.66,130.53,164.76,2.27,-27.35,-18.38,30600,219,-34.26,5.16,11522
-4261691523201.170,0.000000,-0.000000,8.26,130.61,164.76,0.06,24.00,-17.89,-145.43,1314,24040,148.99,308.25,20219
0.000,-66553892129842778149783626328610532979344533050547327989170134440650117409144832.000000,21013017775227769634923882519885283110651037795602460511305558987669324314154140503467907618306616088963700671005456513667073120206856160764603953927116848408111370858765493056762699862496296754828171663406080521036414724887019520.000000,130.57,164.76,2.38,2.87,24.64,-93.57,36.78,11168,14910,310.50,31.02,1254
-0.000,0.000000,0.000000,164.76,2.23,-21.32,-30.30,56.36,63.80,312.75,10718,1160,-19.54,49.69,1090
51.135,-7.279493,112.797197,1.91,-2.31,-21.50,-111.69,-164.11,315.00,-32.44,1055,1109,274.57,193.85,20996
-0.000,0.000000,0.000000,27.77,-29.78,138.70,110.24,317.25,-16.27,263.39,1049,-15616,196.76,12.54,10485
0.000,0.000000,0.000000,-25.76,-87.48,159.86,319.50,-18.27,294.50,211.20,13058,13107,11.13,11.92,13107
0.000,0.000000,-7479335791908436240131414977006084719386840013446338252635387994467711707880632708655503196932949486082688515126599400386338761733770885996366447938162805646823488782748397570059649572712111180796687325903497734568467635845982128283085478296009570314621564809147056128.000000,84.21,128.75,321.75,-28.79,103.08,99.65,10.22,15728,-10486,11.58,-235.50,18835
-7.280,112.797915,0.000000,-91.76,324.00,-17.62,279.41,173.96,11.52,10.68,31457,18836,51.24,183.50,-9408
32841275170076518013647317493352902980597669172854147019120427511375810538910767909893683370000384.000,0.000000,0.000000,326.25,-24.99,73.56,24.30,10.14,11.52,-314.88,18837,27200,209.71,78.64,-9312
5291703950813112288745107568622670961840005311054728910898757099148721291412199314993949364357068069102068773840793280300893973878042640176752390592727454451350288837306703606055265959757549449080988333899924109262848.000,-40733147927812332346450729935819552253496936116038139822779572670261885449279939407597857871014106599422245506672452509832132143068374740235464303156070670774879611839513146216979692768795675167223987368670796009006559785559262170526689424773940797323314814748013251247642278151563897186809599845462689447936.000000,-0.000000,29.90,55.98,149.89,11.04,10.67,-25.58,235.92,17216,7070,-157.29,188.37,1029
0.000,-406897621573252929119535778026656435558041741360192798765081710252557507224170428114211336907420006437189837041136879600265181037286135333254612775310758910237694290484960702093376937460058725367468045546424954328464072397296131249658702803733015469222461826636461826161602723840.000000,-581632248444431484393522185829917990633796822991368049864677136075085039392598045634238677451389678077026245683061319149074529831694280118143544192150277426548291032829694353402897878496623673529496824034368680245073328544169222181768057817663552950941697665943129969732011813857871563999029092830708498432.000000,275.18,218.41,11.82,10.35,261.12,262.14,262.14,-19190,9832,188.38,154.24,7454
112.798,-9784281366135350463956980680489963238267648755017608381173048724140764853818181337418389702557179106260421062046445757527528725832887760744710143400264479018595701717175048279664365722443548482313461995368275010805139733886596429501566610925844742878447190874129432576.000000,4676552859760059018641408.000000,194.45,12.40,12.23,-104.95,288.35,26.21,188.39,28342,7453,-124.80,37.59,9664
0.000,0.000000,13547698744794204525680997437428976706974239962782654633144482121105145443588191675332777124539520889735799515752882835944536383622798690670842840737133716713943162902694909843055249696030747178043000932658881615161413406294016.000000,11.67,10.50,184.32,314.57,-209.72,188.39,-229.76,7453,-6208,306.23,-166.98,32115
0.000,-0.000000,0.000000,10.80,-184.31,-314.58,209.71,188.40,103.04,153.30,-6720,-2837,261.35,74.53,4226
-309230843054197868910320275209775238478797277986452907545353270037703385036029303406701659462096160810370846962145908313497488323328977631306084781231456180225441815048401439882854004637629751328785366340147487314970899060433597717839399123859221351701283724829941876412590355576748616305344512.000,0.000000,0.000000,105.00,-288.36,-26.22,188.40,8.32,145.24,-231.56,29060,4375,74.53,181.12,23603
-93290602442709346336596441625001984.000,0.000000,-0.000000,-262.15,-262.15,188.41,87.68,218.29,196.66,74.53,3638,23603,7.04,-175.79,21312
-198262764497866363691465797055113180803465636145953242020109586533449881820104175969469350822915043825955604697501979847266776115788617442017940476050590253299483617354807041107023565532858590428838398433746929589245168637078171582869870046803581189750784.000,0.000000,-0.000000,157.28,188.42,97.92,-115.06,-68.74,74.53,-49.28,23603,10304,-196.52,55.22,4352
-0.000,0.000000,-41614952612510240843203359934072785960537886358726016568768043975223586491606031598716735255000213799769534279281616012088051952737864952995718025810005838528512.000000,188.42,-283.52,-49.03,-74.96,74.53,-64.64,-207.07,-18112,-28672,68.51,236.03,13820
0.000,0.000000,39277856503268659284756657710235953760063979520.000000,-288.64,-160.85,-71.30,74.53,327.04,205.81,76.08,5120,-31485,236.03,-12.16,30723
106050916766395150067539540108373300697104384.000,1455248191827453515980136154800119778337718055399004256842252493174086019787345822154018784564192904902915038888523557489929802762682368.000000,-0.000000,85.48,319.82,74.53,-210.56,311.56,80.18,236.03,-5391,-7414,164.48,-179.20,22220
7726184973525114482809715879281610878328134733259687273008820433307323145883714410541671802742751007195728234564082853401492530289531061557226383451343802279953626324557473701889427917837851049650199801447667663310426552148985483624448.000,-92562143108175792446440058447735800275736831186755034500038656.000000,-0.000000,-256.29,74.53,129.92,-297.79,64.62,236.03,54.40,1786,25043,153.60,166.52,-8640
0.000,3942650740687411230138219549920813600771835307873432956417243279102513042746010238585214071128469942984515330890613124777571357925670105178858197838891525136386272504912917606048036210725886836757430409123616614266595785509195042783232.000000,1851247282570960070361349042609370054014293766245309881192876814867480413905799468993394299694785182463916438391855368321380580821422456053263639583409577175847645881596985049416262848472625669945818996344259269169345591850194417632877181669151150532342379187415174858038837248.000000,74.53,-62.08,239.01,95.12,236.03,-314.24,320.00,9015,-16614,268.84,179.25,29579
0.000,42931610596595189658705674916158667039717720064.000000,0.000000,12.16,-137.07,70.75,236.03,-114.56,84.48,309.68,249,10240,-120.21,135.93,-22278
0.000,101691446799754431149278776779097282396718240938410871341999767342287513692727658273760659611721256512776426144263813487108482698551586826831790080.000000,0.000000,-101.59,102.67,236.03,215.68,-30.72,204.83,-253.31,3584,29687,309.39,-77.02,-30374
-17834106469364819884112974132466124836299929240992429354144986283261243751272417839361610108397914577733234327276203523948608257038445587093618507158675216292851954912676103714787329914003912797657566225350925292513643275564497536010735016246022987201518764032.000,9331273384535008111955921955920406162384348147534124319371081324520284991260215319555279660791859468365432849790223272708585481702131551018564142988525428031741058655175603521425776109061634301372432273973844369649572498461711874555352229595904492174146129202497472570908535543716057285791817138176.000000,-0.000000,96.33,236.03,164.48,30.72,87.05,289.39,-141.33,20991,-13544,-156.52,-20.47,-16819
0.000,17909180191281447127613979346724010618248822360992518397124149248.000000,0.000000,236.03,-170.88,46.08,-222.85,-35.79,-248.98,-235.90,22331,-8917,309.78,-174.04,30980
47498803213255279455054293332252333628157067264.000,0.000000,13902378305793213012751451353933587242721319741456194180154555408758147157159037309866026086167688799914946556032832522606565761415643136.000000,151.68,112.64,140.75,-7.76,-21.13,-317.44,-153.57,20826,-11260,-284.20,-147.56,772
32.575,345320724137136503046293327936050182219833468675679589929743273146769654605202845377693102091008823734615449519952480712358405674766067136717635765323845689953547932836484335192928841787611242377722932437317387383805592145101329476158303332584873394646402200881724283992370471217724053421178614542499840.000000,-0.000000,-215.04,307.13,122.87,127.73,260.63,25.64,327.59,22532,1028,159.24,-150.87,-18350
-5091677804271555152804866888302592.000,343171268841002649598666812162832152167715997112499961856.000000,0.000000,12.94,-17.98,182.16,179.34,158.77,-22.96,-40.28,4,-2621,-306.54,166.44,23592
-47190873784179280978485120299354400797515169539468445866238157594887039796768519295974269170352546417266184830396569944841602241642614122626200827020181504.000,0.000000,6806151527004485319118346132154105362455857119184600622197707219637762527122197164624481189760685271441532755895987994624.000000,194.71,245.35,102.25,199.74,87.10,305.46,56.57,13107,13107,135.72,0.04,-23757
0.000,13920593341752090872743824290415281646586713105630571351318936098224928630431258610477215483507878352178476200235212990477599432444477440.000000,0.000000,-296.52,20.99,-94.65,99.90,279.39,33.88,-17.88,2621,-23593,5.15,288.36,16457
-51787600340344104842521747452160552571373838443497920676233216.000,-0.000000,0.000000,-56.49,56.39,245.78,-142.55,298.10,58.92,0.04,-23430,16457,-209.72,-78.65,-13734
-0.000,6695070538075401276923504207269828794053326641791738437694680271071896675518540988758427587872812856579090082788589812151029379961672889618399232.000000,-15299839982206501490933933476933310278329612369920.000000,97.36,138.20,146.97,28.51,-69.08,2.60,-52.43,16457,13436,-183.51,-232.66,-18476
0.000,-26946558701824226670085643662250703073997356251616882172161147605442806381761708160826446749636077476194551613357467369756884953458340985450267717874483200.000000,104585200296163654478032851196292669834840008389731681447289679002219347637095901566393647104.000000,40.98,-286.51,123.72,-143.32,0.04,104.86,-288.36,-14562,3783,-231.02,164.57,8052
13913391509251078386237063661696985647227055884294399956233512739504660228479555579423074939282043026959242078179972142576978979232677888.000,0.000000,nan,97.79,76.94,130.60,0.04,262.14,262.14,-229.38,20309,7986,164.57,-100.63,-16355
-937073837207790781771199366581648890221533254876067365234561038182590487456183438317415807063571038378475414196523946108841034493913179458724770206262738647535887355228606775236875228006363479456460825088767379590386239632332224652239225397298025463808.000,0.000000,-0.000000,-80.78,-194.52,2.60,-235.93,157.28,-227.74,164.57,8043,-16355,-317.41,146.66,25732
0.000,1201874674322204490578191420433324359463488970249373757679894542680064.000000,-10014344318756512004727438844798191953136624426130522614152562075058117467904929633711119255211979809175535757634547566393896288088912320032705642574081288683966306104861170264795925088033580916120581618794496.000000,296.99,0.04,-78.64,52.42,-226.10,164.57,207.24,-16355,26495,-277.14,78.99,-14898
-7403798675126748667072002042082452388777194858693724672509773806390896230802799802863877198068516546806034923601101062144.000,0.000000,-0.000000,2.60,78.64,-52.43,-224.47,164.57,-121.05,-99.93,32015,-24334,79.21,-163.55,13094
0.000,-0.000000,0.000000,235.93,-157.29,-222.83,164.57,-83.70,46.69,80.46,-20532,13102,-163.55,303.67,16476
0.000,-25892885236843152587559605048732721436859661919913021168044846440834014062057366047294360292532161047180317314769644485362757368723323150098584710414336.000000,-0.000000,-262.15,-221.19,164.57,275.06,-301.54,80.19,-163.55,13098,16476,273.61,-17.92,27
-9206315233280636067330752585913812498952722688228318934045756295709552390218199670456320.000,0.000000,3942650053749411651149660048590169037878858612662273901600011921838425151217598392554688310220775474284815331791064847003250876803063335818420818593847007292025537668314751385177347847568123792974469766311726739264869572566942495014912.000000,-219.55,164.57,-302.64,-183.59,79.38,-163.55,-25.94,16476,222,127.48,131.04,-835
-0.000,-0.000000,-0.000000,164.57,139.77,-271.43,80.40,-163.55,-288.83,-159.75,71,859,130.97,164.76,740
0.000,0.000000,51.340000,228.16,20.39,81.61,-163.55,176.06,197.91,130.97,3954,-1323,164.76,2.18,-8076
-0.000,-0.000000,0.000000,324.42,79.26,-163.55,103.94,78.71,131.12,164.76,2606,10915,0.19,12.37,-619
0.000,-92559641352423199694704710629871317657355933638045102944288768.000000,-0.000000,80.14,-163.55,-197.57,-217.02,131.12,164.76,1.15,11591,8064,-9.56,3.20,5175
0.000,-0.000000,0.000000,-163.55,-88.63,-82.66,131.11,164.76,2.01,-27.15,-8585,5400,6.33,-61.21,-1366
0.000,51.360000,-7.280649,28.89,32.96,131.01,164.76,1.95,16.76,-31.38,5625,-546,-4.35,56.00,28991
-0.000,-1809263433217880403391338441423064917502013386703784628167718672938641497378858577539991169525453576397089089229237374076231524085538733489969609419633299826628803277710727049084141568.000000,35211268015076378979819636474370741168344184098952899741515953147136810448035215884193002292780677793841940221759996338503563442199562027162067846955711212066387019344014143869488502653870686332780544000.000000,74.67,131.10,164.76,0.50,4.95,16.82,49.46,-127,1265,66.81,58.50,12083
0.000,584567012674927461196629898856235008.000000,0.000000,131.01,164.76,0.13,-0.40,29.35,50.86,160.27,13282,23581,60.75,33.17,1077
