67.110,-7.279666,112.797950,1.23,-14.46,-23.71,-163.28,-172.53,333.00,-4.20,1195.68,3270.96,10.97,10.45,1
67.120,-7.278921,112.797945,0.00,-23.35,-23.62,145.27,76.10,335.25,-15.35,342.41,2021.04,12.13,11.79,2
67.130,-7.278856,112.797773,3.24,-15.02,7.27,112.18,-88.91,337.50,11.21,624.97,536.49,11.29,12.17,3
67.140,-7.279441,112.798009,3.41,21.33,4.12,155.14,52.24,339.75,14.17,1447.99,1922.92,11.19,12.53,4
67.150,-7.279540,112.798196,2.59,24.97,-20.82,-44.46,-4.09,342.00,25.61,1361.77,227.82,11.07,11.46,1
67.160,-7.279188,112.798199,1.90,-31.42,11.42,-135.65,-77.52,344.25,-16.55,5290.52,2299.65,12.36,11.44,2
67.170,-7.279267,112.797895,0.79,-27.80,-15.51,-140.38,-67.85,346.50,-15.92,2787.19,5319.50,11.37,11.25,3
67.180,-7.278497,112.798857,0.23,3.89,-17.23,33.84,-24.97,348.75,-25.19,4879.56,3649.96,10.81,12.53,1
67.190,-7.279103,112.798584,2.22,-32.38,-13.16,-44.05,-132.72,351.00,11.40,2639.66,4023.71,11.23,12.35,3
67.200,-7.278974,112.798105,0.29,-8.65,26.97,175.49,160.91,353.25,-7.62,4387.69,5855.87,12.34,11.13,0
67.210,-7.278961,112.798402,1.98,4.33,10.27,-102.74,-2.01,355.50,-25.65,4574.17,3890.47,11.43,11.76,2
67.220,-7.278902,112.798735,2.00,-17.71,26.84,92.31,-11.16,357.75,-9.94,4265.97,2526.32,12.33,11.05,2
67.230,-7.280119,112.798702,0.93,29.34,-31.41,156.10,-151.74,0.00,-23.35,3116.83,2393.53,11.73,10.17,3
67.240,-7.280421,112.799432,2.89,14.52,-14.98,60.29,-54.48,2.25,-15.39,5496.41,5978.97,11.22,11.31,0
67.250,-7.280403,112.798840,1.02,11.20,31.23,-101.80,-136.86,4.50,-10.73,2147.08,1960.84,12.28,11.31,4
67.260,-7.280848,112.798817,1.11,-19.31,-2.30,-144.56,68.39,6.75,-6.69,578.18,414.12,12.45,11.12,3
67.270,-7.280893,112.798745,1.04,20.63,26.43,-87.88,100.15,9.00,18.87,3731.21,2043.10,12.39,11.19,2
67.280,-7.280208,112.798980,0.88,8.51,-39.15,-131.28,-127.30,11.25,25.88,5027.32,4653.59,11.96,10.30,1
67.290,-7.280784,112.798926,3.43,23.16,8.46,110.50,119.30,13.50,-2.80,1275.38,5878.30,12.08,10.04,1
67.300,-7.280786,112.799497,2.11,-17.12,4.19,40.98,-45.86,15.75,-27.89,1578.53,4165.17,11.22,10.42,0
67.310,-7.280228,112.799129,0.58,-4.73,-20.94,-46.89,-28.19,18.00,-31.76,1742.41,5955.50,12.16,11.40,2
67.320,-7.280605,112.798940,1.18,39.93,24.06,-108.27,-67.19,20.25,-23.96,2586.64,5592.86,11.34,10.12,3
67.330,-7.280667,112.799532,3.12,-7.51,-29.64,-175.68,45.86,22.50,16.10,5656.48,4185.28,11.25,11.30,3
67.340,-7.280751,112.799158,1.08,9.67,-13.77,158.49,11.79,24.75,28.24,4787.38,3298.47,12.34,10.94,0
67.350,-7.280962,112.798932,2.59,-27.93,-33.64,-29.68,-158.88,27.00,11.90,5314.32,2925.77,11.53,10.50,0
67.360,-7.280431,112.798985,0.82,-30.01,-10.59,-109.73,160.67,29.25,-27.32,3879.25,3008.04,10.47,10.95,1
67.370,-7.280967,112.799486,1.86,-15.16,-30.16,38.55,101.58,31.50,13.96,2.79,4273.19,12.18,10.51,4
67.380,-7.280688,112.799922,2.46,-38.34,-27.63,-130.96,-99.33,33.75,2.77,3494.75,3839.23,11.93,11.15,4
67.390,-7.280934,112.800003,3.30,-3.95,3.34,-140.81,4.50,36.00,-18.01,1497.19,4230.49,10.24,10.12,2
67.400,-7.280087,112.799756,2.62,7.82,0.65,115.42,59.99,38.25,13.58,1061.68,4794.29,10.88,12.59,4
67.410,-7.281030,112.799930,1.93,-23.54,15.17,129.97,77.68,40.50,-30.79,1894.68,5146.64,11.96,10.18,3
67.420,-7.280482,112.799801,2.31,-6.03,1.94,-77.99,148.45,42.75,-29.68,5338.87,4164.31,12.03,10.92,3
67.430,-7.280988,112.799301,2.77,22.27,31.88,-159.56,-98.71,45.00,21.56,2595.32,217.78,11.35,11.26,1
67.440,-7.280256,112.799338,0.58,-26.52,36.00,92.52,22.09,47.25,-24.52,3933.59,4712.21,12.52,12.03,2
67.450,-7.280669,112.799652,2.40,-34.99,-7.89,14.65,-58.55,49.50,-3.68,3566.60,4405.64,10.58,10.22,3
67.460,-7.280824,112.799995,1.48,10.86,-14.67,29.85,159.28,51.75,-0.94,2828.78,3752.78,12.21,10.39,1
67.470,-7.280282,112.800193,0.30,27.25,-17.85,75.76,-167.41,54.00,-12.44,2368.87,4008.09,10.92,11.78,2
67.480,-7.280904,112.799660,3.32,-6.32,-3.31,-49.41,-132.90,56.25,16.92,3035.76,3994.13,12.45,11.68,4
67.490,-7.281319,112.800463,1.78,-27.92,-39.11,94.15,115.65,58.50,-6.52,5865.70,2433.40,12.47,12.52,0
67.500,-7.281000,112.800389,2.57,8.89,-9.72,-97.09,62.83,60.75,-8.87,3960.96,4339.73,10.63,10.18,2
67.510,-7.281290,112.800159,2.86,-16.28,-30.10,-137.19,-151.40,63.00,-32.31,5139.56,3718.26,11.03,12.52,1
67.520,-7.281324,112.800464,2.83,-20.38,16.44,125.08,-45.32,65.25,18.45,4532.08,1372.53,10.65,12.01,2
67.530,-7.281495,112.799873,3.27,15.25,-14.47,-35.44,-110.64,67.50,-5.17,1403.68,4431.78,12.34,11.60,4
67.540,-7.281492,112.799713,0.24,-12.82,11.50,-164.25,-52.52,69.75,-22.70,2763.62,2508.87,10.10,10.20,3
67.550,-7.281416,112.799964,1.73,18.39,-33.23,2.61,-123.02,72.00,23.86,3086.35,2033.27,11.56,11.84,3
67.560,-7.281595,112.800227,2.78,0.81,0.27,-154.42,-147.77,74.25,-10.02,1280.66,725.59,10.74,12.53,2
67.570,-7.280730,112.799878,1.01,2.47,-24.75,65.84,-99.57,76.50,6.95,1472.34,831.47,11.74,11.51,4
67.580,-7.280778,112.799948,1.15,8.40,14.07,170.62,55.48,78.75,20.99,3941.29,2491.56,10.77,10.89,3
67.590,-7.281190,112.800205,0.62,-28.63,-1.66,74.40,18.90,81.00,26.01,4411.77,2434.04,11.63,11.78,3
67.600,-7.281198,112.800019,1.41,-1.78,-8.64,126.34,-161.62,83.25,29.61,1135.40,1248.18,11.81,12.18,3
67.610,-7.280967,112.800645,0.68,-7.92,21.09,177.94,-165.78,85.50,26.63,320.93,2002.83,11.81,10.65,4
67.620,-7.281569,112.800360,2.06,-35.53,-17.17,110.95,-9.21,87.75,-12.32,4194.08,1628.06,12.03,11.69,0
67.630,-7.281466,112.800786,1.54,-20.71,-37.86,172.63,-133.14,90.00,-19.47,4628.08,432.72,11.67,12.51,4
67.640,-7.281417,112.800109,0.81,12.93,-36.51,103.42,-97.15,92.25,0.49,3297.70,1846.03,10.95,12.40,4
67.650,-7.281774,112.800406,2.16,-4.47,18.11,-35.64,-140.18,94.50,31.13,3600.26,276.68,10.75,11.49,4
67.660,-7.282125,112.800617,2.63,28.96,-20.24,117.93,30.97,96.75,-25.31,3829.66,4362.33,11.13,10.06,0
67.670,-7.282064,112.800771,3.19,-9.50,-21.45,149.34,31.94,99.00,18.02,5332.77,4703.22,10.41,11.69,2
67.680,-7.282185,112.799985,1.89,28.81,-31.81,-94.51,-125.34,101.25,14.76,54.30,5325.94,10.66,10.92,1
67.690,-7.281820,112.800557,0.17,-19.77,4.37,124.91,102.16,103.50,-33.79,3953.56,1320.96,12.20,10.71,3
67.700,-7.282107,112.800054,1.82,-31.98,35.27,10.90,37.04,105.75,29.76,5214.47,3850.57,11.21,10.34,2
67.710,-7.282171,112.800073,2.38,29.79,37.57,-2.87,-162.80,108.00,-8.57,2327.64,2883.17,10.93,12.54,2
67.720,-7.282162,112.800194,0.06,25.17,-15.28,55.90,-85.01,110.25,-4.69,1697.12,5074.02,11.58,11.19,2
67.730,-7.282129,112.799986,1.08,-10.29,3.51,104.93,-53.07,112.50,34.59,1284.99,2331.63,12.45,10.13,2
67.740,-7.281721,112.799812,1.59,24.09,-38.01,-40.05,-4.60,114.75,-7.67,4796.10,228.14,11.72,10.25,3
67.750,-7.282123,112.799996,2.91,7.42,-19.84,159.70,-55.71,117.00,-25.40,357.75,1460.22,12.08,12.00,1
67.760,-7.281973,112.800538,0.99,-1.90,16.91,-17.49,-111.60,119.25,-6.05,2049.33,3770.87,10.73,10.78,0
67.770,-7.282681,112.799952,2.10,39.27,23.61,-68.23,105.00,121.50,13.63,2882.93,4575.39,12.22,11.48,1
67.780,-7.282819,112.800064,2.80,-36.11,-34.77,80.00,-86.94,123.75,-20.19,1694.54,2379.17,10.99,12.40,3
67.790,-7.282302,112.800217,3.08,18.08,-39.43,174.04,-31.23,126.00,-32.14,2638.07,2324.14,10.67,11.92,4
67.800,-7.282440,112.799733,3.04,-11.44,-35.03,51.76,88.32,128.25,-22.32,5961.09,1216.76,10.29,12.21,4
67.810,-7.282421,112.799882,2.61,4.38,-19.53,-37.95,174.62,130.50,-17.26,900.78,1410.55,11.54,11.27,1
67.820,-7.282307,112.800245,1.60,-17.20,-14.14,-144.22,-28.19,132.75,-25.16,4721.15,5087.00,12.47,10.80,3
67.830,-7.282461,112.799753,1.87,34.49,15.80,40.76,-36.25,135.00,-33.95,466.71,2126.42,11.15,12.09,2
67.840,-7.283081,112.800141,2.42,11.74,23.79,-37.91,-149.34,137.25,21.91,1260.62,5795.83,11.07,12.21,1
67.850,-7.282241,112.799530,1.38,-30.16,19.70,176.69,164.26,139.50,-18.81,4193.83,5023.53,11.37,11.58,4
67.860,-7.283017,112.800126,0.52,30.55,8.50,-173.32,141.71,141.75,24.90,2650.62,669.39,10.97,10.18,0
67.870,-7.283244,112.799563,2.69,-9.80,-34.75,145.27,-67.37,144.00,-32.07,3861.92,2967.41,10.17,11.75,2
67.880,-7.283009,112.800257,0.92,33.07,-24.90,-36.37,129.53,146.25,-1.76,2748.63,5882.77,10.49,10.81,4
67.890,-7.283002,112.800258,1.11,21.01,0.82,-79.26,-114.08,148.50,-28.26,2605.60,594.73,10.50,10.25,4
67.900,-7.283143,112.799357,0.57,-34.60,-21.71,74.13,55.21,150.75,25.91,254.48,1721.11,12.01,11.05,3
67.910,-7.283134,112.799918,0.20,9.72,33.25,133.60,100.81,153.00,23.01,4332.06,4326.56,11.97,11.25,0
67.920,-7.282590,112.799850,2.59,5.63,11.52,23.39,-127.04,155.25,-31.71,2754.70,387.86,10.97,10.19,2
67.930,-7.282864,112.799182,1.61,16.87,-2.59,-56.33,-94.51,157.50,-2.49,5372.45,779.59,11.85,10.18,3
67.940,-7.282802,112.799732,3.39,-37.41,38.72,137.38,-15.87,159.75,14.08,4663.55,2150.78,12.53,12.28,4
67.950,-7.282882,112.799616,1.61,25.40,-3.56,19.83,-11.74,162.00,-27.13,5157.87,2825.59,11.04,11.10,0
67.960,-7.283110,112.799106,1.00,30.72,26.68,-19.56,50.30,164.25,34.73,1574.72,3260.31,11.48,11.57,2
67.970,-7.283687,112.799528,1.91,-16.04,27.20,105.75,144.15,166.50,15.16,691.08,3271.98,10.25,12.53,2
67.980,-7.282748,112.799597,1.81,21.77,-13.63,142.09,13.48,168.75,-33.70,774.60,3801.86,11.77,10.87,0
67.990,-7.283448,112.799339,2.74,27.91,-15.11,-129.97,129.84,171.00,-24.22,1127.95,1762.32,11.15,11.89,1
68.000,-7.283529,112.799088,0.54,-6.52,-4.29,69.76,45.87,173.25,-20.34,5520.19,900.17,12.35,10.73,1
68.010,-7.283190,112.798817,1.18,26.41,11.99,-45.95,-87.67,175.50,21.37,4334.09,4203.48,11.33,11.65,4
68.020,-7.283676,112.798544,2.43,-1.93,13.24,-155.79,-165.80,177.75,20.45,202.07,2922.15,10.32,11.85,2
68.030,-7.283528,112.798486,0.27,-23.69,33.73,-161.51,174.16,180.00,17.68,4850.71,5958.58,12.49,10.94,1
68.040,-7.282945,112.799167,1.48,-20.51,-30.46,77.05,-171.87,182.25,-23.00,5341.81,2931.10,12.52,11.13,0
68.050,-7.282960,112.798953,2.82,-17.62,38.10,-133.02,133.32,184.50,7.27,1083.19,5273.93,11.11,10.30,4
68.060,-7.283824,112.798315,2.28,-32.90,5.73,74.35,-4.00,186.75,31.10,2036.14,2012.08,10.60,11.17,2
68.070,-7.283682,112.798618,1.25,1.62,21.13,-15.46,-98.85,189.00,-1.25,5378.85,633.55,11.72,12.44,1
68.080,-7.283813,112.798151,1.65,4.69,-12.98,-110.72,22.23,191.25,-1.94,4246.86,103.33,12.53,10.83,2
68.090,-7.283174,112.798924,1.91,37.79,-26.56,23.03,-115.78,193.50,-9.15,959.15,2628.81,10.22,10.19,2
68.100,-7.282957,112.798339,1.89,-38.48,-22.02,114.13,-99.36,195.75,17.34,4752.81,1921.92,12.52,12.56,2
68.110,-7.283482,112.797952,2.02,37.13,23.02,-109.27,137.10,198.00,11.07,2377.91,2789.35,10.91,10.84,2
68.120,-7.283580,112.798316,0.85,39.44,16.83,-25.66,178.64,200.25,5.35,2983.20,5030.78,10.73,10.54,1
68.130,-7.283370,112.798083,0.29,-37.40,8.48,-77.72,-140.85,202.50,24.78,4331.53,5678.43,11.19,11.14,4
68.140,-7.282930,112.797799,1.75,-7.34,29.84,-17.63,-134.47,204.75,-7.59,1281.20,1715.28,11.61,11.54,1
68.150,-7.282958,112.798415,0.09,-26.11,-36.87,-4.88,16.01,207.00,22.85,1123.76,845.42,12.51,10.25,1
68.160,-7.282842,112.798221,0.94,-25.40,23.92,-24.05,-27.05,209.25,-3.89,5315.99,2633.52,10.70,11.15,4
68.170,-7.283465,112.797650,0.00,35.25,2.02,169.86,156.32,211.50,-9.57,4286.11,2997.93,10.79,11.15,0
68.180,-7.283376,112.797627,1.94,21.57,22.36,-109.09,84.15,213.75,-20.04,995.96,5441.94,12.00,12.07,2
68.190,-7.283525,112.798123,0.21,-33.12,16.27,-178.94,89.71,216.00,-28.98,4044.79,19.15,10.99,11.60,4
68.200,-7.283508,112.797367,3.19,-26.41,-3.80,-67.12,162.73,218.25,-17.56,2440.26,2819.18,11.09,10.56,2
68.210,-7.283261,112.797307,1.69,-31.65,38.11,-152.29,-39.56,220.50,15.15,82.39,2119.22,11.61,11.46,1
68.220,-7.282778,112.798016,1.36,-7.83,35.23,-68.40,22.14,222.75,2.75,3144.88,239.87,10.96,10.35,4
68.230,-7.283414,112.797665,2.02,-30.45,34.47,-47.27,-77.27,225.00,-24.44,210.92,2330.13,12.32,10.66,4
68.240,-7.282586,112.797439,1.22,6.54,-21.93,-85.93,152.48,227.25,-11.21,4269.58,2109.99,10.56,11.25,1
68.250,-7.282481,112.797820,0.18,-17.75,7.98,137.95,178.28,229.50,29.34,3904.91,4996.78,12.14,12.04,2
68.260,-7.282648,112.797327,1.73,-3.81,-19.90,-76.37,-23.00,231.75,-1.91,1132.74,1201.76,12.01,12.01,1
68.270,-7.282781,112.796843,2.29,-31.05,-30.55,-113.94,-7.07,234.00,-32.72,4144.93,409.73,12.22,10.90,1
68.280,-7.282603,112.796841,1.95,-8.57,-7.28,39.06,145.04,236.25,4.11,2038.76,1122.15,11.79,12.34,2
68.290,-7.282311,112.796935,2.35,21.63,29.37,-68.57,-146.89,238.50,-8.37,5546.92,4739.25,10.64,10.40,0
68.300,-7.282333,112.797124,3.43,-31.51,1.52,-179.91,-143.99,240.75,29.66,5130.96,5979.09,11.76,11.80,2
68.310,-7.282108,112.796763,0.74,15.82,28.79,-134.06,119.74,243.00,-28.55,1240.54,2984.98,10.79,10.11,2
68.320,-7.282420,112.796900,0.56,4.11,22.37,-36.71,15.97,245.25,17.39,5929.73,5556.67,12.27,12.30,4
68.330,-7.282583,112.797034,0.95,30.41,18.94,-31.94,24.34,247.50,-23.04,4125.85,5076.03,12.10,11.67,0
68.340,-7.282680,112.796444,0.19,-28.24,29.89,-78.22,-131.75,249.75,12.71,1797.52,589.73,12.19,12.41,4
68.350,-7.282366,112.796698,2.90,30.15,-31.52,-156.35,71.50,252.00,-30.07,3145.17,3976.67,10.29,12.19,2
68.360,-7.282530,112.796659,0.32,-0.44,6.59,83.84,-100.79,254.25,16.89,1473.60,5979.33,10.14,12.53,0
68.370,-7.281790,112.797139,1.06,-22.38,23.13,159.17,95.91,256.50,1.94,2130.16,5402.21,10.68,11.57,3
68.380,-7.282295,112.797171,3.43,9.56,16.07,-111.51,18.98,258.75,-1.18,395.02,3833.46,10.66,11.86,3
68.390,-7.281499,112.796685,1.91,31.09,28.18,128.17,-69.53,261.00,-25.68,278.04,3660.80,11.90,12.12,0
68.400,-7.281329,112.796480,0.50,-3.66,-31.73,64.52,76.31,263.25,3.72,4335.16,4988.15,10.79,12.50,3
68.410,-7.281783,112.796338,1.79,13.28,17.27,149.55,10.80,265.50,-28.35,2956.16,911.98,11.52,10.89,4
68.420,-7.281820,112.796597,0.46,-17.29,11.37,143.84,-44.73,267.75,20.49,4289.95,4578.71,11.13,12.14,0
68.430,-7.281513,112.797004,0.01,-15.71,35.76,149.70,-143.45,270.00,13.37,1108.74,2864.73,10.41,10.58,2
68.440,-7.281823,112.796427,3.11,-35.35,-21.19,-4.03,179.73,272.25,19.29,3681.73,4571.88,10.70,10.25,1
68.450,-7.281094,112.796995,0.23,16.92,37.16,-21.58,150.58,274.50,3.35,600.11,682.83,12.51,10.11,2
68.460,-7.281495,112.796683,0.44,-23.12,-38.77,-26.28,179.39,276.75,-23.17,1158.82,4198.26,10.68,12.25,0
68.470,-7.280872,112.796570,1.50,-14.07,-30.86,-8.05,-108.09,279.00,-12.53,840.25,28.58,11.97,11.64,4
68.480,-7.280691,112.796248,0.54,5.77,-28.64,-39.30,161.03,281.25,26.50,494.32,4888.13,12.30,10.98,2
68.490,-7.281463,112.796264,0.42,25.94,-8.49,94.38,46.38,283.50,-21.18,4682.51,2348.73,10.53,11.87,0
68.500,-7.280827,112.796597,0.26,-3.91,25.60,123.43,164.82,285.75,27.38,2467.05,5322.81,11.81,11.11,4
68.510,-7.280875,112.796460,1.39,17.18,36.46,-176.02,-56.29,288.00,21.07,2812.51,5843.54,11.47,10.87,1
68.520,-7.280823,112.796517,3.47,33.73,-12.89,-153.12,122.23,290.25,24.53,5771.05,5362.42,12.19,11.71,0
68.530,-7.280397,112.796400,3.02,28.80,-13.90,128.85,64.07,292.50,21.50,1426.13,5849.89,11.69,11.11,2
68.540,-7.280480,112.797196,1.73,10.23,-17.86,35.64,147.77,294.75,-17.76,5671.64,2365.79,12.58,10.22,4
68.550,-7.280078,112.796448,2.53,-25.71,13.03,3.77,43.78,297.00,32.98,3755.90,2709.66,11.69,10.16,2
68.560,-7.280281,112.796564,2.64,21.65,21.04,116.93,-7.96,299.25,9.46,2128.69,5737.04,12.05,10.34,2
68.570,-7.280486,112.797182,0.41,-4.48,9.15,80.99,6.29,301.50,0.32,2563.58,2993.65,10.76,11.28,4
68.580,-7.280177,112.797033,1.43,-21.55,-14.66,117.82,-150.12,303.75,-13.12,3085.64,5006.69,10.28,10.83,0
68.590,-7.280141,112.796828,0.42,-0.08,-17.34,118.35,-34.43,306.00,-12.22,5121.17,2112.81,12.08,11.18,1
68.600,-7.280231,112.796674,2.39,10.11,-28.99,-145.34,-54.94,308.25,-28.45,5381.62,1396.91,10.71,12.50,4
68.610,-7.279519,112.796969,2.64,-1.66,-15.95,-110.34,139.83,310.50,30.27,5288.44,188.33,11.85,11.71,0
68.620,-7.279418,112.797252,1.51,-18.11,-6.06,-1.27,-145.20,312.75,8.04,1492.55,2756.93,10.11,12.52,2
68.630,-7.279399,112.796721,3.48,36.96,-39.38,140.63,164.61,315.00,-32.81,4129.26,2956.86,10.85,10.67,1
68.640,-7.279588,112.797310,0.37,-8.90,31.63,92.13,-45.83,317.25,1.92,1495.09,3936.08,10.58,12.58,4
68.650,-7.279758,112.797107,2.20,39.87,34.92,143.83,-177.62,319.50,-25.97,4506.16,4730.96,10.96,10.29,4
68.660,-7.279473,112.797737,0.41,32.34,1.68,111.44,-25.42,321.75,-25.62,3742.24,2619.30,11.18,11.88,4
68.670,-7.279781,112.797215,0.17,-23.27,-11.06,-79.66,-41.71,324.00,-28.02,4745.89,2190.67,11.30,10.59,3
68.680,-7.279375,112.797814,0.24,14.50,9.75,137.14,39.13,326.25,-16.79,4375.39,1962.79,10.53,12.04,2
68.690,-7.279536,112.797328,1.96,29.41,-34.45,9.02,33.15,328.50,-30.38,383.40,3789.21,11.24,10.29,3
68.700,-7.279642,112.797772,0.36,12.57,-6.71,-100.66,162.57,330.75,19.68,4996.61,5058.08,10.53,12.49,0
68.710,-7.279082,112.798214,2.85,34.79,26.08,-59.28,39.85,333.00,-19.05,2304.56,4247.41,10.61,10.29,0
68.720,-7.279175,112.797542,1.08,-14.58,36.08,-66.49,160.34,335.25,27.80,4482.97,1964.12,10.77,11.28,1
68.730,-7.279307,112.798282,3.08,16.02,38.83,168.63,175.73,337.50,32.70,3104.65,4191.59,10.06,12.40,0
68.740,-7.279229,112.797653,0.34,-1.83,14.66,-146.38,-96.22,339.75,6.98,4894.05,5965.45,10.68,11.99,4
68.750,-7.278613,112.798239,2.34,1.96,-9.03,77.77,-64.76,342.00,28.34,5964.43,5119.11,11.36,11.89,1
68.760,-7.278846,112.798577,2.23,-34.16,38.27,-88.46,-82.03,344.25,32.12,2215.92,4282.79,11.13,10.65,2
68.770,-7.279305,112.798345,0.05,11.63,-39.75,64.42,-7.96,346.50,15.91,837.03,2624.28,10.65,11.63,0
68.780,-7.278880,112.798309,1.33,-12.19,33.36,107.93,-134.08,348.75,-29.86,4464.95,3092.68,11.71,11.56,1
68.790,-7.278898,112.798192,0.99,31.19,-2.43,132.13,53.87,351.00,-1.75,3840.29,5519.98,10.40,10.72,2
68.800,-7.279318,112.798168,0.46,-1.34,34.60,124.97,174.12,353.25,-22.94,4933.56,2734.89,10.51,11.08,1
68.810,-7.279184,112.799067,0.49,6.73,5.81,-76.06,-7.49,355.50,-6.63,4779.93,4548.84,10.36,10.87,4
68.820,-7.279393,112.798599,3.44,5.95,-20.20,-37.61,-165.37,357.75,-23.92,1976.14,1945.65,10.83,11.36,2
68.830,-7.280967,112.798857,0.40,-8.52,-24.39,125.69,31.15,0.00,-5.66,4806.93,2448.52,12.53,11.77,0
68.840,-7.280333,112.799407,1.58,21.97,32.54,-48.94,172.49,2.25,6.46,5348.90,4736.43,11.22,10.72,4
68.850,-7.280912,112.798668,3.09,3.55,38.65,-170.63,-9.46,4.50,-9.43,4833.55,4347.54,11.56,10.85,0
68.860,-7.280796,112.799126,3.46,-1.35,-6.89,-140.25,-35.94,6.75,-33.02,798.41,4818.57,10.97,10.86,2
68.870,-7.280386,112.799279,1.55,22.91,23.47,-25.06,-112.37,9.00,-15.38,4948.00,5783.85,10.24,11.68,3
68.880,-7.280357,112.799156,0.19,-2.53,29.68,-15.45,-95.88,11.25,-27.55,2953.54,5129.37,10.75,12.58,4
68.890,-7.280042,112.799051,2.32,37.03,18.84,-133.45,47.33,13.50,31.30,3407.91,28.38,12.44,10.78,4
68.900,-7.280780,112.799505,0.44,32.52,21.08,-68.44,8.06,15.75,-11.16,5160.58,1877.14,10.65,11.96,3
68.910,-7.280855,112.798767,3.36,-10.21,-28.45,-134.91,-154.03,18.00,9.05,3704.74,2156.71,10.36,11.59,2
68.920,-7.280654,112.799143,2.08,-19.24,6.19,-16.23,138.73,20.25,-13.50,1876.54,4939.27,10.08,11.12,1
68.930,-7.280000,112.799513,2.38,-8.96,-19.60,170.04,-146.74,22.50,32.96,4813.74,851.87,10.25,11.73,1
68.940,-7.280438,112.799254,2.54,16.43,12.29,134.09,-84.79,24.75,26.89,5599.43,3008.46,11.94,12.59,4
68.950,-7.280981,112.799566,1.50,-16.06,7.56,-114.47,138.04,27.00,5.11,3798.55,601.25,12.20,10.36,4
68.960,-7.280193,112.799944,3.02,-36.13,11.68,-129.44,-70.35,29.25,30.01,3388.18,2768.38,12.48,12.12,1
68.970,-7.280640,112.799542,3.28,28.20,-15.85,-17.74,104.58,31.50,16.68,3917.53,1341.65,11.14,11.70,1
68.980,-7.280644,112.799531,2.49,-30.39,27.54,134.72,80.41,33.75,9.06,5126.10,2514.25,10.74,12.53,1
68.990,-7.280504,112.799788,1.87,-9.15,-17.64,-123.55,-82.39,36.00,-3.33,2465.68,5226.21,11.37,12.49,3
69.000,-7.280648,112.800029,1.67,-37.08,16.54,169.98,-172.07,38.25,-26.58,377.43,4889.26,10.57,10.69,3
69.010,-7.280879,112.799233,1.85,-14.16,-5.71,-148.72,-89.99,40.50,30.34,284.40,1125.16,12.59,10.78,4
69.020,-7.280296,112.799996,1.88,9.71,22.06,175.08,-24.43,42.75,19.07,280.95,1963.10,11.11,10.05,3
69.030,-7.280271,112.799929,2.88,-31.42,-31.63,-142.59,-84.13,45.00,6.46,3539.69,1038.84,10.25,10.72,2
69.040,-7.281082,112.800066,1.15,-33.94,-15.41,-14.70,105.12,47.25,34.88,2114.90,3927.58,11.48,11.36,0
69.050,-7.280684,112.800067,3.46,-5.73,10.62,134.94,-130.44,49.50,24.05,1445.76,4368.86,11.44,11.73,2
69.060,-7.280788,112.799979,1.45,38.26,36.23,-123.01,20.27,51.75,-8.89,4719.18,1063.77,10.50,11.80,1
69.070,-7.280712,112.800068,3.07,-33.45,-24.26,84.99,-85.84,54.00,-32.01,2501.76,1334.21,10.86,10.60,3
69.080,-7.280695,112.799966,0.44,-19.71,-20.72,49.47,-65.81,56.25,-25.03,686.41,154.30,10.71,10.53,1
69.090,-7.281221,112.799642,3.07,21.02,10.70,72.61,17.88,58.50,21.87,2957.56,1198.00,12.39,10.14,1
69.100,-7.280841,112.800262,2.17,-13.40,-7.35,-64.89,118.46,60.75,22.65,2773.48,1395.28,10.33,10.87,1
69.110,-7.281330,112.799737,1.45,-1.98,-8.28,100.87,-154.46,63.00,27.27,1870.40,2499.38,10.66,10.61,2
69.120,-7.281342,112.800073,2.16,-23.29,-24.72,18.34,-150.92,65.25,12.06,549.72,3260.43,12.51,11.38,1
69.130,-7.281340,112.800512,1.81,12.84,-9.87,-81.66,71.20,67.50,3.68,5762.39,3383.79,11.26,10.10,1
69.140,-7.280850,112.800256,1.31,-32.12,22.59,11.24,9.83,69.75,1.36,1568.38,4601.27,11.98,10.33,4
69.150,-7.280843,112.800061,2.43,18.10,1.79,-136.18,64.06,72.00,-1.21,3443.06,1175.64,12.49,10.99,3
69.160,-7.281324,112.800645,1.75,-13.80,-34.65,149.19,-38.92,74.25,14.21,1419.27,1190.82,12.34,11.96,0
69.170,-7.281442,112.800098,1.28,3.32,-30.33,-10.14,-174.67,76.50,29.82,2219.02,1180.87,11.88,12.33,2
69.180,-7.281285,112.800294,2.21,28.00,28.27,168.22,122.67,78.75,17.04,3816.08,1749.14,12.55,10.09,4
69.190,-7.280883,112.799844,2.31,-11.31,-6.02,150.83,3.23,81.00,5.12,5290.28,5796.98,11.12,11.97,2
69.200,-7.281041,112.799975,2.52,24.11,28.14,149.97,-40.67,83.25,-16.59,3720.67,5878.80,10.97,10.65,4
69.210,-7.281501,112.800442,0.99,0.45,-1.79,-160.90,84.86,85.50,-5.89,5261.55,5807.58,12.54,11.31,3
69.220,-7.281222,112.800415,0.44,39.11,-36.18,81.55,32.35,87.75,-24.50,5567.88,5246.47,12.07,11.23,0
69.230,-7.281073,112.800345,3.05,35.78,22.87,35.65,96.35,90.00,20.54,228.54,200.15,10.89,11.90,1
69.240,-7.281159,112.800303,1.20,19.94,6.72,85.44,-73.68,92.25,-28.76,1379.35,2822.97,11.12,12.16,2
69.250,-7.282054,112.800267,0.83,39.06,35.47,8.72,-19.50,94.50,13.23,3827.92,399.37,11.80,10.41,2
69.260,-7.281546,112.800245,1.22,-37.11,-16.53,14.05,-75.44,96.75,-17.35,380.02,1183.70,12.21,12.24,2
69.270,-7.281418,112.800335,2.85,1.75,20.13,164.37,103.76,99.00,1.66,4265.29,4753.84,11.85,11.47,4
69.280,-7.282105,112.800730,3.39,-11.41,11.15,5.56,-42.23,101.25,6.45,5466.98,2466.17,10.62,12.58,2
69.290,-7.281685,112.800783,1.77,24.76,2.32,152.13,-36.70,103.50,32.15,737.63,2020.70,12.12,10.54,4
69.300,-7.282011,112.799913,2.96,15.48,8.50,123.03,-146.99,105.75,9.70,3324.25,1978.82,10.54,12.24,4
69.310,-7.281684,112.800422,2.06,-37.86,-8.50,-126.63,-5.67,108.00,12.88,2370.17,5237.69,10.29,12.08,4
69.320,-7.282047,112.800261,0.40,37.88,0.70,-98.38,99.67,110.25,-18.81,305.39,2185.46,12.52,10.28,2
69.330,-7.282420,112.800790,0.34,32.34,-12.92,-88.13,-125.26,112.50,-13.28,2266.72,5528.06,11.28,10.00,0
69.340,-7.282038,112.800303,3.27,-14.33,25.30,28.65,75.93,114.75,-20.33,3424.54,2777.10,12.30,10.79,0
69.350,-7.281774,112.800437,2.15,-17.43,-30.19,11.71,151.11,117.00,-2.02,5883.16,5350.07,11.16,11.21,2
69.360,-7.282416,112.799963,0.21,-0.71,-17.42,172.14,-33.71,119.25,18.00,3648.80,3517.02,12.10,11.05,1
69.370,-7.281847,112.799857,1.97,16.92,-30.47,18.72,4.98,121.50,25.93,5060.13,164.28,12.51,11.13,0
69.380,-7.282118,112.800116,1.69,26.03,-37.94,-5.75,-21.51,123.75,10.77,5724.25,2609.15,12.09,11.16,2
69.390,-7.281941,112.799946,3.33,-19.68,22.75,-44.12,-164.60,126.00,25.35,5930.92,1179.75,12.55,10.38,0
69.400,-7.282754,112.800486,1.20,25.68,39.38,58.29,-134.46,128.25,-17.83,259.12,3384.53,11.64,10.38,4
69.410,-7.282782,112.799733,2.08,32.34,-24.58,-163.52,-91.41,130.50,28.95,5255.47,148.91,10.97,10.06,4
69.420,-7.282280,112.799980,2.92,29.54,33.16,169.36,130.65,132.75,-26.38,3280.06,2694.79,11.31,10.84,3
69.430,-7.283008,112.800417,1.75,33.10,28.74,-137.99,-47.23,135.00,7.35,480.35,1067.90,12.19,10.77,1
69.440,-7.282959,112.799766,2.81,-29.89,8.83,178.35,100.92,137.25,-19.78,1297.40,1319.88,11.36,10.41,4
69.450,-7.282359,112.799954,1.13,8.53,39.40,-42.61,121.37,139.50,-16.00,2975.22,3330.16,11.85,12.18,2
69.460,-7.282929,112.800344,2.50,-13.58,34.46,-112.34,5.29,141.75,-3.14,1045.03,2777.76,11.91,10.33,2
69.470,-7.282570,112.800124,1.14,36.91,-22.33,-47.04,-45.66,144.00,32.40,2645.06,1976.72,12.08,10.93,2
69.480,-7.282929,112.800241,0.40,-38.49,34.73,-145.53,-150.27,146.25,16.92,354.01,902.59,11.20,10.02,1
69.490,-7.283308,112.799890,3.07,30.34,13.98,134.60,-102.95,148.50,26.10,1840.80,2280.44,10.26,11.65,0
69.500,-7.282823,112.799825,2.51,-24.82,-39.64,94.70,-150.22,150.75,-4.47,2300.65,5012.74,12.39,10.59,3
69.510,-7.282906,112.799190,1.36,19.37,-6.19,-130.72,-110.89,153.00,5.85,1268.33,4063.40,11.22,12.07,1
69.520,-7.283195,112.799997,0.27,-20.23,9.96,34.15,115.28,155.25,-33.81,4952.17,5572.33,10.80,10.21,3
69.530,-7.282954,112.799226,0.16,-29.13,4.82,-134.41,133.25,157.50,-4.91,1388.62,295.51,10.05,10.11,4
69.540,-7.283133,112.799530,2.96,21.40,29.74,160.40,-102.50,159.75,-6.55,5312.90,4932.36,11.12,11.62,1
69.550,-7.282857,112.799519,2.47,31.00,8.86,4.05,38.31,162.00,3.96,924.27,2487.81,12.22,10.13,4
69.560,-7.283190,112.799258,2.39,38.57,-6.06,115.54,161.39,164.25,20.93,4770.63,2035.69,10.55,12.42,1
69.570,-7.283441,112.799199,0.40,-8.26,34.43,83.48,127.19,166.50,29.01,5708.49,3676.37,11.55,12.31,2
69.580,-7.283360,112.799459,2.16,3.94,21.72,-74.16,126.05,168.75,-16.96,1469.83,3604.88,11.17,12.08,2
69.590,-7.283106,112.799614,0.97,-0.55,-2.87,-137.63,120.41,171.00,-13.11,462.54,2490.81,12.28,10.73,2
69.600,-7.283668,112.799452,3.08,4.57,-18.72,-61.52,27.47,173.25,-34.94,2350.28,2044.32,11.13,11.22,0
69.610,-7.283315,112.799121,0.12,-33.35,24.65,-9.49,167.68,175.50,32.13,3650.05,5963.58,12.56,10.11,0
69.620,-7.283523,112.798967,2.13,-1.05,-7.96,9.48,66.10,177.75,-25.22,3445.92,600.39,11.80,10.02,0
69.630,-7.283092,112.798569,1.73,-20.63,-9.20,-92.76,-83.59,180.00,6.04,1686.90,3185.40,10.84,12.52,0
69.640,-7.283581,112.798704,1.87,-26.68,-5.34,145.37,59.14,182.25,23.53,651.18,4402.86,11.60,10.38,2
69.650,-7.282913,112.798312,2.38,29.61,13.69,139.94,-23.68,184.50,28.30,4890.21,5617.31,10.52,11.38,2
69.660,-7.283501,112.798405,3.21,36.31,4.13,51.82,-12.86,186.75,29.99,4963.90,4396.74,11.74,11.13,3
69.670,-7.283143,112.798326,2.00,-15.75,18.22,-48.32,90.28,189.00,18.29,4051.86,2772.19,11.74,11.22,3
69.680,-7.283700,112.799022,3.10,-39.11,22.40,-176.07,155.12,191.25,-30.94,3628.26,2671.76,11.31,12.21,2
69.690,-7.282834,112.798342,2.09,2.74,24.13,-133.43,-104.40,193.50,-27.64,2000.88,4149.46,11.89,10.75,3
69.700,-7.283216,112.798478,2.94,-21.23,-15.66,86.12,-134.92,195.75,-23.00,1330.59,4860.66,10.51,11.97,0
69.710,-7.282879,112.797877,0.06,-13.17,34.11,-107.93,-170.89,198.00,30.61,2190.17,2985.29,11.38,10.27,4
69.720,-7.283353,112.798711,2.03,-18.13,9.87,-158.40,-26.72,200.25,-10.48,3505.40,3932.86,10.05,11.48,1
69.730,-7.282916,112.797703,2.82,-32.39,-13.90,165.08,-68.54,202.50,-6.23,1479.56,5604.48,11.49,12.34,1
69.740,-7.282874,112.798580,1.61,-7.35,10.60,15.38,103.64,204.75,14.24,2447.50,5840.37,10.09,10.94,3
69.750,-7.283648,112.797852,1.00,-15.96,12.79,-97.25,-68.40,207.00,15.25,2664.93,355.31,11.29,12.09,3
69.760,-7.282739,112.797899,2.51,-3.61,12.78,-94.63,-119.80,209.25,18.69,2413.72,5677.01,12.52,10.78,0
69.770,-7.283256,112.797663,1.45,-4.88,-1.58,-53.87,-85.96,211.50,15.01,1522.92,1464.26,11.69,12.45,4
69.780,-7.283187,112.798277,1.45,-2.49,2.94,-149.55,177.02,213.75,-1.50,3810.29,4184.06,10.95,11.45,1
69.790,-7.282890,112.797765,1.80,-22.53,15.98,-87.44,36.21,216.00,0.05,1865.06,2043.88,10.09,11.98,3
69.800,-7.283039,112.797325,3.37,-36.53,-37.63,23.64,121.15,218.25,6.28,4327.58,3589.34,10.04,12.54,0
69.810,-7.283283,112.797492,1.33,-33.80,7.83,-177.58,-140.65,220.50,-27.32,5300.56,1244.58,10.37,11.23,2
69.820,-7.283308,112.797479,2.70,16.53,23.75,46.46,111.07,222.75,14.77,2273.78,4627.43,11.09,10.62,0
69.830,-7.283388,112.797570,3.13,-2.52,23.09,81.46,45.06,225.00,-31.32,465.52,758.54,10.25,10.42,1
69.840,-7.282778,112.797356,1.34,-1.13,37.47,131.85,149.07,227.25,-20.07,2165.50,1646.18,11.08,10.84,2
69.850,-7.283313,112.797149,1.69,-20.76,9.65,-93.45,42.41,229.50,27.08,2950.91,3492.42,10.26,10.17,1
69.860,-7.282315,112.797112,1.17,-17.24,-35.74,54.92,44.51,231.75,-22.95,816.38,601.48,10.18,12.00,2
69.870,-7.282960,112.796829,1.47,-9.11,-5.80,-70.59,13.92,234.00,5.24,3028.28,3394.34,11.42,12.49,2
69.880,-7.283029,112.797193,1.34,-18.92,-37.05,-79.83,-83.99,236.25,-29.46,3129.02,1257.09,11.76,12.15,1
69.890,-7.282674,112.797376,1.83,32.81,-26.52,-20.92,44.13,238.50,-28.74,496.67,4950.87,10.63,11.26,0
69.900,-7.282568,112.796786,2.90,-34.98,39.83,68.31,-161.45,240.75,-18.05,1671.60,448.65,10.59,10.01,1
69.910,-7.282876,112.796626,3.19,39.48,-33.29,-15.88,-114.99,243.00,12.79,3107.03,5825.19,11.12,10.83,1
69.920,-7.282381,112.797163,0.30,39.76,-3.37,-142.20,46.85,245.25,1.63,5885.16,5818.28,12.43,10.00,4
69.930,-7.282773,112.796712,0.01,-17.89,-24.50,43.76,114.88,247.50,-27.39,4175.33,304.49,11.67,12.31,4
69.940,-7.282569,112.796503,3.17,-2.48,-39.24,-142.34,-71.50,249.75,33.59,820.31,1047.13,11.70,11.92,1
69.950,-7.282168,112.796945,0.39,-10.32,-27.37,-31.30,-71.29,252.00,10.43,1052.07,5647.16,11.59,10.63,1
69.960,-7.282269,112.797146,1.10,26.15,-23.28,-84.61,27.87,254.25,-0.09,5506.89,5375.44,10.62,10.46,3
69.970,-7.281937,112.796316,0.82,19.10,-27.32,105.69,104.51,256.50,6.74,1554.56,3048.52,12.12,12.37,2
69.980,-7.281474,112.796666,0.37,24.32,-0.35,-60.81,-66.19,258.75,12.34,320.18,4033.29,12.34,11.11,3
69.990,-7.281650,112.797178,0.75,-18.16,9.89,89.06,-128.69,261.00,-29.00,5817.26,1320.68,11.10,10.60,3
70.000,-7.281941,112.797148,1.12,18.38,-0.23,168.77,141.51,263.25,-3.08,1704.18,5295.55,10.69,10.01,3
70.010,-7.281526,112.796440,1.73,-9.84,28.49,-46.68,93.13,265.50,-11.71,3286.88,4784.68,10.46,11.75,2
70.020,-7.281935,112.796904,0.34,8.15,-35.24,-105.09,-99.66,267.75,2.64,1872.38,1899.70,12.31,11.16,3
70.030,-7.281011,112.796799,0.01,35.31,17.66,23.73,26.36,270.00,-14.68,3805.08,2737.33,10.96,12.50,3
70.040,-7.281806,112.797120,1.76,-13.22,-25.12,75.72,-51.06,272.25,-1.86,3795.14,1408.77,11.29,12.20,2
70.050,-7.280897,112.797104,1.65,7.80,25.95,166.42,-157.99,274.50,-13.65,1865.05,860.55,10.89,12.32,3
70.060,-7.281707,112.797164,0.86,-22.80,5.18,-44.62,-86.65,276.75,-23.12,3775.75,2095.05,10.53,10.23,3
70.070,-7.281211,112.796517,1.48,4.29,-35.97,-83.70,-122.22,279.00,-7.09,2672.97,958.85,11.53,10.41,4
70.080,-7.281114,112.796565,0.30,15.76,-39.68,-17.46,176.64,281.25,-7.49,2485.62,5116.83,11.89,11.34,0
70.090,-7.281412,112.796274,1.34,13.67,32.00,162.82,162.83,283.50,-7.06,2002.15,1437.86,10.75,10.04,4
70.100,-7.280790,112.796652,0.67,-7.27,28.65,-175.63,149.74,285.75,0.58,5532.07,686.40,11.06,11.23,2
70.110,-7.280794,112.797017,2.07,10.27,-20.96,170.85,-38.95,288.00,13.43,936.60,4055.17,10.26,12.09,3
70.120,-7.281033,112.796444,0.62,-33.01,32.80,-50.73,-51.43,290.25,-5.45,3235.99,4649.99,10.23,11.27,1
70.130,-7.280866,112.796907,0.26,-38.69,22.45,-121.60,166.78,292.50,34.64,4373.78,4980.70,11.26,10.06,0
70.140,-7.280499,112.796967,1.29,30.81,-22.16,38.19,-158.86,294.75,-6.23,3755.53,2161.29,10.73,10.25,0
70.150,-7.280787,112.796379,1.34,-30.71,27.28,-132.61,25.01,297.00,-9.14,197.58,4492.53,10.26,11.12,1
70.160,-7.280640,112.796715,1.03,-16.75,-34.54,-155.94,176.79,299.25,-8.67,407.57,3278.23,10.31,10.59,3
70.170,-7.280535,112.796545,2.65,22.93,-22.99,-3.07,-67.02,301.50,34.00,1892.92,5002.11,10.03,12.07,2
70.180,-7.280665,112.797290,1.00,-3.07,39.19,34.49,56.15,303.75,-8.85,3094.87,3027.99,10.80,10.38,3
70.190,-7.280569,112.796508,0.05,-24.62,-35.34,-70.30,-70.07,306.00,-26.56,4970.97,4419.33,11.06,12.35,3
70.200,-7.280078,112.797312,1.33,-12.42,-3.13,142.19,173.00,308.25,20.87,373.81,370.92,11.06,10.63,3
70.210,-7.280098,112.797451,0.38,33.41,30.29,73.35,-5.08,310.50,-34.06,3814.62,190.40,10.70,12.08,4
70.220,-7.279442,112.797367,0.53,38.95,-8.87,-3.40,71.25,312.75,27.43,4156.81,1665.00,10.48,11.85,2
70.230,-7.279800,112.797483,0.38,-39.09,-7.74,-75.31,-12.14,315.00,6.12,1005.03,1294.60,10.03,12.19,2
70.240,-7.280179,112.796767,1.11,3.83,-9.19,102.20,113.12,317.25,-31.56,2982.93,3570.88,10.35,10.94,4
70.250,-7.279305,112.797620,0.02,1.73,-16.66,-15.00,145.25,319.50,1.91,5035.69,4658.31,12.18,12.59,0
70.260,-7.279698,112.796927,3.26,-1.93,-38.35,-70.39,80.75,321.75,-30.11,931.00,2380.79,11.50,11.01,1
70.270,-7.279733,112.797695,2.68,-35.08,28.31,-74.87,-69.58,324.00,-5.57,5327.80,5127.47,10.34,12.22,4
70.280,-7.279364,112.797343,2.82,-38.54,-8.89,-64.21,25.81,326.25,-25.14,5678.47,4890.27,11.60,12.16,0
70.290,-7.279004,112.797927,2.76,28.26,18.51,-60.08,-41.84,328.50,-33.44,2258.75,1101.85,12.26,12.06,0
70.300,-7.279553,112.798165,2.95,1.88,-21.02,52.13,93.54,330.75,16.65,5328.46,3948.20,11.21,10.07,1
70.310,-7.279471,112.797877,3.02,-23.33,-7.84,-38.92,101.18,333.00,31.78,813.49,3918.79,12.20,11.64,1
70.320,-7.278965,112.798010,1.70,18.88,33.09,-8.93,48.77,335.25,-14.32,1113.11,4186.10,12.25,11.71,3
70.330,-7.279320,112.797615,3.17,-37.11,-1.71,1.65,48.25,337.50,21.83,3452.98,1293.40,11.19,12.34,2
70.340,-7.278706,112.797905,2.62,-20.04,-34.24,89.40,47.06,339.75,15.83,5773.68,2082.07,11.88,12.49,0
70.350,-7.279091,112.797657,0.55,39.66,34.94,-76.12,-93.02,342.00,9.10,5550.13,295.04,11.99,11.00,4
70.360,-7.279384,112.797729,1.83,-16.23,2.78,-68.08,135.32,344.25,-26.19,3085.16,5340.87,10.10,11.51,4
70.370,-7.279256,112.798537,1.64,-13.45,-26.08,-134.46,-179.27,346.50,11.25,4993.70,2973.52,11.14,11.14,4
70.380,-7.279130,112.798568,2.63,29.90,-7.39,134.74,6.36,348.75,14.52,3035.64,1919.90,11.46,11.07,3
70.390,-7.279216,112.798495,0.50,-18.63,21.33,-28.01,-126.95,351.00,2.75,1690.70,3438.79,11.83,10.68,2
70.400,-7.279070,112.798193,2.96,11.37,12.87,-87.20,7.34,353.25,-30.39,5433.37,2474.43,11.94,10.12,2
70.410,-7.279204,112.799017,0.20,-36.54,17.61,66.53,177.89,355.50,-9.08,4423.12,4414.48,12.22,11.16,1
70.420,-7.278490,112.799284,1.28,30.85,34.25,-102.27,154.03,357.75,-23.93,3709.92,4614.88,10.29,11.69,2
70.430,-7.280736,112.798819,2.46,-29.14,-36.38,116.90,85.52,0.00,-23.42,2265.08,757.15,10.93,12.20,1
70.440,-7.280621,112.799142,1.35,-37.23,-39.34,-33.77,-165.05,2.25,18.60,5255.49,5835.10,11.82,10.44,2
70.450,-7.280293,112.799267,1.65,-38.30,-31.66,25.11,-161.88,4.50,-29.49,2426.47,644.32,10.91,10.80,2
70.460,-7.280866,112.798900,2.02,39.30,-18.65,-31.92,-138.31,6.75,8.32,2625.48,5986.18,11.82,11.26,2
70.470,-7.280157,112.798836,2.39,9.97,-17.88,65.34,-16.34,9.00,15.10,779.58,4133.33,11.13,10.16,3
70.480,-7.280060,112.799594,2.94,-2.35,32.72,129.22,-90.53,11.25,10.27,5846.55,3918.11,12.28,10.75,3
70.490,-7.280041,112.798924,1.88,31.23,-23.12,60.15,-143.42,13.50,-33.39,3610.63,4081.78,11.69,12.41,2
70.500,-7.280777,112.798743,1.24,27.22,-11.40,5.07,-14.37,15.75,28.20,4420.40,4184.70,11.93,11.52,1
70.510,-7.280483,112.799113,2.40,-8.67,37.54,-47.97,116.02,18.00,0.11,455.97,2423.66,11.95,10.99,3
70.520,-7.280040,112.799506,2.01,33.71,36.01,-103.96,-148.25,20.25,24.12,4069.07,5640.94,10.34,10.88,1
70.530,-7.280961,112.799396,2.00,10.75,-30.40,-82.26,-62.36,22.50,12.36,3582.56,1198.76,10.87,10.34,3
70.540,-7.280392,112.799857,0.04,13.21,39.87,157.32,116.12,24.75,5.03,5370.25,3076.64,11.36,12.00,1
70.550,-7.280066,112.799611,0.07,-20.70,-9.99,16.10,-12.15,27.00,19.13,4953.17,1368.25,11.29,10.84,1
70.560,-7.280226,112.799461,1.73,-27.63,18.35,77.32,90.44,29.25,14.83,3966.99,2092.61,10.93,11.54,4
70.570,-7.280383,112.799307,2.98,-32.48,34.55,62.22,-74.32,31.50,-23.99,2129.46,3381.47,11.98,10.52,2
70.580,-7.280913,112.799766,0.98,7.48,27.70,112.62,30.45,33.75,-22.11,1023.05,1896.30,11.63,11.56,4
70.590,-7.280780,112.799149,0.17,7.70,-7.78,138.11,87.60,36.00,25.37,5889.14,2068.50,11.97,11.31,4
70.600,-7.280107,112.799884,0.06,-24.87,-37.37,-46.38,143.60,38.25,-24.01,4716.93,832.69,10.60,10.75,3
70.610,-7.280186,112.799369,0.75,-27.73,17.52,-136.08,0.95,40.50,-16.46,3017.89,4718.57,11.26,11.07,3
70.620,-7.280628,112.799568,0.90,34.48,33.20,79.54,-137.71,42.75,-25.59,388.87,5132.02,11.29,10.72,4
70.630,-7.280276,112.799502,3.47,-37.29,-22.10,-135.98,-54.14,45.00,-29.82,3569.18,5038.82,10.82,11.69,1
70.640,-7.280337,112.799828,0.65,31.93,14.36,6.51,-79.13,47.25,-33.86,3050.91,1129.43,12.09,11.03,0
70.650,-7.280809,112.799542,3.02,-28.11,-36.42,-143.21,-123.42,49.50,6.63,2523.26,1747.22,10.87,11.71,1
70.660,-7.280818,112.800227,3.50,-4.47,-39.91,-164.17,-31.10,51.75,-22.85,884.97,5638.60,10.62,12.16,2
70.670,-7.280737,112.799498,0.56,17.19,35.86,78.38,81.54,54.00,18.60,4022.87,5247.21,11.80,11.22,1
70.680,-7.281160,112.800061,0.28,21.05,31.72,-149.12,-28.24,56.25,-4.91,561.28,842.42,10.52,10.12,1
70.690,-7.281156,112.799722,1.99,-32.45,-25.57,52.91,-177.20,58.50,-14.52,4673.91,5355.70,12.28,11.72,0
70.700,-7.280697,112.799918,3.12,-13.53,-24.10,-119.74,144.85,60.75,-34.59,2558.05,4284.66,12.47,12.37,3
70.710,-7.280608,112.799685,0.44,25.09,34.83,139.70,73.56,63.00,-4.18,3350.92,5078.65,10.68,11.87,0
70.720,-7.280613,112.799661,2.98,0.40,24.20,-170.38,161.90,65.25,-7.93,256.99,4667.19,11.37,11.11,3
70.730,-7.281171,112.799774,3.14,-1.02,28.19,89.65,-94.95,67.50,-31.99,3070.89,3394.65,12.28,12.01,2
70.740,-7.281117,112.799723,2.85,30.30,-2.40,92.17,-111.37,69.75,27.43,2376.83,1091.77,11.40,11.26,2
70.750,-7.281378,112.800115,0.76,-39.21,15.76,112.92,168.88,72.00,-33.80,1588.38,484.92,12.36,11.72,2
70.760,-7.281266,112.800102,0.82,38.06,-31.70,92.89,-7.43,74.25,-14.65,274.09,4653.19,10.84,10.88,1
70.770,-7.281033,112.799755,2.34,35.82,30.71,98.66,-36.17,76.50,31.13,3996.48,5800.25,12.17,11.12,2
70.780,-7.281495,112.800590,3.46,-4.31,38.18,-46.88,5.10,78.75,-17.67,3361.04,2673.45,10.95,10.11,0
70.790,-7.281208,112.799828,0.20,-33.15,28.01,102.31,-142.37,81.00,-27.53,4487.01,2983.34,10.58,12.50,1
70.800,-7.281117,112.799851,0.54,-1.03,-31.69,124.25,152.79,83.25,-31.86,2597.46,2434.22,11.16,12.00,3
70.810,-7.281348,112.800637,0.94,37.61,30.13,44.02,28.85,85.50,17.32,2009.84,4902.02,12.01,10.17,4
70.820,-7.281604,112.800647,0.17,11.33,2.94,-164.01,-63.69,87.75,-8.50,3879.68,421.09,11.34,10.13,2
70.830,-7.281066,112.800377,1.16,-4.09,35.15,47.03,3.71,90.00,-34.26,4939.21,226.29,10.86,10.89,1
70.840,-7.282029,112.800606,2.67,-27.49,20.46,76.56,147.95,92.25,-25.03,3580.12,1775.43,12.40,12.34,1
70.850,-7.281728,112.800380,0.43,29.38,-14.74,-23.49,-107.49,94.50,32.19,3386.97,1486.48,10.42,10.17,2
70.860,-7.281314,112.799879,2.33,-0.31,27.65,34.69,98.78,96.75,2.66,5851.46,5070.41,12.32,10.53,1
70.870,-7.281330,112.800238,0.00,-0.10,8.16,46.87,159.07,99.00,20.56,2473.47,5256.86,11.63,11.60,3
70.880,-7.281853,112.800054,2.87,11.95,-26.39,-145.87,75.80,101.25,26.12,2306.09,5512.56,10.15,11.85,4
70.890,-7.281889,112.799984,3.04,17.55,3.30,-10.99,113.77,103.50,-17.34,3493.73,2085.25,12.57,11.75,2
70.900,-7.282066,112.800469,1.73,-37.43,9.77,148.62,61.95,105.75,10.51,5996.67,2930.50,11.51,10.51,3
70.910,-7.282256,112.800104,1.05,-4.38,2.54,64.76,52.24,108.00,30.30,2457.06,5492.10,11.09,11.41,2
70.920,-7.282458,112.800074,0.58,-2.37,11.36,154.33,-133.51,110.25,-22.69,1191.33,4289.36,10.37,11.60,1
70.930,-7.282464,112.800702,2.11,-2.80,11.62,42.03,-79.66,112.50,-30.24,3039.30,2155.98,12.09,11.86,2
70.940,-7.281741,112.800567,2.91,0.31,0.29,-105.51,-75.47,114.75,3.79,1033.50,367.41,11.71,11.00,3
70.950,-7.282096,112.800508,1.27,-35.03,38.03,16.16,19.09,117.00,-23.29,1043.09,3311.65,10.92,12.26,0
70.960,-7.282268,112.800068,0.58,9.09,26.82,25.31,36.44,119.25,-22.72,5007.21,2370.52,11.63,11.63,1
70.970,-7.282768,112.799868,0.28,-8.61,-38.72,8.37,-146.66,121.50,4.28,1113.95,4914.12,11.16,12.42,3
70.980,-7.282412,112.800508,1.50,-24.56,-7.67,-75.27,48.85,123.75,8.13,1469.72,1701.01,10.61,10.48,0
70.990,-7.282013,112.800053,3.14,4.38,7.23,-138.97,16.99,126.00,-16.45,24.92,4986.20,11.66,10.23,4
71.000,-7.282481,112.800397,2.59,-35.02,-12.53,118.12,-111.53,128.25,-6.66,108.61,5956.71,12.15,12.42,4
71.010,-7.282287,112.800053,3.40,24.57,23.07,113.16,-70.08,130.50,6.16,4876.95,3797.52,11.31,11.45,4
71.020,-7.282570,112.800363,0.54,20.14,-36.45,39.50,-68.21,132.75,-14.41,4444.25,2311.97,10.48,10.86,4
71.030,-7.282242,112.799929,2.94,25.55,27.67,78.01,166.98,135.00,10.56,881.47,692.92,11.80,11.56,3
71.040,-7.282448,112.799811,2.36,10.54,-1.13,-40.47,64.75,137.25,32.17,5686.78,4748.46,11.63,12.42,1
71.050,-7.282317,112.800118,1.30,31.43,-24.50,-74.67,73.44,139.50,15.16,1820.75,3960.48,10.76,11.93,0
71.060,-7.282816,112.799878,2.70,12.04,-36.76,89.20,175.96,141.75,-5.54,5835.91,2503.77,10.68,11.06,1
71.070,-7.282972,112.800006,3.10,-17.46,3.23,-170.91,-166.79,144.00,28.03,3074.23,5998.35,12.27,11.94,1
71.080,-7.283054,112.799586,1.08,-33.83,22.90,-121.15,-45.92,146.25,1.28,27.81,1756.41,10.69,10.20,2
71.090,-7.282638,112.799736,1.21,2.04,-35.80,118.22,-86.59,148.50,-6.94,2665.08,528.97,11.24,10.49,1
71.100,-7.283252,112.799906,3.20,30.31,-38.46,-86.71,-20.89,150.75,3.40,5209.18,3830.64,11.20,10.04,1
71.110,-7.283405,112.799713,0.04,27.62,-0.82,61.48,154.02,153.00,-1.01,1729.26,2765.34,10.70,10.74,0
71.120,-7.282643,112.799197,1.59,17.20,30.90,28.21,-32.57,155.25,-3.93,4235.48,3895.79,11.13,10.83,1
71.130,-7.283108,112.799347,1.39,18.91,-12.94,-121.54,-47.60,157.50,-3.60,3765.82,2034.14,11.72,10.01,1
71.140,-7.283544,112.799064,1.02,40.00,30.80,69.59,21.46,159.75,34.12,5653.85,1167.78,11.21,10.13,4
71.150,-7.283313,112.799729,1.01,5.83,-15.08,-25.69,154.97,162.00,9.89,3407.37,5704.40,10.17,10.90,1
71.160,-7.282837,112.799182,3.24,19.16,-26.02,112.40,138.07,164.25,-8.54,114.97,1362.03,12.33,11.60,2
71.170,-7.283185,112.798954,2.66,-18.65,10.78,99.35,143.41,166.50,8.45,5419.24,3511.39,12.23,10.84,2
71.180,-7.282927,112.799458,1.07,-29.15,20.80,-119.73,-3.70,168.75,34.84,830.37,3212.85,10.43,12.15,1
71.190,-7.283013,112.799526,2.40,-8.31,27.34,46.00,-116.95,171.00,-20.39,5336.68,1627.12,11.66,11.01,0
71.200,-7.283041,112.798942,1.70,-17.37,36.46,174.41,140.35,173.25,-6.36,1513.02,2045.40,11.70,10.54,4
71.210,-7.283519,112.798636,0.61,19.15,-35.98,0.64,-131.60,175.50,31.33,5811.93,109.86,10.02,11.00,2
71.220,-7.283516,112.799123,0.36,-28.85,-6.81,-152.91,-68.17,177.75,-14.56,1687.85,4427.42,11.85,10.39,4
71.230,-7.283058,112.799157,2.17,-36.07,-25.51,-126.22,121.28,180.00,-3.71,3582.24,2461.03,11.63,10.15,3
71.240,-7.282914,112.798914,1.45,38.77,7.12,-51.15,33.84,182.25,-22.19,4886.78,2154.03,10.04,12.00,0
71.250,-7.282947,112.798727,0.83,14.54,-28.84,133.18,-35.79,184.50,34.38,1673.38,2576.02,10.12,12.10,2
71.260,-7.283705,112.798899,0.02,-34.01,-23.20,125.34,-104.97,186.75,-2.17,2128.76,1099.58,12.48,10.61,4
71.270,-7.283323,112.798871,2.25,-33.97,31.67,-35.29,39.25,189.00,2.43,3767.19,1870.71,12.51,12.48,2
71.280,-7.282833,112.798341,0.82,6.65,-24.84,-112.27,-62.75,191.25,-4.42,5510.81,1668.69,10.73,10.21,2
71.290,-7.283791,112.798885,1.34,36.33,-17.29,165.87,163.11,193.50,-13.93,4568.36,589.13,12.15,11.50,0
71.300,-7.283512,112.797894,0.48,-39.53,8.11,140.05,-106.02,195.75,-5.87,3618.04,5561.83,12.03,10.78,1
71.310,-7.283463,112.797819,1.81,-36.40,-35.91,-61.10,-60.22,198.00,-14.19,1278.78,1779.84,10.88,10.10,2
71.320,-7.283079,112.797917,2.52,30.40,-23.47,-98.82,-6.47,200.25,15.07,3701.16,4822.90,11.88,11.49,3
71.330,-7.283316,112.798233,0.27,-19.50,39.33,-103.82,-81.60,202.50,16.41,311.91,1389.98,10.42,12.37,4
71.340,-7.283355,112.798184,2.46,-19.57,7.97,-35.18,-106.88,204.75,1.98,1811.40,3656.12,11.38,10.14,4
71.350,-7.282834,112.797549,0.68,-29.46,14.22,-115.18,-13.03,207.00,29.85,2408.89,3561.15,12.04,10.18,4
71.360,-7.283442,112.797578,0.80,34.62,22.97,130.33,-179.95,209.25,8.77,2774.63,4362.71,11.53,10.58,1
71.370,-7.283268,112.797974,2.98,38.56,36.44,-31.20,48.52,211.50,14.31,3030.54,3160.09,10.39,11.52,2
71.380,-7.283428,112.797417,1.76,24.09,24.48,157.98,-74.58,213.75,7.88,4463.34,3173.98,10.09,10.74,3
71.390,-7.283302,112.797956,3.50,-20.48,-38.55,36.82,123.53,216.00,12.97,5900.92,5356.27,11.57,11.51,1
71.400,-7.283136,112.797659,0.27,-35.36,4.78,-15.17,21.07,218.25,9.16,3212.03,5745.34,11.91,11.80,3
71.410,-7.283312,112.797133,0.13,-20.24,-35.02,54.97,31.47,220.50,11.75,5418.18,3777.56,12.41,10.20,3
71.420,-7.282646,112.797654,1.21,-22.38,-10.51,149.26,-136.04,222.75,7.98,80.82,4182.97,10.93,12.24,2
71.430,-7.283007,112.797054,2.78,-28.51,32.31,85.15,125.99,225.00,11.03,5302.29,5929.88,10.78,12.14,3
71.440,-7.283301,112.797076,3.38,20.51,-39.78,69.68,3.93,227.25,7.02,3168.96,5872.07,12.29,12.59,0
71.450,-7.282679,112.797258,0.28,-32.04,-20.10,149.18,-68.03,229.50,-11.31,162.84,3350.25,11.50,10.70,4
71.460,-7.282937,112.797149,2.57,4.48,-19.20,-65.82,-113.02,231.75,-20.77,1179.70,1921.24,11.83,11.90,1
71.470,-7.282859,112.797271,1.82,9.99,24.77,-93.88,-131.64,234.00,-2.11,2855.92,2821.19,11.42,10.39,4
71.480,-7.283123,112.797215,1.84,30.59,6.19,72.88,86.56,236.25,12.24,5579.28,1940.12,11.98,10.66,0
71.490,-7.282232,112.796794,2.44,17.03,32.42,103.32,-114.78,238.50,-15.92,5330.32,2068.58,10.82,11.76,4
71.500,-7.282320,112.797208,2.20,23.06,9.51,-113.25,-25.82,240.75,-1.98,3990.26,4712.90,11.19,11.40,2
71.510,-7.282802,112.796582,2.66,1.65,-22.19,-69.03,-131.27,243.00,26.81,116.12,3348.61,11.09,11.72,2
71.520,-7.281911,112.796634,1.01,-21.86,33.37,-175.53,-106.49,245.25,2.62,406.65,3484.32,12.29,10.77,4
71.530,-7.282726,112.796950,3.04,-10.53,22.17,114.93,43.67,247.50,6.39,347.89,4065.94,11.27,11.57,3
71.540,-7.282617,112.797131,2.51,-18.61,-28.92,-100.36,33.47,249.75,7.89,988.10,3095.53,12.49,11.80,2
71.550,-7.281826,112.797289,0.90,-16.47,38.56,-162.52,91.46,252.00,13.58,2224.47,2213.24,10.05,10.97,1
71.560,-7.281832,112.796951,1.91,38.87,-29.76,-119.76,102.46,254.25,-34.89,3065.89,763.29,11.06,12.44,3
71.570,-7.282126,112.796847,2.08,24.83,0.24,170.64,-10.24,256.50,10.73,1140.25,4136.29,11.33,10.60,4
71.580,-7.282247,112.796527,1.77,39.04,7.71,-149.66,-75.23,258.75,31.32,5983.74,3473.06,12.08,11.52,3
71.590,-7.281880,112.796605,1.53,-25.74,-28.22,-103.05,-34.23,261.00,26.31,4923.16,1208.60,10.65,11.66,3
71.600,-7.281437,112.796748,1.40,-0.02,10.36,48.53,-15.44,263.25,-23.03,3740.13,3879.97,12.07,12.58,3
71.610,-7.281862,112.796495,1.08,-5.44,34.22,15.47,-24.93,265.50,33.98,593.13,323.02,10.69,10.97,1
71.620,-7.281747,112.796442,3.07,29.11,-10.31,-177.74,-75.04,267.75,-25.35,4941.98,1768.21,10.08,10.22,2
71.630,-7.281066,112.796752,2.27,22.66,-25.44,68.78,147.75,270.00,-6.45,1723.39,4716.29,10.63,10.36,2
71.640,-7.281715,112.796897,1.49,-11.57,-38.51,76.97,-158.57,272.25,7.85,1549.80,4443.49,10.26,10.46,3
71.650,-7.280943,112.796231,2.06,-7.08,6.12,-8.07,79.34,274.50,-9.14,111.60,285.20,11.18,10.78,2
71.660,-7.281343,112.796641,2.93,-5.62,32.81,-34.16,172.77,276.75,-9.24,4485.94,2303.16,11.30,12.45,1
71.670,-7.281505,112.796241,0.38,7.35,22.96,177.63,-23.69,279.00,13.40,952.95,4068.73,11.14,11.35,1
71.680,-7.281081,112.797047,2.52,32.71,35.92,14.81,-95.68,281.25,-21.05,2799.74,3069.62,10.25,11.61,2
71.690,-7.280634,112.796330,0.08,2.57,-24.18,-64.95,-32.75,283.50,-8.55,3662.58,1995.93,11.93,10.72,2
71.700,-7.280876,112.796650,2.12,20.54,38.34,23.48,-162.67,285.75,2.28,5904.47,2492.89,11.15,10.11,1
71.710,-7.281237,112.796928,1.90,-27.95,23.28,-173.08,37.97,288.00,-19.95,4334.02,1857.83,12.59,11.79,2
71.720,-7.280785,112.796940,2.28,-22.39,14.20,29.63,-11.89,290.25,24.77,1161.32,5871.46,12.32,10.72,1
71.730,-7.280861,112.796821,3.24,-32.30,-25.39,-132.66,161.71,292.50,12.74,2552.06,238.70,11.63,12.38,2
71.740,-7.280838,112.796849,0.43,11.17,-28.66,-39.90,94.76,294.75,-7.23,4550.23,5513.61,10.91,12.17,4
71.750,-7.280818,112.796703,0.49,35.52,7.49,133.20,-3.97,297.00,-33.86,5896.84,5238.87,11.89,12.35,4
71.760,-7.280022,112.797309,0.31,-18.51,-4.81,-34.34,-98.28,299.25,-30.37,3719.05,2508.31,10.83,12.25,1
71.770,-7.280407,112.797219,3.46,-25.03,3.47,-65.28,-130.02,301.50,27.90,2964.97,4088.51,10.22,10.86,2
71.780,-7.280393,112.796669,1.56,-28.34,-12.88,103.93,-146.87,303.75,-13.84,2139.08,632.66,12.11,11.89,0
71.790,-7.279770,112.796835,0.43,35.93,-5.10,-107.59,79.36,306.00,34.09,2065.54,1635.06,11.40,11.04,0
71.800,-7.279595,112.797432,0.51,0.76,13.45,78.30,-137.45,308.25,9.35,1606.38,881.76,11.12,10.94,1
71.810,-7.279871,112.796814,2.07,-15.93,-33.31,138.52,86.88,310.50,-27.97,154.40,953.24,10.06,11.83,3
71.820,-7.280316,112.797090,3.21,-17.01,30.16,-164.92,93.49,312.75,9.48,2662.51,4021.20,11.61,11.02,4
71.830,-7.280141,112.797663,1.25,2.44,21.00,-63.12,5.65,315.00,-31.42,1437.36,2640.09,11.23,12.37,3
71.840,-7.279387,112.797749,1.97,-36.49,8.27,-6.30,-165.08,317.25,-27.95,2023.39,2040.15,11.60,12.45,2
71.850,-7.279763,112.797660,0.40,5.35,23.20,19.16,162.01,319.50,16.98,3173.39,2246.35,11.88,12.42,0
71.860,-7.279536,112.797196,1.13,13.43,-34.26,168.12,-75.64,321.75,3.52,770.19,1387.09,11.23,12.56,0
71.870,-7.279968,112.797780,1.43,-23.39,-34.99,-6.48,64.81,324.00,3.97,1685.29,3972.14,10.76,10.69,3
71.880,-7.279858,112.797355,2.78,-5.91,-7.06,-104.79,123.30,326.25,-11.54,1067.55,3131.91,11.53,11.58,1
71.890,-7.279045,112.797595,0.86,35.77,-34.27,-135.03,160.60,328.50,25.55,1697.01,1058.39,12.41,11.87,0
71.900,-7.279051,112.798055,0.25,2.48,1.65,-56.98,72.26,330.75,20.02,1471.01,2478.14,11.85,12.23,2
71.910,-7.279166,112.797506,0.65,16.86,27.58,101.56,11.81,333.00,-26.61,730.98,3786.59,11.61,10.27,1
71.920,-7.279380,112.798282,1.42,31.52,16.18,-148.23,-157.16,335.25,-7.36,1435.15,3682.83,12.38,11.84,1
71.930,-7.278841,112.797528,2.25,-3.61,-28.06,-16.78,51.38,337.50,14.82,5490.75,3695.59,11.66,10.36,4
71.940,-7.278693,112.798170,1.10,-34.85,-0.96,130.95,-126.21,339.75,-14.64,5522.70,5379.65,10.65,12.46,1
71.950,-7.279560,112.797733,0.68,-21.18,-21.09,-156.84,-6.35,342.00,0.35,5358.90,3053.65,10.26,10.08,3
71.960,-7.279371,112.798229,3.10,-11.89,21.27,-52.36,160.35,344.25,21.24,3371.79,4197.87,12.04,11.49,2
71.970,-7.278787,112.797996,0.45,37.03,-2.38,-82.97,-118.58,346.50,-1.80,273.24,4436.20,10.59,10.10,3
71.980,-7.279473,112.798277,0.73,17.92,-8.39,-140.26,-65.86,348.75,5.99,5807.79,4162.23,12.20,11.61,1
71.990,-7.279283,112.798745,1.64,6.48,-0.13,-17.38,-15.11,351.00,-16.09,1067.33,2121.59,10.16,11.01,3
72.000,-7.278505,112.799095,2.78,7.76,-22.50,-153.52,-37.40,353.25,6.66,2388.13,1549.19,12.18,10.53,4
72.010,-7.278814,112.798354,1.30,23.46,29.92,-61.17,-5.62,355.50,-4.82,1945.44,4400.28,12.10,10.12,2
72.020,-7.279032,112.798994,0.69,-5.89,-39.27,-150.11,163.55,357.75,-30.00,5864.27,2043.51,12.43,12.32,1
72.030,-7.280783,112.798680,2.42,38.37,2.10,114.58,-164.53,0.00,-5.88,1088.90,669.87,12.58,11.09,4
72.040,-7.280447,112.799232,2.51,-10.97,-38.86,73.84,159.54,2.25,-23.26,209.69,163.87,10.87,11.50,4
72.050,-7.280340,112.798644,1.19,-11.39,14.96,-123.74,10.55,4.50,15.84,4778.20,4856.35,10.23,12.05,0
72.060,-7.280491,112.799451,3.15,-3.94,34.60,153.24,-25.96,6.75,-25.63,670.83,2061.98,10.25,11.94,0
72.070,-7.280440,112.799467,0.88,23.42,11.40,9.85,-89.85,9.00,6.94,3458.06,3643.02,10.08,10.37,2
72.080,-7.280848,112.799482,3.39,34.82,22.27,-144.11,-3.97,11.25,12.84,5382.67,1046.37,10.91,10.37,4
72.090,-7.280539,112.799004,2.75,21.38,36.33,-145.14,77.55,13.50,11.92,1297.78,5853.73,10.30,10.93,1
72.100,-7.280396,112.799131,0.13,28.88,38.62,48.58,48.75,15.75,-18.86,5461.57,376.31,12.17,10.61,0
72.110,-7.280267,112.799268,2.32,-27.79,-15.66,100.91,-149.62,18.00,-10.08,1961.65,3620.12,11.78,10.25,1
72.120,-7.280067,112.799094,0.21,28.08,2.10,-1.85,96.57,20.25,1.65,4583.89,1746.18,12.47,10.91,2
72.130,-7.280152,112.799526,2.09,-5.97,-33.34,-136.25,-64.61,22.50,19.14,1284.37,2768.88,11.28,10.93,2
72.140,-7.280165,112.799093,2.48,9.05,33.34,71.63,48.37,24.75,-26.60,4084.79,5299.26,12.11,12.40,3
72.150,-7.280415,112.799091,2.33,-7.27,14.30,171.03,140.81,27.00,17.23,1633.56,1070.39,10.33,10.69,3
72.160,-7.280610,112.799828,0.45,25.89,30.62,-4.69,43.40,29.25,-14.49,5301.85,3040.44,11.56,12.19,4
72.170,-7.280298,112.799517,2.03,20.68,-29.81,30.64,57.72,31.50,-4.39,2454.70,5454.49,10.82,10.94,0
72.180,-7.280271,112.799796,1.71,-14.77,5.85,-55.96,28.12,33.75,8.70,2648.43,4339.09,12.46,10.21,4
72.190,-7.280480,112.799836,0.05,-12.69,-8.35,172.86,-70.82,36.00,31.71,3269.66,3951.92,11.71,10.34,1
72.200,-7.280075,112.800051,1.66,16.83,-2.31,-108.20,160.03,38.25,-24.46,5918.93,4702.74,10.04,12.26,2
72.210,-7.280951,112.799436,0.77,32.55,-3.15,-2.99,-132.28,40.50,14.42,2911.82,950.47,10.50,10.25,2
72.220,-7.280138,112.799772,2.20,-12.82,-14.34,150.06,-175.75,42.75,27.76,1753.63,739.45,10.02,10.34,1
72.230,-7.280581,112.800172,2.18,27.59,-36.45,-172.81,-39.47,45.00,32.79,3954.64,4049.30,12.59,10.79,3
72.240,-7.281124,112.800215,2.57,33.56,14.85,-58.85,-51.78,47.25,-29.47,4915.20,66.24,10.45,11.69,4
72.250,-7.280442,112.799683,2.36,21.81,24.80,165.28,-147.32,49.50,29.19,2474.73,5067.89,12.03,12.51,2
72.260,-7.281142,112.799894,0.81,12.94,-34.53,-39.08,-6.92,51.75,0.52,2560.04,1926.46,11.03,10.62,3
72.270,-7.280773,112.800149,2.83,5.46,31.66,38.36,-49.70,54.00,3.39,1105.14,4723.35,10.65,11.00,1
72.280,-7.281096,112.800029,2.72,23.72,16.29,15.82,129.02,56.25,18.48,5729.54,1692.13,11.00,12.05,4
72.290,-7.280558,112.799831,2.93,16.92,35.51,112.04,-45.33,58.50,-14.40,1559.21,5947.18,12.45,10.09,4
72.300,-7.281170,112.799932,2.32,-38.91,-38.82,-8.62,-25.34,60.75,23.05,2825.80,1073.80,10.35,11.38,2
72.310,-7.281132,112.799777,2.75,30.94,30.72,-170.10,-136.65,63.00,4.75,3213.95,756.27,11.67,11.12,0
72.320,-7.281270,112.799679,0.16,-11.18,-13.25,-146.07,-135.73,65.25,13.85,2930.07,1039.20,11.02,10.92,3
72.330,-7.281460,112.800494,3.17,23.90,37.19,128.67,118.50,67.50,-18.46,3367.44,4898.10,10.47,12.50,1
72.340,-7.281084,112.799960,0.34,-32.11,-6.25,177.45,159.93,69.75,11.35,3334.43,3443.86,11.58,12.36,2
72.350,-7.280810,112.799958,1.67,-17.90,-39.50,-101.58,-151.50,72.00,1.52,4345.01,2555.57,11.10,10.79,3
72.360,-7.281206,112.800611,0.52,-36.05,34.49,-165.25,172.29,74.25,19.50,2671.46,812.84,10.72,11.32,2
72.370,-7.281188,112.800375,2.77,-17.97,20.78,-125.21,-91.69,76.50,31.89,847.45,1834.38,10.66,10.60,1
72.380,-7.281302,112.800562,0.69,-9.70,23.51,-24.69,25.98,78.75,6.71,1123.92,1687.22,11.13,11.76,1
72.390,-7.280875,112.800377,0.52,-12.57,21.51,-87.54,81.95,81.00,-30.06,2741.75,1074.47,12.41,11.42,3
72.400,-7.281664,112.799901,0.56,-11.86,32.83,176.58,161.76,83.25,13.09,2637.48,1715.09,12.07,10.12,3
72.410,-7.281143,112.800520,1.01,14.40,38.10,-158.61,128.10,85.50,-34.65,4571.93,689.76,10.84,11.67,0
72.420,-7.281688,112.800565,3.41,30.47,33.62,-63.65,53.16,87.75,9.59,2679.99,5900.36,10.22,10.19,0
72.430,-7.281032,112.799854,3.46,-19.20,10.59,142.69,-6.68,90.00,23.17,5806.54,2326.14,11.07,12.03,1
72.440,-7.281495,112.800169,1.40,-2.64,36.14,152.83,72.91,92.25,23.54,1583.16,997.31,10.70,12.38,0
72.450,-7.281736,112.800619,1.04,-31.98,5.48,76.19,-121.25,94.50,-34.89,3169.96,734.64,10.36,10.70,4
72.460,-7.281436,112.800584,1.75,31.56,20.70,-35.37,-63.56,96.75,24.06,1643.07,4770.63,11.86,12.11,3
72.470,-7.281241,112.800520,0.75,-2.65,31.20,-126.26,-141.63,99.00,-12.73,5336.26,4620.28,10.06,11.03,3
72.480,-7.282138,112.800813,2.78,-35.65,4.21,-135.23,-71.98,101.25,-31.80,1435.05,4597.16,11.69,12.42,3
72.490,-7.281436,112.800071,1.30,-7.72,-20.55,36.91,-33.70,103.50,-16.52,5051.20,484.30,11.23,12.06,3
72.500,-7.281859,112.800148,2.32,-39.56,-31.26,105.77,-151.85,105.75,32.67,3608.55,1064.60,10.14,11.44,3
72.510,-7.282422,112.800173,2.04,-38.99,9.50,-71.47,-92.73,108.00,26.48,1528.36,1855.83,10.58,11.38,0
72.520,-7.281742,112.800353,0.88,-25.16,3.90,95.53,64.04,110.25,-20.64,3320.43,4042.67,12.53,11.44,1
72.530,-7.282337,112.800756,2.32,36.25,26.65,133.93,-93.27,112.50,-26.48,5176.09,3629.44,11.56,10.83,2
72.540,-7.282424,112.800488,0.07,-1.27,33.06,126.44,-58.22,114.75,-24.49,5895.29,2744.37,10.13,10.89,3
72.550,-7.282677,112.800097,0.48,-28.44,-25.92,1.84,-145.24,117.00,-32.24,959.12,719.74,11.02,10.69,0
72.560,-7.281952,112.799909,1.92,25.01,-34.89,167.88,-49.03,119.25,25.12,2827.84,5364.61,12.03,12.56,4
72.570,-7.282381,112.800672,1.70,10.63,18.03,-29.58,46.41,121.50,16.98,5056.27,46.53,10.25,10.50,4
72.580,-7.282139,112.800412,1.15,33.28,36.19,-164.85,-44.70,123.75,32.04,3330.62,4175.33,11.45,11.78,3
72.590,-7.282058,112.800574,1.70,-13.11,39.25,105.34,-85.75,126.00,-32.14,2167.82,805.58,12.51,10.50,0
72.600,-7.282331,112.800364,2.04,-38.75,7.54,51.02,154.10,128.25,22.68,2912.22,795.31,10.93,12.51,2
72.610,-7.282891,112.799751,1.22,11.61,-5.89,125.83,-84.81,130.50,33.14,4768.70,4517.36,10.17,11.67,2
72.620,-7.282146,112.800188,0.64,5.26,-35.87,36.34,-170.31,132.75,23.85,1991.50,5.83,10.17,12.11,0
72.630,-7.282200,112.799984,0.32,39.02,-32.46,36.12,-80.50,135.00,13.06,3510.86,5452.42,12.37,11.19,0
72.640,-7.283114,112.800478,3.20,-37.70,9.25,145.02,-131.84,137.25,-28.07,872.42,1659.68,10.47,12.21,4
72.650,-7.282753,112.800350,0.13,3.25,-35.03,-90.29,-34.73,139.50,0.35,2795.57,4507.26,12.21,10.91,2
72.660,-7.282718,112.799491,3.40,3.52,-31.15,-57.84,-41.55,141.75,-1.13,3792.73,3182.97,11.67,11.51,4
72.670,-7.282382,112.800024,3.16,15.34,34.32,95.43,163.98,144.00,34.31,2390.70,1425.10,10.18,11.52,0
72.680,-7.282826,112.800153,2.89,16.10,-13.71,43.65,152.02,146.25,-19.22,3972.18,2454.24,10.92,10.80,1
72.690,-7.282807,112.800245,0.13,37.73,-33.27,48.21,-68.17,148.50,31.62,2957.82,3971.77,11.52,11.89,3
72.700,-7.283013,112.799930,3.16,-31.32,-2.75,-16.36,51.69,150.75,22.72,3567.68,5706.71,10.97,12.24,3
72.710,-7.282950,112.799932,1.79,-6.65,-7.18,-115.82,-170.02,153.00,3.85,5745.91,5702.61,12.08,10.12,3
72.720,-7.282869,112.799132,2.51,-31.62,-26.67,95.29,-12.55,155.25,32.72,2630.33,4168.90,10.97,11.58,4
72.730,-7.283406,112.799905,3.48,-34.84,5.72,2.42,111.67,157.50,-15.20,5345.11,3697.96,11.13,11.22,1
72.740,-7.282731,112.799273,0.73,15.93,13.91,-161.04,13.11,159.75,22.19,2022.79,729.34,11.40,10.36,3
72.750,-7.283405,112.799585,0.64,-4.31,4.13,-138.61,109.41,162.00,7.77,2367.59,2909.51,11.60,10.53,3
72.760,-7.283329,112.799828,0.16,-11.43,-32.74,-60.45,172.53,164.25,24.42,5664.30,2299.75,12.44,11.30,0
72.770,-7.282834,112.799539,0.82,37.69,-16.23,-175.54,-93.43,166.50,32.40,2070.24,685.64,12.53,10.63,4
72.780,-7.283658,112.799457,2.37,33.67,-12.54,108.59,-102.56,168.75,-21.52,1870.63,4816.85,11.85,10.31,2
72.790,-7.283041,112.798736,0.67,1.27,11.82,-9.57,171.32,171.00,34.16,221.10,4535.07,10.51,12.33,4
72.800,-7.283491,112.799088,1.43,6.87,19.05,24.58,-51.07,173.25,1.55,1083.75,632.98,11.49,11.53,2
72.810,-7.282912,112.799005,1.51,-30.27,-10.98,121.02,6.80,175.50,-34.97,4301.06,4718.55,11.58,10.01,1
72.820,-7.282842,112.798646,2.89,-12.23,-0.35,-46.64,117.51,177.75,-26.92,393.77,1103.03,10.64,12.29,3
72.830,-7.283335,112.799394,0.58,30.52,0.68,4.02,-173.04,180.00,25.55,5820.35,5562.81,10.48,10.52,1
72.840,-7.282857,112.798968,2.00,3.37,-9.72,-21.09,126.84,182.25,-0.43,563.62,2149.91,11.58,10.46,3
72.850,-7.283117,112.798765,0.52,-31.87,-36.68,6.27,14.59,184.50,10.78,2429.64,2235.66,11.39,10.66,3
72.860,-7.283661,112.798668,1.39,32.75,23.03,80.49,-65.56,186.75,26.43,1046.23,3641.13,10.85,10.74,4
72.870,-7.283015,112.798326,0.42,0.04,29.67,-161.95,-157.36,189.00,30.12,3917.44,1560.14,10.69,12.35,3
72.880,-7.283168,112.798338,3.31,-38.65,34.19,153.06,-136.88,191.25,-21.96,2252.04,1240.94,10.54,10.75,0
72.890,-7.283066,112.798201,0.40,-31.02,-34.09,-111.26,27.46,193.50,24.92,491.46,1275.35,11.19,10.07,1
72.900,-7.282964,112.798346,0.70,-8.60,19.71,-93.97,109.57,195.75,-11.18,3994.58,3330.74,12.32,10.07,3
72.910,-7.283455,112.798644,2.82,-16.35,-11.18,124.24,77.75,198.00,-26.25,733.20,3026.75,10.11,12.47,3
72.920,-7.283609,112.798353,0.19,-27.92,3.21,51.75,140.38,200.25,-13.63,103.04,63.60,10.67,10.26,2
72.930,-7.283438,112.798263,1.84,-28.80,3.41,34.92,16.05,202.50,11.79,448.52,87.49,10.03,10.32,0
72.940,-7.283531,112.798439,3.22,16.88,16.85,33.97,59.32,204.75,-11.43,5645.46,5002.93,12.48,10.81,0
72.950,-7.282955,112.797677,0.34,-8.16,7.54,-175.34,178.36,207.00,-2.65,2508.57,4234.57,10.89,10.74,0
72.960,-7.283253,112.798060,0.26,-0.35,-33.41,122.18,107.92,209.25,-22.93,1581.34,469.94,10.52,12.04,1
72.970,-7.283095,112.798302,1.61,-4.42,7.20,-70.89,54.26,211.50,-0.44,3999.68,4274.25,10.86,10.69,2
72.980,-7.283478,112.797758,2.23,6.43,-38.48,-124.69,-64.96,213.75,20.44,4635.28,5394.44,10.28,10.34,3
72.990,-7.282616,112.797887,3.41,24.06,20.15,-163.29,-39.20,216.00,-0.91,2409.64,4470.28,12.12,12.58,0
73.000,-7.283399,112.797564,1.02,15.91,-39.21,-138.12,47.82,218.25,-20.64,5844.55,1198.97,10.68,10.33,1
73.010,-7.282748,112.797467,1.91,-39.87,21.32,108.53,-146.48,220.50,-30.08,3516.47,2533.40,11.25,11.79,3
73.020,-7.282541,112.797426,3.01,9.14,36.00,23.94,-54.36,222.75,27.38,622.39,2580.08,12.57,10.31,0
73.030,-7.283224,112.797605,3.27,-8.73,-7.44,25.37,40.54,225.00,20.98,2436.64,1103.50,11.21,11.46,0
73.040,-7.282734,112.797454,0.94,22.53,14.42,157.81,167.29,227.25,-31.64,3779.46,233.87,10.42,12.51,1
73.050,-7.282593,112.797167,2.31,-29.09,-27.24,-66.70,-159.94,229.50,20.39,3504.11,4947.67,11.44,11.38,4
73.060,-7.283222,112.797137,2.58,-7.10,-29.28,135.55,-160.34,231.75,-3.33,2439.47,3251.67,11.42,12.27,2
73.070,-7.283039,112.796906,2.14,26.05,17.74,70.51,-128.55,234.00,-13.57,972.11,3474.51,11.23,11.80,1
73.080,-7.282914,112.797422,0.73,-8.74,-16.21,150.17,-23.60,236.25,-33.94,268.65,5028.37,12.07,10.06,3
73.090,-7.282694,112.797241,2.02,-32.98,24.27,82.15,151.39,238.50,20.54,2834.81,3518.53,11.19,10.92,1
73.100,-7.282901,112.796724,0.85,-36.56,-38.35,17.90,50.17,240.75,0.96,590.41,912.72,10.89,12.14,4
73.110,-7.282451,112.796818,1.98,24.97,6.14,69.62,-78.79,243.00,-33.78,5659.97,2369.06,11.15,12.04,1
73.120,-7.282412,112.797323,2.59,39.29,3.65,-50.74,88.82,245.25,-13.58,4032.47,2209.63,10.89,11.62,0
73.130,-7.282667,112.796856,0.31,9.32,9.90,112.58,59.05,247.50,5.53,2099.29,4604.67,11.63,10.26,4
73.140,-7.281853,112.796463,2.37,-3.31,-16.70,2.33,-124.73,249.75,30.01,431.88,3576.41,11.72,11.55,2
73.150,-7.282272,112.796447,2.53,-4.21,39.43,-2.35,9.03,252.00,-0.63,5438.44,2995.49,11.90,11.36,4
73.160,-7.281811,112.796380,0.74,32.74,2.79,28.70,153.81,254.25,27.14,3353.98,2055.93,10.85,12.51,2
73.170,-7.281943,112.796318,0.20,16.04,25.83,69.76,40.36,256.50,13.40,455.27,4902.09,12.23,11.06,1
73.180,-7.282207,112.796301,0.92,27.42,-1.59,-98.05,-76.98,258.75,4.80,509.13,5010.21,10.47,10.68,3
73.190,-7.281870,112.796802,1.60,-6.92,-10.76,35.32,-65.93,261.00,6.14,1613.56,4735.05,12.21,11.10,4
73.200,-7.281577,112.796269,2.22,-5.00,-8.72,-86.27,-79.85,263.25,-17.46,5840.38,3205.46,11.54,10.70,1
73.210,-7.282002,112.796675,0.54,38.12,10.86,91.88,174.99,265.50,-14.22,5693.15,2343.80,12.51,12.55,0
73.220,-7.281100,112.797076,1.80,-25.99,-32.62,63.95,87.28,267.75,-15.80,1883.26,4576.33,10.40,10.10,0
73.230,-7.281755,112.796781,0.51,32.78,25.35,42.61,-166.30,270.00,-19.20,4849.15,578.08,11.86,11.88,3
73.240,-7.281114,112.796788,1.49,13.61,1.05,-74.95,88.44,272.25,-25.47,3829.54,1177.47,10.18,11.71,3
73.250,-7.281407,112.797115,2.10,19.89,-12.05,142.53,38.46,274.50,-33.50,1225.18,5372.50,11.44,10.80,2
73.260,-7.280842,112.796353,1.27,-14.62,-12.64,86.25,-171.14,276.75,-25.91,2805.91,3385.01,11.19,10.80,3
73.270,-7.281647,112.796587,2.03,-37.45,-5.00,-110.30,6.79,279.00,19.45,607.11,4287.87,11.84,11.90,0
73.280,-7.281558,112.796581,1.71,21.42,-38.83,1.18,-152.88,281.25,34.54,3595.83,420.22,10.98,10.78,4
73.290,-7.280797,112.797021,1.02,29.22,20.73,-127.84,-70.47,283.50,-25.10,3626.00,2171.66,10.05,10.77,1
73.300,-7.280498,112.796812,2.29,7.46,-26.65,28.71,6.89,285.75,-25.33,1323.64,2717.64,11.13,11.61,2
73.310,-7.280310,112.796396,2.78,-39.11,-17.37,20.33,-102.32,288.00,-0.99,3432.69,424.30,10.66,11.74,2
73.320,-7.280928,112.796881,0.50,-15.94,-17.65,-118.45,125.01,290.25,-20.25,1717.98,1777.07,12.10,12.45,1
73.330,-7.280387,112.796794,2.61,-37.93,-26.78,-156.08,-90.66,292.50,-0.67,4852.09,1505.76,11.51,10.36,0
73.340,-7.280253,112.796596,3.15,-32.93,1.82,30.83,126.43,294.75,10.03,3227.91,4142.23,12.35,11.40,1
73.350,-7.279990,112.796959,1.13,-24.12,36.54,-2.32,-22.58,297.00,-15.02,5825.84,3258.12,11.44,11.16,1
73.360,-7.280053,112.796933,3.16,0.14,27.44,-98.24,83.83,299.25,20.89,1849.27,2158.92,11.22,10.54,2
73.370,-7.280172,112.796850,0.56,-14.98,21.61,-52.28,-14.27,301.50,20.59,2225.27,1520.96,10.27,10.18,2
73.380,-7.279701,112.796790,2.71,-38.97,0.05,158.40,-133.82,303.75,-32.70,800.40,5807.42,11.85,12.09,0
73.390,-7.280176,112.797224,1.22,-14.49,7.18,-178.43,3.75,306.00,-11.48,2248.61,4890.83,11.60,11.71,2
73.400,-7.279733,112.796873,2.33,-7.84,5.41,25.64,-152.78,308.25,8.34,4476.84,2871.34,11.94,12.29,3
73.410,-7.279608,112.796756,2.12,5.24,28.78,89.58,-48.00,310.50,24.92,3131.36,1592.42,10.76,11.51,4
73.420,-7.280069,112.796990,2.47,-25.42,19.80,-129.20,46.56,312.75,-6.56,5199.26,5510.61,10.51,10.71,2
73.430,-7.279942,112.797492,1.57,-1.18,5.57,5.35,22.23,315.00,21.45,1521.56,1216.80,11.16,11.07,0
73.440,-7.279270,112.796856,0.30,-4.15,8.77,-132.09,-100.85,317.25,28.26,1277.91,1142.70,10.06,10.91,4
73.450,-7.279512,112.797731,2.47,-26.41,0.89,-144.08,71.11,319.50,33.24,4237.71,4906.96,12.32,11.93,3
73.460,-7.279596,112.797797,3.18,2.47,25.81,-36.10,-148.29,321.75,7.10,1115.65,3354.31,11.90,10.87,2
73.470,-7.279957,112.797697,1.82,9.91,-7.98,33.77,45.03,324.00,17.76,3133.94,2178.61,10.98,10.81,1
73.480,-7.279221,112.797969,1.10,-25.01,-21.82,40.49,53.99,326.25,17.49,2924.44,2674.44,11.06,10.10,2
73.490,-7.279255,112.797408,1.55,-18.11,-20.47,71.36,70.46,328.50,28.77,583.61,3706.32,12.22,12.46,1
73.500,-7.279369,112.797496,1.02,-31.86,7.71,-60.54,121.28,330.75,14.55,773.73,2167.67,12.15,11.34,0
73.510,-7.278940,112.797462,3.05,-14.01,-7.46,-55.06,-146.44,333.00,23.47,3097.55,915.98,11.61,11.29,0
73.520,-7.279377,112.798057,0.21,27.03,-36.25,145.67,38.37,335.25,-30.81,5575.03,3219.92,10.90,11.89,1
73.530,-7.279277,112.798216,0.51,-16.42,-30.12,133.86,-178.37,337.50,-11.24,5723.53,239.68,12.56,10.31,3
73.540,-7.279209,112.798274,1.28,-25.75,24.44,17.73,-65.83,339.75,11.42,1918.01,1188.38,12.39,10.36,2
73.550,-7.279592,112.798324,2.83,4.64,-15.48,-56.76,-69.67,342.00,0.02,5034.64,5092.94,10.32,11.06,1
73.560,-7.279154,112.797766,2.28,-20.43,22.39,-79.59,151.50,344.25,26.39,1935.75,1836.71,10.00,12.32,3
73.570,-7.279307,112.797880,1.02,-34.68,-29.23,-1.35,-179.72,346.50,34.57,5122.81,2051.95,10.23,12.53,3
73.580,-7.279112,112.798628,0.25,-17.39,-34.64,-139.50,-177.41,348.75,23.32,4627.07,4653.61,10.84,11.62,3
73.590,-7.278896,112.798888,2.87,-30.95,-21.36,-167.85,-151.70,351.00,-17.70,1681.61,2791.47,11.24,11.07,1
73.600,-7.279125,112.798921,1.61,-29.70,-36.69,-54.78,-22.43,353.25,-29.19,4192.40,5575.22,11.20,11.20,1
73.610,-7.278570,112.798609,3.42,33.37,33.49,57.13,-104.73,355.50,-30.25,775.29,5691.29,10.67,12.24,1
73.620,-7.278448,112.798387,0.57,25.13,33.12,53.23,-178.14,357.75,5.71,2153.57,542.61,10.84,11.41,1
73.630,-7.280232,112.798436,0.85,8.89,26.31,158.08,-106.92,0.00,-7.46,1585.64,1886.18,12.28,10.61,2
73.640,-7.279997,112.798623,3.02,35.95,6.91,66.68,-130.67,2.25,30.95,1959.70,4919.49,12.49,10.71,2
73.650,-7.280521,112.799329,3.13,15.40,-8.06,-7.59,161.19,4.50,23.27,5214.06,3379.92,11.67,12.13,3
73.660,-7.280738,112.799371,2.35,-11.07,-15.75,-109.40,16.44,6.75,-19.11,195.83,4914.11,11.07,11.65,4
73.670,-7.280521,112.799412,1.16,24.83,1.05,-177.03,-157.63,9.00,11.74,2697.86,1995.75,12.08,11.54,2
73.680,-7.280195,112.798702,2.16,20.83,2.34,77.38,-17.43,11.25,-23.02,402.77,2051.05,11.77,10.33,2
73.690,-7.280921,112.799642,1.97,32.71,-23.16,-42.55,-8.84,13.50,-5.88,3269.92,2480.36,12.52,11.44,2
73.700,-7.280090,112.799089,3.31,-24.61,-5.02,-129.80,-113.08,15.75,-3.09,555.25,124.02,12.01,12.30,4
73.710,-7.280577,112.799632,1.75,-1.75,-32.09,50.41,-85.26,18.00,-8.07,374.04,784.86,12.23,11.53,0
73.720,-7.280964,112.799105,0.38,10.82,7.94,89.93,-17.45,20.25,27.21,1212.88,1080.62,10.62,12.46,1
73.730,-7.280496,112.799662,0.05,-18.86,19.93,68.55,12.47,22.50,-2.12,3752.56,3055.40,10.20,10.36,3
73.740,-7.280506,112.799309,1.63,-31.67,36.95,103.85,154.15,24.75,-28.88,513.87,2879.99,10.72,12.23,1
73.750,-7.280381,112.799394,1.90,-11.71,33.12,146.98,-20.38,27.00,-20.66,1427.01,5142.33,11.68,10.99,3
73.760,-7.280234,112.798986,0.19,-36.06,-24.88,163.05,-43.28,29.25,-28.13,1510.21,1880.90,11.79,10.52,4
73.770,-7.280645,112.799387,2.46,29.56,-26.88,-64.42,-177.03,31.50,-16.43,1180.45,3923.08,11.41,12.12,1
73.780,-7.280330,112.799283,3.48,-7.62,-8.73,-89.82,-63.09,33.75,-1.44,5018.75,5719.33,11.39,12.10,4
73.790,-7.280175,112.799901,0.10,38.01,-31.47,70.74,106.21,36.00,11.27,4827.87,3625.04,12.18,10.14,4
73.800,-7.280707,112.799422,2.54,16.85,-14.72,168.68,-100.79,38.25,-19.54,4813.27,5828.27,12.18,10.85,1
73.810,-7.280105,112.799242,1.73,39.72,-22.52,-50.03,38.07,40.50,10.87,784.06,3089.87,10.10,11.94,1
73.820,-7.280951,112.799564,0.38,31.78,-8.37,-53.62,153.33,42.75,-9.42,5042.51,4947.90,11.31,11.83,0
73.830,-7.280288,112.800231,1.52,-6.85,17.53,106.76,-13.56,45.00,30.79,1680.58,5781.23,10.74,10.73,4
73.840,-7.280376,112.799410,3.13,14.94,-30.60,47.09,-111.28,47.25,7.84,3022.34,214.49,10.94,10.89,1
73.850,-7.280757,112.800059,2.13,19.40,37.58,-56.60,24.65,49.50,-6.81,111.17,3410.98,10.99,12.00,4
73.860,-7.280984,112.799743,0.22,-8.77,-32.37,38.99,-32.30,51.75,-26.57,4966.96,754.04,10.69,11.13,2
73.870,-7.280330,112.800014,3.48,27.00,-14.73,47.71,-19.39,54.00,9.08,3357.05,1315.93,11.39,11.23,4
73.880,-7.281235,112.800058,3.18,21.37,-24.66,148.99,14.26,56.25,-21.09,1411.05,2305.71,10.05,10.36,0
73.890,-7.280718,112.799656,1.10,35.66,-29.39,153.86,154.22,58.50,-17.19,2434.49,2767.64,10.71,10.05,2
73.900,-7.280735,112.799676,2.00,-32.94,-22.45,-56.08,121.56,60.75,-18.15,926.06,4923.50,12.01,10.05,4
73.910,-7.280788,112.799983,2.85,27.87,25.99,-20.64,-141.19,63.00,23.83,4647.83,3035.61,10.81,12.34,3
73.920,-7.280982,112.799585,1.63,-24.63,6.96,78.72,-149.53,65.25,16.36,1669.45,4577.90,10.97,10.68,4
73.930,-7.280545,112.800126,1.14,35.08,-20.68,25.70,-168.93,67.50,34.41,5572.12,2686.40,10.24,11.63,1
73.940,-7.281033,112.800584,1.55,-4.17,5.77,79.46,-144.54,69.75,32.90,2637.33,305.68,12.46,10.14,2
73.950,-7.281174,112.800655,0.61,29.85,-4.31,32.61,-74.10,72.00,18.52,2516.32,1550.59,10.56,11.02,4
73.960,-7.280956,112.800409,0.00,-30.79,34.88,77.90,99.70,74.25,25.14,4555.85,5764.92,12.25,11.96,4
73.970,-7.280968,112.800229,2.53,34.90,-37.37,147.30,-165.89,76.50,25.43,4045.40,5384.42,10.21,11.05,0
73.980,-7.281109,112.800410,3.38,-39.99,7.34,74.00,-69.68,78.75,-0.13,2678.12,5322.25,10.02,11.13,1
73.990,-7.280819,112.800561,0.53,6.83,0.47,9.26,-42.45,81.00,-30.59,2118.17,4065.71,11.67,12.21,0
74.000,-7.281612,112.800694,2.34,-10.17,12.61,-153.43,8.50,83.25,-29.06,3964.66,5823.03,11.30,10.29,4
74.010,-7.281300,112.800239,0.28,-31.22,26.01,112.00,13.88,85.50,-7.83,2421.43,722.60,12.31,12.03,4
74.020,-7.280967,112.800476,2.58,-30.75,-0.32,70.36,54.36,87.75,-14.06,572.07,5992.89,12.28,11.09,0
74.030,-7.281653,112.800514,0.75,-22.73,-7.74,88.86,-67.53,90.00,28.24,5547.50,5794.32,11.86,10.10,3
74.040,-7.281385,112.800437,1.78,-33.88,-34.75,133.25,-76.38,92.25,10.38,2691.11,524.69,10.07,11.42,1
74.050,-7.281320,112.800521,0.44,-10.55,-2.75,-128.78,-160.93,94.50,8.44,4004.09,4348.28,10.06,11.97,0
74.060,-7.281530,112.800135,0.43,11.87,-23.72,77.29,-72.86,96.75,-29.64,3411.66,3917.70,12.54,11.09,1
74.070,-7.281457,112.799915,0.36,11.92,-30.58,162.17,-141.21,99.00,10.60,411.64,5549.19,12.20,11.68,2
74.080,-7.281664,112.800135,2.95,9.61,4.71,15.99,57.18,101.25,17.80,3842.07,1518.00,10.75,10.19,1
74.090,-7.281873,112.799917,0.43,10.74,-13.69,-56.80,-116.39,103.50,-3.31,1948.10,4774.04,12.03,10.48,3
74.100,-7.281906,112.800506,2.74,27.89,-35.04,153.94,61.07,105.75,1.95,392.49,3750.78,11.62,10.70,2
74.110,-7.281942,112.800726,1.60,-30.87,-21.03,-101.12,-44.50,108.00,-25.65,5734.30,1645.53,11.52,11.88,4
74.120,-7.281563,112.799909,1.15,-15.43,13.18,7.56,-84.29,110.25,-13.28,28.01,3212.49,10.98,11.05,0
74.130,-7.282409,112.800291,1.03,38.29,20.50,85.75,55.79,112.50,-10.07,5730.74,5608.35,11.90,11.62,2
74.140,-7.282371,112.800132,0.91,-21.06,-39.37,-160.18,52.50,114.75,-27.85,5344.08,4116.90,11.20,10.14,0
74.150,-7.282451,112.800574,0.65,-14.42,-27.47,31.57,61.28,117.00,-16.20,1414.09,1908.47,10.18,10.12,1
74.160,-7.281873,112.799999,1.91,8.38,-23.71,-177.42,-28.73,119.25,-34.97,5279.82,5387.07,12.51,12.45,3
74.170,-7.282665,112.800106,2.50,15.26,3.33,10.92,66.34,121.50,4.18,1571.42,4782.53,11.12,10.87,0
74.180,-7.282001,112.800375,1.82,-26.93,25.50,-165.31,-145.48,123.75,31.55,4903.71,5261.83,11.85,10.79,0
74.190,-7.282912,112.799883,1.22,-7.23,-30.51,-132.77,-49.94,126.00,-32.37,3536.07,4981.10,10.40,11.96,4
74.200,-7.282705,112.800369,0.01,38.17,-18.43,-156.63,115.03,128.25,4.28,4528.26,2078.99,12.50,12.05,0
74.210,-7.282452,112.799878,1.46,25.29,20.35,-88.84,-5.86,130.50,-16.89,344.00,1037.07,10.56,10.41,0
74.220,-7.282266,112.800130,0.63,-4.73,-6.52,-157.35,126.32,132.75,22.21,1616.82,5924.40,12.14,10.34,4
74.230,-7.282281,112.800175,2.49,-2.54,3.31,-12.75,-31.45,135.00,-13.14,4667.71,1872.82,12.14,10.85,2
74.240,-7.282515,112.800121,0.76,-2.47,-24.81,-65.71,126.43,137.25,23.04,4585.81,868.34,11.62,11.78,3
74.250,-7.283052,112.800107,1.28,29.94,16.88,95.08,86.56,139.50,27.31,4089.64,246.66,11.43,11.49,0
74.260,-7.282967,112.799709,2.26,26.89,-23.22,166.32,-127.04,141.75,12.83,2175.03,3977.55,11.86,10.32,1
74.270,-7.282550,112.799402,2.14,-37.05,-21.04,-58.95,-7.97,144.00,-27.00,3578.47,962.29,11.83,12.05,1
74.280,-7.283126,112.799443,0.98,-14.24,-4.76,101.35,-158.93,146.25,4.08,2404.52,1930.11,10.85,10.67,4
74.290,-7.282460,112.799569,1.68,-19.88,9.53,-117.29,87.25,148.50,2.99,2863.98,4875.69,12.06,12.50,3
74.300,-7.282840,112.799265,3.39,-27.02,-27.62,-154.57,67.21,150.75,10.18,1283.22,1207.39,10.55,11.67,3
74.310,-7.283385,112.800056,3.07,29.07,29.63,172.47,26.04,153.00,0.27,5332.92,2739.62,11.36,10.83,0
74.320,-7.282797,112.799437,3.00,29.04,34.30,69.96,-106.53,155.25,7.14,3018.62,4726.01,11.89,11.20,1
74.330,-7.283428,112.799687,0.02,15.25,7.50,-141.67,172.29,157.50,-21.41,2474.50,824.37,12.09,12.16,1
74.340,-7.282739,112.799474,2.20,26.15,6.85,-40.33,94.46,159.75,-18.87,2954.28,3146.33,10.54,12.38,2
74.350,-7.282645,112.799345,0.87,24.64,-39.40,10.27,-6.25,162.00,-33.09,1423.99,3115.97,12.22,10.55,4
74.360,-7.283311,112.799091,1.82,29.50,-14.87,114.85,150.22,164.25,21.91,1738.89,1177.43,11.18,11.85,3
74.370,-7.283197,112.798874,2.12,-35.25,24.85,20.49,-34.75,166.50,-24.30,1036.40,4192.14,11.97,10.03,0
74.380,-7.282739,112.799593,3.07,-10.49,29.46,96.37,95.44,168.75,19.43,5370.67,2658.04,11.30,10.54,3
74.390,-7.282915,112.798998,0.94,34.96,-22.66,47.67,22.11,171.00,-3.12,566.11,984.38,10.81,12.47,4
74.400,-7.283252,112.799295,2.23,-24.59,-37.26,-16.44,23.88,173.25,-5.97,135.67,2366.51,12.57,11.67,0
74.410,-7.283296,112.799130,2.32,-29.59,-23.16,-172.86,136.03,175.50,-28.15,1804.19,3355.65,11.62,11.27,4
74.420,-7.283101,112.799344,3.10,-16.51,21.55,-67.82,57.36,177.75,30.89,494.24,2453.86,10.88,10.87,0
74.430,-7.283570,112.798509,3.05,-20.18,31.46,-38.53,82.61,180.00,1.23,1805.29,1020.40,11.50,12.22,2
74.440,-7.283470,112.798805,2.72,-29.13,-1.02,133.11,-114.39,182.25,-2.83,1774.62,1997.44,12.18,11.82,0
74.450,-7.282889,112.798900,3.06,-16.41,5.22,82.68,62.31,184.50,11.29,1273.62,3370.01,10.08,10.33,0
74.460,-7.283385,112.798931,2.88,22.93,-27.34,-174.08,127.98,186.75,-20.88,4147.97,5637.23,10.49,11.49,0
74.470,-7.283357,112.798838,2.64,-29.42,24.67,123.24,-163.63,189.00,18.13,1245.17,4591.63,11.24,10.73,3
74.480,-7.283491,112.798956,1.18,4.67,26.90,-178.30,138.49,191.25,32.91,4256.16,4390.03,12.58,12.39,4
74.490,-7.283603,112.797979,0.07,-1.82,-39.34,168.13,162.13,193.50,17.58,4308.80,3830.01,10.00,10.35,4
74.500,-7.283243,112.797928,0.44,-8.79,15.54,103.26,-47.55,195.75,-22.85,3655.75,5907.93,10.67,11.78,3
74.510,-7.283374,112.798255,2.39,12.11,24.00,-141.37,121.77,198.00,-13.95,1918.17,2747.55,12.29,10.85,4
74.520,-7.283394,112.797815,2.14,30.95,35.68,72.88,102.78,200.25,9.83,5628.02,1469.95,10.02,11.62,3
74.530,-7.283664,112.798626,1.48,-38.33,-27.67,-177.49,-20.84,202.50,-18.62,3051.30,2669.70,12.53,11.98,3
74.540,-7.283430,112.798314,0.35,13.62,-5.38,-96.23,150.81,204.75,-18.13,223.14,4946.24,12.35,11.84,1
74.550,-7.283653,112.798313,2.95,-11.32,-21.71,-47.80,-45.98,207.00,11.23,5243.26,1575.90,11.46,12.31,0
74.560,-7.283628,112.798019,2.13,-14.03,2.32,-146.32,127.20,209.25,-7.40,3025.64,3664.34,10.34,10.08,3
74.570,-7.283031,112.797701,2.83,27.31,-14.49,-3.47,168.52,211.50,34.07,5067.41,4908.80,10.42,12.24,4
74.580,-7.283322,112.797452,3.45,-23.20,22.19,120.87,-3.53,213.75,-24.00,2075.56,5355.99,10.69,10.17,2
74.590,-7.283231,112.797997,3.07,-32.54,-29.14,-136.51,-146.85,216.00,17.83,54.89,458.22,11.64,10.45,1
74.600,-7.282848,112.798106,0.78,37.27,-12.52,-145.26,95.26,218.25,12.92,542.82,757.16,10.67,10.56,1
74.610,-7.283208,112.797804,2.00,27.20,-37.28,100.86,174.86,220.50,9.35,1160.17,3364.98,11.08,11.60,1
74.620,-7.283194,112.797182,1.97,-30.09,20.24,-174.20,171.43,222.75,13.42,5222.34,4374.05,11.65,12.13,2
74.630,-7.282425,112.797958,3.03,29.41,-23.10,170.28,106.47,225.00,28.57,1118.75,3661.21,10.43,11.15,3
74.640,-7.283319,112.797568,0.52,-22.02,-1.93,2.81,31.48,227.25,-21.23,3071.25,3018.15,10.11,11.70,1
74.650,-7.282347,112.797053,0.92,1.21,-9.42,-92.38,47.65,229.50,-23.89,152.68,2088.45,11.02,10.60,4
74.660,-7.282756,112.797653,1.86,35.19,5.55,7.16,-142.02,231.75,17.18,3538.37,4252.19,10.58,10.34,0
74.670,-7.282494,112.797402,0.57,12.83,0.66,-151.57,17.08,234.00,31.43,1837.47,3038.37,11.57,10.40,4
74.680,-7.283016,112.797215,2.27,29.60,28.06,123.93,-88.18,236.25,3.84,745.06,2887.34,11.78,10.78,0
74.690,-7.282145,112.797368,2.41,31.81,-19.65,140.93,177.75,238.50,-12.77,5432.06,3095.11,11.05,10.73,4
74.700,-7.282715,112.797064,2.09,11.08,-11.32,-63.17,50.54,240.75,-26.61,4929.29,3894.23,10.38,12.29,3
74.710,-7.282913,112.797211,2.57,-1.43,24.92,20.99,-168.78,243.00,34.30,5286.50,3169.29,11.57,11.62,0
74.720,-7.282201,112.796502,0.11,-31.15,-6.59,62.09,-121.55,245.25,-1.06,963.44,1361.61,11.42,11.78,3
74.730,-7.281833,112.796587,3.22,-9.78,3.73,-128.13,-110.75,247.50,8.54,5819.63,1946.58,10.23,10.78,1
74.740,-7.281923,112.796927,0.75,-6.58,-16.00,-90.54,113.99,249.75,-3.54,1272.36,2049.47,10.00,12.35,3
74.750,-7.281883,112.797266,0.14,-31.49,7.66,-112.05,-106.93,252.00,10.21,3761.63,3794.62,10.71,12.55,0
74.760,-7.282282,112.797209,2.07,-21.32,11.49,-145.19,-21.20,254.25,-14.37,2711.33,5170.68,10.12,12.45,0
74.770,-7.281862,112.796485,0.75,-35.87,10.31,45.98,-90.95,256.50,12.27,1185.71,835.27,12.35,11.72,4
74.780,-7.281611,112.796675,2.89,-34.40,-16.08,58.76,27.36,258.75,-15.67,1384.48,2638.94,11.33,11.73,3
74.790,-7.281797,112.796287,1.93,0.05,-11.67,-88.13,-77.58,261.00,-12.79,2458.04,3918.72,10.90,11.80,3
74.800,-7.281413,112.796489,2.80,-5.66,29.63,-13.01,145.29,263.25,28.60,3055.80,4307.02,10.65,10.33,1
74.810,-7.281718,112.796530,2.05,-15.08,-24.74,29.49,17.11,265.50,25.55,2273.78,4979.25,12.58,11.36,1
74.820,-7.281882,112.796584,3.17,-22.05,15.54,-36.69,-136.96,267.75,13.94,908.97,3468.42,12.23,11.07,4
74.830,-7.281412,112.796355,0.16,31.94,-23.06,-36.35,-61.54,270.00,12.11,4011.34,5324.09,11.13,11.52,3
74.840,-7.281224,112.797167,0.94,-20.69,-7.47,-150.38,165.20,272.25,12.27,4949.10,1468.28,11.55,11.38,1
74.850,-7.280976,112.796581,0.30,-23.99,28.84,79.41,-89.11,274.50,-19.85,4970.39,2207.84,12.00,10.25,2
74.860,-7.280948,112.796726,3.45,-37.84,28.27,-109.25,89.61,276.75,27.12,5412.59,1445.00,12.17,11.66,4
74.870,-7.281234,112.796727,2.51,8.43,36.17,71.75,-174.94,279.00,-31.08,5003.25,1488.09,12.35,12.27,0
74.880,-7.280961,112.796313,2.72,-33.68,26.50,177.84,14.93,281.25,-2.91,2594.26,5795.04,11.47,11.77,4
74.890,-7.281158,112.796821,3.33,-19.48,19.70,-154.64,32.32,283.50,20.71,753.44,659.18,10.09,12.09,1
74.900,-7.281190,112.796387,3.49,-26.22,-34.47,49.46,-85.68,285.75,34.32,1251.62,5926.48,10.02,10.07,3
74.910,-7.280756,112.796577,1.49,-20.90,-4.37,-147.16,110.67,288.00,33.52,3632.49,1977.67,10.96,10.49,0
74.920,-7.280875,112.797040,0.01,-17.43,-35.96,54.24,158.28,290.25,21.59,577.97,2642.04,10.52,10.22,1
74.930,-7.280246,112.796587,2.20,-29.06,-4.44,58.37,147.59,292.50,-25.31,3260.30,4678.75,11.43,12.35,3
74.940,-7.280038,112.796578,2.53,-22.47,2.77,-82.60,97.24,294.75,-19.89,3254.07,3683.79,11.78,11.77,0
74.950,-7.280322,112.796793,0.67,11.38,-33.34,3.13,72.94,297.00,-0.72,3254.09,3581.07,12.35,12.31,3
74.960,-7.280198,112.796367,2.36,6.03,18.19,143.65,-29.66,299.25,-32.01,10.53,1966.07,11.77,12.54,1
74.970,-7.280760,112.796885,0.82,-25.52,-8.17,51.82,14.37,301.50,-16.03,329.69,2287.50,11.01,11.22,3
74.980,-7.279853,112.797374,3.49,3.10,-12.51,132.06,-118.99,303.75,18.05,5111.03,1732.85,10.53,11.56,1
74.990,-7.280387,112.797265,2.19,27.48,-22.43,-106.10,32.92,306.00,-4.56,5746.49,5093.04,12.42,11.25,4
75.000,-7.280444,112.796545,1.24,17.95,-27.19,51.18,-64.69,308.25,2.57,2663.63,1970.25,10.97,12.59,1
75.010,-7.280379,112.797485,0.51,6.51,9.12,-143.71,-99.88,310.50,-28.48,595.98,1441.44,12.25,12.20,0
75.020,-7.280073,112.796692,2.83,21.40,30.93,7.68,-120.51,312.75,-3.91,5097.48,1410.71,11.69,11.09,2
75.030,-7.280288,112.797453,3.21,-29.79,20.38,42.64,-60.34,315.00,34.13,1917.15,2512.11,11.38,12.09,3
75.040,-7.279814,112.797746,2.77,5.62,23.64,-23.46,122.35,317.25,-7.45,1110.24,1996.27,10.54,10.57,3
75.050,-7.279764,112.796844,1.36,37.66,-8.83,9.38,9.55,319.50,32.48,5548.09,4677.92,11.80,12.30,3
75.060,-7.279974,112.797198,2.15,-19.41,16.50,138.92,-113.37,321.75,22.85,2232.34,5786.44,10.60,10.36,0
75.070,-7.279627,112.797047,1.60,36.97,-12.51,-100.45,79.24,324.00,13.68,1436.45,1503.93,11.76,12.54,4
75.080,-7.279081,112.797400,1.64,11.20,-12.12,160.66,-30.46,326.25,-15.37,2429.58,3718.76,10.43,11.96,2
75.090,-7.279479,112.797377,2.46,34.62,30.67,174.23,-12.31,328.50,4.75,4354.81,1549.12,10.89,11.60,3
75.100,-7.279067,112.797570,3.33,-35.30,-27.73,82.45,-95.56,330.75,-21.48,3679.24,1264.46,11.94,12.10,3
75.110,-7.279006,112.797940,3.22,-20.00,17.75,-42.74,-68.77,333.00,13.82,2200.86,3899.96,11.40,10.22,3
75.120,-7.279103,112.797586,1.39,-28.85,25.80,36.96,119.56,335.25,-13.44,3491.97,2689.11,10.97,12.45,0
75.130,-7.278861,112.798136,1.35,-32.40,28.42,-168.54,-27.50,337.50,-3.74,3333.76,3770.52,11.60,11.55,3
75.140,-7.278800,112.797728,2.29,-36.08,25.53,-9.65,-101.33,339.75,-20.83,2350.29,5777.84,11.55,12.24,0
75.150,-7.279136,112.797726,0.38,17.98,-15.17,-0.89,-166.29,342.00,18.09,1481.40,2071.85,11.93,12.54,0
75.160,-7.279475,112.797813,2.34,32.56,33.01,7.42,-89.79,344.25,-19.02,5195.24,5935.39,11.81,11.81,4
75.170,-7.278701,112.797885,1.22,7.31,-19.42,47.92,-127.30,346.50,-27.44,2824.23,4372.80,10.69,11.92,1
75.180,-7.279248,112.798232,2.08,39.48,-2.94,-83.25,126.99,348.75,-4.77,5090.68,2572.50,10.92,10.35,4
75.190,-7.278950,112.798502,1.81,24.24,-24.38,-119.30,-49.32,351.00,10.37,4295.47,174.00,11.98,10.37,0
75.200,-7.279259,112.798892,0.85,-14.41,-13.84,-121.69,17.23,353.25,-32.73,1361.12,400.15,11.10,11.15,2
75.210,-7.278974,112.798598,0.79,13.88,-17.74,106.67,-44.74,355.50,-24.56,2415.55,3844.73,11.53,12.14,1
75.220,-7.278844,112.798808,3.04,30.16,36.67,-3.20,135.93,357.75,-6.50,1840.46,644.75,11.51,10.45,0
75.230,-7.280813,112.799041,1.70,-13.39,32.19,37.86,-163.12,0.00,3.44,2566.80,5031.15,11.88,10.80,4
75.240,-7.280834,112.798641,1.87,-2.44,-18.90,74.77,-27.05,2.25,26.19,4253.32,5253.07,11.66,12.52,0
75.250,-7.280370,112.798853,0.06,34.39,-28.13,142.63,-38.10,4.50,29.40,3493.93,3134.13,11.93,10.67,4
75.260,-7.280400,112.798896,3.42,39.35,12.57,-147.67,-59.84,6.75,16.66,17.41,2947.24,11.62,10.27,4
75.270,-7.280580,112.799308,2.21,-8.86,18.42,-168.22,109.51,9.00,-2.20,5200.39,305.54,10.88,12.56,3
75.280,-7.280223,112.798881,2.05,-1.44,-23.24,89.91,-155.21,11.25,-2.74,825.16,1559.20,10.99,11.52,4
75.290,-7.280923,112.799031,2.47,-38.04,14.80,-174.51,57.92,13.50,4.05,4953.67,2679.00,11.36,12.15,0
75.300,-7.280886,112.799564,0.90,-0.71,-5.03,-106.53,113.55,15.75,-4.40,26.97,5571.95,10.86,12.41,1
75.310,-7.280322,112.799155,2.34,-14.03,-11.19,-120.62,164.51,18.00,-28.95,2419.07,1733.96,11.38,11.23,0
75.320,-7.280726,112.799733,3.06,-24.32,-2.43,0.45,-138.93,20.25,-28.09,2015.95,587.42,11.77,11.66,2
75.330,-7.280234,112.799251,0.78,-3.90,2.37,-168.87,-160.42,22.50,-33.03,4274.72,58.48,12.44,10.68,3
75.340,-7.280044,112.799603,0.04,11.52,18.51,143.44,93.29,24.75,11.70,4813.32,4257.64,11.36,11.40,3
75.350,-7.280582,112.799807,0.59,6.49,19.89,9.39,153.40,27.00,-6.27,2524.46,2139.17,11.06,11.00,1
75.360,-7.280075,112.799075,1.26,-28.99,-11.37,-57.60,80.21,29.25,-6.27,2420.08,4347.37,11.89,11.93,2
75.370,-7.280740,112.799347,1.90,-35.90,6.09,178.45,31.43,31.50,25.42,202.27,1498.32,10.04,10.45,2
75.380,-7.280143,112.800027,1.57,26.93,-29.33,173.39,-52.97,33.75,-1.03,4931.63,4196.43,12.19,11.09,0
75.390,-7.280375,112.799653,3.17,0.85,34.27,15.67,122.20,36.00,-21.23,3864.01,1650.16,10.20,11.89,3
75.400,-7.280126,112.799470,2.48,24.35,-13.36,50.45,116.46,38.25,-10.89,3459.83,368.90,10.78,11.49,4
75.410,-7.280618,112.799612,3.50,-27.67,33.95,-53.89,2.45,40.50,0.51,3615.54,438.30,10.93,11.47,4
75.420,-7.280563,112.799453,2.47,34.57,38.93,-45.33,-77.49,42.75,-10.32,4262.33,5300.48,10.68,10.31,2
75.430,-7.281135,112.799618,1.32,29.95,-18.16,36.86,34.87,45.00,-15.71,1056.47,1314.43,10.28,10.12,2
75.440,-7.281026,112.799397,3.50,23.61,-0.04,-31.47,159.69,47.25,17.44,533.53,4964.32,11.43,11.13,2
75.450,-7.280694,112.799479,0.80,-11.18,12.95,-154.53,-3.52,49.50,33.94,511.75,4199.17,10.80,11.61,2
75.460,-7.280887,112.800249,0.97,2.77,7.53,17.27,-156.10,51.75,24.60,2392.75,958.04,11.99,11.03,0
75.470,-7.281210,112.799453,1.95,-23.92,28.73,-123.85,-168.01,54.00,33.59,5165.21,2078.25,10.92,10.48,0
75.480,-7.280624,112.800373,0.51,-6.81,-4.35,-67.88,-99.96,56.25,13.74,3311.43,1612.03,11.37,12.20,4
75.490,-7.281286,112.800331,1.56,-1.35,-12.25,90.28,119.36,58.50,7.04,3712.98,5396.06,11.04,10.72,3
75.500,-7.280409,112.800081,0.36,-32.40,-16.59,158.29,-168.96,60.75,17.59,198.80,5579.61,11.53,11.15,4
75.510,-7.281058,112.800261,2.53,-9.06,2.64,-87.32,126.96,63.00,-10.52,5376.98,64.98,10.72,11.95,1
75.520,-7.281422,112.800517,0.91,-39.99,25.65,-73.97,-95.78,65.25,30.73,3262.80,3307.80,12.32,12.40,0
75.530,-7.281040,112.799779,2.30,-13.13,-37.37,63.99,-79.94,67.50,30.89,4330.95,1744.54,10.31,10.93,4
75.540,-7.280835,112.800449,1.90,39.84,32.89,118.38,48.43,69.75,-11.18,3086.79,4622.10,10.67,10.46,2
75.550,-7.280824,112.800528,0.50,-22.33,-18.39,-94.72,-162.54,72.00,-10.53,3782.09,4823.18,11.08,12.18,2
75.560,-7.280780,112.800301,1.05,22.26,-6.43,-176.82,96.57,74.25,30.57,5569.80,2835.16,12.31,11.25,3
75.570,-7.280906,112.799739,1.13,20.21,-19.85,90.99,-18.43,76.50,-16.62,1487.31,2582.97,10.91,11.86,0
75.580,-7.281276,112.799881,2.87,-18.54,-25.21,-82.05,-145.72,78.75,-0.01,2999.82,2623.59,10.96,10.99,2
75.590,-7.281533,112.800434,3.42,-22.86,38.88,-93.47,-86.03,81.00,-33.51,775.76,5251.39,11.79,10.07,0
75.600,-7.281354,112.800301,0.18,-14.80,-9.96,-94.68,176.37,83.25,-29.94,1958.64,3379.40,10.90,11.34,0
75.610,-7.281870,112.800740,1.74,5.43,14.32,-55.66,-144.70,85.50,-11.92,3526.51,1300.03,10.77,12.58,4
75.620,-7.281093,112.800164,3.32,2.09,35.37,69.65,-70.31,87.75,-7.16,1530.01,4708.24,10.21,12.08,4
75.630,-7.281351,112.800173,1.45,24.37,-40.00,-23.78,-83.21,90.00,25.90,3335.31,2540.77,12.50,12.05,4
75.640,-7.282029,112.799877,0.69,-28.94,18.29,137.83,73.51,92.25,23.59,958.23,3254.05,11.62,10.22,2
75.650,-7.281745,112.800709,3.41,-7.70,0.76,-12.99,8.71,94.50,-20.67,5339.75,3964.06,10.10,12.37,4
75.660,-7.281738,112.800010,3.49,37.63,-29.34,-101.72,24.22,96.75,27.67,956.76,5130.12,12.45,10.42,0
75.670,-7.282171,112.800813,1.34,33.16,-16.18,115.06,121.46,99.00,30.19,1239.87,689.93,11.78,10.32,1
75.680,-7.282088,112.800506,2.48,-4.20,6.13,-18.40,178.32,101.25,23.42,2314.84,2041.14,11.40,12.23,0
75.690,-7.281830,112.800102,3.03,10.19,29.62,30.35,111.58,103.50,-21.88,2712.22,381.49,11.74,11.15,4
75.700,-7.281801,112.800822,0.27,20.50,-15.12,112.49,138.50,105.75,-13.70,3927.58,5693.44,11.65,11.16,4
75.710,-7.282074,112.800124,3.26,-17.38,-23.85,74.16,77.21,108.00,12.79,1694.14,336.97,12.04,11.48,3
75.720,-7.281954,112.800414,3.42,0.24,-12.32,-15.29,-24.28,110.25,3.33,1734.15,4618.04,11.00,10.48,1
75.730,-7.282494,112.800564,3.02,25.54,17.17,-99.26,-7.30,112.50,1.51,2392.72,448.98,11.54,12.52,2
75.740,-7.282371,112.799960,2.21,33.70,27.73,-5.30,75.12,114.75,17.79,4366.52,723.15,10.83,11.81,3
75.750,-7.282494,112.800463,3.17,-12.93,-0.42,141.42,69.93,117.00,21.90,1643.07,5809.94,12.14,11.92,3
75.760,-7.282586,112.800221,1.31,24.91,29.04,146.17,49.17,119.25,25.91,559.94,5889.25,11.48,12.13,4
75.770,-7.282021,112.800418,1.71,24.54,-17.42,37.91,-7.95,121.50,31.21,1180.89,2994.81,10.22,10.30,2
75.780,-7.282817,112.800064,1.01,-8.37,-22.92,-153.11,5.34,123.75,9.49,5294.23,5606.02,10.54,11.42,2
75.790,-7.281997,112.799970,1.84,39.83,28.66,-125.10,115.86,126.00,-25.23,5338.05,3048.11,11.69,12.04,0
75.800,-7.282128,112.799840,1.26,36.70,21.70,98.24,53.75,128.25,6.69,3605.74,2898.56,12.52,11.04,1
75.810,-7.282675,112.800343,2.67,-38.73,-28.04,-52.92,123.50,130.50,16.29,5075.19,975.73,12.12,10.18,0
75.820,-7.283051,112.800414,2.56,-5.17,-30.39,-107.16,-159.42,132.75,13.49,1612.14,2881.61,11.98,11.81,3
75.830,-7.283021,112.800308,3.36,14.81,-31.88,166.82,-18.75,135.00,27.38,4518.77,2717.22,12.57,12.01,1
75.840,-7.282880,112.799977,2.03,38.27,-16.99,-71.74,-33.70,137.25,-13.15,3067.09,5636.06,11.38,11.30,4
75.850,-7.282643,112.799772,1.26,25.76,-16.20,-172.72,-125.30,139.50,17.42,549.61,2189.57,10.08,12.15,3
75.860,-7.282506,112.799700,2.94,15.66,21.86,-173.23,97.67,141.75,0.89,1970.76,2502.79,10.93,11.83,1
75.870,-7.283035,112.799950,0.66,20.80,16.39,-1.40,44.77,144.00,-10.04,2800.18,3479.51,10.89,12.10,0
75.880,-7.283115,112.800258,2.27,4.80,26.75,97.47,-58.60,146.25,-27.82,2317.11,416.44,11.54,10.67,1
75.890,-7.283194,112.799538,2.58,6.90,28.10,115.99,-46.35,148.50,4.96,481.89,4439.71,11.91,10.46,1
75.900,-7.283264,112.799702,1.54,-4.31,-33.43,117.23,-12.37,150.75,18.69,3347.89,670.33,10.62,10.71,0
75.910,-7.283046,112.799878,3.12,-8.89,27.62,-54.33,-165.46,153.00,-34.02,848.38,5731.04,11.88,12.27,0
75.920,-7.283344,112.799508,0.77,-35.65,-24.65,120.13,-7.21,155.25,-24.12,2981.23,1195.15,10.13,10.77,3
75.930,-7.282896,112.799217,1.72,-5.79,-38.65,133.08,156.08,157.50,-13.76,2320.00,1624.27,12.07,12.17,1
75.940,-7.283067,112.799581,1.31,6.41,10.74,11.21,-17.14,159.75,28.00,113.64,844.12,10.19,11.43,0
75.950,-7.282913,112.799350,1.64,10.61,-14.23,94.33,-10.52,162.00,-2.48,2575.93,5672.62,11.48,10.77,4
75.960,-7.283337,112.798997,3.41,-33.82,-3.50,-118.50,-41.25,164.25,-13.89,3762.24,872.32,11.68,11.56,0
75.970,-7.283477,112.799007,3.46,18.87,13.25,142.30,-105.58,166.50,13.32,1038.80,666.64,11.15,12.52,4
75.980,-7.283107,112.799232,2.03,-11.86,-15.37,-150.89,-143.89,168.75,-26.35,218.79,649.55,11.70,10.44,1
75.990,-7.283252,112.799322,2.33,-27.19,-31.57,-8.09,-80.49,171.00,-3.02,5220.63,330.89,11.04,12.31,0
76.000,-7.282929,112.799186,1.50,16.45,-0.86,-123.66,75.05,173.25,-1.61,812.09,2273.84,10.56,10.18,0
76.010,-7.283599,112.798899,0.12,22.15,11.69,-101.94,-43.21,175.50,-19.48,4793.65,1070.49,10.28,11.26,2
76.020,-7.283052,112.799167,1.56,11.96,15.74,101.70,-30.90,177.75,14.18,4389.86,1026.36,11.07,10.36,2
76.030,-7.282945,112.798763,3.09,38.86,-32.96,-30.31,-29.31,180.00,-33.03,1101.58,1530.86,11.13,11.18,4
76.040,-7.283016,112.798808,3.30,-8.47,2.65,-93.58,-87.23,182.25,30.98,4205.68,5081.53,11.27,11.97,2
76.050,-7.283215,112.798705,0.60,-17.79,-26.16,124.60,42.23,184.50,-7.05,4480.07,3823.60,10.88,10.65,3
76.060,-7.283633,112.798512,1.31,8.98,17.35,37.51,109.70,186.75,12.34,2752.51,3361.59,10.02,10.85,1
76.070,-7.282861,112.798840,0.35,36.23,12.81,2.79,-47.14,189.00,21.03,2663.44,49.41,12.34,11.28,2
76.080,-7.283678,112.798066,2.61,-11.60,-21.35,117.97,-141.32,191.25,33.13,4388.59,5258.15,12.18,10.88,4
76.090,-7.283686,112.798770,2.40,-32.33,-31.17,-62.89,112.72,193.50,-17.12,879.30,896.63,11.50,11.12,1
76.100,-7.283539,112.798319,1.39,-13.91,-37.60,-169.69,-139.70,195.75,10.26,5507.07,2505.42,12.03,10.69,2
76.110,-7.283683,112.798687,3.03,16.34,27.92,163.89,112.84,198.00,-4.18,4387.57,1933.51,12.20,10.13,2
76.120,-7.282901,112.798166,2.07,-30.33,-26.76,-10.32,38.44,200.25,-11.95,2097.27,4968.25,11.28,11.63,4
76.130,-7.283647,112.798656,1.11,-1.01,-11.90,-55.39,115.12,202.50,18.48,5469.51,773.28,10.55,11.69,4
76.140,-7.282939,112.798041,1.43,-28.65,34.82,11.27,-92.28,204.75,19.27,5311.49,1949.43,10.42,10.19,3
76.150,-7.282929,112.797625,2.84,20.38,23.49,-18.43,78.13,207.00,32.59,1704.25,391.18,11.07,10.67,1
76.160,-7.282856,112.798171,2.87,-31.96,0.04,-149.20,111.87,209.25,-22.01,54.64,1345.42,11.81,11.58,4
76.170,-7.283656,112.797716,2.68,18.04,-1.04,65.47,-52.15,211.50,22.33,5488.62,2456.38,12.03,11.83,0
76.180,-7.282813,112.797382,0.31,-21.74,30.13,0.23,-93.99,213.75,-0.53,5700.14,4696.54,10.66,10.57,2
76.190,-7.283101,112.797926,0.83,-38.15,28.85,1.82,9.06,216.00,-15.66,4356.40,639.87,10.52,12.37,3
76.200,-7.282835,112.798070,3.14,6.75,-24.63,-155.16,10.73,218.25,6.62,3855.64,5927.97,10.04,10.44,3
76.210,-7.282761,112.797299,0.88,-15.08,13.48,-153.09,38.24,220.50,18.78,1381.81,5065.89,10.23,11.20,4
76.220,-7.282681,112.797309,1.74,-18.99,22.49,98.14,104.25,222.75,-7.27,4410.80,3816.32,10.14,10.36,4
76.230,-7.282482,112.797690,1.24,-4.56,-34.12,13.64,-77.64,225.00,-15.74,2877.52,5248.36,11.23,11.98,0
76.240,-7.282979,112.796974,2.36,-3.83,-26.11,-135.35,63.57,227.25,20.67,4170.13,4715.86,11.91,11.32,1
76.250,-7.283022,112.797758,1.98,-7.43,10.67,114.16,134.45,229.50,30.12,4094.14,2465.23,12.46,11.84,2
76.260,-7.282653,112.796975,2.75,29.60,-21.80,-100.77,-3.49,231.75,14.41,2453.67,3725.45,11.10,10.87,0
76.270,-7.282384,112.797684,0.51,-15.47,38.17,-91.33,112.80,234.00,-29.44,2001.37,5028.07,10.42,10.14,1
76.280,-7.282691,112.797109,2.89,37.73,30.03,145.99,18.66,236.25,-31.39,292.78,1443.74,12.42,11.86,1
76.290,-7.282955,112.796827,2.64,21.67,38.15,-69.50,-4.36,238.50,-27.66,2668.28,3521.37,10.82,12.09,4
76.300,-7.282733,112.796755,2.86,32.42,7.33,-12.14,-132.69,240.75,22.73,4856.68,5821.90,12.23,11.05,3
76.310,-7.281984,112.797025,0.75,16.99,20.73,158.67,111.53,243.00,2.12,4564.29,3940.28,11.73,11.13,1
76.320,-7.282450,112.796838,2.00,8.40,13.74,39.41,78.71,245.25,-3.46,5666.13,1368.37,12.18,10.54,1
76.330,-7.281972,112.797097,0.06,-31.35,-1.96,83.13,114.86,247.50,22.66,2612.24,5017.48,11.10,10.14,2
76.340,-7.282605,112.796885,1.68,-12.54,-22.25,112.50,135.14,249.75,32.40,5886.53,71.03,12.48,10.13,4
76.350,-7.282266,112.796876,2.87,7.99,-15.46,-5.45,-32.23,252.00,-19.01,1012.88,1601.55,12.00,11.97,0
76.360,-7.282476,112.796458,2.47,-34.93,9.10,11.12,139.75,254.25,-1.03,547.73,5884.69,10.16,10.84,4
76.370,-7.281984,112.797171,1.76,26.24,9.65,126.88,-150.88,256.50,2.71,5490.17,2982.58,12.47,10.50,2
76.380,-7.282310,112.796605,1.74,-26.68,-9.34,131.17,30.56,258.75,0.78,5581.39,2783.05,10.87,12.44,0
76.390,-7.282235,112.797082,2.46,0.72,3.82,73.91,132.56,261.00,22.26,832.50,3015.62,12.41,10.26,3
76.400,-7.281904,112.796898,0.53,25.20,-14.31,10.55,-110.93,263.25,12.82,3706.60,2767.57,12.34,10.86,2
76.410,-7.281684,112.796823,0.10,4.15,-20.71,133.39,-109.25,265.50,18.81,4068.78,1958.77,11.40,12.59,0
76.420,-7.281537,112.796772,0.60,-10.31,-5.64,30.32,-141.94,267.75,-2.90,3807.90,20.83,11.85,12.54,1
76.430,-7.281540,112.796663,1.17,16.74,1.24,80.39,-134.88,270.00,-15.75,4145.68,2059.38,10.18,11.97,3
76.440,-7.281069,112.796570,0.13,11.28,-14.87,73.07,-169.02,272.25,10.53,4857.77,336.62,12.49,10.40,1
76.450,-7.280935,112.796578,0.25,4.36,-4.93,19.37,-0.34,274.50,-8.58,895.36,652.43,10.02,12.37,0
76.460,-7.280783,112.796762,2.68,15.96,5.13,83.61,136.55,276.75,2.07,1993.69,4419.96,10.07,11.42,3
76.470,-7.281263,112.796745,2.88,-39.93,4.91,-80.33,-92.11,279.00,-3.68,3150.50,1663.50,12.58,12.42,3
76.480,-7.280591,112.796657,0.81,0.92,-27.07,-157.39,20.26,281.25,10.91,2581.54,5195.35,11.59,11.76,2
76.490,-7.281427,112.796665,1.17,22.61,-2.38,28.82,17.54,283.50,-26.68,5814.01,3655.94,12.58,10.48,0
76.500,-7.280534,112.796548,0.36,-12.87,23.91,-128.17,127.34,285.75,-15.05,994.89,333.10,11.90,11.57,0
76.510,-7.281192,112.796410,0.24,-36.31,20.86,-6.89,-177.65,288.00,10.54,1230.77,4915.42,10.94,12.27,1
76.520,-7.280451,112.796652,1.97,35.04,-6.19,50.53,166.75,290.25,34.78,4073.08,1688.52,10.01,12.18,3
76.530,-7.281062,112.796612,1.56,-27.48,-26.58,88.03,-94.59,292.50,-16.96,2167.90,4465.24,12.51,12.29,2
76.540,-7.280754,112.796934,2.95,28.12,-12.65,-163.70,144.40,294.75,-5.05,400.08,184.70,10.30,11.50,1
76.550,-7.280223,112.797138,0.83,-20.66,-26.92,122.11,43.21,297.00,17.39,2231.86,5691.36,10.21,10.35,1
76.560,-7.280834,112.796689,1.27,9.70,8.94,-154.58,53.38,299.25,-0.94,195.92,1315.29,12.37,10.34,0
76.570,-7.280580,112.797084,0.49,-10.63,20.86,63.10,55.42,301.50,16.53,2360.74,3788.58,10.74,11.29,3
76.580,-7.280656,112.796779,3.33,12.63,-7.70,173.67,-117.87,303.75,14.53,1886.23,1465.77,10.27,10.06,1
76.590,-7.280097,112.797003,1.63,26.98,-37.39,118.68,-146.46,306.00,0.44,5865.57,3118.60,12.58,11.33,4
76.600,-7.280114,112.796967,2.40,7.97,8.38,-158.07,148.03,308.25,-25.55,4921.99,2780.41,10.16,10.11,1
76.610,-7.279885,112.796697,2.73,35.34,24.00,-33.38,-101.06,310.50,17.21,688.16,4719.20,11.78,11.94,1
76.620,-7.279800,112.797402,1.71,32.21,-36.41,-167.17,-174.22,312.75,-10.72,3837.89,558.35,11.02,11.20,1
76.630,-7.279831,112.797505,2.66,8.67,35.87,115.91,-74.11,315.00,-14.03,777.46,3146.71,10.75,10.30,2
76.640,-7.280167,112.796772,1.98,16.47,-19.84,73.04,-47.57,317.25,23.05,2038.06,1320.76,11.88,11.21,3
76.650,-7.279561,112.797621,0.66,-17.67,12.98,-125.63,4.54,319.50,-33.45,21.39,4623.37,11.17,11.88,1
76.660,-7.279639,112.797825,2.57,6.90,1.97,-50.98,171.23,321.75,23.53,4034.28,3646.53,11.31,10.82,0
76.670,-7.279116,112.797476,0.28,-21.89,27.90,-33.83,-164.41,324.00,9.46,3367.39,5087.50,11.76,12.42,2
76.680,-7.279189,112.797259,0.53,-16.56,-21.31,-122.48,-22.46,326.25,5.15,2021.62,4853.17,10.99,12.49,2
76.690,-7.279054,112.797982,1.99,-26.03,20.23,92.98,151.48,328.50,-17.10,4254.56,1092.27,11.29,10.59,0
76.700,-7.278959,112.798020,0.77,-15.19,7.92,-65.54,46.09,330.75,-15.36,5543.08,3498.37,10.87,11.59,2
76.710,-7.279476,112.797723,0.19,-11.21,29.00,111.81,-43.79,333.00,18.04,3963.29,4299.71,10.30,12.27,1
76.720,-7.279344,112.798233,3.27,-7.46,22.10,45.91,109.15,335.25,-7.51,5742.56,3794.41,10.41,10.66,3
76.730,-7.278991,112.797802,2.49,-30.12,-34.55,12.18,151.82,337.50,3.82,2286.48,3722.29,10.52,12.13,3
76.740,-7.279293,112.797718,1.32,32.88,-30.99,18.94,-158.83,339.75,-16.63,609.80,2219.81,10.34,10.50,0
76.750,-7.279258,112.797911,3.13,36.70,25.79,-142.53,-110.47,342.00,-20.34,1089.64,3402.52,11.78,11.93,4
76.760,-7.278978,112.798513,2.98,28.98,-11.36,155.50,-80.85,344.25,29.80,4495.26,2486.79,12.33,10.83,3
76.770,-7.278994,112.798219,2.25,25.83,-39.07,93.95,-33.65,346.50,-14.24,1969.94,5856.72,11.13,10.24,1
76.780,-7.278596,112.798807,1.78,12.68,35.89,34.41,-3.47,348.75,12.68,2147.97,5309.51,10.13,12.03,2
76.790,-7.279368,112.798987,1.24,35.93,7.47,69.94,17.31,351.00,-11.94,4345.41,4058.96,11.51,11.38,0
76.800,-7.278710,112.798354,2.26,17.69,-21.11,141.32,176.89,353.25,-7.63,2930.53,1084.23,11.38,11.88,3
76.810,-7.278994,112.798218,0.90,14.87,-39.57,-55.63,-162.32,355.50,-14.90,1569.19,1033.10,10.67,11.06,4
76.820,-7.279060,112.798556,3.08,32.71,-34.56,56.23,24.35,357.75,34.54,3311.91,2086.77,12.05,10.01,1
76.830,-7.280747,112.798725,0.55,-10.96,-27.63,36.39,-141.65,0.00,-30.67,1143.30,4749.08,10.31,12.35,1
76.840,-7.280695,112.798829,2.85,37.30,12.90,-50.52,-108.51,2.25,-0.37,5218.15,2931.78,12.53,11.63,0
76.850,-7.280404,112.799338,2.40,38.40,1.70,-4.84,-80.55,4.50,-23.10,2141.91,5942.16,12.59,12.57,4
76.860,-7.280824,112.799040,0.14,-1.55,-19.30,70.98,-161.69,6.75,-5.02,5338.59,1012.24,10.55,10.80,3
76.870,-7.280295,112.799397,2.83,-25.95,30.26,-70.70,-112.96,9.00,25.48,660.89,40.31,11.64,10.06,4
76.880,-7.280747,112.799341,1.42,-8.47,-33.94,-65.56,-12.13,11.25,11.46,3681.53,2539.02,11.03,11.67,0
76.890,-7.280639,112.798716,1.89,10.02,29.84,152.67,-30.27,13.50,-8.22,3159.94,4605.42,12.32,11.68,3
76.900,-7.280529,112.799294,2.09,-9.22,17.48,-123.71,-132.53,15.75,-17.37,376.02,5134.52,11.65,11.08,1
76.910,-7.279995,112.799182,2.57,36.74,-1.72,-124.78,-50.28,18.00,2.75,1513.08,478.52,10.39,10.68,2
76.920,-7.280169,112.799616,2.93,-1.70,37.38,-148.72,-33.12,20.25,-23.03,3707.70,2684.30,10.85,10.84,4
76.930,-7.280171,112.799736,1.55,-28.87,-28.65,-169.59,-3.34,22.50,-14.04,2256.38,1681.60,11.25,11.36,0
76.940,-7.280617,112.798925,2.10,38.96,17.58,-43.32,-168.78,24.75,28.24,5374.20,1945.22,11.47,11.50,4
76.950,-7.280351,112.798996,2.56,-33.18,24.58,133.05,80.69,27.00,-17.80,3146.74,4700.18,10.98,11.90,1
76.960,-7.280390,112.798971,0.54,29.38,26.86,-127.36,-55.32,29.25,17.75,2205.38,2532.13,12.39,10.89,4
76.970,-7.280202,112.799646,3.38,31.56,-10.62,96.62,119.34,31.50,17.99,2011.53,1676.86,12.13,11.22,2
76.980,-7.280309,112.799652,0.20,36.95,-20.50,-65.92,173.74,33.75,-27.35,4201.13,3060.40,11.14,10.84,3
76.990,-7.280164,112.799391,1.53,28.68,-3.81,-100.96,-115.52,36.00,-28.31,5618.98,123.90,11.14,10.48,2
77.000,-7.280428,112.800019,0.14,-28.56,34.60,118.00,115.73,38.25,-14.02,3674.74,5896.56,10.83,12.58,4
77.010,-7.280538,112.799427,1.28,-39.66,-34.79,36.53,-123.71,40.50,16.12,2244.18,4393.44,11.87,11.57,2
77.020,-7.280916,112.799632,0.31,-27.92,-25.10,-27.13,-48.51,42.75,15.88,2984.32,349.56,10.85,11.01,1
77.030,-7.280536,112.799277,0.04,-5.86,-1.54,132.36,149.73,45.00,26.90,2098.89,5032.63,12.55,11.57,1
77.040,-7.280329,112.799623,2.17,-0.64,25.02,85.38,-154.98,47.25,0.28,2125.33,243.70,11.05,10.92,4
77.050,-7.280674,112.799988,0.20,18.32,24.86,95.13,-159.66,49.50,-15.73,3846.29,4099.16,11.12,12.53,1
77.060,-7.280310,112.799425,1.14,16.21,23.91,25.60,-137.02,51.75,-10.15,655.89,3027.92,11.67,10.24,1
77.070,-7.281098,112.799911,0.59,34.49,4.22,-56.99,87.40,54.00,6.50,1222.41,1002.12,10.44,10.70,2
77.080,-7.281198,112.799882,0.40,29.52,4.12,-77.63,164.51,56.25,-16.93,4974.09,2878.51,12.28,10.16,1
77.090,-7.280533,112.799704,3.44,30.55,17.17,89.37,98.22,58.50,-28.45,4683.17,2569.29,11.90,12.00,4
77.100,-7.280587,112.799665,2.92,26.00,30.37,-147.00,-59.35,60.75,-15.72,5702.96,2.51,10.20,10.46,1
77.110,-7.281110,112.800523,2.96,26.69,24.82,170.29,14.80,63.00,-21.58,480.11,88.61,11.86,10.52,0
77.120,-7.281453,112.800235,0.68,28.69,-21.55,-93.86,-168.86,65.25,-25.90,3393.56,2094.18,12.40,10.70,2
77.130,-7.280796,112.800512,1.47,-34.18,-39.13,-91.03,-44.68,67.50,1.38,4615.66,4243.96,10.65,12.10,3
77.140,-7.281463,112.800214,1.83,24.89,10.58,64.76,-79.75,69.75,10.46,493.08,4341.20,12.44,10.62,1
77.150,-7.281290,112.799738,1.37,14.01,13.14,58.12,2.31,72.00,0.10,1367.96,4453.48,10.74,12.52,2
77.160,-7.280938,112.800022,0.68,36.84,-17.37,50.18,44.29,74.25,-5.52,2597.25,3894.36,11.25,11.95,2
77.170,-7.281085,112.800027,2.33,-34.83,30.33,-48.93,-172.89,76.50,32.58,2243.25,2515.02,11.70,10.30,4
77.180,-7.281370,112.800145,0.00,-24.65,-23.39,-15.50,-38.96,78.75,-31.07,2009.91,4602.12,11.33,11.66,4
77.190,-7.281484,112.800023,0.75,-27.09,-8.67,-164.48,110.67,81.00,6.02,5441.75,3847.42,10.50,12.55,0
77.200,-7.281001,112.800651,2.51,9.24,-5.32,91.32,168.65,83.25,-28.57,889.12,4642.79,12.18,10.61,1
77.210,-7.281679,112.800732,2.16,-7.54,-36.84,-114.57,62.91,85.50,-17.85,4344.56,4882.29,11.75,11.70,2
77.220,-7.281067,112.799913,0.02,32.91,-25.26,69.83,-16.94,87.75,-3.96,4465.13,834.38,12.48,11.72,2
77.230,-7.281614,112.800574,2.29,-29.21,-25.59,-133.39,-84.28,90.00,-21.33,4708.17,2863.19,10.34,10.36,2
77.240,-7.281678,112.800066,0.71,-24.63,8.74,172.96,-73.39,92.25,-32.54,5780.15,2615.79,11.24,10.69,0
77.250,-7.282034,112.800363,1.18,-12.58,-22.42,15.67,17.80,94.50,8.59,5254.40,4047.94,10.42,10.34,2
77.260,-7.281292,112.800026,3.04,10.64,20.40,39.85,-161.61,96.75,32.62,2218.97,3490.22,10.56,10.32,4
77.270,-7.282027,112.800560,0.66,-21.04,35.24,52.23,-152.49,99.00,-10.72,5319.61,1444.85,11.91,11.40,1
77.280,-7.281567,112.800793,3.31,36.20,33.93,-24.27,32.67,101.25,26.38,2087.51,4943.91,11.36,11.09,0
77.290,-7.281693,112.800345,2.40,20.40,2.17,171.11,165.80,103.50,-21.30,727.26,82.72,11.45,10.15,1
77.300,-7.281896,112.800102,1.89,15.61,16.46,-152.51,147.83,105.75,14.22,4625.04,360.62,12.59,11.70,0
77.310,-7.281684,112.800721,0.34,-39.52,28.66,-29.74,-89.07,108.00,24.98,5963.81,3867.82,10.49,10.75,2
77.320,-7.282405,112.800590,1.71,-18.96,5.01,162.61,2.99,110.25,-18.31,1394.44,5190.43,10.48,12.38,2
77.330,-7.282539,112.800765,2.87,-16.23,-16.25,38.92,158.49,112.50,-22.99,4061.96,220.01,11.63,10.26,2
77.340,-7.282217,112.800101,2.72,7.38,-10.14,-94.79,29.33,114.75,-29.01,1800.11,4826.38,11.58,11.94,2
77.350,-7.281957,112.800141,0.70,-28.81,-33.63,124.97,-94.31,117.00,-24.58,305.39,2495.62,10.81,12.36,2
77.360,-7.282544,112.799946,0.07,-17.35,-14.68,120.87,175.15,119.25,-30.42,5866.03,4907.99,12.25,10.96,2
77.370,-7.282553,112.800070,0.67,-2.03,-26.70,-64.74,-159.50,121.50,22.05,3914.27,5829.57,12.20,10.33,1
77.380,-7.281908,112.799884,0.12,-22.27,14.84,178.73,49.21,123.75,12.23,2922.62,5190.79,11.30,12.21,4
77.390,-7.282703,112.800447,2.89,-10.97,-2.20,-157.08,-115.72,126.00,28.50,77.30,2645.02,11.15,12.04,1
77.400,-7.282703,112.800242,1.54,-38.48,-24.31,-90.03,38.87,128.25,-10.91,251.00,1701.04,10.74,10.84,2
77.410,-7.282404,112.800492,0.74,-24.75,-27.54,-19.13,58.17,130.50,22.69,544.97,620.81,10.78,10.71,3
77.420,-7.282830,112.800036,0.97,20.98,6.34,48.41,37.14,132.75,5.98,859.73,5128.19,11.14,10.12,1
77.430,-7.283051,112.799568,2.81,-34.64,-13.90,-85.48,7.54,135.00,-12.20,1106.67,4333.45,11.01,10.04,4
77.440,-7.283079,112.800231,2.66,17.75,37.83,64.02,169.38,137.25,0.41,1842.48,2831.44,10.24,11.57,4
77.450,-7.282263,112.800356,2.43,25.59,20.80,37.26,69.47,139.50,6.29,2118.60,4382.20,11.60,11.97,4
77.460,-7.283142,112.799698,1.49,-39.21,19.64,178.93,123.72,141.75,31.03,2507.48,3914.55,10.87,11.77,1
77.470,-7.283079,112.799460,0.45,36.68,-7.19,157.43,92.09,144.00,-14.52,4647.37,3011.11,12.45,10.62,4
77.480,-7.283122,112.799640,0.71,-38.72,27.00,53.13,177.21,146.25,33.32,1632.79,1568.58,11.88,10.35,3
77.490,-7.282881,112.800120,1.31,-29.44,-4.97,-141.96,134.49,148.50,-16.32,805.66,3003.64,11.96,11.79,0
77.500,-7.283012,112.800191,3.29,-27.63,-19.34,100.08,36.06,150.75,-7.21,5266.83,1785.80,11.80,10.92,4
77.510,-7.283269,112.799438,3.10,19.39,0.61,75.74,124.37,153.00,30.09,1706.80,1332.12,12.03,12.04,1
77.520,-7.282968,112.800025,0.89,-3.92,16.25,18.59,-141.92,155.25,17.48,2850.05,2602.16,10.06,11.56,0
77.530,-7.283234,112.799160,2.04,-28.04,1.75,174.70,-67.50,157.50,20.86,2550.23,1717.60,11.45,11.86,3
77.540,-7.282688,112.799281,1.28,-14.54,-24.49,-161.32,-104.35,159.75,17.54,1588.64,3230.32,11.15,11.31,1
77.550,-7.283279,112.799426,2.14,-31.11,-18.37,178.04,130.08,162.00,-9.28,2782.81,5933.66,11.26,11.14,3
77.560,-7.283636,112.799482,2.11,0.44,-5.07,-175.31,60.93,164.25,-3.07,1201.73,4487.11,10.96,11.02,4
77.570,-7.283608,112.799383,0.87,32.73,-26.27,-0.19,115.99,166.50,8.50,5089.23,923.21,11.83,11.08,3
77.580,-7.283404,112.799207,2.79,-7.18,36.87,5.11,174.17,168.75,-23.77,5463.65,2848.18,10.32,10.74,2
77.590,-7.283131,112.799481,2.87,23.66,25.98,153.69,-162.08,171.00,9.61,3411.21,1399.21,12.06,12.08,2
77.600,-7.283729,112.798865,2.02,-12.84,-38.29,-44.02,83.30,173.25,12.28,848.33,3680.05,11.21,10.36,0
77.610,-7.283006,112.799451,0.28,33.24,20.77,-5.07,159.94,175.50,-2.41,183.54,119.05,11.53,12.37,2
77.620,-7.283583,112.798711,3.30,-23.38,-9.33,29.45,163.60,177.75,13.88,913.31,3910.33,11.92,10.11,4
77.630,-7.282970,112.799150,1.94,36.06,-18.17,100.45,62.36,180.00,-8.59,1943.82,5522.53,10.48,11.96,1
77.640,-7.283669,112.798912,1.32,15.48,-32.14,67.08,-51.98,182.25,15.39,4713.55,3982.50,12.00,11.77,3
77.650,-7.282837,112.798965,2.09,-19.81,-33.81,21.10,126.94,184.50,16.13,1727.61,5882.97,11.55,11.55,1
77.660,-7.283770,112.799041,2.05,-26.20,10.09,156.05,66.66,186.75,17.39,4950.45,5610.08,11.84,12.15,1
77.670,-7.283664,112.798155,0.54,-36.07,-28.96,-49.29,-179.24,189.00,30.36,3807.88,1105.77,11.85,10.55,4
77.680,-7.283091,112.798980,0.36,20.39,-35.35,114.39,-6.20,191.25,-28.52,2239.17,462.21,10.31,11.19,3
77.690,-7.283622,112.798543,0.47,-38.52,-37.56,-42.26,-157.28,193.50,-17.09,1444.73,832.38,10.84,10.96,0
77.700,-7.283054,112.797992,1.17,10.56,38.44,7.11,138.40,195.75,-26.18,2233.17,1115.72,11.44,10.43,4
77.710,-7.283528,112.798183,1.95,-22.61,-34.84,83.13,153.09,198.00,-6.74,3365.22,5037.71,12.23,11.13,1
77.720,-7.283585,112.798421,1.40,-3.12,-22.11,106.40,-109.74,200.25,24.79,423.90,1847.97,10.29,11.16,2
77.730,-7.283552,112.798446,0.33,-25.19,30.08,121.49,-35.23,202.50,29.41,3639.42,3912.78,12.38,11.31,3
77.740,-7.283352,112.798148,0.28,38.50,16.29,-1.31,90.87,204.75,3.74,1424.45,2302.33,11.23,11.18,0
77.750,-7.283174,112.797587,1.62,6.99,-29.13,-75.62,-1.08,207.00,-5.78,1623.53,563.69,11.04,11.30,0
77.760,-7.283123,112.797722,2.56,-32.58,-21.85,61.10,156.83,209.25,-14.90,2182.37,5595.83,12.32,12.57,0
77.770,-7.283115,112.797610,2.00,3.02,-15.84,128.07,136.37,211.50,-0.13,498.96,2721.30,11.70,11.55,1
77.780,-7.283231,112.798293,2.61,-36.04,26.26,-56.63,13.76,213.75,-26.82,2995.32,4409.94,11.83,12.56,1
77.790,-7.282637,112.798008,2.40,34.88,6.86,80.20,-91.76,216.00,14.08,4218.35,3626.84,12.05,11.21,1
77.800,-7.282641,112.797248,2.87,4.82,38.86,23.89,-73.69,218.25,3.34,1037.23,301.44,10.26,11.92,4
77.810,-7.282634,112.798060,0.09,-36.54,-8.86,42.86,-84.98,220.50,-9.23,3235.00,3.35,12.49,11.77,1
77.820,-7.283066,112.797730,0.53,32.04,32.90,107.37,1.46,222.75,19.64,4313.70,2765.47,10.00,10.37,4
77.830,-7.282463,112.797703,3.49,-27.94,-5.65,82.83,30.74,225.00,20.97,4705.26,3402.28,11.17,10.79,0
77.840,-7.282410,112.797400,2.33,-0.08,-28.34,30.43,-34.12,227.25,-34.19,2705.73,3125.10,10.96,11.80,3
77.850,-7.282732,112.797210,1.43,-14.61,-21.27,84.00,47.14,229.50,-8.37,1609.83,193.31,10.23,10.32,3
77.860,-7.282890,112.797532,1.72,30.07,29.02,47.24,43.21,231.75,-4.29,1862.40,4750.42,10.29,11.96,1
77.870,-7.282812,112.797739,0.27,18.91,22.10,96.51,-161.43,234.00,3.96,1045.40,5191.38,12.08,11.64,4
77.880,-7.282698,112.797173,3.05,-22.62,-35.51,-27.76,32.61,236.25,-33.28,2712.37,3679.04,10.35,11.54,0
77.890,-7.283032,112.797362,0.00,-29.16,6.16,22.30,-152.40,238.50,-5.62,41.54,5440.47,12.00,10.24,3
77.900,-7.282564,112.796917,1.92,-6.95,18.07,13.56,39.62,240.75,-12.59,3508.40,2314.43,10.06,11.88,4
77.910,-7.282729,112.796923,3.23,11.18,-13.02,113.14,109.39,243.00,22.98,3526.51,5672.76,10.73,10.50,4
77.920,-7.282695,112.796855,1.81,-36.73,33.81,-33.77,79.56,245.25,-33.88,1660.47,1.72,11.00,10.81,2
77.930,-7.282197,112.797354,0.43,-18.52,-4.55,-48.45,49.02,247.50,-30.01,4325.88,1514.37,11.84,12.59,4
77.940,-7.281833,112.796762,3.17,6.96,-35.78,1.65,176.70,249.75,-1.85,4255.80,5526.83,12.41,11.50,1
77.950,-7.282504,112.796975,0.88,18.54,-5.78,-106.01,-66.42,252.00,-2.13,2543.00,2622.02,11.77,10.21,3
77.960,-7.282429,112.797080,0.97,1.81,24.73,73.49,130.16,254.25,-34.66,3136.26,4442.40,10.30,12.32,2
77.970,-7.281508,112.797174,1.59,-19.99,0.81,-102.22,17.60,256.50,-32.29,1566.90,4090.75,11.15,12.10,4
77.980,-7.282177,112.796630,0.71,21.85,13.90,-159.22,-67.05,258.75,-17.55,3453.33,1840.85,10.43,12.49,4
77.990,-7.281969,112.796398,2.37,-37.05,11.26,114.57,-73.80,261.00,11.50,1491.58,5139.75,10.74,10.50,1
78.000,-7.282102,112.797182,1.69,22.84,30.79,66.58,94.09,263.25,-5.98,1746.48,2497.68,11.11,12.56,1
78.010,-7.281798,112.796531,0.38,16.61,-38.58,1.14,167.25,265.50,-30.78,263.12,5585.45,10.24,12.29,4
78.020,-7.281956,112.797130,0.88,-8.56,13.63,174.10,-13.31,267.75,34.59,4677.50,5873.92,12.05,11.49,3
78.030,-7.281382,112.796527,2.00,-20.77,-26.51,168.07,-29.47,270.00,27.36,3370.96,4260.01,10.41,10.09,2
78.040,-7.281654,112.796350,2.63,26.30,-27.99,137.87,-142.05,272.25,16.36,5122.03,3642.03,10.49,11.99,0
78.050,-7.281269,112.796510,1.30,-4.87,-26.92,171.66,-91.77,274.50,-31.20,4783.66,241.54,10.82,12.23,4
78.060,-7.281187,112.796874,0.66,-34.00,-36.01,-167.96,120.94,276.75,27.88,1619.51,2156.89,12.34,12.15,4
78.070,-7.281499,112.796395,0.72,-17.00,-31.44,-172.94,-31.00,279.00,-18.84,1148.81,767.91,10.94,11.22,2
78.080,-7.281437,112.797132,2.78,23.63,-33.89,113.09,-25.67,281.25,8.49,1149.68,3839.81,12.20,11.02,1
78.090,-7.281333,112.796308,1.04,5.10,-21.75,-93.54,164.69,283.50,21.99,3469.88,2044.81,10.13,11.35,1
78.100,-7.281120,112.796877,0.80,3.58,-10.71,-62.86,-73.34,285.75,20.66,2089.07,5407.00,12.48,11.52,0
78.110,-7.280775,112.796560,2.72,-4.36,26.64,48.62,112.96,288.00,-2.85,4844.95,2228.82,12.32,11.14,1
78.120,-7.280907,112.796395,0.55,6.79,9.50,-166.26,-100.58,290.25,-11.89,5890.02,3844.53,12.35,12.31,2
78.130,-7.280974,112.796675,1.62,-4.89,0.58,119.83,147.61,292.50,7.04,4896.03,3468.93,12.56,12.44,0
78.140,-7.280394,112.796475,1.33,-0.96,-13.16,-135.58,12.28,294.75,13.05,749.92,1882.94,11.83,10.82,0
78.150,-7.280845,112.796644,1.86,39.04,22.84,-100.68,-95.87,297.00,4.37,2987.97,5122.74,12.08,11.26,2
78.160,-7.279884,112.796570,2.75,-33.06,7.46,147.63,-173.58,299.25,-15.64,98.45,2282.24,11.85,10.83,3
78.170,-7.279968,112.797131,1.99,-32.58,33.64,157.80,-73.05,301.50,-12.72,3842.27,5595.29,10.04,11.63,1
78.180,-7.280460,112.797274,0.12,36.28,-11.48,86.99,-112.35,303.75,-33.72,60.16,4208.10,10.45,11.93,0
78.190,-7.280334,112.796635,2.54,-31.76,17.36,-69.55,35.34,306.00,11.07,4525.32,618.10,10.87,10.42,4
78.200,-7.279764,112.797009,0.50,31.92,9.02,141.63,145.70,308.25,-22.55,5516.48,869.35,12.48,11.63,0
78.210,-7.279640,112.796765,2.61,8.71,-6.53,-89.31,-76.99,310.50,-0.37,5402.88,960.53,11.61,10.47,4
78.220,-7.279515,112.796908,1.92,6.93,-32.54,-133.88,169.18,312.75,-12.21,4583.49,321.06,11.90,11.19,3
78.230,-7.280155,112.796947,2.91,-34.72,20.97,-12.10,-41.32,315.00,-23.99,2656.76,3096.97,11.84,10.48,3
78.240,-7.280222,112.797278,2.26,-26.45,37.49,-123.62,-163.78,317.25,-1.12,3714.60,5129.48,10.12,11.13,3
78.250,-7.279186,112.797026,3.17,22.13,-20.42,-57.52,4.20,319.50,31.38,469.61,978.52,11.51,12.42,4
78.260,-7.279602,112.797765,2.25,-29.86,12.57,168.47,106.55,321.75,-0.06,5100.24,4692.41,10.73,10.24,4
78.270,-7.279207,112.797840,1.68,38.27,23.96,12.15,55.84,324.00,5.55,3553.74,2121.15,11.38,10.79,0
78.280,-7.279638,112.797391,1.01,1.32,-12.92,168.16,24.87,326.25,30.11,3212.88,2626.72,11.23,11.35,3
78.290,-7.279764,112.797572,3.30,-30.00,11.35,-125.57,-96.00,328.50,-0.31,3853.90,2486.27,11.28,12.44,3
78.300,-7.279353,112.797934,0.45,27.93,-17.34,167.14,-133.05,330.75,9.16,1958.26,2289.60,12.49,12.05,2
78.310,-7.279088,112.797342,0.46,-37.70,15.10,-41.56,111.77,333.00,-0.87,30.29,5176.42,11.80,10.10,4
78.320,-7.278740,112.798285,0.77,22.46,28.31,-169.77,-138.67,335.25,-29.46,2486.66,2222.13,10.57,12.46,4
78.330,-7.278975,112.797772,0.63,-23.22,18.28,-100.71,135.84,337.50,-32.63,4018.81,5686.03,12.57,10.02,1
78.340,-7.279524,112.798370,2.09,25.57,20.88,-27.76,-1.99,339.75,19.75,4846.48,2036.90,12.53,11.96,0
78.350,-7.279412,112.798422,1.08,2.17,11.69,-35.21,-54.11,342.00,24.12,792.77,2003.75,10.84,11.96,0
78.360,-7.278607,112.798469,1.57,-23.41,21.25,117.41,-138.99,344.25,-2.84,964.27,1561.43,10.44,12.34,2
78.370,-7.279509,112.797871,1.01,33.81,14.13,162.37,169.51,346.50,5.74,2391.42,5261.30,12.37,10.64,3
78.380,-7.279023,112.798414,3.24,1.62,22.32,158.78,-155.26,348.75,-21.60,1370.00,4273.66,12.21,10.22,1
78.390,-7.279404,112.798198,2.62,-31.50,-26.73,-164.31,86.21,351.00,-13.09,867.44,1094.85,10.73,10.79,1
78.400,-7.279138,112.798702,3.32,-6.72,7.61,56.78,-16.58,353.25,-5.68,4224.44,4458.31,11.11,10.29,3
78.410,-7.278819,112.798963,1.67,-29.73,32.72,86.80,90.05,355.50,-13.74,1790.21,5634.78,12.47,12.05,1
78.420,-7.279144,112.798659,2.92,-24.93,20.99,-135.46,173.70,357.75,-34.49,2719.24,2214.28,10.16,10.83,1
78.430,-7.280222,112.798815,2.63,35.96,39.08,-147.02,11.49,0.00,-33.10,5976.08,1260.15,11.33,10.67,2
78.440,-7.280208,112.798660,2.46,-27.58,33.53,148.61,-142.14,2.25,24.74,1131.60,17.91,12.03,12.57,4
78.450,-7.280552,112.798486,0.41,28.11,-39.98,-124.34,120.59,4.50,-1.47,4704.99,617.47,10.89,10.95,4
78.460,-7.280564,112.799101,0.91,-4.73,19.79,136.88,-90.54,6.75,11.07,3434.25,196.70,10.00,10.82,1
78.470,-7.280227,112.799493,3.16,10.01,6.86,-31.02,-47.91,9.00,0.11,4861.22,1778.22,11.10,10.47,3
78.480,-7.280236,112.799409,3.37,30.53,-0.55,-126.81,93.40,11.25,15.32,5515.20,2806.15,11.89,10.42,0
78.490,-7.280224,112.798981,2.43,20.67,-29.67,147.69,-53.12,13.50,22.21,219.64,856.01,11.68,11.17,2
78.500,-7.280169,112.798942,1.43,-34.47,-25.20,-91.16,53.80,15.75,-20.21,1874.59,542.57,10.47,11.21,2
78.510,-7.280219,112.798766,3.08,4.51,-9.59,28.32,104.48,18.00,-8.91,5379.69,3125.57,11.48,11.72,3
78.520,-7.280149,112.799708,3.07,38.20,35.15,130.63,57.71,20.25,11.66,3872.95,4550.92,10.23,11.58,0
78.530,-7.280111,112.799792,2.74,6.78,39.65,74.39,-11.64,22.50,20.99,1342.27,4967.20,11.41,11.69,4
78.540,-7.280203,112.799214,0.26,30.55,39.43,174.95,13.56,24.75,27.18,5136.74,5841.82,10.35,12.06,4
78.550,-7.280123,112.799790,1.49,29.57,-37.21,56.50,-69.62,27.00,-5.56,1373.27,2289.82,11.38,11.60,3
78.560,-7.280364,112.799764,1.30,-38.04,-10.28,135.19,-18.76,29.25,-14.07,4202.00,220.84,10.44,12.01,2
78.570,-7.280353,112.799422,2.32,33.25,5.59,152.74,-147.81,31.50,25.34,630.54,3035.76,10.31,10.93,1
78.580,-7.280475,112.799151,2.36,-37.79,28.57,141.27,165.98,33.75,26.37,1855.84,2919.02,12.33,12.56,3
78.590,-7.280570,112.799715,1.92,-11.96,26.96,-127.60,-44.45,36.00,-5.22,2780.82,5325.24,11.42,11.50,0
78.600,-7.281026,112.799644,2.43,-4.05,37.01,-129.69,-164.69,38.25,0.91,1827.26,1351.39,11.03,11.67,3
78.610,-7.280402,112.799892,3.48,1.29,-3.46,95.74,8.22,40.50,-22.26,2419.69,4062.31,11.72,11.12,3
78.620,-7.280611,112.800093,3.34,-26.23,0.26,61.24,105.94,42.75,24.99,4958.80,1141.77,11.43,10.44,3
78.630,-7.280423,112.800012,2.22,33.13,9.50,-168.59,-8.46,45.00,-19.82,1110.32,630.53,11.56,11.67,1
78.640,-7.280454,112.800244,1.72,23.88,-1.69,-138.97,-170.32,47.25,13.01,2199.79,5313.85,12.15,11.65,0
78.650,-7.281048,112.799511,1.61,21.69,23.43,126.14,171.58,49.50,10.29,4558.59,2853.36,10.88,12.33,2
78.660,-7.280855,112.799873,1.57,1.86,-15.03,11.87,-98.96,51.75,-6.13,4073.02,1307.39,11.29,10.10,3
78.670,-7.280403,112.800032,2.31,-11.22,25.06,52.54,-176.83,54.00,26.76,3012.84,898.73,10.74,10.60,2
78.680,-7.280799,112.800272,1.75,-10.12,1.04,168.85,129.40,56.25,-19.23,1360.84,3525.65,10.64,11.85,0
78.690,-7.281023,112.799540,3.24,-9.83,34.17,-114.97,-62.25,58.50,-0.34,2514.56,5941.45,10.25,11.13,0
78.700,-7.280782,112.799593,1.63,23.00,-37.84,56.29,-99.74,60.75,-16.20,1234.81,3375.99,10.72,10.49,1
78.710,-7.280724,112.800485,3.31,-7.50,19.81,-115.81,22.88,63.00,-14.43,35.54,2452.51,12.08,10.26,4
78.720,-7.280692,112.800115,0.35,9.82,1.33,73.44,-50.19,65.25,-27.78,3299.16,989.03,11.35,11.18,2
78.730,-7.281041,112.799908,1.09,33.44,-8.71,51.22,176.67,67.50,27.66,2409.00,5370.76,10.85,10.51,1
78.740,-7.280547,112.800579,1.08,-9.29,-32.17,-82.19,120.13,69.75,19.77,315.97,5184.50,10.90,10.06,1
78.750,-7.281576,112.799783,0.30,20.39,8.73,22.43,52.62,72.00,-18.56,5868.52,3621.84,12.13,12.51,2
78.760,-7.280974,112.799957,3.31,0.67,29.17,132.06,46.76,74.25,13.53,2435.41,1542.07,10.97,12.37,3
78.770,-7.280877,112.800151,3.46,-29.89,8.60,-126.40,92.80,76.50,-1.30,3664.82,854.91,11.06,12.43,3
78.780,-7.281604,112.799883,1.84,-37.99,-14.11,66.19,-176.52,78.75,22.34,4167.56,396.53,10.81,11.56,1
78.790,-7.281749,112.800532,2.78,-19.26,19.86,-31.53,97.42,81.00,-9.25,3187.00,4367.10,11.34,11.82,2
78.800,-7.281580,112.800394,0.06,-4.17,-20.68,90.93,-96.44,83.25,-11.83,2324.84,2648.07,12.58,12.51,2
78.810,-7.281346,112.800784,2.38,-13.35,-2.04,-145.65,155.53,85.50,34.08,1335.83,2249.99,11.00,12.36,3
78.820,-7.281364,112.800702,1.69,-21.51,-3.66,43.58,64.02,87.75,-11.15,3323.38,954.14,11.42,12.52,3
78.830,-7.281885,112.800140,2.65,-5.12,39.61,-64.75,95.12,90.00,-28.55,696.12,1026.74,10.37,12.47,0
78.840,-7.281600,112.799859,2.92,37.46,36.14,-155.81,-5.16,92.25,-1.31,1122.46,63.51,11.37,12.59,1
78.850,-7.282002,112.799974,1.49,16.61,-39.01,90.59,90.68,94.50,-33.08,4811.51,4562.04,11.40,10.70,3
78.860,-7.282098,112.800080,1.98,-2.76,7.47,123.00,71.34,96.75,-15.07,3881.55,1799.11,11.64,11.56,2
78.870,-7.282098,112.800547,3.09,-1.15,-18.60,-17.55,-112.77,99.00,-24.12,5326.07,1503.19,10.61,11.43,2
78.880,-7.282125,112.800183,2.23,28.64,33.72,155.49,-163.80,101.25,29.04,5709.13,5115.75,11.38,12.51,2
78.890,-7.281900,112.800108,1.55,-36.06,38.46,-135.75,-145.67,103.50,-34.15,4013.44,1528.74,12.41,10.18,0
78.900,-7.281704,112.800219,0.04,-39.40,27.38,-37.13,-141.65,105.75,25.32,3332.47,5654.70,10.33,11.25,1
78.910,-7.282060,112.800244,0.32,2.01,-15.51,-16.60,-78.52,108.00,22.83,4463.84,2409.83,11.33,12.29,4
78.920,-7.281827,112.800506,0.94,-27.70,6.56,6.68,-45.04,110.25,20.49,4684.59,5990.11,11.04,11.35,3
78.930,-7.282402,112.799837,3.22,37.47,35.49,-10.03,151.33,112.50,-3.35,248.58,479.61,12.01,10.29,3
78.940,-7.281827,112.799812,0.15,15.72,38.50,4.52,-136.40,114.75,-18.90,5432.83,4905.72,11.82,10.61,3
78.950,-7.282106,112.800369,2.44,-9.57,-36.21,64.33,103.80,117.00,-9.17,3478.96,3639.07,10.24,10.10,0
78.960,-7.282647,112.799799,2.15,-5.68,-23.48,-94.81,-139.02,119.25,34.41,207.36,2713.02,12.37,11.82,4
78.970,-7.281877,112.799948,1.06,-28.78,-10.78,11.39,5.52,121.50,-30.07,4543.43,1250.27,11.00,11.75,0
78.980,-7.281873,112.800660,0.79,-20.33,10.88,8.31,144.42,123.75,-5.48,5658.96,115.90,10.64,12.10,4
78.990,-7.282064,112.800177,1.96,-9.54,-20.00,-162.85,-66.62,126.00,-0.25,5617.74,561.99,10.81,11.40,2
79.000,-7.282083,112.799760,1.21,23.23,5.39,148.82,-72.70,128.25,22.03,2126.43,1358.91,11.24,11.87,3
79.010,-7.282235,112.799924,2.61,-38.39,-33.67,145.20,149.00,130.50,-34.85,4684.57,5962.08,12.00,10.47,0
79.020,-7.282759,112.800233,2.13,20.78,18.54,-19.26,-131.31,132.75,-28.75,460.44,3147.13,11.55,10.21,0
79.030,-7.282679,112.800348,2.72,2.51,-16.31,118.98,117.35,135.00,2.83,4385.09,2717.55,12.29,11.06,0
79.040,-7.282563,112.800350,0.00,-13.26,9.14,2.38,78.75,137.25,-17.69,626.22,5645.67,11.07,12.44,4
79.050,-7.283236,112.799534,1.66,-28.66,3.96,128.67,-80.26,139.50,-33.00,121.56,5886.10,10.59,10.35,1
79.060,-7.282986,112.800293,1.37,2.88,27.84,176.21,34.43,141.75,3.81,3762.35,5877.18,11.41,12.07,1
79.070,-7.283079,112.800248,0.30,25.00,-14.01,36.80,114.41,144.00,-1.75,1340.78,3966.71,11.47,11.66,3
79.080,-7.282831,112.800292,0.29,18.60,-16.64,164.29,-78.85,146.25,-21.96,225.57,5429.21,10.62,12.27,1
79.090,-7.283025,112.799808,2.77,3.13,39.67,50.41,169.42,148.50,-34.87,1509.97,5808.51,11.47,11.01,4
79.100,-7.282595,112.799645,2.00,-10.69,-39.16,165.54,7.14,150.75,-7.68,2492.02,5337.76,10.46,11.90,4
79.110,-7.283239,112.799223,2.35,12.88,-11.94,170.39,-129.01,153.00,8.29,3998.81,2982.59,12.28,10.45,0
