timestamp,latitude,longitude,speedMps,Calc_deg_servo_1,Calc_deg_servo_2,roll,pitch,yaw,zigzag_yaw,rpm_prop_1,rpm_prop_2,battery_1,battery_2,mode_auto
1782.800,-7.283233,112.799719,3.19,-5.04,-12.57,120.50,159.60,164.25,-11.70,8570,22513,10.48,11.68,3
1782.805,-7.283276,112.798922,2.18,-32.02,2.99,33.28,178.24,166.50,3.78,3858,6448,12.30,11.68,0
1782.810,-7.283137,112.799150,1.82,5.42,-4.46,150.24,117.10,168.75,28.57,10975,6733,10.75,11.62,2
1782.815,-7.283488,112.799327,3.49,1.34,28.75,-49.53,33.84,171.00,27.47,26264,4917,11.64,10.98,3
1782.820,-7.283183,112.798621,2.80,11.78,37.35,-54.84,-57.11,173.25,10.93,27261,28724,10.19,11.81,1
1782.825,-7.282884,112.798657,1.91,-18.49,29.04,-121.99,1.65,175.50,23.91,22430,16543,10.87,11.51,4
1782.830,-7.282960,112.799143,0.17,-2.06,-1.41,104.60,-118.43,177.75,22.95,762,22971,12.07,11.52,4
1782.835,-7.283237,112.799013,2.96,-16.78,-12.84,116.24,-76.65,180.00,28.19,1691,8579,10.37,10.39,1
1782.840,-7.283006,112.799324,3.07,-38.27,17.52,86.44,-26.35,182.25,-29.35,4707,2763,10.45,12.33,1
1782.845,-7.282980,112.798933,2.07,-15.99,-16.40,112.65,-4.17,184.50,8.20,26502,5839,10.32,11.81,1
1782.850,-7.283381,112.798759,2.70,-4.20,9.09,11.60,5.93,186.75,-18.46,1121,20753,10.22,11.18,0
1782.855,-7.283081,112.798574,0.78,-14.22,38.57,-84.42,-99.91,189.00,-15.43,4846,29906,10.37,11.25,4
1782.860,-7.283645,112.798428,0.97,-38.07,-28.47,39.89,146.16,191.25,-27.01,22176,28567,11.91,10.48,3
1782.865,-7.283120,112.798036,2.25,19.98,11.39,99.16,-123.28,193.50,-11.17,22675,8910,10.61,11.67,0
1782.870,-7.283017,112.798519,2.92,-11.35,-37.61,-56.05,175.75,195.75,-15.90,11066,18130,12.14,10.30,0
1782.875,-7.282938,112.798695,2.78,38.72,1.25,139.24,-136.90,198.00,21.61,3260,23482,12.11,10.94,3
1782.880,-7.282832,112.798158,0.03,-27.97,-26.30,34.90,72.85,200.25,19.21,15039,25792,10.01,11.60,0
1782.885,-7.283081,112.798337,1.62,-19.52,12.89,147.64,146.94,202.50,-33.89,21662,15780,12.00,11.40,1
1782.890,-7.283217,112.798041,3.06,-27.64,-4.47,169.02,-85.27,204.75,-6.85,26062,8761,10.13,11.85,0
1782.895,-7.283547,112.798106,1.17,-15.74,32.95,6.24,51.13,207.00,-6.96,7756,9511,12.42,11.08,4
1782.900,-7.283313,112.797961,2.21,-21.73,-1.04,29.90,-91.43,209.25,-14.71,6806,22401,12.13,10.57,1
1782.905,-7.283045,112.797778,3.36,-35.68,31.87,-18.79,121.06,211.50,7.01,19657,9822,12.38,11.26,4
1782.910,-7.283406,112.797726,2.85,-32.51,-1.90,116.94,-80.25,213.75,6.83,9675,20532,10.47,12.29,4
1782.915,-7.282804,112.797255,1.88,-3.99,-23.27,-177.85,161.67,216.00,21.25,17182,26403,12.12,12.31,2
1782.920,-7.282867,112.798017,0.73,-4.67,-36.59,144.07,0.80,218.25,33.07,20943,24183,10.99,10.03,1
1782.925,-7.282986,112.797893,1.03,-39.20,11.87,-135.43,63.12,220.50,7.27,15673,24327,11.74,10.13,4
1782.930,-7.282616,112.797874,3.16,-19.93,-5.64,136.07,-97.89,222.75,27.38,5081,13093,10.16,11.86,1
1782.935,-7.283043,112.797444,0.46,34.51,2.57,116.06,-48.86,225.00,-17.72,29606,25498,12.57,12.00,0
1782.940,-7.282804,112.796917,2.16,31.74,-32.71,-33.35,166.47,227.25,-13.93,28903,11089,11.83,10.83,3
1782.945,-7.282403,112.797081,0.23,-11.25,16.08,-52.13,-93.60,229.50,4.79,29341,12439,12.29,10.39,1
1782.950,-7.282545,112.797195,2.62,-2.51,-33.36,-25.79,65.97,231.75,-8.37,5205,26680,12.06,11.92,1
1782.955,-7.282336,112.797167,0.60,20.11,-10.82,-2.53,-164.55,234.00,11.33,23543,23737,11.99,12.37,3
1782.960,-7.282888,112.796729,2.81,-15.20,-38.49,60.39,-13.51,236.25,-4.02,22504,2052,11.81,11.38,2
1782.965,-7.282705,112.797458,1.89,26.89,-3.65,-84.21,176.53,238.50,22.25,21780,4851,12.52,11.32,3
1782.970,-7.282388,112.796893,1.57,12.80,7.76,141.20,-115.67,240.75,18.21,25267,5450,10.74,11.66,4
1782.975,-7.282096,112.797262,2.96,-11.02,26.31,-158.74,-13.31,243.00,2.87,6750,24496,11.27,10.71,1
1782.980,-7.282697,112.797250,0.82,-35.89,-38.35,-90.41,13.91,245.25,26.31,17867,7563,10.93,10.70,3
1782.985,-7.282308,112.797280,1.19,-33.62,-36.74,-31.56,-116.37,247.50,27.99,25097,10606,11.08,10.77,4
1782.990,-7.282486,112.797290,1.20,-24.38,-5.95,-8.82,-18.99,249.75,22.15,27926,8209,10.72,10.25,1
1782.995,-7.282167,112.797367,0.66,-12.43,7.39,-0.67,-154.22,252.00,-9.02,1984,19035,12.25,11.08,2
1783.000,-7.282222,112.796440,2.05,1.07,-24.42,-129.89,17.90,254.25,-22.12,13151,6412,10.39,12.51,4
1783.005,-7.282289,112.797176,1.61,32.53,29.52,115.81,-161.34,256.50,-3.25,5690,26002,11.91,11.76,1
1783.010,-7.281483,112.796573,3.38,-38.21,-3.48,-165.48,120.76,258.75,-25.32,29498,10080,12.14,12.12,1
1783.015,-7.282288,112.796443,0.98,16.85,-34.61,-143.14,59.11,261.00,20.92,17220,11572,10.38,11.27,1
1783.020,-7.281915,112.797124,1.91,39.58,3.59,-178.16,-99.32,263.25,10.91,12065,16983,10.73,10.90,0
1783.025,-7.282048,112.796679,0.95,-32.10,-19.44,-103.44,-152.11,265.50,22.85,263,27807,12.29,11.37,4
1783.030,-7.281421,112.796616,0.58,-35.34,5.87,-141.92,-61.27,267.75,17.19,13096,7075,12.35,12.25,1
1783.035,-7.281937,112.796296,2.59,30.77,-22.72,62.25,41.73,270.00,-23.61,5204,22662,11.72,10.50,1
1783.040,-7.280923,112.796911,1.05,-14.75,-35.10,124.83,-65.56,272.25,3.54,18727,18127,11.33,12.24,1
1783.045,-7.281590,112.796785,2.09,34.68,-10.17,167.29,-122.09,274.50,11.02,9928,21732,10.92,12.02,3
1783.050,-7.281539,112.796786,1.22,-22.65,0.62,-83.39,109.12,276.75,-15.55,2814,27971,11.13,10.52,0
1783.055,-7.281613,112.796980,1.49,9.97,4.27,65.21,-2.54,279.00,-23.69,13274,27760,10.48,10.21,0
1783.060,-7.281156,112.796566,2.68,-36.09,-5.52,23.62,50.06,281.25,3.38,16781,29486,11.48,11.99,0
1783.065,-7.280854,112.797143,1.51,-14.22,-11.72,-173.97,57.29,283.50,34.09,25923,7659,12.35,10.57,3
1783.070,-7.280724,112.796258,3.41,7.08,-23.01,-129.98,133.72,285.75,0.52,22246,14971,11.56,11.71,2
1783.075,-7.280386,112.796711,0.12,-17.93,8.50,118.26,-142.55,288.00,-29.46,28493,22492,10.74,10.51,4
1783.080,-7.280936,112.796872,0.31,-39.83,11.39,9.92,-85.84,290.25,7.41,9732,18044,11.55,11.24,1
1783.085,-7.280116,112.797157,2.02,-3.80,-22.33,-37.11,-133.55,292.50,-34.81,4041,27736,12.17,11.28,0
1783.090,-7.280821,112.796803,2.81,35.88,5.16,10.70,68.56,294.75,7.53,3061,2489,10.75,10.80,3
1783.095,-7.280897,112.796541,1.79,6.17,-37.55,-88.32,-64.11,297.00,-30.46,2960,6181,11.09,11.25,2
1783.100,-7.280212,112.796550,1.56,-8.78,15.17,-165.68,27.00,299.25,-32.05,13456,24870,12.08,10.70,2
1783.105,-7.280329,112.796892,2.99,-2.70,39.38,93.87,-54.97,301.50,21.02,14978,28806,11.50,11.31,3
1783.110,-7.280159,112.797379,2.03,-0.65,-4.89,-107.93,-62.89,303.75,-19.02,414,15637,10.24,11.02,4
1783.115,-7.280552,112.796748,3.07,-16.28,-25.74,177.67,-116.05,306.00,-24.59,27534,14113,11.10,11.05,2
1783.120,-7.280429,112.797050,2.25,2.57,19.08,171.12,-106.92,308.25,33.10,21710,15802,10.41,12.20,0
1783.125,-7.279683,112.797475,2.40,18.17,-8.16,-22.88,82.54,310.50,12.52,17951,15198,10.64,11.34,0
1783.130,-7.280277,112.797442,0.40,24.93,-38.25,-13.93,46.92,312.75,-19.59,8782,4826,11.51,11.55,3
1783.135,-7.280000,112.797229,0.74,-36.48,26.11,-67.77,6.19,315.00,-20.71,1099,28470,10.92,12.01,2
1783.140,-7.279814,112.796867,2.05,30.22,16.93,-143.91,-83.70,317.25,-30.36,23607,18675,10.74,11.95,1
1783.145,-7.279768,112.797818,2.29,-0.88,5.02,173.09,-28.28,319.50,2.69,1635,15897,10.65,12.49,2
1783.150,-7.279139,112.797738,3.31,35.06,26.98,-102.78,54.18,321.75,4.25,22880,3837,10.62,11.42,2
1783.155,-7.279513,112.797480,0.58,-27.60,-6.71,48.98,138.60,324.00,-21.60,22802,11098,12.10,11.05,3
1783.160,-7.279928,112.797389,2.50,-29.32,24.49,-92.66,-126.29,326.25,-27.65,12816,14344,10.32,11.65,2
1783.165,-7.279483,112.797578,0.14,5.10,-32.71,142.27,174.01,-326.86,-34.68,27818,25650,12.47,10.11,2
1783.170,-7.279160,112.797856,1.95,15.88,19.83,-14.91,-27.79,-324.61,-12.51,29404,2368,10.30,10.51,2
1783.175,-7.279711,112.797392,0.93,17.21,5.62,111.08,154.79,-322.36,-3.13,596,17247,12.37,12.10,1
1783.180,-7.279270,112.798346,1.92,-22.19,-18.28,44.61,114.37,-320.11,-9.25,321,4108,11.02,11.21,2
1783.185,-7.279447,112.797453,3.03,4.07,20.66,147.43,-167.81,-317.86,35.00,27687,11720,11.86,10.02,3
1783.190,-7.279108,112.797690,0.94,-39.57,27.72,-156.94,68.51,-315.61,5.12,29888,27971,12.32,11.88,0
1783.195,-7.279369,112.798262,2.67,-10.63,26.04,-153.37,-22.01,-313.36,-18.19,5442,15019,11.98,12.16,4
1783.200,-7.279389,112.798514,2.30,8.48,-12.33,122.67,81.00,-311.11,13.61,19185,11075,11.33,12.24,1
1783.205,-7.278964,112.797877,2.86,20.82,15.95,-121.39,139.61,-308.86,1.57,20926,7733,10.11,10.14,0
1783.210,-7.279311,112.798408,2.51,-36.15,3.81,97.59,-130.16,-306.61,-5.31,8381,17853,10.87,10.83,4
1783.215,-7.279384,112.798407,2.31,-29.06,-2.20,-146.85,-40.21,-304.36,12.79,16945,7077,10.22,10.49,1
1783.220,-7.279220,112.798349,2.47,-39.83,-9.40,-29.61,30.36,-302.11,3.45,1381,10527,12.19,10.49,4
1783.225,-7.278908,112.799071,2.23,17.91,-10.80,-137.75,-101.66,-299.86,28.46,20894,9753,11.71,10.50,4
1783.230,-7.279181,112.798412,1.95,24.16,36.85,-59.65,148.29,-297.61,-21.46,18095,8537,10.71,10.28,4
1783.235,-7.280134,112.798548,3.16,34.94,11.55,108.60,-137.79,0.00,13.10,4072,13406,12.07,10.64,0
1783.240,-7.280244,112.799158,1.86,6.16,-10.06,-60.86,114.07,2.25,14.40,21605,8320,12.44,10.34,3
1783.245,-7.280043,112.798591,0.27,-21.48,31.53,96.58,131.22,4.50,-32.80,19989,782,10.02,12.28,0
1783.250,-7.280073,112.799309,0.64,28.37,-21.05,119.48,-173.76,6.75,-3.43,25932,28124,11.38,10.37,3
1783.255,-7.280912,112.798756,0.38,28.94,-28.94,62.39,-135.95,9.00,10.25,5635,5259,10.96,11.00,4
1783.260,-7.280332,112.799333,3.31,-16.30,21.74,48.66,-18.28,11.25,-21.48,20691,29677,10.30,10.18,4
1783.265,-7.280659,112.798843,1.17,-6.02,-18.32,151.34,162.72,13.50,-0.90,24232,18048,11.50,11.34,4
1783.270,-7.280655,112.799625,3.22,-39.96,25.73,-13.21,36.73,15.75,5.63,17438,22316,12.34,11.30,3
1783.275,-7.280077,112.798814,1.93,-37.35,11.70,107.49,-9.26,18.00,-30.21,20747,7985,12.03,10.09,4
1783.280,-7.280603,112.798887,3.00,20.23,20.48,166.40,-94.76,20.25,19.54,20475,21807,12.18,12.02,1
1783.285,-7.280188,112.799138,0.37,1.63,-19.06,110.30,129.67,22.50,-3.30,22992,24123,10.21,10.33,4
1783.290,-7.280550,112.799217,0.22,-15.53,1.13,-104.42,127.85,24.75,12.55,7652,29263,11.36,12.41,1
1783.295,-7.280687,112.799133,1.21,34.03,22.28,104.43,-18.54,27.00,13.46,22892,27864,11.53,12.19,4
1783.300,-7.280781,112.799773,3.22,-19.73,-6.72,-24.87,-31.22,29.25,26.93,18422,11086,11.85,11.15,1
1783.305,-7.280521,112.799621,0.21,-29.72,-3.05,101.48,60.10,31.50,5.62,19846,21250,11.68,12.58,0
1783.310,-7.280342,112.799151,2.47,-9.29,-39.03,92.69,126.95,33.75,-10.88,22414,5991,12.46,12.42,3
1783.315,-7.280385,112.799500,0.97,20.50,-24.78,-169.85,28.40,36.00,7.90,10559,18418,11.98,10.35,2
1783.320,-7.280175,112.799279,1.24,19.06,-38.03,-33.34,159.25,38.25,32.76,22013,2964,11.91,11.45,0
1783.325,-7.281009,112.799241,0.60,-15.85,0.01,55.84,88.00,40.50,1.96,22573,16398,10.11,12.07,2
1783.330,-7.281102,112.800178,0.12,-14.95,-0.26,109.20,66.82,42.75,-2.87,19581,6067,10.23,10.58,3
1783.335,-7.280311,112.799980,2.84,-15.95,-25.44,-174.28,-114.55,45.00,33.91,24831,15212,12.32,10.40,0
1783.340,-7.280760,112.799731,1.66,32.18,25.36,-5.46,158.67,47.25,22.40,20797,20047,11.96,11.81,0
1783.345,-7.281099,112.800313,1.51,-18.44,-34.72,-47.01,-47.29,49.50,-25.79,14430,19727,10.92,11.79,3
1783.350,-7.280587,112.799916,0.71,15.14,16.34,15.38,7.24,51.75,-25.14,24371,24460,11.18,11.77,2
1783.355,-7.280444,112.800293,2.00,-17.01,-36.92,61.42,124.76,54.00,-25.60,2648,29972,10.57,10.85,3
1783.360,-7.280619,112.799704,2.89,3.59,7.70,78.71,8.11,56.25,24.33,23331,17599,12.09,10.72,3
1783.365,-7.281296,112.800322,2.05,-35.72,27.21,-44.03,-152.62,58.50,-15.27,26095,20356,11.64,12.15,2
1783.370,-7.281279,112.799528,2.88,-36.98,24.50,7.90,151.21,60.75,4.34,23724,12972,11.25,11.05,4
1783.375,-7.281367,112.800505,1.32,-18.05,22.07,157.93,-95.04,63.00,-27.91,19563,21638,11.19,11.54,1
1783.380,-7.281063,112.799726,0.75,16.99,13.55,-171.04,66.87,65.25,-1.04,1656,2473,10.44,11.68,4
1783.385,-7.281491,112.799610,2.49,-21.30,-0.62,-113.26,-93.39,67.50,25.95,14524,5469,12.26,10.89,1
1783.390,-7.280979,112.800580,1.73,-0.51,23.71,47.58,3.33,69.75,18.38,17526,2062,12.21,11.61,2
1783.395,-7.280790,112.799856,0.82,13.56,6.26,-1.53,66.48,72.00,-3.29,27766,1819,11.57,11.15,4
1783.400,-7.280955,112.800439,3.43,-3.20,15.48,68.68,-50.35,74.25,34.34,14652,26020,11.29,10.03,1
1783.405,-7.281340,112.799859,3.00,30.89,22.89,78.70,24.87,76.50,8.45,25412,5327,11.30,11.46,3
1783.410,-7.281044,112.800121,1.35,6.51,-3.06,-64.92,64.96,78.75,16.45,18847,12563,11.69,10.62,2
1783.415,-7.281675,112.800695,1.36,24.86,-1.16,73.54,130.94,81.00,-32.47,25536,3711,10.51,10.85,3
1783.420,-7.281192,112.800499,3.13,11.22,-34.95,-83.62,-84.19,83.25,7.54,28904,12589,11.59,10.48,1
1783.425,-7.281012,112.800634,0.36,-37.17,-30.29,-152.10,160.16,85.50,16.47,20719,2545,11.26,11.82,2
1783.430,-7.280973,112.800312,1.51,17.56,-31.61,121.74,95.37,87.75,7.83,17062,5884,11.17,12.35,3
1783.435,-7.281651,112.800301,2.08,16.40,28.48,36.58,174.79,90.00,-20.05,13963,11627,10.55,12.52,1
1783.440,-7.281518,112.799977,2.05,-1.30,16.11,117.52,88.69,92.25,-5.83,11550,7601,10.50,12.23,0
1783.445,-7.281981,112.800390,2.41,-11.98,15.52,119.63,-71.43,94.50,-15.37,11950,28633,10.51,11.07,3
1783.450,-7.282023,112.800545,3.50,30.67,-26.47,-109.13,12.10,96.75,-6.70,4234,17703,11.17,12.28,0
1783.455,-7.282151,112.800349,2.33,39.70,-28.07,161.22,85.51,99.00,4.14,15838,1081,10.69,12.09,4
1783.460,-7.281859,112.800026,1.73,-28.76,30.57,-89.75,86.75,101.25,1.72,12481,12521,12.40,11.06,3
1783.465,-7.282157,112.800239,1.05,-17.90,-22.18,142.04,45.82,103.50,10.41,15246,19866,10.93,10.41,3
1783.470,-7.281485,112.800320,0.03,-6.77,-9.64,4.06,148.37,105.75,-27.84,25027,34,11.79,10.81,2
1783.475,-7.281675,112.799896,2.69,-36.95,4.55,112.07,62.31,108.00,13.26,2542,15616,11.73,10.24,0
1783.480,-7.282255,112.800522,0.06,-35.34,-10.52,3.18,78.94,110.25,6.43,7321,26167,11.64,10.97,1
1783.485,-7.282442,112.800465,0.86,27.64,-21.35,-74.42,-5.57,112.50,-9.85,28739,16690,11.38,11.17,0
1783.490,-7.282567,112.800226,1.85,21.87,-25.64,102.89,-164.80,114.75,-9.55,13843,24879,12.50,12.33,3
1783.495,-7.281725,112.800716,2.87,-24.19,-10.65,56.52,-8.54,117.00,-30.13,833,17837,11.66,11.67,2
1783.500,-7.282044,112.799757,1.90,-38.07,-8.95,-80.56,-110.12,119.25,20.25,14762,23019,11.32,11.50,0
1783.505,-7.282424,112.800161,0.30,-19.76,-35.15,71.41,104.51,121.50,-4.56,12770,10839,10.89,10.00,3
1783.510,-7.282179,112.799757,0.92,39.00,35.96,-150.32,130.08,123.75,1.04,10605,10213,12.54,10.49,0
1783.515,-7.282520,112.800242,2.12,-20.93,-21.90,179.06,155.75,126.00,-15.72,1638,10791,12.46,11.06,0
1783.520,-7.282561,112.800493,3.20,0.74,15.31,-8.19,-153.90,128.25,0.80,10943,13353,11.93,12.11,1
1783.525,-7.282451,112.799800,0.95,27.11,-29.67,133.92,161.90,130.50,8.38,9809,4168,10.13,10.66,2
1783.530,-7.282591,112.800148,1.23,-24.43,-27.72,113.89,38.27,132.75,8.27,25493,19360,11.73,10.05,2
1783.535,-7.282207,112.800504,0.93,-1.02,-16.43,19.89,52.19,135.00,-24.95,6361,21641,11.37,11.20,3
1783.540,-7.282778,112.800159,3.17,24.60,-8.23,165.66,0.28,137.25,-33.32,24957,28857,11.95,12.41,4
1783.545,-7.282650,112.799857,2.81,35.90,17.99,-22.18,151.46,139.50,21.86,19824,10747,10.51,11.88,2
1783.550,-7.282855,112.799767,1.09,-11.05,20.31,36.64,-15.49,141.75,3.64,17910,2992,11.97,11.53,1
1783.555,-7.282795,112.800011,1.14,4.12,14.09,-85.18,122.04,144.00,-30.43,10958,23506,12.51,11.47,1
1783.560,-7.283091,112.799976,2.30,-2.61,-19.53,-80.69,-78.65,146.25,33.65,11874,3175,12.21,10.88,0
1783.565,-7.282896,112.799735,2.01,-23.59,34.44,38.12,32.57,148.50,-25.58,15412,15905,11.99,10.50,1
1783.570,-7.282866,112.799409,0.73,14.97,31.24,-176.27,9.16,150.75,-7.16,13782,16805,11.06,12.40,2
1783.575,-7.283335,112.799571,1.72,14.67,7.45,142.52,-44.40,153.00,29.58,18241,27886,12.53,10.03,1
1783.580,-7.283261,112.799134,1.18,22.43,31.26,151.47,96.80,155.25,-29.15,27217,10603,10.64,11.59,3
1783.585,-7.283450,112.799458,3.37,2.90,37.23,47.15,37.66,157.50,-0.88,22499,13302,11.69,11.87,1
1783.590,-7.282757,112.799098,1.15,-35.97,31.49,-77.90,-53.29,159.75,19.25,14603,29291,10.87,11.55,1
1783.595,-7.283295,112.799160,0.45,23.55,-25.71,168.97,-53.52,162.00,24.98,18443,14263,10.14,10.74,3
1783.600,-7.283228,112.799443,2.89,-33.71,24.47,109.27,48.37,164.25,14.89,8689,19853,10.70,12.19,1
1783.605,-7.283695,112.798889,2.80,24.37,-15.61,43.38,-157.60,166.50,34.43,3497,7313,10.99,10.73,1
1783.610,-7.283257,112.798848,2.46,-13.92,0.10,-17.16,145.38,168.75,-22.96,28317,17454,11.88,12.56,2
1783.615,-7.283042,112.799520,3.41,14.64,14.72,179.84,118.82,171.00,-12.80,6993,23096,12.48,11.00,4
1783.620,-7.283537,112.798852,0.92,-16.14,-32.69,35.49,-104.80,173.25,13.07,26854,19993,11.77,10.51,0
1783.625,-7.282829,112.799451,0.41,-9.65,2.67,-77.01,-92.76,175.50,-33.41,24845,16532,10.03,10.07,1
1783.630,-7.283403,112.799162,1.94,-0.98,-38.24,33.99,-142.03,177.75,30.44,16763,29756,11.81,10.84,3
1783.635,-7.283042,112.798525,2.93,-13.59,38.14,-23.69,78.28,180.00,-16.49,21398,25083,12.35,10.58,3
1783.640,-7.283562,112.798977,1.81,15.58,-8.60,-158.97,44.19,182.25,-31.49,10069,19882,11.77,10.04,2
1783.645,-7.283478,112.798887,3.13,21.40,12.73,21.76,-52.03,184.50,13.18,29502,25969,11.85,11.36,4
1783.650,-7.283658,112.798313,1.21,5.03,-8.75,95.34,74.15,186.75,26.76,16395,6872,10.63,11.29,0
1783.655,-7.282920,112.798635,2.74,8.94,11.38,126.20,55.98,189.00,-31.82,29905,25284,11.37,12.18,4
1783.660,-7.282884,112.798897,2.08,-30.25,-6.83,-0.70,-95.86,191.25,1.71,13930,21867,11.26,11.44,1
1783.665,-7.283181,112.798594,1.01,26.97,18.19,51.03,-113.07,193.50,20.94,14077,18236,10.17,10.27,4
1783.670,-7.283404,112.798723,0.61,-23.15,6.77,-39.19,167.16,195.75,31.25,7465,1902,10.34,10.68,3
1783.675,-7.283773,112.798632,1.27,4.43,-22.18,-124.83,139.00,198.00,13.09,1704,25206,10.57,12.19,3
1783.680,-7.283124,112.798269,2.64,-15.53,20.28,98.58,151.10,200.25,-19.51,8641,10056,10.14,10.87,1
1783.685,-7.282984,112.798447,1.15,-35.04,-21.05,-141.54,-91.22,202.50,17.41,14612,22444,11.62,12.41,2
1783.690,-7.283493,112.797746,2.72,-23.99,-23.53,-108.98,-169.72,204.75,25.04,11189,7551,11.03,11.49,1
1783.695,-7.283106,112.797597,0.35,39.19,21.72,-44.43,154.18,207.00,-2.06,641,11277,11.49,10.93,1
1783.700,-7.283094,112.797962,3.10,-29.73,-15.72,-102.99,-150.82,209.25,30.51,28759,12391,12.42,10.58,2
1783.705,-7.283540,112.797423,1.23,1.60,-34.52,-55.67,-10.31,211.50,-28.97,18131,22506,11.22,12.36,1
1783.710,-7.282834,112.798045,2.95,35.63,2.42,-129.67,-167.24,213.75,10.29,18174,8236,10.49,11.04,3
1783.715,-7.282945,112.797743,2.13,-32.51,24.69,130.53,97.91,216.00,-15.94,23695,4467,10.86,11.85,2
1783.720,-7.283334,112.797431,3.18,39.80,2.52,-121.95,22.14,218.25,-11.22,12621,10984,11.30,10.73,4
1783.725,-7.283081,112.797815,2.13,-2.33,-39.68,-72.53,-125.83,220.50,0.10,10987,3792,10.05,11.68,4
1783.730,-7.283153,112.797675,3.47,-38.94,15.70,8.70,-162.19,222.75,-10.90,14240,4263,11.79,11.35,3
1783.735,-7.283094,112.797416,2.79,-38.28,-39.14,66.08,-14.12,225.00,16.21,349,21958,11.49,10.14,2
1783.740,-7.282966,112.797372,3.21,-13.22,35.05,41.76,165.00,227.25,4.36,809,21675,12.14,11.52,0
1783.745,-7.282596,112.797856,0.49,-33.42,-23.90,-41.94,-31.35,229.50,9.34,10177,29164,11.15,11.57,2
1783.750,-7.283211,112.797363,2.07,-14.99,-10.90,170.46,-5.90,231.75,-25.44,3532,23869,11.25,10.59,2
1783.755,-7.283076,112.797625,0.06,12.09,-10.48,-34.29,20.35,234.00,21.06,21793,23057,12.34,10.84,3
1783.760,-7.282893,112.797436,1.39,29.83,3.58,-145.65,24.94,236.25,18.46,5226,19998,12.12,11.87,0
1783.765,-7.282483,112.797612,0.36,35.08,36.94,68.57,-54.40,238.50,32.67,1049,20402,10.15,12.10,0
1783.770,-7.282936,112.797006,3.04,35.16,21.61,37.25,-118.33,240.75,1.54,2561,18453,10.56,10.96,4
1783.775,-7.282452,112.796700,0.44,0.15,20.58,53.00,-69.55,243.00,-4.10,23349,4793,11.84,12.36,3
1783.780,-7.282579,112.796885,1.25,-28.45,-14.08,80.44,159.15,245.25,-2.44,7031,16726,11.94,12.20,3
1783.785,-7.282367,112.796786,2.02,-3.14,-18.65,143.58,148.20,247.50,-12.07,15932,29005,10.18,12.24,1
1783.790,-7.281870,112.796568,2.75,35.43,39.21,-15.11,137.97,249.75,14.71,7009,3195,11.84,10.47,3
1783.795,-7.282471,112.796970,3.04,23.38,18.77,-1.45,59.77,252.00,7.29,18869,9182,10.71,10.33,0
1783.800,-7.282486,112.796975,0.05,-24.14,-15.52,-161.13,-132.51,254.25,-19.49,20716,3730,11.72,11.85,4
1783.805,-7.281852,112.796463,1.27,-22.82,7.51,146.01,102.31,256.50,-8.33,3790,20414,12.22,11.19,3
1783.810,-7.281884,112.796864,3.20,-8.59,9.17,135.60,-81.30,258.75,7.80,22018,21257,10.50,12.56,2
1783.815,-7.281513,112.796527,0.53,-14.03,-34.78,84.77,-58.04,261.00,32.07,7550,3609,10.82,12.35,2
1783.820,-7.281947,112.796797,1.55,20.71,-13.33,76.74,27.79,263.25,-31.71,3531,4976,11.92,11.56,4
1783.825,-7.282072,112.797065,2.25,38.10,19.94,21.75,-172.43,265.50,27.08,28671,3171,10.08,10.30,3
1783.830,-7.281231,112.797160,1.07,-30.95,26.60,75.99,-122.85,267.75,-15.16,15515,19323,12.05,11.91,0
1783.835,-7.281848,112.796375,0.14,-25.79,-11.95,17.26,-18.02,270.00,23.55,21070,2820,11.06,12.22,1
1783.840,-7.281889,112.797041,3.42,40.00,32.35,-53.55,-41.95,272.25,-6.28,12078,23410,12.37,11.75,4
1783.845,-7.281809,112.796246,2.92,-19.86,33.30,143.18,142.22,274.50,26.99,6744,11571,12.09,12.19,1
1783.850,-7.281287,112.797056,2.54,-32.16,-5.08,5.41,112.65,276.75,-16.80,3224,18951,11.86,11.46,4
1783.855,-7.281613,112.797173,1.57,-29.40,-16.05,-148.83,132.35,279.00,8.13,14897,5819,12.03,12.42,1
1783.860,-7.281156,112.796281,0.15,22.38,9.26,149.21,68.37,281.25,5.50,7562,19359,10.22,12.16,2
1783.865,-7.280569,112.796593,2.48,1.04,-12.17,-21.51,27.50,283.50,27.73,25553,21318,10.46,10.51,3
1783.870,-7.281370,112.796435,2.58,32.61,-6.47,35.54,114.62,285.75,25.86,19973,25531,12.15,10.32,3
1783.875,-7.280471,112.797074,2.34,5.92,-11.39,115.26,-142.60,288.00,-15.05,14188,23503,10.22,10.96,2
1783.880,-7.280614,112.796415,2.50,39.38,23.32,60.93,-144.57,290.25,2.67,886,23363,11.04,12.59,1
1783.885,-7.280274,112.796449,1.54,-7.24,17.01,-67.66,77.76,292.50,12.06,25820,1306,11.97,11.58,1
1783.890,-7.280124,112.796692,0.52,-25.97,-2.39,112.11,47.67,294.75,-16.07,26027,29887,11.49,11.07,4
1783.895,-7.280443,112.796678,0.03,-21.12,6.69,-29.33,-133.65,297.00,-13.40,10241,4291,12.45,11.77,4
1783.900,-7.280627,112.797049,1.50,-21.65,-35.25,75.34,-110.66,299.25,-15.69,5807,19924,12.43,11.84,1
1783.905,-7.280520,112.796548,0.73,17.65,-0.23,-136.11,168.83,301.50,-2.93,12476,21525,12.08,11.72,0
1783.910,-7.280146,112.796494,0.53,3.35,28.62,110.64,-32.94,303.75,4.65,23726,6282,11.38,12.59,0
1783.915,-7.280238,112.797111,2.62,37.21,-38.90,164.46,162.19,306.00,-32.74,394,7030,10.16,11.36,1
1783.920,-7.280076,112.797478,0.60,8.56,5.63,-111.70,-150.05,308.25,-9.09,9638,14969,10.53,10.99,0
1783.925,-7.279582,112.797357,0.89,12.16,25.65,109.54,177.16,310.50,28.83,762,22082,10.69,11.00,0
1783.930,-7.279556,112.797423,0.00,-4.02,11.76,122.49,-147.28,312.75,34.81,504,6276,12.38,11.65,4
1783.935,-7.280077,112.797679,2.04,22.94,37.25,73.93,138.13,315.00,-6.82,11171,1534,10.90,12.27,0
1783.940,-7.280062,112.796846,2.43,-32.35,-32.95,124.68,-38.22,317.25,-22.97,4309,15259,11.75,10.19,0
1783.945,-7.279594,112.797198,1.31,13.18,8.28,-57.96,-82.19,319.50,11.76,17460,22471,11.94,12.12,2
1783.950,-7.279462,112.796931,0.46,-26.75,15.87,-101.58,-108.30,321.75,3.60,11501,2692,10.60,11.79,1
1783.955,-7.279283,112.797418,2.06,-19.34,1.03,77.30,-0.17,324.00,-0.21,20758,11650,10.92,11.70,2
1783.960,-7.279689,112.797420,0.60,-26.03,36.58,86.30,11.96,326.25,8.51,19381,3345,10.90,11.53,3
1783.965,-7.279526,112.797219,3.46,-26.33,23.40,-158.08,148.88,-326.86,17.09,29170,341,10.08,10.06,1
1783.970,-7.279424,112.797751,0.20,9.56,-34.67,14.30,-24.98,-324.61,7.67,24067,13515,11.35,11.96,1
1783.975,-7.279291,112.797714,3.02,20.39,-37.34,120.28,164.40,-322.36,8.37,15335,9722,10.88,10.34,1
1783.980,-7.279206,112.798353,0.87,-39.57,20.03,-99.76,-55.62,-320.11,13.92,16911,23012,11.72,11.95,4
1783.985,-7.279358,112.798183,2.87,-9.75,16.91,5.60,115.94,-317.86,18.73,26548,8051,11.08,12.37,0
1783.990,-7.279355,112.798309,1.33,-10.92,-26.98,113.02,-174.38,-315.61,-15.54,10749,18591,11.02,11.51,1
1783.995,-7.278732,112.797814,0.46,25.64,-22.41,3.49,-50.79,-313.36,-34.25,27331,17512,10.44,12.47,4
1784.000,-7.279480,112.797853,2.64,28.82,-29.61,4.33,-75.72,-311.11,-25.45,6041,22006,11.00,12.35,3
1784.005,-7.278739,112.798243,1.73,-27.10,27.42,124.10,45.48,-308.86,11.88,18561,27513,10.50,11.94,0
1784.010,-7.278566,112.798291,2.65,-25.97,25.93,-175.38,5.70,-306.61,-24.95,29800,1045,11.11,10.72,1
1784.015,-7.278875,112.798368,2.33,19.06,23.01,-71.15,-22.73,-304.36,9.83,11721,9544,12.00,10.22,2
1784.020,-7.279392,112.798573,3.32,-1.38,15.94,-34.44,-51.45,-302.11,-33.15,21332,26825,10.48,12.08,0
1784.025,-7.279238,112.798771,2.80,13.31,-24.29,-15.47,66.36,-299.86,-34.61,22546,14604,10.47,10.72,3
1784.030,-7.279018,112.798781,1.04,-33.44,-20.49,-69.12,-69.55,-297.61,17.32,25617,26615,10.31,10.42,0
1784.035,-7.280077,112.798401,3.06,23.99,-33.31,91.03,110.35,0.00,-5.46,26387,20558,10.58,11.93,3
1784.040,-7.280275,112.799361,0.07,-27.15,-37.16,-18.82,-140.26,2.25,34.04,1409,19338,11.97,10.69,0
1784.045,-7.280745,112.798740,0.90,-1.10,36.65,-26.37,122.17,4.50,29.92,20163,24738,10.85,11.20,4
1784.050,-7.280297,112.799034,1.07,-16.79,-24.89,-135.64,101.28,6.75,-0.74,12575,8249,10.20,11.63,1
1784.055,-7.280802,112.799515,2.11,-28.33,-4.72,22.71,-175.08,9.00,19.90,17684,21465,10.77,11.27,3
1784.060,-7.280901,112.798809,2.62,-5.70,-15.43,-43.48,-103.09,11.25,11.49,27840,14844,10.76,10.23,1
1784.065,-7.280946,112.798699,0.02,27.96,-36.96,-158.02,-35.38,13.50,3.09,6027,5404,11.82,11.20,4
1784.070,-7.280749,112.799461,0.25,2.12,2.80,54.36,33.15,15.75,25.65,14571,2085,10.27,10.99,3
1784.075,-7.280436,112.798835,0.50,-6.29,-9.42,73.04,-25.80,18.00,-22.05,10045,8645,12.06,10.91,3
1784.080,-7.280344,112.799715,1.44,37.53,34.95,134.70,9.50,20.25,-8.54,11591,4479,10.33,11.58,0
1784.085,-7.280715,112.799400,2.39,-33.89,-31.80,171.87,-72.03,22.50,33.37,9731,12029,12.56,12.17,3
1784.090,-7.280875,112.799026,0.39,-23.81,0.98,-83.95,109.10,24.75,-34.85,29320,28938,12.49,12.48,1
1784.095,-7.280244,112.799671,1.66,0.19,-22.25,173.82,105.91,27.00,13.81,28693,27857,12.17,12.01,2
1784.100,-7.280011,112.799849,0.49,-25.17,8.46,59.80,-9.99,29.25,31.33,10226,11194,12.04,12.07,3
1784.105,-7.280934,112.799223,1.57,7.71,17.15,-22.69,-99.76,31.50,-1.67,17866,15693,12.42,11.31,4
1784.110,-7.280969,112.799565,1.04,-27.48,18.08,42.78,-80.51,33.75,-12.49,6749,9757,11.61,11.92,2
1784.115,-7.280552,112.799787,2.02,-19.86,-21.57,125.58,146.11,36.00,-0.29,16085,18627,12.07,10.70,3
1784.120,-7.281041,112.799923,1.80,-8.97,22.39,36.22,-87.40,38.25,-9.17,16789,5885,11.32,12.03,4
1784.125,-7.281058,112.799838,2.59,31.91,24.75,100.90,-22.70,40.50,-13.29,751,2083,11.88,10.05,2
1784.130,-7.280239,112.799218,0.76,21.87,38.47,-166.80,-91.09,42.75,-9.90,24520,16924,11.24,11.55,1
1784.135,-7.280250,112.799323,2.61,33.86,-33.13,7.96,-131.32,45.00,10.17,25097,24791,11.58,10.58,3
1784.140,-7.280375,112.799722,3.07,25.95,25.02,74.59,111.53,47.25,-9.72,13420,4173,10.02,10.10,3
1784.145,-7.280706,112.800040,0.11,-15.01,-38.53,91.99,-20.49,49.50,12.86,25274,1590,10.00,12.02,0
1784.150,-7.280352,112.799692,3.02,-20.49,6.47,5.25,133.95,51.75,34.23,19514,24636,11.04,11.12,4
1784.155,-7.280406,112.799748,0.19,27.14,5.55,75.38,-54.80,54.00,34.97,28055,16258,10.22,10.86,4
1784.160,-7.280468,112.799929,3.41,-12.50,-4.11,-85.82,-131.29,56.25,-6.93,6407,15644,10.57,11.74,4
1784.165,-7.281306,112.800102,2.39,-36.98,14.49,139.53,-51.83,58.50,20.76,9811,10533,11.23,12.58,4
1784.170,-7.280557,112.800215,1.67,4.34,11.70,-102.83,141.83,60.75,27.91,22004,27523,10.12,10.50,0
1784.175,-7.280579,112.799828,2.14,-36.14,-28.12,147.65,61.15,63.00,-10.61,25105,5646,12.32,12.01,0
1784.180,-7.281303,112.799784,0.96,29.50,-26.11,-162.91,-5.58,65.25,-18.10,10076,16123,10.43,11.00,0
1784.185,-7.280599,112.799774,2.33,-13.37,37.24,9.66,-32.00,67.50,-16.53,5213,17095,12.06,11.49,3
1784.190,-7.281204,112.800585,1.35,-28.45,33.40,127.65,141.61,69.75,19.86,11124,14196,11.06,11.16,2
1784.195,-7.280756,112.799736,2.62,22.11,36.79,104.88,-78.99,72.00,-6.83,15603,11916,10.16,10.19,3
1784.200,-7.281610,112.799694,2.33,38.66,33.78,-102.44,-120.25,74.25,9.34,7447,7799,11.63,12.42,2
1784.205,-7.281619,112.800617,0.37,1.53,-1.90,-114.26,-108.13,76.50,32.03,9978,14579,12.07,12.30,1
1784.210,-7.281492,112.800224,0.46,12.79,-11.26,-101.75,4.33,78.75,5.44,28894,26853,10.94,10.35,4
1784.215,-7.281037,112.800490,1.18,-36.86,-4.33,-23.53,37.25,81.00,-25.38,10015,5714,11.31,11.29,2
1784.220,-7.281108,112.800217,3.42,-20.94,-5.76,-167.98,167.62,83.25,-6.16,4884,12492,12.59,12.35,2
1784.225,-7.281367,112.800770,0.08,-34.68,28.89,8.25,155.55,85.50,7.30,18390,15245,10.38,10.47,2
1784.230,-7.281294,112.800075,0.90,38.49,-1.98,20.11,-50.75,87.75,33.69,24899,2183,11.07,10.80,2
1784.235,-7.281874,112.800691,0.55,39.43,-14.22,-158.07,-110.10,90.00,-6.55,25595,15206,10.31,10.05,3
1784.240,-7.281427,112.800248,0.55,-26.19,23.06,-40.85,-136.69,92.25,-27.06,13894,14929,10.80,11.04,2
1784.245,-7.281936,112.800192,1.60,-0.72,-31.49,-107.40,-60.85,94.50,-4.41,13377,26923,12.40,12.26,1
1784.250,-7.281203,112.800198,2.27,-38.19,17.64,106.15,-6.67,96.75,-24.08,16320,8144,10.01,11.27,1
1784.255,-7.281626,112.800368,2.67,16.82,-36.29,-3.96,-33.31,99.00,1.23,27954,26874,10.86,11.97,2
1784.260,-7.281651,112.800264,1.49,-17.06,8.65,-131.63,158.73,101.25,1.99,29638,23917,11.87,11.25,1
1784.265,-7.281869,112.799942,2.86,-6.80,-6.82,84.07,-106.54,103.50,3.47,4888,11437,10.48,10.71,2
1784.270,-7.281875,112.800545,1.83,24.14,-12.48,160.82,166.99,105.75,9.93,18642,14066,11.82,11.24,1
1784.275,-7.282175,112.800817,0.78,-21.31,-10.93,78.61,-139.40,108.00,-22.99,28435,25974,11.51,10.54,1
1784.280,-7.282025,112.799942,2.33,12.69,32.22,85.36,-124.83,110.25,17.96,28105,13080,11.41,11.36,2
1784.285,-7.282576,112.799963,0.41,-2.93,10.98,62.05,97.43,112.50,-20.29,15310,25484,10.28,11.61,4
1784.290,-7.282366,112.800360,0.62,-29.84,22.50,6.48,53.74,114.75,10.28,27490,22267,12.28,11.07,1
1784.295,-7.282490,112.799774,1.90,-9.69,20.10,20.62,148.03,117.00,5.32,15312,18793,10.84,10.92,1
1784.300,-7.281830,112.800221,1.70,15.11,21.67,64.84,69.00,119.25,-33.48,11158,205,11.77,10.82,2
1784.305,-7.282420,112.800033,3.13,-26.40,18.74,-65.18,-42.60,121.50,-32.84,14970,17712,10.42,11.03,2
1784.310,-7.282435,112.799718,0.18,16.50,-18.59,-169.52,-43.36,123.75,34.11,16658,21252,11.59,10.61,2
1784.315,-7.282207,112.800089,0.43,23.25,2.51,-64.53,100.91,126.00,3.15,19541,1218,11.36,12.04,1
1784.320,-7.282513,112.799720,0.21,21.82,30.64,159.92,-65.80,128.25,22.09,7609,5813,10.90,10.86,0
1784.325,-7.282616,112.799844,0.86,-7.30,-38.32,-33.48,-105.53,130.50,12.44,18162,15942,10.00,10.30,3
1784.330,-7.282524,112.800069,3.23,-11.91,-24.88,-62.69,-44.79,132.75,-34.10,12618,16927,12.38,10.27,2
1784.335,-7.282438,112.800336,2.88,-9.85,-1.61,178.31,-45.60,135.00,-34.52,20339,22469,10.23,10.24,2
1784.340,-7.282290,112.799602,1.47,33.60,-27.75,-170.42,-61.32,137.25,29.24,19852,21579,12.28,11.43,0
1784.345,-7.282595,112.800440,3.19,-22.03,23.28,-94.32,12.60,139.50,-33.64,7607,11477,11.78,10.57,0
1784.350,-7.282833,112.799726,1.84,-19.06,5.88,130.05,134.55,141.75,-18.46,13693,2358,10.89,10.66,1
1784.355,-7.282931,112.800153,2.47,-32.88,34.81,48.32,-90.32,144.00,18.39,23665,4472,11.40,10.92,3
1784.360,-7.282741,112.800213,0.86,2.15,14.76,-125.49,-37.38,146.25,9.45,18183,25838,12.40,10.44,4
1784.365,-7.282569,112.799402,2.90,-27.26,-35.76,127.01,11.06,148.50,-9.55,21654,5755,10.57,12.26,1
1784.370,-7.283011,112.799759,1.18,-32.33,-30.53,154.46,128.31,150.75,-32.66,13001,15389,10.83,10.92,1
1784.375,-7.283408,112.799404,3.46,38.07,16.04,-64.04,-56.35,153.00,29.00,12987,7887,12.15,10.68,0
1784.380,-7.283302,112.799951,1.52,33.02,-39.83,25.73,-153.80,155.25,14.05,13242,23079,12.38,11.17,3
1784.385,-7.282581,112.799946,0.50,-30.89,17.43,-121.63,-2.77,157.50,-19.62,28070,25102,11.95,11.72,1
1784.390,-7.282982,112.799846,0.60,39.66,-9.98,53.37,-98.24,159.75,12.75,29624,18075,11.71,10.18,0
1784.395,-7.283150,112.799082,1.02,-4.99,-11.43,15.84,-160.76,162.00,-9.76,27607,13041,11.77,10.98,1
1784.400,-7.283471,112.799082,2.25,5.11,32.01,-69.26,7.96,164.25,-27.06,22569,6667,11.14,12.05,1
1784.405,-7.283421,112.799528,0.82,13.67,-8.33,14.59,121.69,166.50,-31.58,25350,29154,11.69,10.54,2
1784.410,-7.283232,112.799686,1.70,-32.74,22.04,-128.72,-58.48,168.75,10.96,929,23417,10.63,12.08,2
1784.415,-7.283682,112.799048,2.98,-12.14,38.31,-68.98,162.86,171.00,-24.34,26005,3423,10.39,11.42,1
1784.420,-7.283045,112.798964,1.78,8.12,23.46,109.12,142.63,173.25,4.84,17900,15844,10.46,11.04,1
1784.425,-7.283719,112.799509,3.17,-15.84,-31.19,15.89,-172.88,175.50,-34.98,27959,27114,11.17,12.58,4
1784.430,-7.283252,112.799427,1.59,-33.94,-37.09,47.83,-113.95,177.75,13.12,21742,9937,10.31,12.47,0
1784.435,-7.283233,112.798714,0.43,-19.81,-5.89,-80.25,-88.47,180.00,-30.21,3298,11949,10.39,10.67,2
1784.440,-7.283385,112.798623,0.23,-21.07,-21.90,115.28,46.93,182.25,-18.36,15138,6728,10.75,11.29,3
1784.445,-7.283057,112.799162,2.97,-11.34,-14.54,29.74,147.38,184.50,-19.35,24068,27674,11.86,10.97,3
1784.450,-7.283074,112.799100,2.25,-32.98,-21.81,-20.60,155.81,186.75,-6.19,14644,5347,12.45,12.52,1
1784.455,-7.282949,112.799105,2.41,-8.27,-16.85,-13.40,31.38,189.00,-12.40,19880,27780,10.94,10.58,2
1784.460,-7.283585,112.798455,2.55,20.60,-13.70,-5.47,109.37,191.25,-11.71,22079,25134,11.96,11.39,1
1784.465,-7.283122,112.798030,0.12,-22.22,14.57,6.83,117.31,193.50,24.75,18760,22992,11.08,12.38,4
1784.470,-7.283661,112.798433,1.10,-32.37,17.85,65.06,-143.12,195.75,-14.41,3079,12999,11.83,10.56,2
1784.475,-7.283427,112.798003,1.44,-25.39,-0.11,161.82,38.97,198.00,10.52,4414,4948,12.02,10.75,4
1784.480,-7.283202,112.798163,0.68,-26.87,27.42,-121.35,18.18,200.25,21.31,7330,25424,12.59,10.77,0
1784.485,-7.283582,112.798231,2.65,-1.54,35.69,66.31,149.99,202.50,4.55,6894,18026,10.66,11.32,3
1784.490,-7.283420,112.798098,2.87,-5.91,28.35,75.94,-3.05,204.75,29.00,21345,27435,10.83,12.20,2
1784.495,-7.283674,112.798325,1.03,-20.48,17.62,121.12,-97.68,207.00,-18.00,2783,28217,10.75,10.98,1
1784.500,-7.283593,112.797691,2.56,0.52,-23.84,7.88,-152.44,209.25,14.12,14945,12120,12.33,10.45,4
1784.505,-7.282787,112.797654,1.91,13.19,37.20,150.89,-88.88,211.50,-14.53,26029,16044,10.02,11.66,3
1784.510,-7.283098,112.797899,0.95,-30.05,-8.82,-35.34,-29.16,213.75,-10.17,10972,3267,10.47,12.00,0
1784.515,-7.283071,112.798101,0.32,-23.43,25.23,9.95,49.70,216.00,-2.66,26056,804,10.68,11.79,2
1784.520,-7.282948,112.797740,0.42,4.19,-34.27,-20.68,99.13,218.25,0.13,1805,12702,11.93,10.95,0
1784.525,-7.283078,112.797870,1.36,-7.57,5.98,160.52,-141.26,220.50,-27.00,15710,19712,12.48,10.78,1
1784.530,-7.283034,112.797407,2.88,-20.89,-26.57,-83.76,141.42,222.75,-1.04,15889,662,12.23,11.93,2
1784.535,-7.283171,112.797851,1.96,7.37,24.82,105.33,-172.09,225.00,34.21,7459,17384,11.72,12.17,0
1784.540,-7.282583,112.797409,1.74,27.88,-32.57,1.12,55.28,227.25,26.52,24281,20095,11.01,12.09,2
1784.545,-7.282962,112.797032,1.04,-32.43,19.77,-140.73,141.72,229.50,30.54,3974,5562,10.88,10.31,0
1784.550,-7.282936,112.796903,2.38,-27.96,6.57,-142.45,-117.35,231.75,-32.41,26928,3677,10.67,11.92,1
1784.555,-7.282871,112.797009,0.09,-8.46,-27.77,-3.57,116.92,234.00,-33.52,4904,2134,11.71,12.00,4
1784.560,-7.282462,112.797003,1.96,29.56,1.15,161.84,-105.22,236.25,-32.79,12076,9946,10.62,11.28,1
1784.565,-7.282156,112.797048,3.49,31.38,17.28,-170.27,176.57,238.50,-17.51,349,16873,11.53,11.17,4
1784.570,-7.282914,112.797580,3.24,-26.10,-13.33,109.83,16.98,240.75,30.56,3250,3777,11.22,10.96,3
1784.575,-7.282892,112.796813,0.79,-31.87,-37.73,-12.17,-100.84,243.00,5.09,28058,17334,10.72,10.77,3
1784.580,-7.282605,112.797114,1.74,-13.09,31.32,-121.72,8.33,245.25,22.91,5063,9075,10.36,10.31,4
1784.585,-7.282122,112.796545,2.79,-4.04,3.48,-172.77,-66.00,247.50,-14.99,25487,20302,12.16,10.65,2
1784.590,-7.281855,112.797142,1.92,0.65,18.32,-121.98,-91.63,249.75,-13.87,4808,13515,11.58,10.91,4
1784.595,-7.281833,112.796996,2.14,22.11,-12.93,144.20,116.15,252.00,-6.05,25426,2681,10.30,11.79,4
1784.600,-7.281658,112.797255,2.18,-12.55,-31.47,-31.56,-16.52,254.25,22.01,10814,23513,11.37,12.09,1
1784.605,-7.281886,112.796882,0.31,9.11,-9.70,113.71,63.16,256.50,25.51,22854,12519,11.99,10.22,2
1784.610,-7.281900,112.796296,2.75,-18.95,-23.30,-119.02,-34.51,258.75,-13.61,20383,28425,12.47,10.83,4
1784.615,-7.281782,112.797162,2.32,12.07,-18.52,153.84,82.74,261.00,-24.42,28379,24121,11.84,12.57,3
1784.620,-7.282074,112.797221,2.05,25.67,-17.92,-30.78,175.06,263.25,-31.55,25918,7886,10.23,10.60,1
1784.625,-7.281561,112.796746,1.86,-37.68,-24.44,-168.91,75.92,265.50,-27.32,29245,9587,11.30,11.02,3
1784.630,-7.281088,112.796443,3.10,25.36,-9.80,-112.32,55.28,267.75,-3.66,4757,12354,11.05,10.92,1
1784.635,-7.281413,112.796861,0.94,-18.13,-19.01,47.57,167.16,270.00,7.38,27366,28150,12.59,12.46,1
1784.640,-7.280924,112.796864,3.33,-23.04,-14.26,110.80,130.95,272.25,5.00,18447,28267,12.19,10.29,0
1784.645,-7.280883,112.796250,1.95,28.39,-12.70,-128.41,-20.03,274.50,-31.45,25104,22638,11.35,10.02,0
1784.650,-7.281478,112.796562,1.83,-21.30,-15.84,167.62,15.33,276.75,-11.16,815,25738,10.61,11.97,0
1784.655,-7.281021,112.796880,2.25,9.03,17.58,99.34,-31.48,279.00,26.52,1653,1267,12.00,10.12,2
1784.660,-7.280935,112.796799,2.27,6.76,-25.30,130.72,143.15,281.25,-33.02,13992,3816,10.10,10.58,4
1784.665,-7.281343,112.797138,1.81,-28.56,-39.64,162.92,58.23,283.50,-25.37,5844,21509,10.85,10.21,2
1784.670,-7.280407,112.796345,2.34,-22.78,-10.82,137.45,-158.65,285.75,23.71,22750,23478,10.06,10.94,1
1784.675,-7.280738,112.796767,1.88,-36.62,20.56,61.53,138.78,288.00,-33.82,1036,22942,10.32,12.51,0
1784.680,-7.281070,112.796754,2.09,-29.91,-35.35,-32.46,175.42,290.25,27.75,9633,6889,11.54,11.50,2
1784.685,-7.280684,112.796408,1.40,-7.05,0.22,-97.46,-122.32,292.50,-28.12,7432,26354,12.13,10.68,1
1784.690,-7.280740,112.796301,1.37,-35.91,-25.54,-82.65,111.42,294.75,24.06,20306,12516,11.00,11.14,4
1784.695,-7.280888,112.796910,2.07,37.41,-3.93,-19.22,-50.95,297.00,-14.33,3138,10751,10.30,12.07,4
1784.700,-7.279885,112.796992,2.55,-34.54,13.38,-12.49,-166.24,299.25,27.06,4346,21809,11.37,10.13,1
1784.705,-7.280558,112.796613,2.36,-8.10,16.73,-92.21,-148.33,301.50,13.23,351,13793,12.11,10.77,1
1784.710,-7.279873,112.796556,2.02,38.60,2.23,-103.37,167.19,303.75,-6.35,12668,7733,11.71,10.91,3
1784.715,-7.279883,112.797193,1.34,35.34,15.43,-18.54,-126.64,306.00,30.49,11576,4638,12.32,11.77,3
1784.720,-7.280518,112.796959,2.22,20.43,-27.80,-116.36,84.02,308.25,17.97,28939,9690,11.19,10.86,0
1784.725,-7.280448,112.796770,2.69,24.99,39.52,-163.88,68.26,310.50,-17.98,11512,22682,10.15,10.72,4
1784.730,-7.279779,112.796993,0.76,8.03,37.76,-163.72,65.84,312.75,-20.32,13674,15157,11.94,10.42,4
1784.735,-7.279488,112.797048,0.22,39.02,-9.22,-37.52,-22.27,315.00,17.17,19848,18272,10.22,12.54,0
1784.740,-7.279856,112.797557,2.87,-0.90,-14.40,21.95,-137.09,317.25,22.58,5314,12548,11.03,10.96,3
1784.745,-7.279167,112.797248,3.36,-8.30,-22.34,81.40,5.22,319.50,-18.31,28143,9596,11.56,11.59,4
1784.750,-7.279466,112.797665,3.09,-2.74,39.66,170.02,-53.69,321.75,30.64,21780,5969,11.29,11.24,2
1784.755,-7.279201,112.797924,1.39,4.58,39.68,158.95,43.25,324.00,-13.77,25078,3161,12.04,11.17,0
1784.760,-7.278960,112.797608,1.60,0.70,-25.64,-94.20,-70.23,326.25,32.79,19867,6066,12.54,10.28,2
1784.765,-7.279760,112.797249,1.74,4.96,-34.24,124.35,175.36,-326.86,-33.49,20067,3276,11.50,11.28,0
1784.770,-7.279127,112.797427,2.32,-36.78,7.54,29.76,43.00,-324.61,-31.29,19678,16743,10.89,11.05,2
1784.775,-7.279094,112.797956,2.99,-14.03,21.83,108.29,-158.26,-322.36,32.49,10324,1300,11.56,10.38,2
1784.780,-7.279063,112.798268,2.53,21.59,-21.55,106.49,130.78,-320.11,-8.29,18664,6112,10.92,11.54,4
1784.785,-7.279265,112.797491,2.28,-21.01,-33.95,-111.29,-0.50,-317.86,-29.28,27629,10998,10.63,11.91,1
1784.790,-7.279621,112.797890,0.81,8.42,-10.90,-108.40,-135.03,-315.61,8.84,12721,19139,10.26,11.76,0
1784.795,-7.278856,112.797628,1.86,-28.47,-10.47,130.61,6.31,-313.36,7.60,7599,24516,12.48,12.42,1
1784.800,-7.279335,112.798304,1.12,38.59,3.19,-10.55,43.49,-311.11,21.89,23717,1415,10.28,11.50,1
1784.805,-7.278537,112.798621,0.99,36.76,-14.37,126.29,-152.56,-308.86,-26.13,13616,11065,11.03,10.68,3
1784.810,-7.278924,112.798034,1.03,15.99,-9.36,61.17,105.03,-306.61,8.35,24413,20030,11.67,12.08,3
1784.815,-7.278806,112.798380,1.81,25.45,22.71,-55.40,126.38,-304.36,7.66,16228,24882,10.03,12.00,4
1784.820,-7.279083,112.799051,1.20,-28.62,-30.81,-80.42,-146.54,-302.11,17.84,22744,13691,11.46,12.30,4
1784.825,-7.279207,112.798244,0.43,25.08,-30.91,-57.11,150.84,-299.86,-12.48,29376,26908,10.26,10.62,1
1784.830,-7.279058,112.798327,0.97,-13.75,24.51,-166.58,-38.96,-297.61,0.78,29622,10166,10.76,10.44,3
1784.835,-7.280688,112.799013,1.70,-38.34,-25.49,41.94,126.17,0.00,25.87,15822,12419,12.13,11.68,1
1784.840,-7.280694,112.799157,1.85,36.82,20.80,144.12,-29.08,2.25,9.36,22919,13777,12.58,11.55,1
1784.845,-7.280907,112.799201,1.30,-7.77,9.17,-36.81,99.73,4.50,4.84,29739,14370,10.02,10.77,4
1784.850,-7.280531,112.798863,0.97,-0.05,-15.16,51.47,77.12,6.75,13.00,29954,25234,11.81,12.10,3
1784.855,-7.280235,112.799538,0.49,25.54,32.10,-171.97,-69.61,9.00,15.71,27997,21533,12.43,12.55,2
1784.860,-7.280890,112.798683,3.45,-18.54,29.83,27.47,-167.04,11.25,-22.56,14957,18195,10.66,10.69,4
1784.865,-7.280410,112.799211,1.42,15.18,-0.68,-143.12,25.32,13.50,-2.58,21571,21435,10.89,10.98,3
1784.870,-7.280274,112.799346,1.92,-19.55,22.85,110.29,34.42,15.75,-17.36,13296,7436,11.20,11.32,2
1784.875,-7.280352,112.799538,0.54,-19.87,25.46,-140.78,-68.26,18.00,4.69,17724,19381,11.02,11.20,1
1784.880,-7.280470,112.799516,0.14,8.67,-13.50,154.10,75.44,20.25,-34.09,14334,25335,12.04,10.32,0
1784.885,-7.280670,112.799335,0.80,26.37,-18.75,-34.05,-129.59,22.50,-29.77,23207,16727,11.33,11.31,1
1784.890,-7.280757,112.799769,1.42,-9.04,21.40,-177.34,-52.14,24.75,19.33,24468,27364,11.11,11.55,1
1784.895,-7.280588,112.799638,2.84,-20.45,-34.44,-132.98,149.23,27.00,-12.47,21915,21108,11.42,10.06,3
1784.900,-7.280342,112.799634,3.25,14.68,14.33,131.19,-82.86,29.25,25.35,6188,22986,10.36,12.19,3
1784.905,-7.280280,112.799314,0.79,-11.28,39.73,-152.22,-28.21,31.50,17.69,29117,3670,11.77,10.55,1
1784.910,-7.280996,112.799048,0.45,-21.84,1.61,-72.90,175.68,33.75,13.14,29462,16794,12.20,11.08,1
1784.915,-7.280901,112.799334,2.78,-4.35,-10.43,-16.21,161.75,36.00,-29.75,19477,26006,11.45,10.07,1
1784.920,-7.280406,112.799344,2.98,33.02,-39.20,38.96,-64.79,38.25,14.77,10338,8380,11.58,12.04,4
1784.925,-7.280474,112.799254,0.87,15.39,3.76,-161.50,-65.10,40.50,-21.96,9604,19229,11.67,10.46,3
1784.930,-7.280955,112.799558,1.70,9.81,5.00,-33.68,-52.67,42.75,28.67,11491,17747,12.04,12.12,1
1784.935,-7.280554,112.799922,2.06,1.34,-27.46,7.99,-116.70,45.00,-19.11,15738,15516,10.94,10.76,3
1784.940,-7.280837,112.799588,1.85,-19.24,34.04,98.16,-145.73,47.25,-3.09,617,22233,10.36,12.29,4
1784.945,-7.280236,112.799903,1.41,21.08,-31.32,-162.16,43.37,49.50,-32.08,13560,12771,11.06,11.33,4
1784.950,-7.280562,112.799572,1.31,1.24,18.93,178.61,-1.69,51.75,-22.63,27630,14253,10.78,12.38,0
1784.955,-7.280731,112.799959,2.48,19.29,30.29,-35.96,-174.55,54.00,23.58,14422,26939,11.24,11.95,3
1784.960,-7.280662,112.800102,2.98,22.54,7.25,-8.30,129.57,56.25,-1.34,24965,14644,10.49,11.46,1
1784.965,-7.281163,112.800145,3.02,-16.52,29.74,-166.34,72.59,58.50,-24.14,11141,11284,10.72,12.27,4
1784.970,-7.281233,112.800447,1.64,-20.52,-8.44,-49.73,-56.54,60.75,7.49,19565,20471,12.13,10.51,2
1784.975,-7.280636,112.800285,2.08,-28.76,31.77,-78.75,-169.17,63.00,27.28,3914,3438,11.22,11.15,0
1784.980,-7.280950,112.799812,0.76,26.44,-13.15,164.17,-58.14,65.25,-9.17,11007,27067,12.43,10.19,3
1784.985,-7.281371,112.800063,1.02,-21.25,4.67,59.52,149.40,67.50,-20.36,18779,8599,12.53,10.31,3
1784.990,-7.281147,112.800111,0.54,36.01,-39.93,-147.65,-29.07,69.75,-25.82,27978,23417,10.57,11.85,3
1784.995,-7.280689,112.800225,0.33,36.39,24.85,-81.23,-168.43,72.00,18.99,24456,19720,12.45,11.09,2
1785.000,-7.280833,112.800530,1.17,16.48,-13.77,145.74,27.39,74.25,-32.10,15823,14676,11.74,10.24,3
1785.005,-7.280948,112.800222,0.21,-37.52,26.53,-105.48,-92.96,76.50,-32.77,20773,23349,10.48,12.07,3
1785.010,-7.281426,112.799849,3.27,-1.48,27.62,90.28,118.83,78.75,2.74,4738,8688,11.01,10.37,0
1785.015,-7.281194,112.800685,0.94,-17.00,5.61,53.10,123.97,81.00,22.38,4109,4736,10.95,12.57,4
1785.020,-7.281313,112.800039,1.50,-16.34,19.38,126.74,-135.34,83.25,11.77,3156,28665,11.90,11.76,4
1785.025,-7.281467,112.800020,1.37,35.19,26.61,-115.07,-105.50,85.50,10.42,6209,7759,10.26,11.12,1
1785.030,-7.281123,112.800299,1.09,-14.50,37.37,12.44,-151.06,87.75,-32.61,12008,24827,12.13,10.48,0
1785.035,-7.281132,112.800491,1.38,29.10,25.28,70.56,125.09,90.00,-12.00,22013,18837,11.78,11.03,1
1785.040,-7.281852,112.800093,0.48,-20.30,-14.06,-13.24,139.00,92.25,29.60,7843,28704,10.93,10.89,4
1785.045,-7.281620,112.800738,2.94,-8.06,-18.31,-123.95,-103.08,94.50,-6.16,12171,15661,11.09,10.18,4
1785.050,-7.281646,112.799954,1.65,-36.09,0.51,118.74,30.77,96.75,-20.36,28299,2748,12.09,11.02,4
1785.055,-7.281735,112.800553,2.92,23.92,-5.29,-70.69,-99.60,99.00,32.47,5193,12212,12.20,11.11,1
1785.060,-7.281954,112.799993,0.05,-33.60,39.53,27.20,-129.75,101.25,1.02,22044,19791,11.91,11.57,1
1785.065,-7.281659,112.799890,0.75,-25.43,23.16,-20.00,69.87,103.50,7.77,8543,28344,11.21,10.25,4
1785.070,-7.282254,112.800416,0.37,-10.00,34.21,-123.68,110.43,105.75,28.96,16192,20623,10.63,11.87,1
1785.075,-7.281671,112.800042,1.81,-17.45,-18.30,-98.60,133.91,108.00,-9.97,1280,16964,10.45,11.83,1
1785.080,-7.281633,112.800522,1.96,-31.50,-37.73,-118.12,-100.03,110.25,1.58,11647,10116,12.27,11.49,0
1785.085,-7.282111,112.800143,1.70,-28.44,-34.16,-81.52,-167.75,112.50,20.19,25667,14502,12.46,12.32,4
1785.090,-7.281923,112.800532,3.15,37.95,23.60,-154.07,-155.28,114.75,-20.33,23424,19410,10.12,10.78,0
1785.095,-7.281790,112.800673,1.91,-1.65,-21.20,159.23,-112.16,117.00,18.12,4462,28080,11.19,12.23,3
1785.100,-7.281802,112.800483,0.62,33.25,-24.08,55.55,85.65,119.25,31.82,17453,19880,12.43,11.56,1
1785.105,-7.281908,112.800292,1.98,25.43,0.58,-165.63,-142.23,121.50,-5.46,20331,2475,11.98,11.59,2
1785.110,-7.282383,112.800474,2.37,-5.66,8.10,-14.32,-124.78,123.75,29.32,3185,15759,10.43,12.29,1
1785.115,-7.281971,112.800215,1.70,-8.69,39.13,-104.97,-12.86,126.00,17.52,22726,21430,11.53,11.14,3
1785.120,-7.282497,112.800637,0.79,-4.32,-23.46,140.69,154.07,128.25,22.10,7326,8235,12.18,10.92,2
1785.125,-7.282777,112.800546,1.06,-35.71,3.25,-108.42,-151.02,130.50,-18.34,10846,14929,10.73,12.59,2
1785.130,-7.282257,112.799785,3.34,-3.13,-38.76,-33.61,-179.69,132.75,-4.19,21761,26538,12.49,12.29,2
1785.135,-7.282159,112.799781,0.77,26.45,-6.69,-31.35,-69.64,135.00,-5.92,9386,24611,11.39,10.54,4
1785.140,-7.282514,112.800074,3.33,-3.30,25.10,-53.49,100.50,137.25,26.45,25069,24940,10.68,10.18,0
1785.145,-7.282451,112.800440,0.21,-7.61,12.72,117.80,-49.55,139.50,32.36,6549,26735,11.31,12.12,3
1785.150,-7.282353,112.800303,1.85,2.04,-35.22,-103.60,-140.89,141.75,-16.36,19081,20154,10.80,11.80,3
1785.155,-7.282600,112.800043,1.64,24.07,15.39,80.00,-121.21,144.00,-14.65,3815,25118,12.53,11.83,2
1785.160,-7.283075,112.799896,1.21,-29.28,27.23,24.07,49.32,146.25,7.33,26056,22021,11.46,10.01,2
1785.165,-7.283268,112.799885,2.58,21.73,16.62,35.82,-67.72,148.50,-26.64,4821,20433,12.34,11.91,4
1785.170,-7.283326,112.799487,3.28,11.75,14.69,31.16,83.38,150.75,-20.56,14768,15039,12.37,11.79,3
1785.175,-7.282900,112.799779,0.52,-12.92,22.29,-162.27,67.27,153.00,-29.99,7027,609,11.24,11.91,2
1785.180,-7.283319,112.799230,2.19,7.29,-28.92,56.15,171.01,155.25,0.74,6201,13987,10.17,11.07,3
1785.185,-7.283185,112.799457,1.98,-17.00,15.02,-54.28,-83.28,157.50,18.57,151,29597,10.84,10.28,4
1785.190,-7.282971,112.799381,1.50,-32.03,-3.50,93.67,-86.87,159.75,-29.49,11063,22684,11.51,12.26,0
1785.195,-7.282723,112.799666,0.34,-25.91,39.95,114.42,-139.92,162.00,-15.88,24670,4103,12.32,10.49,0
1785.200,-7.282823,112.798883,0.28,26.53,-1.66,28.69,-144.62,164.25,17.26,16863,27051,10.39,11.79,0
1785.205,-7.283113,112.799622,0.80,-12.42,33.63,-162.27,-129.91,166.50,4.89,4406,2640,12.07,10.19,2
1785.210,-7.283645,112.799365,2.95,11.71,10.64,168.63,-128.10,168.75,-8.45,4294,7978,11.48,11.02,3
1785.215,-7.283368,112.798893,1.01,31.82,12.35,81.28,-26.07,171.00,33.75,25661,542,10.30,10.75,3
1785.220,-7.283185,112.799150,3.23,-28.68,-29.50,150.22,-67.99,173.25,-28.74,23472,13270,12.34,11.79,0
1785.225,-7.283518,112.799273,1.34,-31.13,23.40,17.02,-146.31,175.50,-32.46,25626,21817,10.29,11.23,1
1785.230,-7.282905,112.798705,2.85,1.55,-11.52,2.10,98.90,177.75,-25.36,28007,27846,12.29,12.46,4
1785.235,-7.283203,112.798703,1.33,19.94,-1.49,-63.19,94.48,180.00,-31.30,29414,2801,11.72,12.05,2
1785.240,-7.282990,112.798955,3.12,1.12,-10.68,-113.99,92.69,182.25,-1.65,15703,15699,10.71,10.89,0
1785.245,-7.283554,112.799076,2.73,-27.28,-17.73,-155.74,71.94,184.50,-6.18,11922,1185,10.25,10.25,0
1785.250,-7.283222,112.798629,0.97,22.24,18.46,-46.78,151.97,186.75,1.16,13415,12739,10.52,12.47,1
1785.255,-7.282892,112.798416,0.64,-22.34,36.04,-3.68,-87.18,189.00,8.93,9465,4719,11.75,10.97,3
1785.260,-7.283678,112.798520,2.97,19.35,-10.13,172.27,117.99,191.25,-28.58,3194,24477,11.95,11.34,0
1785.265,-7.283530,112.798292,1.56,-3.36,-19.78,-97.95,67.55,193.50,-14.92,14063,3849,10.21,11.64,0
1785.270,-7.283203,112.798049,0.47,-4.06,-38.57,178.24,132.52,195.75,-31.35,17773,14029,12.25,11.55,1
1785.275,-7.283704,112.798660,2.40,-29.92,-5.18,12.52,-128.44,198.00,-15.80,5141,4123,11.65,11.54,4
1785.280,-7.282843,112.798372,2.77,-3.77,-34.32,-48.26,171.42,200.25,12.06,13416,15778,10.07,10.57,2
1785.285,-7.282857,112.798060,2.42,-3.47,-29.24,146.42,126.55,202.50,30.13,7287,24311,10.06,11.41,0
1785.290,-7.283594,112.798449,1.25,15.74,28.03,88.11,14.48,204.75,-10.97,4702,12806,10.86,12.59,0
1785.295,-7.283227,112.798508,3.02,-23.56,-6.02,-23.60,4.75,207.00,-0.48,25865,9009,11.66,10.44,0
1785.300,-7.283039,112.797808,0.57,-2.37,-0.37,164.90,71.62,209.25,12.74,13684,460,12.28,10.37,4
1785.305,-7.283033,112.798363,2.82,2.44,-34.51,31.20,-104.80,211.50,-8.82,12290,636,12.19,11.16,1
1785.310,-7.283291,112.797532,0.66,-25.22,37.99,-67.27,32.22,213.75,2.15,22196,14533,10.11,11.85,3
1785.315,-7.283038,112.798154,3.01,2.19,-21.84,101.62,-140.05,216.00,-1.20,25212,10060,11.97,12.58,3
1785.320,-7.282595,112.797858,1.93,-3.89,-39.52,129.59,-20.07,218.25,-5.89,19493,11765,10.75,12.22,3
1785.325,-7.282855,112.797818,1.82,17.57,1.26,-113.90,-101.61,220.50,-7.61,23308,12250,10.00,11.33,0
1785.330,-7.283347,112.797227,2.85,-14.72,33.75,26.22,-57.55,222.75,-30.41,17322,9977,11.21,12.14,3
1785.335,-7.283122,112.797387,0.42,15.02,12.40,-21.36,73.20,225.00,-3.27,28365,26256,11.45,11.07,3
1785.340,-7.283307,112.797706,1.78,-19.41,-18.67,95.58,76.89,227.25,-10.97,10892,13542,11.94,10.46,2
1785.345,-7.282401,112.796879,1.20,-3.54,-15.08,-129.36,138.92,229.50,-19.80,27392,11920,10.71,11.51,2
1785.350,-7.282652,112.797650,1.07,-12.56,11.33,27.04,-143.22,231.75,-11.04,2449,23032,12.04,12.44,0
1785.355,-7.282801,112.796747,0.24,11.05,-35.10,-70.37,-164.68,234.00,26.35,23759,5154,11.27,10.93,4
1785.360,-7.282567,112.797647,0.65,-27.79,-36.13,-52.33,-110.18,236.25,3.83,4558,28878,10.86,12.25,2
1785.365,-7.282344,112.796721,2.61,-17.98,-3.32,174.28,-153.70,238.50,-20.03,21538,27633,12.40,11.80,4
1785.370,-7.282439,112.796930,3.50,28.22,3.55,-37.98,15.24,240.75,10.20,24017,24628,11.51,11.76,0
1785.375,-7.282297,112.797250,3.11,-23.15,-26.25,136.38,145.41,243.00,-9.49,14634,3622,11.46,12.37,0
1785.380,-7.282165,112.796632,1.48,-21.75,-25.22,111.78,0.02,245.25,-2.69,4493,933,10.79,10.44,2
1785.385,-7.282269,112.796840,1.50,5.81,12.99,54.05,-126.55,247.50,18.44,13230,6454,10.61,10.85,3
1785.390,-7.282686,112.797230,0.80,39.37,-15.21,-47.98,-23.07,249.75,-28.32,13984,28480,12.56,11.97,1
1785.395,-7.281847,112.796625,1.88,-14.04,32.63,-170.35,57.30,252.00,-31.87,23003,5672,12.46,12.04,1
1785.400,-7.281727,112.796678,2.19,-19.14,-22.69,122.76,-113.20,254.25,32.80,3668,15152,12.16,10.68,3
1785.405,-7.282059,112.796622,2.94,-1.48,-39.29,-6.13,128.68,256.50,11.44,3151,11373,11.38,10.82,3
1785.410,-7.282357,112.797105,0.96,-28.31,23.07,80.81,-89.74,258.75,6.18,23934,29733,11.88,11.38,0
1785.415,-7.281960,112.796376,1.67,20.38,35.26,88.02,89.18,261.00,-21.68,28702,14159,12.58,11.89,4
1785.420,-7.282111,112.796504,1.86,24.51,-11.79,-76.31,139.06,263.25,-22.39,29051,11496,11.11,10.22,4
1785.425,-7.281667,112.796858,0.98,-9.83,33.00,171.36,-62.98,265.50,-28.34,23509,11880,10.06,10.51,4
1785.430,-7.281526,112.796497,0.49,-23.39,26.91,-108.24,86.94,267.75,-26.22,24550,13835,12.11,11.58,4
1785.435,-7.281217,112.796495,2.10,-29.64,-4.12,-70.12,-42.14,270.00,-30.79,6912,24325,11.19,10.53,1
1785.440,-7.281609,112.796795,0.16,17.80,-24.82,-21.99,133.14,272.25,23.68,6785,15862,11.47,11.02,4
1785.445,-7.281293,112.796417,1.71,-39.66,-0.74,2.96,125.70,274.50,14.47,26443,7968,12.21,12.15,0
1785.450,-7.281173,112.797059,0.55,-7.00,-27.98,-25.84,107.19,276.75,-20.33,11712,28791,12.43,11.24,4
1785.455,-7.280860,112.796284,1.20,15.15,-27.95,-19.06,-101.50,279.00,9.48,5081,24587,12.18,11.59,3
1785.460,-7.280903,112.797012,2.90,-39.10,10.57,-15.81,-56.94,281.25,-19.36,29012,28963,11.91,11.49,3
1785.465,-7.280622,112.796471,3.35,29.90,-32.54,-148.78,157.90,283.50,-32.51,18001,17664,10.42,11.11,2
1785.470,-7.280427,112.796804,2.51,-5.96,-11.07,11.97,-49.32,285.75,-20.35,28729,26624,10.15,11.14,1
1785.475,-7.280993,112.797038,0.32,22.38,-32.63,126.26,-66.46,288.00,-18.78,16238,6862,10.98,10.71,1
1785.480,-7.280683,112.796326,1.65,10.92,2.12,161.32,136.99,290.25,-24.36,13640,5056,10.06,10.52,3
1785.485,-7.280866,112.796409,0.37,-20.98,30.79,-161.61,71.16,292.50,28.79,7351,23848,12.16,11.00,3
1785.490,-7.280753,112.796523,3.11,-19.27,-14.07,-34.25,178.25,294.75,29.31,14296,19148,12.42,10.01,3
1785.495,-7.279950,112.797005,2.22,15.96,-24.44,22.13,45.86,297.00,23.20,22645,17398,12.50,10.49,3
1785.500,-7.280634,112.796612,2.43,-18.71,-4.80,25.54,150.60,299.25,9.45,22329,28431,10.97,11.09,2
1785.505,-7.279865,112.796962,0.20,-16.23,12.47,-104.73,19.91,301.50,-17.78,23360,20460,11.59,11.51,2
1785.510,-7.279889,112.796541,0.58,-1.65,-4.54,176.43,-103.44,303.75,-26.02,1907,26139,10.38,12.03,1
1785.515,-7.279943,112.796850,2.62,-5.96,32.31,-111.31,12.33,306.00,12.93,20831,23355,11.53,11.44,0
1785.520,-7.279664,112.796635,0.96,-14.65,-35.91,154.02,-31.96,308.25,24.98,2364,8012,10.08,10.40,4
1785.525,-7.280017,112.796805,2.01,34.00,-36.87,125.85,179.93,310.50,-21.20,12114,18294,12.58,11.52,0
1785.530,-7.279750,112.797605,3.06,29.02,3.37,-42.14,119.57,312.75,34.72,24958,4315,12.46,10.65,3
1785.535,-7.279346,112.797613,0.74,28.61,32.21,-32.71,86.66,315.00,13.78,6528,14462,12.25,10.26,0
1785.540,-7.280160,112.797353,1.76,18.95,15.88,166.46,-175.16,317.25,12.09,25494,17779,12.25,11.77,4
1785.545,-7.279160,112.797694,1.42,-6.97,0.02,-106.54,-173.46,319.50,22.93,17616,5327,10.16,11.65,3
1785.550,-7.279389,112.797149,1.49,-8.81,-4.27,-168.53,105.70,321.75,-6.02,1085,7827,12.41,11.68,2
1785.555,-7.279741,112.796967,1.36,-32.01,22.91,-142.18,170.65,324.00,8.76,19074,11450,10.40,12.18,1
1785.560,-7.279907,112.797656,3.11,4.92,-6.81,19.61,-105.83,326.25,18.94,27998,24859,12.44,10.78,0
1785.565,-7.279640,112.797866,2.29,25.41,-2.83,-142.75,-120.30,-326.86,18.54,8767,9094,10.00,10.47,3
1785.570,-7.279833,112.797850,0.38,-31.35,16.42,16.70,46.93,-324.61,18.33,1754,27536,10.56,10.62,4
1785.575,-7.278926,112.797964,1.31,-37.62,-29.71,70.35,95.20,-322.36,27.70,12533,19924,10.45,10.84,4
1785.580,-7.278909,112.797794,1.02,28.04,-27.53,-124.04,21.89,-320.11,1.95,27595,9489,11.18,10.16,0
1785.585,-7.278940,112.797820,2.45,-20.47,9.28,-129.77,-154.41,-317.86,-0.76,14919,5654,11.85,12.24,4
1785.590,-7.279252,112.798193,2.53,-7.60,-39.20,154.68,54.41,-315.61,33.26,12863,9245,10.52,12.25,0
1785.595,-7.278733,112.798283,1.35,7.56,-21.31,-68.31,80.10,-313.36,-8.41,22938,1164,10.23,11.78,4
1785.600,-7.279451,112.798706,0.22,7.03,-2.66,133.75,-81.52,-311.11,-17.40,420,840,12.47,10.05,1
1785.605,-7.278575,112.798179,3.30,-23.01,-17.86,96.99,29.29,-308.86,20.87,13616,24344,12.56,11.79,2
1785.610,-7.278851,112.798670,2.62,-5.65,-24.93,-140.98,-174.58,-306.61,-6.35,17462,19546,11.60,11.78,3
1785.615,-7.279327,112.798307,1.51,-39.30,-29.78,-142.69,-40.38,-304.36,-24.77,6193,20135,12.41,10.05,1
1785.620,-7.279259,112.798952,0.40,-32.63,27.64,-135.09,-36.04,-302.11,23.30,20725,14359,10.85,12.02,1
1785.625,-7.278671,112.798447,1.07,31.74,0.98,-129.03,3.93,-299.86,-31.26,26964,16457,11.96,10.02,3
1785.630,-7.279155,112.799214,2.17,-9.31,19.11,57.74,40.38,-297.61,-9.37,24264,7210,12.10,11.40,4
1785.635,-7.280838,112.798984,2.65,13.96,3.38,-47.96,-153.98,0.00,-21.96,26710,13750,11.80,10.13,1
1785.640,-7.280362,112.798723,3.09,5.83,-36.47,-36.67,-156.89,2.25,-29.24,3772,23096,10.20,10.49,0
1785.645,-7.279980,112.799259,1.14,20.81,-14.31,-64.27,69.61,4.50,13.35,14196,29994,12.44,11.66,1
1785.650,-7.280477,112.798695,3.25,-33.37,-13.81,-178.94,-83.07,6.75,-17.76,28353,8295,10.71,11.63,2
1785.655,-7.280260,112.798574,1.02,1.61,-14.35,36.27,3.45,9.00,-16.60,2993,16707,12.53,11.33,1
1785.660,-7.280755,112.799131,0.75,31.91,-13.54,-151.07,-122.68,11.25,21.88,2417,13708,10.34,11.66,3
1785.665,-7.280213,112.799405,1.04,-33.88,22.89,99.61,61.13,13.50,9.69,14865,17983,10.55,12.25,1
1785.670,-7.280539,112.799646,2.19,0.85,-36.54,112.26,-151.72,15.75,23.03,9807,85,10.61,10.17,3
1785.675,-7.280139,112.799677,2.02,23.34,30.09,7.31,-97.75,18.00,27.21,2203,23436,10.48,11.30,4
1785.680,-7.280245,112.799523,0.46,-5.07,-16.85,-132.09,-57.76,20.25,30.95,14215,11483,12.09,12.58,0
1785.685,-7.280845,112.799127,1.45,29.60,-7.97,-155.00,-151.63,22.50,8.96,2381,29656,11.75,11.26,1
1785.690,-7.280092,112.799304,1.67,29.42,4.47,89.46,-158.26,24.75,-30.85,16913,18330,12.32,12.11,0
1785.695,-7.280836,112.799048,2.41,-0.96,3.38,-24.57,-152.71,27.00,-15.31,23306,7165,11.80,12.32,4
1785.700,-7.280761,112.799615,2.06,18.41,30.18,-169.43,-111.24,29.25,-9.48,10872,14262,11.68,12.06,0
1785.705,-7.280270,112.799703,2.13,9.03,0.09,-41.33,-172.35,31.50,17.30,8348,475,11.86,11.42,1
1785.710,-7.280440,112.799370,1.38,22.18,-30.03,50.02,-137.35,33.75,9.56,21416,1268,12.00,10.99,4
1785.715,-7.280665,112.799992,1.53,1.92,36.96,-63.60,6.61,36.00,-21.19,1226,28308,12.55,10.57,3
1785.720,-7.280404,112.799256,0.77,-19.44,-21.73,-17.15,-155.54,38.25,-24.02,11277,20243,11.31,11.61,2
1785.725,-7.280891,112.800097,2.26,3.30,-35.86,39.78,30.02,40.50,-31.47,15453,25678,11.25,11.17,4
1785.730,-7.280521,112.800139,2.83,-8.16,7.68,72.18,170.55,42.75,-7.86,13684,10900,10.82,11.61,1
1785.735,-7.280502,112.799839,2.89,23.03,-9.68,-90.22,166.93,45.00,-10.04,15057,9621,12.45,10.92,1
1785.740,-7.280734,112.800253,0.54,-29.71,-14.04,42.18,-89.84,47.25,-34.19,9091,29138,10.48,10.72,3
1785.745,-7.280851,112.799846,0.40,-12.72,-18.21,106.25,146.07,49.50,24.11,18853,29139,12.35,12.32,1
1785.750,-7.280439,112.800074,0.81,33.71,26.36,83.06,-113.18,51.75,16.60,9064,13662,10.65,11.49,3
1785.755,-7.281078,112.799870,1.31,-22.74,2.32,-168.51,78.92,54.00,13.71,3147,11625,11.97,10.11,0
1785.760,-7.280583,112.799956,0.18,14.94,-2.33,139.14,-22.62,56.25,-25.65,10042,15650,12.15,10.11,3
1785.765,-7.280469,112.800393,2.90,-0.77,-33.74,-9.21,141.74,58.50,-8.29,21893,871,10.51,10.39,1
1785.770,-7.280630,112.800105,0.75,-2.29,-36.27,127.88,-91.47,60.75,33.12,12739,16640,12.23,10.21,0
1785.775,-7.280632,112.800324,3.39,39.09,9.01,55.42,-157.06,63.00,18.41,14130,11015,11.72,11.71,3
1785.780,-7.281009,112.799820,0.55,-34.07,29.25,53.56,-22.36,65.25,-22.85,4804,6503,11.83,12.29,4
1785.785,-7.280546,112.800228,1.51,29.44,36.60,14.92,21.37,67.50,-30.36,19840,7451,11.15,11.80,4
1785.790,-7.281386,112.800405,0.06,-29.38,-24.41,82.26,102.72,69.75,-34.17,6251,3486,10.76,10.99,3
1785.795,-7.281271,112.800374,1.31,34.43,-11.22,140.34,130.86,72.00,-12.71,28348,7901,11.33,12.25,0
1785.800,-7.280866,112.800357,2.27,-12.39,-36.75,114.14,24.71,74.25,14.94,14420,28378,11.03,11.97,1
1785.805,-7.281361,112.800247,2.24,20.55,-28.71,1.91,15.52,76.50,23.23,27839,4253,11.10,12.35,1
1785.810,-7.281333,112.800173,3.25,-7.84,-2.99,91.85,-0.39,78.75,19.70,13795,3957,10.16,11.99,3
1785.815,-7.281675,112.799778,1.65,39.85,-30.02,-134.19,44.69,81.00,30.69,14796,5496,10.51,12.01,0
1785.820,-7.280847,112.800646,0.71,-31.16,37.42,-77.82,7.09,83.25,-22.12,21904,18728,10.73,10.48,2
1785.825,-7.281021,112.800377,3.30,13.58,-24.42,-67.32,-133.48,85.50,-14.12,8633,7797,10.68,10.98,0
1785.830,-7.281164,112.800695,0.46,-30.50,35.30,-64.88,-100.46,87.75,-14.17,11302,24852,12.47,12.33,2
1785.835,-7.281946,112.799840,3.16,28.58,2.28,-110.44,-95.86,90.00,14.74,21320,11840,12.15,10.04,0
1785.840,-7.281982,112.800493,0.66,6.28,20.51,-113.04,-143.94,92.25,-0.45,27246,9519,12.03,10.48,0
1785.845,-7.281969,112.800276,1.13,32.21,-37.78,17.83,101.32,94.50,-16.73,27422,8545,12.46,10.25,3
1785.850,-7.281284,112.799986,1.30,11.38,-28.71,-70.43,-49.12,96.75,3.26,26618,8671,11.12,11.16,1
1785.855,-7.282176,112.800340,0.20,20.26,34.79,160.13,-72.66,99.00,-14.25,22542,11850,12.47,11.91,2
1785.860,-7.282278,112.800653,2.19,-30.31,-35.72,-122.44,133.85,101.25,-26.01,15513,4226,11.05,10.25,3
1785.865,-7.281537,112.800280,1.74,37.24,-9.69,-18.03,-127.49,103.50,34.85,29464,9420,10.44,11.01,2
1785.870,-7.282010,112.800185,1.74,22.40,23.06,-46.06,-62.96,105.75,12.45,933,18362,10.82,10.50,2
1785.875,-7.281871,112.800019,1.03,-19.68,-14.67,88.36,-9.84,108.00,20.72,15189,16098,12.46,10.83,1
1785.880,-7.282352,112.800169,1.48,37.38,15.44,140.64,-55.07,110.25,10.71,19399,9256,10.67,10.59,2
1785.885,-7.282254,112.800312,0.74,18.12,20.84,66.91,-101.85,112.50,18.35,15650,19541,11.79,12.01,4
1785.890,-7.282617,112.800768,3.29,21.39,3.63,126.84,167.22,114.75,-27.59,18452,18683,11.67,11.51,0
1785.895,-7.282602,112.799813,1.55,30.49,16.70,-53.63,22.31,117.00,-7.37,4656,18722,10.10,10.29,2
1785.900,-7.282505,112.800648,0.53,-39.09,-28.60,-42.89,17.26,119.25,2.25,26365,18614,12.24,11.19,4
1785.905,-7.282285,112.800257,2.38,17.06,39.17,-101.22,5.25,121.50,-28.29,1813,6349,10.23,11.57,2
1785.910,-7.282809,112.799796,3.25,-2.89,30.67,82.11,166.42,123.75,26.16,13369,1495,10.37,10.71,1
1785.915,-7.282516,112.799947,0.62,-31.77,14.65,-51.42,-58.73,126.00,-27.56,20790,367,11.22,10.81,4
1785.920,-7.282693,112.800298,0.11,20.50,-5.77,-35.19,-41.05,128.25,6.16,19394,15918,11.12,10.40,2
1785.925,-7.282775,112.799665,2.68,-23.78,-26.27,-173.79,-106.65,130.50,30.14,13484,3098,12.49,10.55,4
1785.930,-7.283002,112.800060,3.14,35.97,30.09,-132.92,28.03,132.75,-0.30,15975,12260,11.54,11.55,4
1785.935,-7.282195,112.799591,3.32,-33.85,-33.34,-112.21,103.67,135.00,15.66,19350,467,11.32,11.76,1
1785.940,-7.283005,112.800427,2.82,23.73,22.25,-83.49,61.89,137.25,33.02,1026,4060,11.34,10.62,1
1785.945,-7.282632,112.800413,0.83,5.91,-39.13,89.26,-66.85,139.50,-16.55,11483,14929,10.01,11.22,2
1785.950,-7.282509,112.799833,0.13,-39.43,-10.94,133.46,-130.76,141.75,28.62,11422,18874,10.96,11.65,2
1785.955,-7.282704,112.800322,2.48,-25.53,29.28,163.52,-90.67,144.00,11.29,2153,18632,11.00,11.29,2
1785.960,-7.282732,112.799886,1.63,20.22,19.87,-165.15,119.77,146.25,21.36,29986,6418,11.75,11.12,1
1785.965,-7.283187,112.799605,1.75,5.60,31.14,57.71,51.67,148.50,7.87,219,28203,12.24,10.64,2
1785.970,-7.283119,112.799782,0.64,-20.40,27.49,-144.72,165.34,150.75,31.22,8253,12904,10.44,11.89,3
1785.975,-7.283102,112.800076,0.35,6.58,-16.17,-135.20,98.88,153.00,31.49,7089,24704,11.28,11.11,0
1785.980,-7.283058,112.800041,3.05,39.38,4.58,144.37,166.14,155.25,14.39,25993,10619,10.86,11.07,2
1785.985,-7.283195,112.799214,1.54,17.80,-10.32,92.68,103.88,157.50,20.43,13782,13350,10.11,10.76,3
1785.990,-7.283234,112.799227,0.56,-24.52,-37.26,166.04,-85.67,159.75,28.92,2154,6753,10.99,11.53,0
1785.995,-7.282912,112.799143,3.46,-22.23,30.70,-166.04,-10.92,162.00,33.51,21160,7672,11.64,10.64,2
1786.000,-7.282763,112.799155,3.44,11.86,-26.42,-56.13,-106.85,164.25,-4.93,17505,6433,10.59,11.67,4
1786.005,-7.283497,112.799608,1.62,-25.05,-17.35,6.35,126.42,166.50,-5.94,24532,28457,12.37,12.37,1
1786.010,-7.283233,112.799524,2.59,-32.78,-27.28,-170.29,18.22,168.75,-2.18,29510,15009,11.22,12.18,4
1786.015,-7.283109,112.799207,1.12,28.27,-8.01,28.79,87.54,171.00,-16.53,23907,2398,11.52,11.93,3
1786.020,-7.283254,112.798717,2.99,11.33,10.48,-142.22,0.52,173.25,5.11,27248,17549,11.40,10.73,4
1786.025,-7.282881,112.798583,2.20,30.30,-21.04,-48.02,94.27,175.50,1.43,1743,15388,11.35,10.34,4
1786.030,-7.282951,112.799408,3.30,33.01,-5.54,-45.88,176.56,177.75,8.43,25332,23734,10.21,12.34,4
1786.035,-7.283114,112.799252,0.90,5.14,4.54,65.39,-128.14,180.00,-4.91,26696,17880,11.05,10.65,2
1786.040,-7.283772,112.798619,0.24,6.80,38.40,-40.09,50.79,182.25,7.30,5865,12440,10.21,12.12,0
1786.045,-7.283190,112.798649,2.95,-32.03,-30.53,-14.70,20.72,184.50,-34.14,17790,17244,10.66,12.10,2
1786.050,-7.283509,112.798494,0.51,-20.66,12.22,-32.49,50.71,186.75,15.02,18062,12387,10.72,10.46,1
1786.055,-7.282893,112.798815,0.06,10.11,33.53,176.35,-70.41,189.00,-17.80,17405,13316,12.26,10.92,0
1786.060,-7.283464,112.798465,0.55,21.92,37.01,84.53,-72.77,191.25,21.46,4885,6532,11.85,11.60,3
1786.065,-7.282902,112.798525,1.57,-5.23,39.89,136.50,-123.52,193.50,9.52,25853,13316,12.24,10.59,2
1786.070,-7.283759,112.798137,2.22,-16.68,-17.65,-97.36,-147.96,195.75,10.13,21059,17110,11.37,11.93,4
1786.075,-7.283122,112.798676,1.04,-22.55,-4.25,-135.48,-1.64,198.00,-1.76,22449,15346,12.53,10.60,4
1786.080,-7.283166,112.798142,1.66,-18.33,23.59,-172.57,28.40,200.25,-10.28,26830,9299,11.88,11.77,0
1786.085,-7.283316,112.797847,0.47,-8.19,22.72,95.82,50.00,202.50,13.52,17926,28836,11.76,11.44,2
1786.090,-7.283116,112.797806,0.31,27.41,-35.88,50.51,-54.85,204.75,16.94,5165,16296,10.62,11.03,3
1786.095,-7.282993,112.797996,0.02,-28.67,4.62,-40.15,18.80,207.00,27.18,17666,25356,11.86,12.31,0
1786.100,-7.283265,112.797516,1.23,-4.15,-27.77,-91.85,174.69,209.25,-14.47,11738,12909,11.25,11.88,3
1786.105,-7.283207,112.798360,3.31,-16.39,36.93,100.55,-135.51,211.50,-29.95,16587,15536,11.73,10.71,0
1786.110,-7.282845,112.798117,2.45,-32.30,-19.05,125.68,-1.30,213.75,27.54,7661,14369,11.80,11.54,4
1786.115,-7.282829,112.797745,2.85,-4.98,13.95,-73.31,39.34,216.00,-11.34,16384,2832,10.42,10.64,3
1786.120,-7.283514,112.797337,3.49,38.23,-17.69,-63.41,-137.71,218.25,14.12,6255,644,10.35,11.51,1
1786.125,-7.282871,112.797562,1.11,16.78,-16.92,-43.32,105.10,220.50,24.57,23579,14583,10.82,12.04,4
1786.130,-7.283198,112.797650,0.78,17.30,-31.67,19.81,111.37,222.75,-9.47,14355,19938,12.30,11.27,0
1786.135,-7.283205,112.797825,0.78,8.69,-7.20,-153.64,148.10,225.00,8.20,26557,648,10.09,11.28,1
1786.140,-7.282401,112.797092,1.47,-39.73,28.24,-43.21,126.73,227.25,-21.06,6959,12780,12.57,11.74,0
1786.145,-7.282705,112.797734,0.05,4.35,2.17,130.71,100.31,229.50,15.71,5889,17747,11.29,11.63,1
1786.150,-7.282959,112.797581,0.92,-3.26,23.26,11.30,114.61,231.75,-22.47,6513,14033,10.35,10.94,1
1786.155,-7.283041,112.797223,1.01,2.53,-15.66,-85.99,-95.41,234.00,22.54,573,25431,11.69,10.26,1
1786.160,-7.282223,112.796714,0.46,12.24,38.32,-176.04,-38.98,236.25,-3.38,25657,12540,11.50,12.49,0
1786.165,-7.282962,112.797432,1.81,-24.63,23.15,-89.50,-112.46,238.50,24.52,23661,17285,12.12,10.51,0
1786.170,-7.282057,112.797175,1.21,-20.33,2.15,67.89,-146.41,240.75,5.27,29873,5938,10.32,10.74,3
1786.175,-7.282047,112.796561,3.46,-20.32,-8.82,1.77,104.36,243.00,-29.58,11993,12245,10.52,10.24,0
1786.180,-7.281907,112.796545,2.33,-35.01,15.31,-120.66,71.77,245.25,-7.81,19209,28643,12.43,10.20,0
1786.185,-7.282054,112.797161,1.19,29.54,13.87,-86.61,115.91,247.50,-30.04,10875,23524,12.39,10.19,1
1786.190,-7.282714,112.796529,2.70,34.00,-3.93,-7.55,-0.23,249.75,-22.65,18396,10203,11.28,12.08,3
1786.195,-7.282593,112.796689,1.53,-8.20,38.70,108.42,-95.12,252.00,31.56,412,347,10.03,11.31,2
1786.200,-7.282216,112.796436,0.34,-0.30,7.77,150.93,-73.03,254.25,15.26,29943,20082,10.79,12.31,3
1786.205,-7.281790,112.796785,0.07,-28.21,-10.23,-117.67,-41.55,256.50,10.96,13198,346,11.00,10.25,0
1786.210,-7.281594,112.796830,1.86,28.72,30.66,91.73,41.30,258.75,0.14,23218,3659,11.39,10.33,3
1786.215,-7.281605,112.796798,2.47,-27.59,-39.42,-99.13,-16.07,261.00,25.44,3969,25708,11.08,11.24,2
1786.220,-7.281498,112.796586,2.74,7.47,33.85,7.77,-107.36,263.25,16.80,28254,25131,10.41,10.26,3
1786.225,-7.281574,112.796406,3.35,-30.04,7.87,117.16,4.45,265.50,-18.56,24223,17672,11.50,10.99,1
1786.230,-7.281880,112.796705,0.31,-37.01,-30.74,54.18,63.05,267.75,9.67,5101,15815,10.24,10.84,3
1786.235,-7.281578,112.796238,0.77,5.27,24.41,-46.97,-57.55,270.00,-27.62,52,23339,10.47,11.40,2
1786.240,-7.281468,112.796691,3.14,-1.85,-8.45,78.79,57.90,272.25,14.13,9989,14089,11.18,10.06,2
1786.245,-7.281046,112.796461,0.22,-35.24,17.17,-11.29,-44.23,274.50,-30.54,25195,27554,10.12,12.21,2
1786.250,-7.281075,112.796286,0.09,14.53,-30.81,-179.48,-95.46,276.75,-2.82,21419,20827,10.08,12.37,1
1786.255,-7.281014,112.797129,3.23,-32.63,9.01,138.51,-133.98,279.00,7.87,24525,21544,10.37,12.45,2
1786.260,-7.280860,112.796842,0.48,-38.27,23.52,117.82,-17.40,281.25,-26.74,11452,12527,11.04,10.47,4
1786.265,-7.280796,112.796335,2.31,38.44,6.96,-112.63,-83.72,283.50,-8.28,5012,18028,11.91,11.17,0
1786.270,-7.280836,112.796553,3.18,0.07,26.25,-99.03,-112.74,285.75,-3.48,26710,3738,12.21,10.22,2
1786.275,-7.280540,112.796962,2.93,-6.40,23.05,-72.66,-158.74,288.00,-12.18,23372,11151,12.17,10.59,4
1786.280,-7.280875,112.797238,2.95,21.73,-32.49,64.97,158.06,290.25,11.22,13259,3850,10.55,10.15,0
1786.285,-7.280285,112.796950,0.39,37.66,-10.23,126.93,23.71,292.50,6.73,27710,2601,10.86,12.32,0
1786.290,-7.280283,112.797043,2.45,15.28,14.30,89.46,-19.56,294.75,5.76,27117,27770,11.30,10.41,4
1786.295,-7.280391,112.796512,1.28,15.85,32.18,-19.54,-147.59,297.00,7.73,23751,9114,11.17,12.34,1
1786.300,-7.280791,112.796523,0.24,-37.15,-7.44,-78.14,24.62,299.25,-26.48,28316,16962,11.57,12.31,4
1786.305,-7.279867,112.797024,2.02,13.83,28.14,-157.76,71.22,301.50,-21.32,9308,17636,12.02,12.58,3
1786.310,-7.280676,112.797245,1.97,-29.97,8.18,-50.64,139.51,303.75,34.20,24717,23718,12.50,11.73,3
1786.315,-7.280188,112.796635,0.92,5.81,8.61,-78.98,96.41,306.00,-6.06,18256,26660,11.48,10.79,3
1786.320,-7.280279,112.796749,0.45,15.47,27.43,-58.78,-35.36,308.25,18.11,16191,28195,10.66,10.10,2
1786.325,-7.279748,112.796745,2.44,16.93,37.38,-133.62,-97.90,310.50,4.06,2305,2466,10.59,10.45,4
1786.330,-7.279431,112.797198,1.14,-30.43,-28.09,81.93,-86.44,312.75,-8.42,9210,17332,10.00,12.37,1
1786.335,-7.280102,112.796803,1.35,-0.57,20.24,-137.05,-79.00,315.00,-33.49,15629,4013,10.61,12.20,1
1786.340,-7.279514,112.797718,2.47,17.16,17.88,-21.71,141.72,317.25,24.28,10858,9408,11.41,10.13,4
1786.345,-7.279670,112.796979,0.69,-35.02,26.96,10.04,-95.57,319.50,14.27,18560,17418,10.57,11.73,1
1786.350,-7.279177,112.797882,1.24,-6.48,-32.48,53.23,136.53,321.75,-12.22,20259,19335,11.94,11.82,3
1786.355,-7.279728,112.797827,2.17,28.72,3.38,-36.19,6.45,324.00,23.66,23326,11009,10.72,11.72,0
1786.360,-7.279408,112.797533,2.06,-8.14,14.94,99.25,46.59,326.25,0.37,14510,29860,11.13,12.56,3
1786.365,-7.279837,112.798020,2.67,4.24,-8.98,-48.37,150.67,-326.86,33.92,13140,25473,11.89,11.63,4
1786.370,-7.279455,112.798102,0.38,-23.98,5.50,-30.01,18.11,-324.61,22.62,22441,15540,10.29,12.13,0
1786.375,-7.279026,112.797375,2.37,21.09,33.17,101.36,-55.76,-322.36,1.78,15418,2585,11.88,10.03,4
1786.380,-7.279301,112.797436,0.85,-22.01,-11.91,-103.89,44.20,-320.11,-18.07,20128,9271,10.67,10.87,0
1786.385,-7.279367,112.797981,2.79,33.42,28.72,154.46,-95.23,-317.86,-5.23,3103,21463,10.05,10.24,0
1786.390,-7.278702,112.797997,1.67,20.69,-19.61,-141.83,-119.25,-315.61,1.06,89,23432,11.58,11.15,1
1786.395,-7.279443,112.797766,2.51,-36.55,3.33,-80.68,-163.08,-313.36,20.65,3945,22272,12.27,11.32,3
1786.400,-7.278712,112.798019,0.51,5.71,-13.42,100.51,72.11,-311.11,-3.23,7046,5449,10.80,11.88,3
1786.405,-7.279440,112.797823,2.63,-26.28,24.37,-134.75,116.91,-308.86,-34.13,4038,17961,12.59,11.62,2
1786.410,-7.279308,112.798296,0.55,39.36,-20.06,175.39,65.47,-306.61,-34.95,16550,24219,11.52,11.65,0
1786.415,-7.278971,112.798620,0.96,16.00,-11.88,-152.45,33.16,-304.36,-21.94,29700,19187,10.52,10.15,3
1786.420,-7.279138,112.798642,1.95,16.04,1.35,94.05,169.92,-302.11,3.16,833,12526,10.91,10.80,3
1786.425,-7.279337,112.799137,0.85,-2.48,17.13,-85.89,-100.99,-299.86,1.11,22999,4137,11.06,10.64,1
1786.430,-7.278517,112.799069,1.46,-32.14,33.27,-96.51,-125.76,-297.61,15.32,14871,16304,12.00,12.27,1
1786.435,-7.280130,112.798545,0.30,26.18,-20.55,-170.12,-114.97,0.00,15.17,26662,6403,10.68,12.19,2
1786.440,-7.280349,112.798892,0.32,-32.53,-15.65,173.34,26.03,2.25,17.31,6727,11886,11.70,10.35,1
1786.445,-7.280458,112.799331,3.49,-38.72,7.42,-16.14,-49.97,4.50,7.16,15242,1176,12.38,11.70,0
1786.450,-7.280390,112.799240,0.99,-34.47,-3.80,-76.82,-171.40,6.75,28.49,17864,9807,10.45,11.25,2
1786.455,-7.280438,112.798916,2.93,10.99,-19.63,-85.70,154.13,9.00,-19.44,22573,3132,12.58,11.07,2
1786.460,-7.280628,112.799068,2.50,13.83,-9.85,-2.41,113.11,11.25,6.42,17379,10583,10.70,12.00,3
1786.465,-7.280513,112.799125,2.90,-8.56,24.99,78.21,104.85,13.50,26.34,26562,20698,11.76,10.89,3
1786.470,-7.280212,112.799543,3.10,-23.05,-22.35,124.50,-93.97,15.75,-23.92,28469,28408,11.87,12.49,4
1786.475,-7.280428,112.799578,0.73,-19.23,-5.85,95.57,-50.34,18.00,-19.49,10179,16364,10.71,10.25,2
1786.480,-7.280474,112.799120,0.84,-15.80,-0.85,-76.95,133.32,20.25,32.95,15741,24213,10.33,11.58,3
1786.485,-7.280261,112.799723,2.73,31.74,21.90,101.08,118.24,22.50,2.32,22842,6065,11.87,12.35,3
1786.490,-7.280665,112.799779,2.65,7.21,-24.97,-152.12,14.69,24.75,8.81,25521,4137,11.75,10.00,1
1786.495,-7.280093,112.799057,1.72,28.80,-11.19,-165.21,62.93,27.00,15.14,21346,5081,12.03,11.79,2
1786.500,-7.280457,112.799652,2.98,28.99,-31.39,-75.05,159.57,29.25,19.15,11546,8988,12.04,10.31,0
1786.505,-7.280432,112.799770,1.94,6.99,1.03,-80.12,126.86,31.50,-16.42,19359,25929,11.21,12.03,1
1786.510,-7.280135,112.799836,1.93,-4.42,30.36,-109.94,126.60,33.75,-24.51,17992,19201,11.01,11.53,2
1786.515,-7.280647,112.800028,2.89,37.29,26.63,-168.51,-7.91,36.00,6.16,29766,8163,10.19,10.80,0
1786.520,-7.280583,112.799519,2.91,-39.99,-19.16,115.36,-45.39,38.25,15.29,1198,21662,10.56,11.53,1
1786.525,-7.280193,112.799188,2.74,-7.23,-27.50,-19.56,96.26,40.50,1.30,23059,12715,10.58,10.57,4
1786.530,-7.280578,112.799317,1.46,-31.97,-11.37,155.62,-103.47,42.75,-19.06,15719,22701,10.23,12.40,0
1786.535,-7.281138,112.799617,1.99,-2.64,31.47,-174.33,-17.88,45.00,15.49,15686,18511,12.13,12.51,2
1786.540,-7.280337,112.800081,2.06,-0.41,28.16,-142.67,78.94,47.25,-34.28,24324,8491,10.68,10.10,4
1786.545,-7.280284,112.800129,0.24,-27.36,39.45,-8.53,115.71,49.50,16.45,15028,20715,10.56,10.84,0
1786.550,-7.280610,112.799923,0.03,8.68,-15.78,-73.06,113.95,51.75,-4.82,22984,11794,10.62,11.60,4
1786.555,-7.281180,112.799672,1.46,-37.55,37.67,-152.84,-89.54,54.00,-28.14,19722,16267,10.16,11.97,4
1786.560,-7.280657,112.800263,2.95,19.30,1.79,62.87,-30.60,56.25,-25.47,16129,7728,12.52,10.84,3
1786.565,-7.280715,112.800088,0.08,-24.79,19.08,-5.53,36.94,58.50,3.02,18301,25190,10.35,12.34,0
1786.570,-7.281216,112.799574,2.11,-34.74,-1.65,125.27,-154.44,60.75,-9.72,22437,11374,10.98,10.09,1
1786.575,-7.280957,112.799761,0.43,-8.47,12.19,-96.42,-74.39,63.00,-32.70,23770,6119,11.24,12.14,1
1786.580,-7.281264,112.800413,2.56,0.92,-22.34,56.19,36.28,65.25,-3.78,26899,25222,10.86,11.10,1
1786.585,-7.280710,112.800426,0.56,-13.33,-19.09,170.76,-0.80,67.50,29.16,9153,11294,11.89,10.43,3
1786.590,-7.280918,112.799719,1.54,-30.56,-32.54,-167.63,-55.06,69.75,-20.93,4171,4359,10.43,12.24,0
1786.595,-7.281210,112.800256,0.09,28.99,35.63,102.59,-16.26,72.00,-24.56,1276,4782,10.79,10.70,0
1786.600,-7.280747,112.800545,3.26,21.88,-5.53,-152.97,-57.16,74.25,-13.22,26446,19734,10.01,10.72,2
1786.605,-7.281474,112.800120,2.28,37.18,-27.98,139.87,74.26,76.50,17.30,23367,159,11.23,10.64,0
1786.610,-7.281568,112.800294,0.90,13.72,-0.48,-163.78,144.28,78.75,-28.31,25767,10480,12.41,11.09,2
1786.615,-7.281278,112.800327,1.81,-5.19,10.55,-118.78,31.70,81.00,-29.95,13621,18159,12.36,11.44,2
1786.620,-7.281546,112.799808,2.67,-25.39,36.53,-4.85,30.57,83.25,19.95,10085,26154,10.83,10.58,2
1786.625,-7.281061,112.800515,2.74,-24.33,-8.11,135.31,-18.24,85.50,-0.31,11536,27890,11.45,10.05,1
1786.630,-7.281772,112.800638,2.27,-32.29,35.66,-41.24,-69.07,87.75,20.41,16236,14879,11.90,11.71,3
1786.635,-7.281658,112.800277,2.88,-4.51,36.66,158.12,-80.65,90.00,13.05,14557,28230,11.13,10.07,1
1786.640,-7.281273,112.800649,1.20,-4.43,-35.88,47.95,92.43,92.25,-14.22,21762,5929,11.63,12.57,1
1786.645,-7.281251,112.799939,0.85,34.48,26.34,154.03,106.30,94.50,2.80,15601,12178,10.09,11.14,1
1786.650,-7.281295,112.800625,1.16,-37.32,-26.48,86.45,13.95,96.75,8.25,17148,1610,12.58,10.52,3
1786.655,-7.281927,112.800248,1.56,-22.30,-37.78,-97.65,-102.21,99.00,4.41,29073,15066,10.27,11.41,0
1786.660,-7.281792,112.800801,1.24,-28.06,39.69,-139.49,-125.56,101.25,30.10,16389,28535,10.07,11.90,4
1786.665,-7.281376,112.800689,0.36,-30.53,-39.16,-56.34,169.99,103.50,-25.46,11802,29583,10.72,10.66,2
1786.670,-7.281934,112.800512,0.90,-23.45,-4.69,-69.47,-111.70,105.75,33.10,2485,4747,12.19,10.13,0
1786.675,-7.281624,112.800133,0.07,-21.13,20.57,-163.27,47.68,108.00,27.82,15208,19590,11.34,11.68,3
1786.680,-7.282364,112.800682,1.93,15.16,-37.96,-164.02,34.32,110.25,31.32,1211,2865,12.05,10.84,4
1786.685,-7.281751,112.799855,3.34,2.83,6.09,-4.46,-59.31,112.50,14.10,24488,16194,11.49,10.04,3
1786.690,-7.282393,112.800385,0.02,-21.24,-33.30,142.15,98.34,114.75,22.52,19644,14636,11.92,11.79,1
1786.695,-7.282557,112.800177,0.14,10.88,24.80,-95.91,-104.19,117.00,-8.87,19764,17263,11.62,10.65,2
1786.700,-7.282634,112.799857,3.31,0.49,-26.15,131.00,-50.30,119.25,15.54,24196,16915,12.13,10.38,4
1786.705,-7.282140,112.799971,1.80,-27.74,22.69,-77.63,-9.02,121.50,21.69,27073,14327,10.23,10.52,2
1786.710,-7.282021,112.800378,2.43,-17.85,20.20,-100.54,-43.94,123.75,4.30,6515,27174,11.55,11.16,3
1786.715,-7.282400,112.799907,1.98,23.81,-10.95,26.24,34.55,126.00,0.11,18753,29064,11.80,12.33,0
1786.720,-7.282817,112.800283,1.80,-24.79,-37.72,-10.95,-57.59,128.25,-25.84,4806,15663,12.48,12.47,3
1786.725,-7.282210,112.799688,2.44,-18.58,15.60,129.08,8.48,130.50,-31.41,29896,8583,11.86,10.60,2
1786.730,-7.282307,112.800310,1.27,36.24,39.88,119.21,159.67,132.75,-33.33,13431,17961,10.05,11.07,4
1786.735,-7.282379,112.799659,1.78,23.77,36.92,123.94,-45.66,135.00,2.78,23179,16712,11.23,11.42,4
1786.740,-7.282348,112.799902,2.74,-26.02,-29.59,-5.97,-148.67,137.25,15.73,20828,29708,11.81,10.79,3
1786.745,-7.283094,112.799816,0.70,30.77,-18.94,-108.79,-76.56,139.50,29.38,24002,24593,11.77,11.90,2
1786.750,-7.282981,112.799922,1.17,32.86,32.24,-78.84,24.77,141.75,16.78,6782,20337,12.29,12.43,3
1786.755,-7.282884,112.799439,3.00,20.99,-25.38,-125.05,-52.03,144.00,-8.32,11451,18281,10.80,12.50,3
1786.760,-7.282938,112.799809,0.71,6.95,29.09,98.73,-12.42,146.25,10.01,28860,21318,10.78,11.08,3
1786.765,-7.283346,112.799702,0.76,-38.36,-0.84,13.44,-64.87,148.50,26.83,5269,14069,12.16,11.81,3
1786.770,-7.282877,112.800138,0.44,12.39,-36.45,86.77,-125.68,150.75,15.14,9354,16185,11.06,10.24,2
1786.775,-7.283085,112.799526,1.84,36.52,2.72,59.32,124.16,153.00,12.69,3983,17438,11.39,10.93,2
1786.780,-7.282860,112.799525,2.12,38.39,-24.61,-70.69,77.11,155.25,-5.51,29940,8044,12.07,10.04,2
1786.785,-7.283419,112.799419,1.14,29.38,-16.48,109.25,72.45,157.50,21.69,17906,26467,10.70,11.76,4
1786.790,-7.283296,112.799874,1.80,37.90,-14.42,133.70,112.00,159.75,9.06,2052,11822,10.12,11.12,3
1786.795,-7.283464,112.799105,0.18,20.50,24.24,25.78,-171.17,162.00,14.39,4512,27895,10.93,10.86,4
1786.800,-7.282877,112.799030,1.84,-31.99,-13.35,9.73,101.20,164.25,34.49,23550,7600,10.34,12.17,3
1786.805,-7.283645,112.799273,3.41,13.18,-33.17,-7.64,91.94,166.50,-9.44,18241,24050,11.44,11.26,2
1786.810,-7.282967,112.798783,1.89,14.65,32.32,-171.04,3.91,168.75,25.78,23334,21479,12.47,11.16,4
1786.815,-7.283480,112.799600,1.08,38.31,35.66,-50.33,-72.59,171.00,29.66,2008,1587,10.71,12.13,4
1786.820,-7.283501,112.798841,1.13,31.92,-16.22,134.66,-158.45,173.25,-33.18,29083,23804,10.31,10.01,4
1786.825,-7.283611,112.798987,0.33,-21.45,-1.64,48.61,-176.93,175.50,26.34,27,27580,12.31,10.84,3
1786.830,-7.283024,112.798795,1.85,-5.65,19.24,-11.94,-43.10,177.75,22.77,19468,12,10.70,11.26,1
1786.835,-7.282915,112.799199,3.16,32.36,-27.42,-13.54,-124.76,180.00,7.81,16653,27192,10.22,10.92,2
1786.840,-7.283335,112.798714,1.28,-23.12,12.49,125.99,-175.23,182.25,-31.76,3740,3609,12.00,10.50,1
1786.845,-7.283468,112.799098,2.35,-15.29,-39.95,-122.95,-129.26,184.50,13.33,1829,14818,10.16,11.26,4
1786.850,-7.283452,112.798622,0.98,-3.64,-38.42,163.77,3.13,186.75,31.19,11294,23544,12.15,12.20,4
1786.855,-7.282881,112.798364,2.60,11.54,39.53,75.55,-156.57,189.00,-12.30,18591,26252,10.65,10.12,4
1786.860,-7.283425,112.798905,0.83,-11.55,2.85,-159.56,70.19,191.25,-33.55,6790,7409,12.32,11.60,2
1786.865,-7.283384,112.798123,1.56,10.10,29.59,-60.81,19.56,193.50,-2.53,26211,14276,10.25,12.40,0
1786.870,-7.283474,112.798868,1.39,33.12,19.68,-154.54,-15.26,195.75,18.88,19643,10670,12.48,12.44,2
1786.875,-7.283481,112.797927,2.53,12.59,27.66,137.46,157.64,198.00,27.55,25916,22103,10.67,10.26,4
1786.880,-7.282823,112.798284,1.24,15.13,-24.56,27.39,-106.59,200.25,-0.25,15298,4336,12.09,11.03,3
1786.885,-7.283002,112.798326,3.20,34.07,-14.55,140.37,-73.88,202.50,27.30,10334,20137,10.25,10.94,1
1786.890,-7.283456,112.797850,3.30,-2.98,29.51,128.49,-124.20,204.75,-17.32,10294,13608,12.13,12.56,1
1786.895,-7.283028,112.798368,3.12,27.96,-5.66,-156.21,-18.14,207.00,3.02,27574,227,11.42,12.32,4
1786.900,-7.283329,112.798007,0.43,27.75,16.25,163.33,-1.00,209.25,7.20,10550,4687,11.26,11.34,4
1786.905,-7.282990,112.798133,1.58,-17.78,-3.91,-175.20,73.81,211.50,27.46,2237,15310,10.59,12.13,3
1786.910,-7.282943,112.797545,2.04,37.97,-35.55,-67.56,-38.97,213.75,-0.68,13031,16974,10.50,10.16,0
1786.915,-7.283288,112.797388,0.75,-20.66,13.13,174.58,-175.34,216.00,33.84,12796,16466,12.57,11.11,2
1786.920,-7.283124,112.797745,0.87,-5.32,30.62,55.71,-105.87,218.25,-18.91,10244,27278,11.43,11.40,4
1786.925,-7.283088,112.797421,3.30,3.82,-27.90,58.46,-176.01,220.50,10.23,26154,17532,10.97,11.72,4
1786.930,-7.282991,112.797514,1.66,-35.24,13.19,109.00,-48.22,222.75,-2.09,13205,4830,11.86,11.58,3
1786.935,-7.283134,112.797258,1.92,-3.05,20.00,-14.07,-119.34,225.00,30.10,26968,16897,10.93,10.34,1
1786.940,-7.283344,112.797797,2.25,-38.13,6.17,148.65,-119.51,227.25,9.57,22092,27144,11.42,12.33,0
1786.945,-7.282948,112.797752,2.60,-17.31,-8.36,151.79,64.69,229.50,4.72,1970,26000,11.75,10.52,3
1786.950,-7.282512,112.796833,0.28,-39.66,-25.74,162.98,174.11,231.75,-19.23,12529,8583,12.45,11.98,3
1786.955,-7.283129,112.797723,2.11,-20.87,11.23,142.13,168.84,234.00,-33.79,13027,17900,11.92,11.35,1
1786.960,-7.282855,112.797668,0.33,16.48,26.86,52.22,-111.81,236.25,-0.79,25226,15287,11.19,11.08,0
1786.965,-7.282351,112.797116,0.53,-16.62,-33.43,124.81,128.67,238.50,-33.56,5686,21219,10.61,12.20,4
1786.970,-7.282154,112.796823,1.28,31.27,-32.36,164.78,62.28,240.75,-20.97,18780,1826,11.51,11.98,1
1786.975,-7.282518,112.796841,0.40,0.78,-0.79,159.63,34.68,243.00,12.77,29170,26364,10.25,11.18,1
1786.980,-7.282561,112.796979,0.90,20.97,32.64,161.33,-32.01,245.25,-31.11,12769,12796,10.99,10.78,0
1786.985,-7.282486,112.796848,0.47,11.49,-19.05,-58.94,159.64,247.50,-9.45,1962,7097,10.05,10.95,0
1786.990,-7.282265,112.797345,1.72,21.73,-32.53,128.98,-32.16,249.75,5.49,18504,24712,12.46,12.52,1
1786.995,-7.281929,112.797195,1.60,7.56,12.47,72.57,156.59,252.00,7.60,23117,20315,10.57,10.86,2
1787.000,-7.281721,112.797126,1.86,26.88,-11.72,117.47,9.41,254.25,-4.53,25590,14179,10.52,11.02,4
1787.005,-7.281986,112.796964,2.01,-29.58,22.13,-26.19,-93.03,256.50,23.60,28168,3474,11.27,11.61,2
1787.010,-7.281558,112.797276,3.29,-31.01,-34.37,39.74,154.46,258.75,-28.79,26912,17630,10.85,10.01,1
1787.015,-7.282334,112.796754,2.99,9.78,-18.32,119.24,98.05,261.00,-6.97,6372,4894,11.55,10.36,2
1787.020,-7.282161,112.797191,2.91,-16.42,7.66,171.80,7.49,263.25,21.37,20905,9921,11.45,11.71,4
1787.025,-7.281605,112.796777,2.37,23.04,-34.66,-77.62,71.63,265.50,-31.70,21634,6760,10.94,11.67,4
1787.030,-7.281866,112.796485,2.66,-27.64,-20.91,109.49,175.43,267.75,-21.87,14240,17397,11.07,11.54,2
1787.035,-7.281422,112.796214,0.99,-34.76,-26.52,-130.59,-0.76,270.00,6.56,11375,7203,12.39,11.16,2
1787.040,-7.281408,112.796505,1.79,-36.99,32.64,-48.93,176.62,272.25,22.14,20593,2154,10.94,12.06,1
1787.045,-7.280963,112.796646,0.55,-19.48,19.52,30.86,64.43,274.50,16.35,27492,14427,10.73,10.11,1
1787.050,-7.281413,112.797128,2.47,39.25,-17.31,-115.91,86.46,276.75,20.26,26961,465,10.74,11.62,4
1787.055,-7.281462,112.797176,0.66,-21.04,-35.53,-12.98,-123.02,279.00,-15.31,22878,18401,12.47,10.33,3
1787.060,-7.280867,112.796495,1.55,15.49,31.68,112.91,83.61,281.25,-14.33,5478,23947,11.19,10.78,1
1787.065,-7.280912,112.796386,0.26,23.03,-1.58,72.37,163.32,283.50,3.42,24640,23014,10.68,12.19,4
1787.070,-7.281018,112.797014,1.20,-39.51,18.21,162.89,79.55,285.75,25.47,2850,29922,10.06,10.01,0
1787.075,-7.281112,112.796886,1.71,13.74,-23.71,75.09,-55.40,288.00,-21.58,5897,1257,10.34,10.58,2
1787.080,-7.280433,112.796792,2.94,32.74,20.82,8.73,-30.94,290.25,-19.64,14374,26012,10.64,10.27,2
1787.085,-7.280446,112.796836,0.81,-8.83,17.77,151.70,118.27,292.50,20.30,43,27773,11.70,12.45,0
1787.090,-7.280754,112.796428,1.28,12.79,28.08,58.10,-74.72,294.75,-6.50,15595,28712,12.06,11.71,4
1787.095,-7.280803,112.796642,2.95,-14.07,-18.15,-95.45,21.09,297.00,23.86,3880,4467,10.36,11.45,4
1787.100,-7.280126,112.796944,0.93,26.49,-32.49,-121.74,27.16,299.25,-4.12,7914,26459,10.42,10.36,0
1787.105,-7.280306,112.797098,0.28,2.76,-22.14,-147.48,-30.68,301.50,-32.73,14652,22348,12.21,11.75,0
1787.110,-7.280270,112.797404,2.76,-7.05,0.18,141.88,-42.54,303.75,-31.30,20074,10204,10.94,11.87,4
1787.115,-7.280449,112.797206,2.89,15.54,24.56,-102.32,-157.10,306.00,-2.41,14918,28741,11.14,11.76,4
1787.120,-7.279577,112.797090,0.66,3.06,19.78,-176.98,-7.01,308.25,1.09,19989,17203,11.93,10.36,2
1787.125,-7.279620,112.797000,3.14,-24.40,22.50,179.00,-109.68,310.50,11.68,4159,23529,10.01,12.14,1
1787.130,-7.280136,112.796812,1.68,27.01,-38.16,157.46,89.89,312.75,32.13,24074,21078,10.71,10.64,2
1787.135,-7.280165,112.797649,2.29,-36.01,-20.86,8.13,124.09,315.00,-2.80,21434,7882,11.55,12.45,1
1787.140,-7.279662,112.797473,1.16,-25.32,-22.70,-127.97,-33.75,317.25,11.77,3137,7590,11.06,11.03,4
1787.145,-7.279353,112.797768,0.03,30.01,-31.73,79.10,-0.01,319.50,15.60,811,694,10.88,11.58,2
1787.150,-7.279103,112.797176,3.04,-12.12,-15.74,-118.23,165.92,321.75,-12.08,21805,12835,10.00,10.13,2
1787.155,-7.279399,112.797046,3.11,-24.26,39.34,163.04,18.40,324.00,10.64,16722,26406,11.62,10.38,1
1787.160,-7.279771,112.797639,1.46,20.98,-29.89,20.37,-49.15,326.25,27.75,29409,2001,11.38,10.36,2
1787.165,-7.279222,112.798105,2.55,-17.13,10.01,126.73,166.27,-326.86,-28.11,21744,19535,12.49,12.18,1
1787.170,-7.279460,112.797389,2.80,23.29,-22.60,-113.73,-84.39,-324.61,1.73,17018,17737,12.41,11.39,1
1787.175,-7.279231,112.797980,1.22,-25.35,-24.25,-79.30,-127.13,-322.36,-12.56,3185,16623,11.38,11.67,4
1787.180,-7.279036,112.798048,1.18,-39.35,22.72,116.35,149.87,-320.11,18.69,14112,431,11.11,12.31,0
1787.185,-7.279214,112.797987,0.68,35.31,14.44,-147.60,158.24,-317.86,-28.55,2650,12887,10.38,10.71,4
1787.190,-7.279166,112.798464,3.24,-6.46,-9.11,-98.91,-22.16,-315.61,33.33,10415,21573,10.73,10.46,1
1787.195,-7.278831,112.798140,0.57,26.35,24.42,102.20,-82.15,-313.36,11.27,4517,12652,10.58,11.50,0
1787.200,-7.278642,112.797800,2.07,-4.16,38.29,-106.65,157.72,-311.11,-29.77,23402,19575,11.96,10.73,0
1787.205,-7.279224,112.798717,3.00,-13.36,37.65,7.72,-105.54,-308.86,-4.75,1441,2824,10.43,10.49,4
1787.210,-7.278700,112.798841,0.12,-39.68,-7.22,-24.43,-79.92,-306.61,29.76,3439,21365,11.72,12.05,1
1787.215,-7.279281,112.798435,3.24,-6.62,-22.44,-35.50,-44.14,-304.36,5.15,13574,8845,11.93,12.36,1
1787.220,-7.278783,112.798769,3.07,-36.88,-36.60,36.85,-58.15,-302.11,-10.31,27593,29840,12.13,10.91,3
1787.225,-7.278599,112.799163,2.57,-7.27,15.05,150.81,-33.75,-299.86,14.58,24196,19060,12.34,11.12,0
1787.230,-7.278522,112.799059,0.95,34.28,-26.12,138.38,64.72,-297.61,14.81,29916,26259,11.41,12.24,4
1787.235,-7.280411,112.798735,1.75,21.41,-10.40,-21.60,-59.01,0.00,25.05,502,12198,12.19,10.47,3
1787.240,-7.280161,112.798504,0.66,22.05,-11.27,54.28,-56.51,2.25,12.06,17943,11564,10.91,12.08,2
1787.245,-7.280139,112.798830,0.00,35.17,-28.65,144.68,-152.54,4.50,21.18,18993,23342,10.27,10.51,2
1787.250,-7.280654,112.798610,3.37,-35.47,15.79,-158.04,58.36,6.75,-9.00,23543,21664,10.39,10.98,3
1787.255,-7.280573,112.798863,0.58,-33.78,-22.09,90.08,-49.05,9.00,-18.88,6882,16836,11.63,11.29,3
1787.260,-7.280087,112.799136,1.66,13.69,4.02,-98.95,139.70,11.25,10.93,7116,13879,12.45,11.73,0
1787.265,-7.280103,112.798849,2.98,-7.21,0.70,60.62,-1.33,13.50,-14.68,13791,9295,10.55,10.17,0
1787.270,-7.280308,112.799019,1.51,29.54,26.73,-34.85,179.18,15.75,28.90,27307,28851,11.11,11.88,4
1787.275,-7.280706,112.799166,0.81,-28.45,-18.93,-55.98,-126.82,18.00,-21.92,6751,14357,10.44,11.69,0
1787.280,-7.280784,112.799566,3.04,13.25,-25.15,111.02,18.75,20.25,33.19,23062,4025,10.30,12.47,0
1787.285,-7.280202,112.799361,0.31,37.21,-0.77,179.22,143.49,22.50,11.56,26354,7318,11.30,12.53,4
1787.290,-7.280179,112.799299,1.67,-20.41,39.97,120.35,-108.89,24.75,25.53,14096,11548,12.33,11.10,4
1787.295,-7.280556,112.799404,0.75,23.36,22.50,-22.18,60.14,27.00,-2.62,4174,11121,12.07,10.67,0
1787.300,-7.280225,112.798987,0.36,-5.47,23.04,9.94,-132.95,29.25,-31.28,1200,423,11.76,11.58,4
1787.305,-7.280117,112.799922,2.22,17.35,-30.67,99.56,23.58,31.50,-5.48,7644,5940,11.61,11.01,1
1787.310,-7.280036,112.799232,2.85,18.75,16.71,24.65,50.56,33.75,-11.84,27971,617,12.52,10.45,0
1787.315,-7.280993,112.799851,2.42,-13.01,-20.47,90.68,-114.49,36.00,17.92,14388,6128,11.42,12.44,0
1787.320,-7.280630,112.799819,0.47,-17.50,14.13,81.63,39.72,38.25,-18.51,21489,13780,11.13,10.34,4
1787.325,-7.280778,112.800132,3.38,-36.76,-39.30,-9.26,43.76,40.50,-34.19,26847,19365,10.18,10.35,3
1787.330,-7.280776,112.799747,0.60,24.54,-7.06,-143.57,-97.04,42.75,25.00,9784,14906,12.10,11.51,3
1787.335,-7.280672,112.799968,1.50,29.17,6.55,-67.56,-75.92,45.00,-7.54,5566,14605,12.13,10.16,1
1787.340,-7.280260,112.799471,0.88,-38.95,-39.83,118.92,63.78,47.25,29.24,4302,29252,10.04,10.49,4
1787.345,-7.280955,112.799493,1.24,-24.63,0.48,176.23,139.92,49.50,-12.91,17263,20027,10.92,11.16,4
1787.350,-7.281050,112.800193,0.56,7.18,-20.69,-39.80,-108.05,51.75,13.77,12297,19536,10.12,10.11,4
1787.355,-7.281168,112.799522,0.12,36.70,36.35,124.69,-93.34,54.00,-16.56,6123,1002,11.15,11.71,4
1787.360,-7.280316,112.799895,2.18,-29.00,-38.75,-92.91,83.32,56.25,-33.56,19837,11227,12.52,11.92,2
1787.365,-7.280883,112.799558,2.11,32.60,-38.51,166.93,8.61,58.50,-12.00,9757,17857,11.67,12.20,3
1787.370,-7.281038,112.800195,2.13,-38.58,39.74,-92.94,-174.79,60.75,22.67,331,25140,11.92,10.09,3
1787.375,-7.280842,112.799877,0.56,-0.82,4.09,28.05,66.72,63.00,-10.35,3350,14911,12.23,11.96,4
1787.380,-7.280691,112.800285,0.35,-5.59,9.68,3.76,-126.37,65.25,-22.57,22003,28766,10.33,12.29,4
1787.385,-7.280924,112.799987,3.11,23.90,-20.56,-154.80,-20.14,67.50,0.87,28408,14565,11.99,11.15,0
1787.390,-7.281518,112.800556,3.12,-15.50,38.99,12.71,-41.47,69.75,1.30,4748,13007,11.97,11.93,2
1787.395,-7.281304,112.800422,3.17,-33.67,5.72,-17.87,-35.71,72.00,15.35,5249,9961,10.44,10.17,1
1787.400,-7.281224,112.799883,3.11,-31.33,-26.20,120.07,-84.30,74.25,-26.43,3018,18263,10.68,11.33,4
1787.405,-7.281494,112.800702,2.88,6.96,0.96,-172.50,-134.81,76.50,27.92,27123,822,11.88,11.60,2
1787.410,-7.280902,112.799741,0.90,27.05,29.18,-35.73,-135.76,78.75,26.47,8833,15236,11.25,10.27,3
1787.415,-7.281510,112.799890,2.22,-0.67,-20.11,-38.98,-35.68,81.00,21.40,7882,13762,12.53,12.04,3
1787.420,-7.281809,112.799867,2.67,-25.08,-27.92,-178.04,156.01,83.25,21.61,6280,5821,11.95,10.63,3
1787.425,-7.281618,112.800583,1.44,-11.28,-9.00,-54.11,-159.60,85.50,-11.48,27211,3526,10.57,12.19,1
1787.430,-7.281051,112.800670,0.59,22.41,9.69,-16.25,-137.95,87.75,14.69,29677,9514,10.84,10.06,0
1787.435,-7.281430,112.800145,0.24,30.61,15.00,1.41,-24.67,90.00,-22.46,21610,19335,11.46,10.37,2
1787.440,-7.281301,112.800165,3.48,35.43,22.18,88.81,117.64,92.25,-17.43,26449,12429,10.50,10.44,1
1787.445,-7.281260,112.800065,3.50,20.27,-33.41,130.76,92.53,94.50,-29.91,23847,22548,12.08,10.07,2
1787.450,-7.281566,112.800787,3.43,-22.96,8.84,-103.19,-62.32,96.75,23.93,13189,2752,11.82,12.55,3
1787.455,-7.281853,112.800793,1.59,18.33,36.00,179.74,50.37,99.00,23.59,29519,19583,10.55,11.72,1
1787.460,-7.282173,112.800631,1.97,26.29,6.42,105.00,-72.63,101.25,-25.66,25999,25962,10.96,10.62,1
1787.465,-7.281528,112.799963,1.87,30.92,-13.09,-153.34,-135.40,103.50,12.84,5099,8282,12.12,10.59,4
1787.470,-7.281586,112.799849,1.44,-6.54,-37.00,-176.82,-151.28,105.75,7.97,10474,17565,12.56,10.50,1
1787.475,-7.282109,112.800674,1.34,29.40,-36.21,86.55,98.91,108.00,17.50,2272,7184,10.13,11.85,0
1787.480,-7.281820,112.800097,2.67,8.52,4.34,-31.48,131.85,110.25,34.01,5240,19386,11.06,12.58,3
1787.485,-7.281803,112.800016,1.54,5.11,4.70,156.19,77.09,112.50,8.52,1406,26650,11.61,12.48,2
1787.490,-7.282171,112.800728,1.73,0.86,-39.33,60.87,59.26,114.75,-0.16,6021,19602,11.03,11.79,1
1787.495,-7.281975,112.800174,0.21,0.32,32.88,-137.02,52.78,117.00,-12.40,9535,19884,11.80,12.12,3
1787.500,-7.281960,112.800352,3.50,-5.20,-18.42,110.92,162.01,119.25,26.02,26821,9864,12.51,12.47,3
1787.505,-7.281818,112.800534,2.10,6.80,4.47,-3.43,178.53,121.50,31.64,26006,16347,10.12,10.58,0
1787.510,-7.282221,112.799951,2.51,-8.68,28.06,-75.15,-92.54,123.75,-12.84,14181,1339,10.90,11.01,4
1787.515,-7.282899,112.799896,1.27,-25.06,-1.32,-102.30,106.46,126.00,30.36,2314,13738,11.68,10.52,4
1787.520,-7.282088,112.800457,3.11,-1.13,-25.72,69.86,20.36,128.25,32.79,19202,18727,10.40,12.48,2
1787.525,-7.283032,112.800318,1.14,37.20,3.63,-160.59,-65.02,130.50,0.05,22989,12104,10.67,11.79,1
1787.530,-7.282250,112.800308,3.37,-3.74,-30.09,-50.78,-3.93,132.75,-13.98,14613,1806,12.48,12.09,0
1787.535,-7.282524,112.799808,3.17,5.15,20.54,-151.02,-117.34,135.00,22.41,25982,4179,11.11,10.73,3
1787.540,-7.282253,112.799746,3.16,-33.18,21.36,-129.83,1.81,137.25,-9.67,15304,11311,11.44,11.81,1
1787.545,-7.283180,112.800185,0.08,17.07,-4.14,109.01,142.31,139.50,30.11,2776,26728,11.13,11.23,1
1787.550,-7.283071,112.800300,2.03,-26.20,-25.24,2.74,-16.26,141.75,-18.64,29912,5907,10.38,12.10,1
1787.555,-7.282426,112.799959,1.24,31.24,24.36,154.53,3.07,144.00,-7.18,18376,22823,10.67,11.57,3
1787.560,-7.282465,112.799436,1.08,-29.66,13.98,-104.56,2.00,146.25,-13.73,2166,27422,12.29,11.94,2
1787.565,-7.282474,112.800035,3.39,32.39,-35.17,-19.82,-47.22,148.50,13.92,7054,9580,11.93,12.27,1
1787.570,-7.282935,112.800160,2.82,18.70,-5.34,80.45,-90.10,150.75,-31.16,23191,25289,11.35,10.65,0
1787.575,-7.283280,112.799868,2.13,-27.44,9.66,-81.17,-119.61,153.00,-12.69,11761,2621,10.72,12.14,0
1787.580,-7.283367,112.799644,2.92,-38.78,22.80,169.05,-145.18,155.25,20.15,26070,16985,10.95,12.34,1
1787.585,-7.283233,112.799415,0.63,30.49,-9.81,64.08,3.46,157.50,-20.31,99,15081,10.06,10.34,2
1787.590,-7.282837,112.799908,0.71,-4.50,15.00,172.47,106.41,159.75,-12.70,14533,9185,10.83,11.88,2
1787.595,-7.282958,112.799809,1.83,-23.62,34.72,-84.37,-140.65,162.00,-18.80,10914,9440,11.78,11.62,1
1787.600,-7.282752,112.799582,0.98,4.90,28.56,109.44,-121.98,164.25,-24.71,19270,18516,12.27,10.52,3
1787.605,-7.283102,112.799029,2.58,-11.42,-27.61,-15.64,146.53,166.50,-3.40,9965,21172,10.73,10.30,2
1787.610,-7.283015,112.799632,1.10,32.24,26.53,148.12,-30.77,168.75,-2.21,10279,10537,10.87,12.25,2
1787.615,-7.283482,112.799348,1.04,-23.99,-23.94,-52.44,0.52,171.00,-28.41,27306,5192,11.90,11.41,1
1787.620,-7.282781,112.798843,1.83,-37.72,-18.55,87.38,-120.66,173.25,28.82,5875,30,11.92,11.36,0
1787.625,-7.283342,112.799277,0.19,28.95,32.46,130.30,150.00,175.50,-32.77,12408,5098,10.20,10.74,2
1787.630,-7.282973,112.799239,1.54,35.99,1.51,-0.09,-151.46,177.75,21.89,18964,6466,12.33,11.27,1
1787.635,-7.283213,112.798632,2.52,21.73,-5.08,132.89,129.68,180.00,21.97,324,10651,11.32,10.74,3
1787.640,-7.283564,112.799305,3.33,-24.29,31.76,-134.98,147.01,182.25,-9.05,21895,25904,10.76,11.92,3
1787.645,-7.283218,112.798878,2.58,20.76,18.10,15.87,11.85,184.50,13.78,28830,29329,10.17,11.66,0
1787.650,-7.283351,112.798583,0.21,23.45,-8.16,73.49,170.17,186.75,-15.41,8842,1072,10.21,10.07,2
1787.655,-7.283199,112.798328,0.58,13.03,-25.58,109.53,127.92,189.00,-32.89,15107,23284,11.38,10.56,1
1787.660,-7.283380,112.798453,1.56,-13.64,-8.35,137.79,20.87,191.25,-18.15,15934,12167,11.95,10.19,0
1787.665,-7.282988,112.798905,2.82,-20.04,14.79,140.36,-30.84,193.50,26.07,15881,18132,12.56,10.20,0
1787.670,-7.283110,112.798752,1.74,1.91,-20.10,7.83,16.31,195.75,12.61,1870,24062,10.65,10.14,2
1787.675,-7.283789,112.798342,0.49,36.70,37.67,74.60,35.80,198.00,-3.43,6018,25303,12.05,11.06,0
1787.680,-7.283067,112.798668,1.52,-21.28,23.38,-62.52,-21.89,200.25,20.87,1442,16904,12.29,11.63,0
1787.685,-7.282768,112.798668,2.22,36.66,-39.02,-45.40,-125.60,202.50,-16.12,10969,12392,11.96,11.95,1
1787.690,-7.283714,112.798193,3.42,-13.28,-33.32,26.42,112.73,204.75,-18.44,19846,1184,12.23,11.25,1
1787.695,-7.283676,112.798101,2.50,-28.89,-13.21,94.14,175.06,207.00,33.72,7675,14827,11.70,11.75,0
1787.700,-7.282713,112.797610,2.60,25.72,-4.33,60.86,72.28,209.25,-29.77,8852,24695,11.78,10.54,4
1787.705,-7.282870,112.797937,2.61,34.87,-21.23,84.56,-71.96,211.50,8.30,25642,22442,12.01,10.24,1
1787.710,-7.282791,112.797798,0.60,-20.14,-37.74,-84.62,-146.92,213.75,27.80,10470,28361,12.46,10.25,2
1787.715,-7.283359,112.797544,1.69,-2.03,18.96,172.35,31.12,216.00,8.10,27910,6659,11.44,10.87,0
1787.720,-7.282937,112.797390,2.42,-12.75,13.91,134.58,-168.79,218.25,6.55,18704,27620,11.26,10.79,3
1787.725,-7.283206,112.797729,3.24,12.12,6.72,9.62,110.37,220.50,-32.00,29293,27355,10.16,11.42,2
1787.730,-7.283328,112.797472,1.03,33.60,-25.96,72.57,-40.90,222.75,-8.27,16365,16076,11.16,11.33,2
1787.735,-7.282483,112.797133,1.91,-10.86,3.88,165.27,176.64,225.00,-28.83,7351,28251,10.58,10.63,3
1787.740,-7.282431,112.797089,0.42,4.03,40.00,-91.29,78.17,227.25,-19.09,862,19403,10.09,10.83,4
1787.745,-7.282930,112.797149,1.12,0.11,3.22,-14.81,-9.04,229.50,-12.85,8162,13609,11.88,10.59,3
1787.750,-7.282486,112.796811,2.20,-20.44,-32.76,-96.31,-128.25,231.75,-33.24,12576,12236,12.18,10.76,3
1787.755,-7.282416,112.796901,3.18,26.93,-11.97,-65.09,149.72,234.00,13.13,4597,14620,10.77,10.63,4
1787.760,-7.282298,112.797632,2.54,3.89,-25.49,127.88,162.91,236.25,-27.18,26573,18662,11.08,10.23,3
1787.765,-7.283057,112.797556,1.64,24.75,9.20,80.08,30.27,238.50,-24.13,24849,10343,11.36,10.20,3
1787.770,-7.282439,112.797094,0.33,26.53,-12.04,44.01,-106.55,240.75,-34.33,7939,20068,11.83,10.08,0
1787.775,-7.282361,112.796913,1.08,-34.70,13.90,88.59,-10.57,243.00,-17.15,2341,11156,10.85,11.20,4
1787.780,-7.282539,112.797300,1.34,2.93,-22.97,-160.40,13.84,245.25,-12.89,2607,3105,11.51,11.48,4
1787.785,-7.282087,112.797331,3.39,32.66,-34.22,-40.03,-147.62,247.50,26.83,5602,16613,11.06,11.10,3
1787.790,-7.281924,112.796942,2.28,-10.24,-4.63,-136.41,-78.02,249.75,2.59,16487,26509,11.81,12.15,4
1787.795,-7.282499,112.796521,0.58,-14.54,3.99,136.06,159.27,252.00,-29.52,9583,11629,10.18,10.61,3
1787.800,-7.281942,112.797286,0.91,31.09,15.52,-175.64,-119.14,254.25,-22.66,22121,4645,11.90,10.59,2
1787.805,-7.282139,112.796949,3.36,9.25,3.27,2.83,-19.52,256.50,0.99,22583,14803,10.48,10.00,4
1787.810,-7.282325,112.796991,0.25,36.82,-27.57,-46.07,-64.35,258.75,-17.97,12981,8256,12.03,12.40,1
1787.815,-7.282113,112.797006,0.57,-30.25,-36.83,179.98,-75.84,261.00,33.89,18631,15687,11.69,12.22,0
1787.820,-7.282073,112.796634,2.89,-33.35,-15.98,-91.66,-147.51,263.25,-12.23,19671,29161,10.40,10.95,4
1787.825,-7.281597,112.796787,1.45,-14.21,17.01,55.05,-19.91,265.50,-26.23,24840,7288,10.34,10.18,0
1787.830,-7.281725,112.796403,0.06,25.62,-28.89,146.30,-7.68,267.75,-18.84,6036,25067,11.30,10.48,0
1787.835,-7.281450,112.796416,2.94,-0.55,33.36,23.16,162.83,270.00,20.17,12471,24504,11.57,11.17,1
1787.840,-7.281646,112.796254,2.12,-14.28,18.68,102.62,-55.35,272.25,12.75,5343,1776,11.72,12.40,0
1787.845,-7.281345,112.796991,0.59,-35.97,-26.53,-76.86,23.34,274.50,-19.00,15691,10592,11.65,11.21,1
1787.850,-7.280941,112.796700,1.20,-29.41,-23.32,-40.23,-42.84,276.75,1.49,6534,29616,10.93,11.99,2
1787.855,-7.281325,112.796324,2.10,-34.96,33.52,-4.63,95.76,279.00,14.09,3013,18489,10.07,12.01,4
1787.860,-7.281477,112.796313,2.86,-29.49,-11.76,-143.19,141.51,281.25,3.60,11911,26346,12.43,12.58,0
1787.865,-7.280775,112.796545,0.23,26.37,22.62,-13.68,163.60,283.50,-9.49,12092,29380,12.48,10.40,1
1787.870,-7.280872,112.797145,3.41,-28.53,35.47,-122.49,95.15,285.75,34.61,1521,21600,12.59,10.64,2
1787.875,-7.281123,112.796957,2.50,-23.44,8.03,65.20,-127.29,288.00,9.15,21508,18681,10.59,11.45,2
1787.880,-7.280747,112.796667,1.46,-20.53,-35.34,166.66,-27.47,290.25,-16.72,14974,26252,12.03,10.93,4
1787.885,-7.280331,112.796598,2.74,34.26,-27.49,46.92,141.77,292.50,33.25,26028,22203,11.94,12.04,2
1787.890,-7.280164,112.797235,1.27,4.06,5.09,-66.46,-167.01,294.75,23.95,17580,17455,12.34,10.33,4
1787.895,-7.280610,112.797137,0.91,-17.34,-22.21,17.49,-172.77,297.00,29.00,9953,22224,11.71,11.50,3
1787.900,-7.280061,112.796759,2.25,-7.60,26.52,159.31,115.04,299.25,33.31,9112,8112,10.66,10.46,0
1787.905,-7.280256,112.796810,0.04,-15.76,39.32,82.33,93.17,301.50,-21.25,6887,29571,10.98,10.84,1
1787.910,-7.279950,112.796786,3.42,-8.81,37.73,65.81,115.62,303.75,4.61,542,10013,12.18,10.94,4
1787.915,-7.279834,112.796825,3.10,29.48,7.47,78.98,66.03,306.00,8.03,21963,5408,10.44,11.71,1
1787.920,-7.280148,112.797443,0.38,14.97,-22.46,154.35,-55.93,308.25,-15.42,4167,22076,12.00,10.80,1
1787.925,-7.279627,112.796741,1.73,-15.49,-0.52,-163.74,168.84,310.50,-4.10,6997,13673,10.64,12.00,4
1787.930,-7.279878,112.797125,2.87,-12.09,4.09,-106.85,-76.67,312.75,7.41,12416,13394,11.78,11.69,2
1787.935,-7.280281,112.796924,2.33,4.96,-22.12,-46.09,-31.77,315.00,6.31,11525,15711,12.56,11.89,2
1787.940,-7.279511,112.797368,1.95,8.65,20.57,58.41,59.76,317.25,-24.94,27601,8712,12.00,12.23,1
1787.945,-7.279751,112.797050,3.12,-4.85,28.84,-121.71,18.09,319.50,-28.01,12331,4489,12.27,12.40,2
1787.950,-7.279413,112.797809,3.24,29.87,37.61,94.44,-159.82,321.75,15.13,9521,17092,10.18,10.59,2
1787.955,-7.279500,112.797266,1.99,32.91,12.85,-39.75,-32.41,324.00,-3.55,17972,25450,11.14,12.09,4
1787.960,-7.279045,112.797089,1.79,34.22,-2.42,-109.95,-45.09,326.25,29.04,19178,5297,10.64,11.88,4
1787.965,-7.279434,112.797941,0.12,14.44,-38.07,15.19,-168.14,-326.86,-2.76,3497,13079,10.23,11.38,0
1787.970,-7.279638,112.797196,3.01,-21.32,20.22,-160.46,-137.30,-324.61,3.29,19975,25397,12.04,12.33,0
1787.975,-7.279630,112.798082,3.05,6.79,-3.72,-41.99,-34.09,-322.36,34.29,389,12878,12.22,11.29,1
1787.980,-7.279466,112.798294,2.70,-20.25,5.75,-176.94,-36.73,-320.11,18.37,27134,20927,10.02,10.75,4
1787.985,-7.279060,112.798287,3.21,29.58,7.51,113.13,-9.91,-317.86,8.17,4589,29838,11.84,11.57,4
1787.990,-7.279585,112.797988,3.21,4.54,-11.10,-136.52,154.13,-315.61,31.42,14038,27260,12.16,12.09,0
1787.995,-7.278698,112.798309,2.35,-9.22,-29.28,-77.12,97.59,-313.36,19.32,26589,1648,10.90,10.20,1
1788.000,-7.279422,112.798501,2.16,-36.09,29.07,-119.20,-96.48,-311.11,16.15,1619,4691,11.37,12.06,2
1788.005,-7.278637,112.798675,1.72,-17.99,-25.76,-21.01,28.23,-308.86,-2.27,3399,17890,11.01,11.35,1
1788.010,-7.278736,112.797982,1.41,-28.99,-34.96,6.27,-161.78,-306.61,-1.95,15904,20789,12.55,10.42,2
1788.015,-7.278874,112.798166,0.58,39.88,23.60,-17.44,-158.13,-304.36,-0.30,4222,12573,10.97,12.12,2
1788.020,-7.279262,112.799064,1.01,-6.63,18.34,25.55,63.82,-302.11,0.10,10816,8002,12.57,12.41,1
1788.025,-7.279064,112.798710,3.26,-5.38,3.99,61.63,86.80,-299.86,10.30,14126,17095,10.37,10.05,2
1788.030,-7.279251,112.799011,2.40,-18.56,19.93,161.23,23.11,-297.61,20.36,11403,26021,10.15,12.41,3
1788.035,-7.280443,112.799186,3.29,39.62,1.68,18.26,-9.26,0.00,21.31,18602,10564,11.17,11.05,3
1788.040,-7.280833,112.798576,1.28,-15.11,-7.81,-108.67,-162.89,2.25,-22.18,2410,4148,12.49,11.04,3
1788.045,-7.280846,112.799279,0.16,16.37,-11.50,-67.79,-107.11,4.50,4.31,3343,8247,10.71,10.41,0
1788.050,-7.280802,112.798842,0.59,-7.40,-17.72,175.04,-40.87,6.75,34.10,17698,5543,11.07,11.34,1
1788.055,-7.280590,112.798961,1.76,-34.62,39.06,-50.31,-69.11,9.00,-29.77,26659,8630,11.98,10.67,0
1788.060,-7.280695,112.799490,1.84,1.89,-36.55,90.41,-6.10,11.25,14.59,28877,20732,12.51,11.42,2
1788.065,-7.280797,112.798725,3.03,16.62,-38.92,29.29,-137.82,13.50,-20.98,13989,26225,10.70,10.48,4
1788.070,-7.280311,112.799574,1.62,35.67,-27.51,-107.51,85.99,15.75,17.24,28035,9861,10.01,12.17,4
1788.075,-7.280048,112.799410,3.40,-2.00,-28.50,117.54,165.64,18.00,5.05,19704,27442,10.34,10.05,3
1788.080,-7.280869,112.799304,2.01,12.33,30.39,-39.18,59.89,20.25,-23.94,16231,20691,12.15,12.07,1
1788.085,-7.280354,112.799681,1.60,-8.23,-8.97,-71.01,13.80,22.50,-12.29,22320,744,11.06,12.02,3
1788.090,-7.280692,112.799254,2.24,0.21,29.48,130.92,34.53,24.75,19.10,21132,19763,10.27,12.47,0
1788.095,-7.280722,112.799250,0.05,-24.94,24.26,167.80,151.17,27.00,-21.61,6003,3869,12.31,10.46,2
1788.100,-7.280499,112.799754,3.39,29.07,26.99,21.02,-120.89,29.25,-2.12,6246,15012,11.18,10.00,1
1788.105,-7.280334,112.799009,0.81,7.62,4.43,16.61,2.15,31.50,-21.65,17548,12847,10.97,10.39,1
1788.110,-7.280080,112.799501,2.62,-28.18,-37.47,-45.77,-5.55,33.75,25.57,9177,27763,10.98,11.69,4
1788.115,-7.280348,112.799775,3.11,11.86,-19.40,-115.27,-122.07,36.00,-1.18,19173,6913,11.37,11.11,3
1788.120,-7.280840,112.799794,0.95,-23.40,-20.01,-36.70,-15.21,38.25,31.70,29485,19768,10.08,12.24,0
1788.125,-7.280733,112.799592,3.28,29.78,-34.71,122.98,52.31,40.50,1.19,20138,22878,10.37,12.00,2
1788.130,-7.280680,112.799308,1.75,27.29,31.63,157.57,43.95,42.75,-15.38,18126,20336,11.29,11.08,4
1788.135,-7.280150,112.799908,2.59,-30.98,-27.75,-104.36,98.27,45.00,1.75,26177,17971,12.17,11.91,1
1788.140,-7.280809,112.799810,3.08,7.78,35.99,-149.01,85.21,47.25,-12.18,4061,7524,12.18,11.64,0
1788.145,-7.280619,112.799948,0.66,-39.63,-16.73,-7.57,85.94,49.50,5.19,16987,1882,11.70,10.64,3
1788.150,-7.280334,112.800114,2.65,6.36,12.64,-163.74,74.39,51.75,22.62,5971,2651,10.35,10.30,3
1788.155,-7.280328,112.799539,1.45,-17.56,-33.65,163.58,-142.83,54.00,-11.84,20993,1288,12.06,10.61,3
1788.160,-7.280694,112.799802,2.69,34.19,17.03,54.42,-39.37,56.25,4.54,7140,13773,11.51,11.85,1
1788.165,-7.280337,112.800059,0.52,-9.98,11.05,-11.89,24.39,58.50,-1.40,7417,1675,11.60,10.94,2
1788.170,-7.280699,112.799607,2.55,8.67,-13.90,92.90,-124.55,60.75,2.39,22970,6398,11.93,11.39,4
1788.175,-7.280468,112.800536,0.33,-19.69,-32.42,44.98,43.58,63.00,-20.41,28982,27087,10.25,11.97,1
1788.180,-7.281241,112.800581,2.83,-6.73,39.72,-34.28,159.81,65.25,13.78,14766,12313,10.20,11.59,4
1788.185,-7.281282,112.800152,0.55,26.74,-17.87,-170.12,128.16,67.50,12.05,22844,14911,11.97,10.76,1
1788.190,-7.281335,112.799902,1.75,9.83,-18.58,85.73,138.09,69.75,-2.05,107,10699,12.22,10.12,1
1788.195,-7.281234,112.800271,0.25,-24.30,26.56,35.96,168.46,72.00,-21.82,27887,26300,10.91,11.77,1
1788.200,-7.280879,112.799957,0.81,-21.40,37.84,56.18,113.03,74.25,5.07,20763,17001,11.51,11.76,1
1788.205,-7.281224,112.800297,1.06,13.13,19.69,-98.96,-77.92,76.50,-1.74,8238,11663,10.67,10.66,3
1788.210,-7.280979,112.799872,0.27,-11.82,-0.45,142.70,23.59,78.75,-26.87,4593,21785,10.16,10.34,3
1788.215,-7.281680,112.800129,2.74,-37.59,-2.37,46.23,74.31,81.00,13.11,9472,10726,12.33,10.44,2
1788.220,-7.280885,112.800105,0.75,8.01,16.25,145.44,18.66,83.25,2.15,16092,23423,11.89,12.56,1
1788.225,-7.281311,112.800601,1.48,31.25,-37.82,154.56,-58.35,85.50,28.36,24764,27152,12.55,11.53,2
1788.230,-7.281629,112.800050,1.90,-18.30,1.90,16.46,27.34,87.75,-28.16,19206,16498,12.21,11.71,3
1788.235,-7.281917,112.800194,0.29,11.40,38.88,178.04,-171.41,90.00,-6.20,723,23557,11.69,12.32,2
1788.240,-7.281409,112.800563,2.52,22.13,26.61,-178.23,48.08,92.25,33.45,23679,23329,11.61,11.73,4
1788.245,-7.282007,112.800473,1.17,-36.67,17.00,-179.90,-1.44,94.50,8.02,10497,7221,12.34,11.64,1
1788.250,-7.281584,112.800136,2.10,35.70,-36.81,152.32,160.80,96.75,-8.67,29420,19126,11.19,10.18,1
1788.255,-7.282023,112.799874,0.61,18.62,-28.96,-91.15,-149.40,99.00,-20.04,28336,832,12.45,10.58,4
1788.260,-7.282193,112.800192,1.31,2.63,19.76,86.56,-120.20,101.25,-13.72,7454,4440,11.28,11.97,4
1788.265,-7.281602,112.799965,2.33,39.18,-14.59,-45.29,100.76,103.50,31.50,21294,29016,11.70,12.35,4
1788.270,-7.281515,112.800168,0.93,-25.16,-14.82,-117.48,35.87,105.75,-33.49,6687,12379,10.50,11.25,1
1788.275,-7.282291,112.800752,2.40,-11.25,-9.23,138.87,76.24,108.00,-24.56,24293,24383,12.12,12.18,4
1788.280,-7.281887,112.800732,2.49,-4.92,32.83,-59.66,-98.06,110.25,-8.72,29780,9111,10.16,11.98,2
1788.285,-7.281794,112.800487,2.86,39.34,24.61,-103.57,100.44,112.50,18.32,2241,26130,11.86,11.83,2
1788.290,-7.282303,112.800582,3.12,16.33,11.73,-115.11,31.45,114.75,7.93,27829,3393,12.17,10.00,0
1788.295,-7.282314,112.800585,2.07,-8.70,-24.59,-100.26,-21.06,117.00,31.90,18408,14064,12.42,10.47,2
1788.300,-7.282516,112.800592,0.06,9.63,-3.47,99.20,-170.17,119.25,-26.85,6694,13510,11.70,11.00,4
1788.305,-7.282516,112.800099,3.43,-19.88,37.15,-56.95,-91.84,121.50,-7.40,17842,18002,10.04,10.09,3
1788.310,-7.282733,112.800148,2.87,20.70,34.93,-125.44,46.74,123.75,1.34,19094,23620,11.67,10.16,2
1788.315,-7.282078,112.799714,2.43,-27.70,10.49,-46.50,-163.54,126.00,12.81,6102,27783,10.79,11.85,3
1788.320,-7.282219,112.799711,0.33,-5.12,12.74,100.90,-159.32,128.25,6.22,11836,20514,10.47,11.13,3
1788.325,-7.282328,112.800451,1.69,27.03,11.18,-3.94,-125.68,130.50,21.54,3925,21661,11.46,12.06,0
1788.330,-7.282966,112.800180,2.96,-37.12,3.75,127.69,137.43,132.75,19.29,26,4850,10.92,12.39,1
1788.335,-7.282312,112.800122,0.85,11.26,-33.31,-48.48,-122.77,135.00,8.19,1191,18184,11.93,12.36,4
1788.340,-7.282589,112.799564,0.52,-3.75,2.97,10.21,-107.34,137.25,6.74,11271,19093,11.95,11.21,2
1788.345,-7.282983,112.800359,1.96,28.72,-30.67,148.56,-110.32,139.50,-26.27,19849,15376,12.20,11.13,2
1788.350,-7.283077,112.799908,1.66,-13.09,35.19,178.47,-68.96,141.75,-11.37,18695,21494,10.18,10.32,4
1788.355,-7.282436,112.799493,2.02,25.54,-28.04,-74.40,-143.77,144.00,10.02,501,11605,12.58,12.14,4
1788.360,-7.283302,112.799894,0.51,-2.88,21.48,20.11,-146.88,146.25,-18.08,18507,4885,10.91,10.25,0
1788.365,-7.283189,112.800213,1.22,-15.30,-8.57,-150.67,-129.79,148.50,8.09,26705,2993,10.69,12.25,4
1788.370,-7.283284,112.799761,2.91,8.02,-17.56,-10.98,128.25,150.75,20.33,26182,14011,12.37,10.70,0
1788.375,-7.282694,112.799932,2.80,0.83,-6.69,164.10,165.43,153.00,-18.16,252,521,12.51,12.31,2
1788.380,-7.283442,112.799279,0.31,-12.05,5.66,-127.91,-97.85,155.25,25.97,18292,28032,11.20,10.34,3
1788.385,-7.282724,112.799458,2.13,-6.80,-20.48,-111.03,172.17,157.50,7.31,4331,6439,12.30,11.01,2
1788.390,-7.283188,112.799564,0.81,3.34,20.32,-40.60,107.66,159.75,25.59,3136,9789,12.54,12.04,2
1788.395,-7.282698,112.799749,1.71,-33.22,-12.34,-71.54,66.55,162.00,-18.33,6644,20759,10.19,11.09,4
1788.400,-7.283479,112.799559,1.85,2.12,-39.34,168.06,102.98,164.25,29.36,28825,18163,10.34,12.48,4
1788.405,-7.283492,112.799633,1.73,29.35,15.45,7.38,35.33,166.50,-7.43,28309,10667,12.25,11.11,3
1788.410,-7.283375,112.799436,3.26,18.98,27.26,178.59,-18.24,168.75,20.07,23892,8131,10.88,10.54,1
1788.415,-7.283095,112.798770,2.45,-19.65,-37.95,-119.83,177.43,171.00,29.97,17999,15956,12.24,10.88,3
1788.420,-7.283394,112.799572,0.80,1.97,-24.99,125.45,-40.69,173.25,-5.77,22008,29470,11.24,11.40,1
1788.425,-7.282950,112.799165,0.94,17.96,-10.06,118.59,-36.70,175.50,4.20,15625,20534,10.92,12.26,0
1788.430,-7.283386,112.798511,1.79,2.00,2.43,170.53,-78.65,177.75,-18.92,26019,8213,11.26,11.88,4
1788.435,-7.283516,112.799337,0.16,2.18,-39.88,107.32,-124.21,180.00,-6.97,5496,21987,10.66,12.51,1
1788.440,-7.283224,112.798782,1.57,-21.55,-24.63,-46.19,-49.41,182.25,-29.57,15151,16617,10.73,12.51,3
1788.445,-7.283253,112.799225,3.30,16.79,29.98,56.79,-175.25,184.50,27.96,27249,11641,11.89,11.99,2
1788.450,-7.283631,112.798434,2.42,-3.09,35.02,-142.94,-50.41,186.75,17.98,4774,17850,10.57,12.31,0
1788.455,-7.283605,112.798507,2.72,7.89,21.80,61.11,-79.90,189.00,-24.87,2532,13801,10.04,10.80,3
1788.460,-7.282953,112.798441,1.90,-1.80,-0.77,-49.32,63.09,191.25,9.16,2078,11053,12.42,10.88,4
1788.465,-7.283011,112.798184,0.04,1.58,22.59,-139.35,-126.60,193.50,22.84,2098,2484,12.23,10.04,3
1788.470,-7.283691,112.798862,3.04,24.85,14.06,-20.96,16.28,195.75,-12.50,2193,22673,12.01,12.11,3
1788.475,-7.283224,112.798475,2.97,10.31,9.68,-124.04,138.67,198.00,-2.25,439,15706,12.32,12.26,3
1788.480,-7.283365,112.797908,0.74,15.13,2.64,54.55,91.87,200.25,-22.54,3210,24130,12.49,12.04,1
1788.485,-7.283649,112.798022,2.56,35.83,13.73,134.66,-38.96,202.50,22.11,25942,20639,12.05,11.82,1
1788.490,-7.283215,112.798580,1.88,22.49,-31.40,14.11,-113.11,204.75,-20.17,7744,2528,11.87,11.47,3
1788.495,-7.283175,112.797580,2.83,-11.56,14.77,-152.30,93.82,207.00,-23.29,14273,18406,12.16,11.06,2
1788.500,-7.283198,112.798034,2.20,-29.20,-38.87,147.50,144.09,209.25,-22.69,26046,19334,11.98,12.49,2
1788.505,-7.282972,112.797440,0.51,25.56,-1.65,-38.38,-77.13,211.50,27.45,20966,20094,12.19,10.34,2
1788.510,-7.282998,112.797339,0.50,30.37,-38.29,149.13,15.74,213.75,-4.43,27216,25405,11.54,10.89,3
1788.515,-7.282707,112.797975,2.33,18.79,0.36,104.70,-100.05,216.00,-15.78,11809,6521,12.55,10.86,2
1788.520,-7.282783,112.797489,0.04,-37.28,-22.14,93.33,56.35,218.25,34.20,10208,677,11.34,12.39,4
1788.525,-7.282707,112.797352,1.67,-28.51,-14.70,32.12,-125.94,220.50,-11.85,28124,7654,11.78,11.49,3
1788.530,-7.282813,112.797143,3.44,-0.85,13.72,106.64,-152.43,222.75,26.41,9682,5809,11.46,10.24,1
1788.535,-7.282435,112.797159,0.04,21.77,-18.23,165.04,-6.06,225.00,10.73,321,24670,11.11,12.59,3
1788.540,-7.282777,112.797762,2.64,6.52,-5.33,-45.40,-89.50,227.25,26.06,22853,2766,12.40,12.33,0
1788.545,-7.283273,112.797806,1.85,0.50,-11.72,7.74,58.93,229.50,-9.41,5428,8749,10.95,11.42,2
1788.550,-7.282551,112.797731,2.13,-3.51,27.23,174.09,99.36,231.75,-31.51,5883,23567,12.33,10.61,2
1788.555,-7.282779,112.797502,1.98,5.32,33.84,-72.82,94.24,234.00,12.90,19440,12022,11.28,12.05,0
1788.560,-7.282940,112.797539,3.07,17.24,-35.72,56.79,39.69,236.25,29.69,5886,21633,12.51,12.23,0
1788.565,-7.282670,112.797587,3.18,-25.49,7.32,-123.79,-48.04,238.50,21.56,18886,11372,11.40,10.34,2
1788.570,-7.282779,112.797156,2.98,-18.56,-34.22,133.55,-25.72,240.75,5.61,9172,29613,10.44,12.49,1
1788.575,-7.282574,112.796986,2.98,6.21,12.35,-88.66,-54.13,243.00,20.03,7812,12878,10.80,10.76,4
1788.580,-7.282319,112.796571,3.22,7.35,28.02,89.32,166.54,245.25,-22.48,9752,4063,12.53,11.96,4
1788.585,-7.282565,112.797079,1.54,-25.77,-20.99,123.45,45.18,247.50,-15.84,3795,15902,11.01,11.11,4
1788.590,-7.282180,112.796629,1.09,-24.25,6.17,146.35,33.00,249.75,34.50,271,13081,11.41,11.94,0
1788.595,-7.282040,112.796784,0.88,-23.15,37.68,-109.30,-155.51,252.00,-26.62,2235,19160,11.73,10.49,4
1788.600,-7.281896,112.796830,2.63,-10.99,36.97,157.95,-18.64,254.25,0.37,365,22140,10.22,12.27,1
1788.605,-7.281999,112.796481,3.38,18.88,-14.70,-79.13,-131.79,256.50,30.12,8728,22859,10.19,11.13,1
1788.610,-7.282401,112.796876,2.76,-26.68,-28.86,-3.38,134.49,258.75,0.88,24094,10118,10.98,11.08,1
1788.615,-7.281459,112.797220,1.78,-3.63,-39.98,160.81,39.58,261.00,14.89,26428,1582,11.14,11.86,3
1788.620,-7.281966,112.796990,3.11,2.29,-16.29,-103.19,128.27,263.25,28.82,5134,22438,12.04,11.99,0
1788.625,-7.281963,112.796241,0.27,-4.03,35.30,122.93,47.11,265.50,31.75,23790,20609,12.31,10.96,4
1788.630,-7.281357,112.796411,1.13,23.46,-18.95,40.38,-37.34,267.75,-33.66,22402,9306,11.42,12.15,4
1788.635,-7.281937,112.796864,1.29,12.65,17.00,-97.56,-65.63,270.00,3.84,15117,3753,12.18,12.07,4
1788.640,-7.281639,112.796611,1.31,-15.02,8.19,111.11,91.35,272.25,-31.24,4220,12143,11.29,12.31,2
1788.645,-7.281474,112.796254,0.35,-14.73,14.71,19.97,-52.96,274.50,14.76,20015,23181,12.11,11.42,0
1788.650,-7.281636,112.796939,0.66,-9.10,10.58,16.80,120.82,276.75,-19.94,8085,13896,10.47,11.77,1
1788.655,-7.281129,112.796699,0.91,-34.04,-6.86,-49.09,115.91,279.00,-23.35,25104,20848,10.46,11.07,1
1788.660,-7.280883,112.796700,2.13,-38.43,17.89,119.84,1.02,281.25,28.90,16374,11027,10.01,10.04,4
1788.665,-7.281294,112.796648,2.08,7.42,1.67,-31.03,-4.63,283.50,-0.28,28670,14736,11.43,12.17,2
1788.670,-7.280735,112.796327,1.93,21.40,-25.95,-68.95,-143.05,285.75,-32.14,13919,9116,12.02,10.31,3
1788.675,-7.280464,112.796957,0.44,32.86,31.30,-157.42,4.08,288.00,15.92,1995,8612,10.76,10.61,2
1788.680,-7.281023,112.797039,1.69,0.40,6.91,49.33,147.69,290.25,-22.38,21454,6985,10.94,11.96,3
1788.685,-7.281030,112.796764,3.44,-17.93,14.62,-3.98,150.47,292.50,-25.34,18555,11002,11.28,10.11,4
1788.690,-7.280390,112.796636,1.51,-37.50,26.09,86.97,114.20,294.75,-10.30,2430,23792,12.50,10.42,3
1788.695,-7.280435,112.796410,0.10,26.57,25.10,11.05,-5.27,297.00,10.83,21550,24729,11.15,10.78,0
1788.700,-7.280311,112.797283,2.81,6.11,8.22,5.59,-25.51,299.25,-24.15,13552,18211,12.33,12.24,3
1788.705,-7.279815,112.797148,3.39,5.82,-24.96,21.37,25.89,301.50,-25.45,27636,24948,12.24,12.04,4
1788.710,-7.280476,112.796602,3.46,12.56,-23.90,164.71,-33.35,303.75,30.98,18649,24290,12.18,11.65,4
1788.715,-7.280044,112.797411,2.01,8.05,-30.46,119.52,-152.16,306.00,14.01,15117,25627,11.46,12.03,0
1788.720,-7.279903,112.797060,2.54,-5.08,35.57,175.68,93.54,308.25,24.26,25877,25985,11.40,10.71,0
1788.725,-7.280181,112.796725,3.47,21.52,6.83,-172.30,89.31,310.50,9.67,5981,11274,11.93,10.24,0
1788.730,-7.279955,112.797026,0.24,4.06,39.15,-108.49,97.47,312.75,-19.09,1964,16229,11.10,11.60,1
1788.735,-7.279528,112.797060,3.48,-16.14,-18.64,162.79,75.10,315.00,6.51,4922,14637,11.97,11.37,1
1788.740,-7.279586,112.797466,2.48,36.45,-22.30,78.59,91.32,317.25,-26.47,1401,29181,11.76,12.15,2
1788.745,-7.279766,112.797207,1.43,-37.80,-36.01,87.85,-30.30,319.50,-28.08,20101,9425,10.90,10.63,2
1788.750,-7.279427,112.797643,2.41,24.15,-23.60,170.21,-33.23,321.75,-17.73,20928,9301,10.06,10.21,4
1788.755,-7.279382,112.797388,3.49,-18.36,21.45,-24.31,121.32,324.00,-34.39,1441,22308,12.56,10.05,3
1788.760,-7.279315,112.797424,3.47,17.88,-26.84,166.27,71.76,326.25,-0.06,9849,27830,10.86,10.59,3
1788.765,-7.279565,112.797718,2.09,-5.27,-33.31,63.78,-27.57,-326.86,0.41,22361,9645,11.72,12.13,0
1788.770,-7.278854,112.797976,2.90,37.64,6.09,-61.59,-107.30,-324.61,0.03,25179,17721,11.60,11.28,4
1788.775,-7.279177,112.798093,3.45,19.60,22.37,145.73,-87.07,-322.36,19.17,2661,670,12.07,11.82,1
1788.780,-7.279609,112.798184,2.72,-6.60,34.60,-87.84,91.03,-320.11,-4.14,25377,14395,11.87,10.72,0
1788.785,-7.279203,112.798303,0.26,-28.29,-12.12,145.72,-39.86,-317.86,34.63,22221,20300,12.05,12.24,4
1788.790,-7.278944,112.798132,0.11,-30.12,15.41,35.57,94.27,-315.61,-24.64,2660,28089,11.92,11.64,2
1788.795,-7.279016,112.798450,1.58,10.60,37.26,-87.16,81.69,-313.36,21.48,17784,26667,12.09,11.01,0
1788.800,-7.279173,112.798144,2.71,11.09,13.21,74.52,-12.77,-311.11,-9.69,15864,15669,11.77,11.57,3
1788.805,-7.279383,112.798007,3.11,27.57,34.30,70.13,88.24,-308.86,-12.38,26626,9100,11.54,10.74,3
1788.810,-7.279001,112.798789,2.23,35.27,24.79,-165.89,-79.53,-306.61,1.44,16349,18941,12.56,11.49,2
1788.815,-7.278786,112.798069,0.66,36.26,-34.86,3.94,-65.25,-304.36,-13.94,5928,10139,12.53,10.63,3
1788.820,-7.278793,112.798680,0.32,-11.07,-36.21,139.11,-78.35,-302.11,-29.90,2518,25680,12.15,12.22,1
1788.825,-7.278442,112.798719,1.19,14.09,-16.42,-82.21,-47.92,-299.86,-20.44,7824,21827,11.40,10.44,1
1788.830,-7.279116,112.799065,3.43,-32.63,20.30,10.50,-49.62,-297.61,-25.87,9328,5722,12.16,12.41,2
1788.835,-7.280380,112.798767,2.31,-39.05,-12.29,-56.28,-115.88,0.00,33.17,29881,17988,11.12,12.33,4
1788.840,-7.280162,112.798964,0.70,2.14,15.48,-16.27,-24.14,2.25,-12.09,11536,7812,11.90,12.06,2
1788.845,-7.280868,112.798568,0.69,6.59,-27.09,-0.23,-85.29,4.50,-7.98,4723,21195,11.23,10.17,2
1788.850,-7.280338,112.799447,1.86,30.47,-29.40,141.86,124.70,6.75,-4.62,18802,11950,11.83,10.69,1
1788.855,-7.280713,112.798922,0.83,-5.42,12.52,90.14,-78.53,9.00,-9.39,11242,2409,10.88,11.78,4
1788.860,-7.280520,112.798929,2.69,37.15,1.80,52.26,-129.83,11.25,11.37,10060,16811,10.36,11.40,3
1788.865,-7.280725,112.799065,1.90,30.84,-37.56,114.65,-116.71,13.50,4.57,15453,11288,12.11,11.07,2
1788.870,-7.280793,112.799460,0.90,-27.17,21.92,13.55,-100.70,15.75,-26.95,13470,27739,10.74,11.52,0
1788.875,-7.280112,112.799577,0.16,-11.69,-30.02,-15.09,178.50,18.00,6.36,29746,1767,11.19,11.12,3
1788.880,-7.280737,112.799781,0.68,-32.36,-8.42,165.28,-179.70,20.25,15.04,4843,4783,12.00,10.05,0
1788.885,-7.280504,112.799223,2.98,35.36,-2.52,-116.68,111.06,22.50,-0.70,8598,8998,10.52,11.09,4
1788.890,-7.280751,112.799070,3.42,-14.37,-34.92,80.07,-179.10,24.75,-11.36,6177,10690,11.32,11.79,3
1788.895,-7.280702,112.799889,2.05,39.55,13.22,-16.81,146.91,27.00,-30.87,7770,7679,11.37,10.90,4
1788.900,-7.280227,112.799451,0.21,-19.88,7.49,85.58,-106.70,29.25,-6.09,14537,21928,10.10,10.03,1
1788.905,-7.280817,112.799477,2.49,17.63,26.59,-8.53,-92.85,31.50,-16.35,2326,8977,11.88,10.53,0
1788.910,-7.280534,112.799426,0.43,3.44,-0.25,-89.46,-94.31,33.75,-2.70,25286,18104,10.82,10.89,3
1788.915,-7.280745,112.799697,0.44,10.03,-25.71,26.37,-165.94,36.00,14.89,14837,6759,11.14,12.51,2
1788.920,-7.280869,112.799529,0.52,-21.69,-7.63,-92.38,130.49,38.25,-31.41,5585,3404,11.89,12.28,1
1788.925,-7.280549,112.799682,0.66,7.40,7.30,-15.77,18.25,40.50,20.85,3337,26566,11.70,12.51,2
1788.930,-7.280722,112.799235,2.80,30.51,9.08,128.48,-20.07,42.75,21.95,12521,24003,12.10,11.08,2
1788.935,-7.280438,112.799454,0.48,-34.41,32.77,-65.78,-69.66,45.00,0.80,663,21777,10.53,10.16,3
1788.940,-7.280772,112.799523,2.02,15.76,-23.57,84.87,-148.63,47.25,2.73,25516,2466,11.58,11.06,4
1788.945,-7.280920,112.800088,1.11,27.03,-33.74,-29.02,54.82,49.50,-13.20,14384,15906,12.29,11.30,3
1788.950,-7.280830,112.799861,1.32,8.67,7.87,101.70,-47.55,51.75,1.42,6032,23453,11.22,10.21,0
1788.955,-7.280898,112.799737,3.17,3.45,-26.85,-173.13,-67.29,54.00,-30.31,24384,14583,12.39,11.84,3
1788.960,-7.281195,112.800042,3.19,28.05,1.19,-21.63,-95.76,56.25,-1.68,14694,11285,12.03,11.27,4
1788.965,-7.280694,112.800047,3.18,17.44,-20.89,-24.98,110.34,58.50,-11.48,11417,5221,10.47,12.49,2
1788.970,-7.281322,112.799732,1.89,-8.06,-27.34,93.39,-33.20,60.75,-25.05,29631,4587,11.74,10.18,3
1788.975,-7.281209,112.800206,1.08,23.13,3.40,-132.13,133.00,63.00,13.64,13788,23605,12.28,12.33,3
1788.980,-7.280914,112.799881,0.98,-19.11,16.74,161.72,16.32,65.25,2.63,18431,26805,10.99,11.80,3
1788.985,-7.280963,112.799709,3.19,-28.49,-32.12,-19.79,113.95,67.50,8.63,1231,29094,10.78,12.58,4
1788.990,-7.280881,112.800151,3.23,-5.14,37.73,-127.38,4.85,69.75,24.21,8376,6543,12.19,10.30,3
1788.995,-7.281195,112.800179,0.29,6.99,1.57,-80.47,-73.19,72.00,26.07,738,28966,11.23,10.51,3
1789.000,-7.280924,112.800499,2.69,18.58,-36.14,-175.72,-46.87,74.25,-14.08,5967,22574,10.14,11.27,2
1789.005,-7.281541,112.800055,1.73,-0.21,-16.91,7.43,129.75,76.50,-34.76,6799,23541,12.31,11.19,0
1789.010,-7.281339,112.800175,1.13,8.89,2.62,-32.39,-77.11,78.75,-2.47,16959,18156,11.22,11.23,3
1789.015,-7.281389,112.800467,0.48,19.37,-15.46,-156.05,139.64,81.00,11.52,10632,20866,10.09,11.88,2
1789.020,-7.281329,112.800400,0.70,-10.26,-35.63,-133.04,157.77,83.25,10.01,13389,16106,10.13,12.28,0
1789.025,-7.281381,112.800579,0.69,-4.32,-14.19,140.40,-157.96,85.50,-33.72,29881,5694,10.99,11.54,1
1789.030,-7.281819,112.800332,2.06,6.35,4.51,-103.49,86.75,87.75,-26.20,2905,15499,11.50,10.46,2
1789.035,-7.281368,112.800332,2.44,-24.01,-18.25,-114.13,178.09,90.00,-19.82,28172,21655,12.38,11.97,4
1789.040,-7.281921,112.800755,2.34,8.57,26.97,-163.98,-134.64,92.25,-4.93,4820,12086,10.63,11.83,0
1789.045,-7.281264,112.800070,2.91,6.95,-21.33,4.22,93.63,94.50,-6.18,24145,3254,12.17,10.12,3
1789.050,-7.281826,112.800257,0.02,-7.21,33.84,122.27,151.70,96.75,-27.08,10066,8210,10.44,12.15,4
1789.055,-7.281720,112.800790,1.10,13.58,-8.82,87.72,142.04,99.00,-3.74,28506,7396,10.97,11.07,1
1789.060,-7.282033,112.800000,0.96,3.24,35.60,89.34,91.06,101.25,-0.88,1274,15285,11.99,10.73,3
1789.065,-7.282119,112.800717,2.72,15.11,-32.44,-2.75,18.97,103.50,-33.27,5151,6414,10.65,11.48,3
1789.070,-7.282389,112.800178,1.60,-2.80,10.61,-71.75,-102.83,105.75,-20.40,4088,26780,11.69,10.77,4
1789.075,-7.282456,112.800505,2.08,4.33,-3.68,-46.74,93.03,108.00,-2.22,9546,14786,10.64,12.47,1
1789.080,-7.281570,112.799927,2.23,-25.10,-26.56,-11.71,-53.41,110.25,16.61,11102,475,11.15,11.42,4
1789.085,-7.282556,112.800720,1.86,19.04,2.46,137.80,-94.04,112.50,-19.93,2076,20267,11.58,12.50,4
1789.090,-7.282109,112.800570,1.25,-37.94,29.23,-52.04,-106.89,114.75,25.62,6931,11709,11.67,11.01,1
1789.095,-7.281888,112.800542,2.24,24.70,39.99,-94.20,2.12,117.00,-26.47,18356,25366,11.69,10.13,1
1789.100,-7.282739,112.799896,2.45,36.33,22.69,-49.81,18.29,119.25,-17.60,23756,8045,10.37,11.77,1
1789.105,-7.282765,112.800542,2.16,34.02,-6.88,114.58,-110.74,121.50,-12.10,7502,21246,10.90,12.17,1
1789.110,-7.282423,112.800555,2.41,33.43,14.75,107.25,-89.14,123.75,-27.85,25385,12566,12.23,11.61,0
1789.115,-7.282446,112.800460,1.68,-39.30,16.54,125.53,-15.96,126.00,23.96,215,7083,10.87,11.89,4
1789.120,-7.282915,112.799830,2.59,20.60,14.72,-108.61,120.72,128.25,-28.36,27683,12335,12.29,12.46,2
1789.125,-7.282443,112.800115,0.64,2.36,18.24,-75.39,32.14,130.50,32.71,24086,1920,10.36,10.97,2
1789.130,-7.282212,112.800161,0.49,13.20,11.78,56.48,179.39,132.75,7.65,12116,9095,12.37,10.80,4
1789.135,-7.282480,112.800485,1.33,-11.96,10.41,118.36,55.43,135.00,-2.46,25752,19360,12.06,12.18,3
1789.140,-7.282213,112.800488,0.92,35.99,-5.47,30.93,-84.66,137.25,-15.80,13949,12560,11.30,10.90,4
1789.145,-7.282634,112.799665,0.34,24.07,29.27,-38.94,11.30,139.50,-25.06,3042,7771,10.34,10.79,3
1789.150,-7.282448,112.800358,3.36,-33.47,-19.32,146.70,-127.44,141.75,-33.99,24502,29088,11.25,11.63,1
1789.155,-7.282502,112.799624,2.46,-8.12,32.09,-100.43,-73.39,144.00,11.55,11706,20565,12.31,12.09,0
1789.160,-7.282402,112.799864,1.95,15.00,-21.03,-125.65,88.56,146.25,-1.43,184,18422,10.91,10.72,3
1789.165,-7.282828,112.799434,1.29,-34.18,-26.47,84.40,-154.08,148.50,-0.31,15737,5079,12.33,10.56,3
1789.170,-7.283400,112.799569,2.25,3.90,-13.50,-15.81,136.77,150.75,6.87,28902,26312,11.77,10.42,4
1789.175,-7.282909,112.799871,1.59,12.47,-32.15,21.73,-139.43,153.00,32.79,17665,24915,12.53,11.32,0
1789.180,-7.283161,112.799168,1.62,-10.86,-23.43,60.52,-117.77,155.25,10.31,8949,26790,10.92,11.14,0
1789.185,-7.283504,112.799801,3.06,-28.19,25.34,-145.45,144.67,157.50,-31.40,28077,28673,12.22,10.11,0
1789.190,-7.282679,112.799225,2.71,-26.76,-35.79,22.81,-49.24,159.75,11.15,3353,7479,12.44,12.54,1
1789.195,-7.283481,112.799479,0.97,1.47,-34.92,96.99,138.45,162.00,-2.88,4212,23463,11.06,11.27,0
1789.200,-7.283069,112.799653,3.26,35.86,-5.94,-158.56,-64.03,164.25,-12.69,24237,25693,11.49,10.25,4
1789.205,-7.282880,112.799046,3.14,38.81,4.45,-123.35,64.38,166.50,5.76,15584,11898,11.97,10.07,2
1789.210,-7.282959,112.799305,0.81,-6.84,-25.38,150.92,-166.28,168.75,29.86,4015,9110,12.04,12.52,0
1789.215,-7.283416,112.799376,2.02,22.71,-12.84,-75.33,85.68,171.00,31.01,9833,13978,11.31,10.35,0
1789.220,-7.283457,112.798867,2.35,-0.19,-30.93,-122.45,-48.94,173.25,14.08,3163,2474,10.09,11.99,0
1789.225,-7.283497,112.798569,1.89,38.83,-26.38,52.66,-76.49,175.50,31.89,25835,14518,12.43,11.47,1
1789.230,-7.283039,112.798712,1.36,13.35,23.52,143.10,59.44,177.75,-20.73,24377,2307,12.04,10.02,3
1789.235,-7.283059,112.798953,0.06,25.32,29.25,-95.07,-156.93,180.00,-13.23,20938,8990,11.03,12.32,0
1789.240,-7.283626,112.798981,0.96,-15.01,-20.70,-30.20,-127.46,182.25,2.22,16371,17755,12.17,10.02,1
1789.245,-7.283756,112.799181,1.42,-14.03,33.89,-50.61,-43.55,184.50,25.96,13108,22892,10.67,11.16,0
1789.250,-7.283748,112.798848,1.72,20.55,14.37,94.09,-164.93,186.75,23.04,150,28648,12.29,12.20,4
1789.255,-7.282864,112.798721,0.02,-10.47,34.43,-126.13,-29.45,189.00,33.09,29680,22597,11.62,10.30,4
1789.260,-7.283685,112.798199,1.50,-15.78,14.72,-157.45,12.95,191.25,29.95,26366,507,10.45,11.52,2
1789.265,-7.283616,112.798887,2.83,-29.60,-19.07,72.63,-70.11,193.50,-24.90,21517,22883,10.52,12.10,0
1789.270,-7.283776,112.798063,2.33,29.58,22.77,-157.07,-0.33,195.75,-2.74,6038,11045,11.20,11.29,3
1789.275,-7.283554,112.798182,0.33,-18.28,10.16,-22.11,-134.26,198.00,-24.04,7700,7787,12.15,11.59,2
1789.280,-7.283246,112.798719,0.16,10.74,28.70,75.79,-3.73,200.25,27.33,8128,21519,10.87,10.45,0
1789.285,-7.282878,112.798244,1.99,-36.97,-10.30,-40.68,-8.74,202.50,-31.67,28264,1328,11.74,11.38,4
1789.290,-7.283383,112.797827,1.79,-7.43,20.65,-119.28,79.27,204.75,-29.82,2069,3153,10.00,10.38,4
1789.295,-7.283566,112.798310,3.33,-38.13,-25.22,-57.10,-179.65,207.00,5.71,23746,12728,10.75,12.54,3
1789.300,-7.283397,112.797690,3.25,-3.20,-30.97,37.15,171.23,209.25,-23.36,27119,2602,10.70,11.60,1
1789.305,-7.282762,112.797573,0.48,-10.98,34.01,69.95,63.43,211.50,-20.95,25392,23496,11.98,11.03,2
1789.310,-7.283146,112.797963,3.11,-9.79,-2.82,8.12,161.36,213.75,32.88,7893,20449,11.71,11.84,4
1789.315,-7.282851,112.797537,1.34,19.94,9.81,41.54,33.53,216.00,1.10,6322,7405,11.98,11.72,3
1789.320,-7.283413,112.797237,1.07,-24.27,-6.63,128.99,-142.65,218.25,-3.12,7260,4726,12.03,10.53,3
1789.325,-7.283215,112.797949,1.65,4.83,-27.12,-152.03,-30.39,220.50,0.25,8671,9355,12.56,11.58,2
1789.330,-7.283349,112.797538,1.41,14.79,6.82,86.25,-108.24,222.75,3.44,17326,4059,10.78,10.94,0
1789.335,-7.282501,112.797014,2.45,38.04,-18.62,-97.65,-167.00,225.00,9.69,21338,25583,12.08,11.12,4
1789.340,-7.282806,112.797274,3.22,7.34,17.02,-69.74,-70.56,227.25,30.40,11551,10378,11.67,10.49,3
1789.345,-7.282918,112.797098,0.36,-32.46,-32.24,-111.98,73.96,229.50,-16.70,1444,24701,11.31,11.77,4
1789.350,-7.282643,112.797402,0.28,37.52,20.67,30.22,-172.52,231.75,-31.79,14362,3251,10.80,12.11,4
1789.355,-7.282680,112.797175,2.74,9.44,-37.40,114.76,-113.03,234.00,-5.38,24289,27147,12.06,11.40,3
1789.360,-7.282713,112.796944,2.45,-4.00,26.63,-155.50,-46.31,236.25,27.82,2723,505,11.58,12.15,2
1789.365,-7.282191,112.797598,1.10,10.46,18.29,-46.16,31.23,238.50,-9.17,600,3072,10.56,11.64,0
1789.370,-7.282745,112.796590,2.09,32.38,10.03,-99.23,-33.77,240.75,-22.86,19860,18629,10.98,11.89,4
1789.375,-7.282227,112.796783,2.23,-18.94,12.70,-28.02,-78.23,243.00,11.14,14905,22717,11.12,10.57,4
1789.380,-7.282621,112.796966,0.55,-35.89,-9.76,121.76,5.10,245.25,-1.61,13476,26677,11.52,10.70,4
1789.385,-7.281817,112.796878,2.16,-37.27,6.92,140.65,-48.88,247.50,-12.55,21121,26797,11.56,11.94,2
1789.390,-7.281882,112.797230,0.96,31.12,2.21,163.22,-114.23,249.75,10.65,10239,24192,11.27,11.10,2
1789.395,-7.282220,112.797355,0.76,3.64,3.35,-153.12,-119.95,252.00,-13.66,11554,22953,10.32,10.45,0
1789.400,-7.281949,112.796997,2.80,-9.43,-18.71,86.51,48.61,254.25,-21.97,7728,2515,12.45,11.81,0
1789.405,-7.282434,112.796731,2.95,-9.72,-19.05,124.24,115.81,256.50,-27.86,5200,14954,10.77,11.23,4
1789.410,-7.282043,112.796636,2.06,-25.79,6.99,159.71,170.67,258.75,-9.20,2542,22010,12.23,12.06,4
1789.415,-7.281991,112.796424,0.36,-19.42,-39.54,-17.10,-103.26,261.00,19.86,26182,1427,11.48,12.40,2
1789.420,-7.282058,112.796931,2.37,25.64,29.27,-153.94,96.55,263.25,31.76,4328,18000,11.54,11.42,1
1789.425,-7.281309,112.797194,1.40,-33.86,-23.68,11.28,131.12,265.50,1.53,11483,13737,10.44,10.78,1
1789.430,-7.281563,112.796866,0.54,-36.53,-27.90,135.89,111.61,267.75,3.53,20970,8587,12.29,12.28,1
1789.435,-7.281023,112.796250,0.34,19.94,-3.56,60.29,-138.26,270.00,-33.26,5882,552,11.20,11.86,2
1789.440,-7.281598,112.796407,3.14,20.43,19.90,-104.12,165.17,272.25,23.85,14105,22316,11.06,10.91,2
1789.445,-7.281589,112.796930,1.84,29.58,-9.82,-68.63,140.64,274.50,-21.28,2533,1571,10.76,11.45,3
1789.450,-7.281604,112.796916,2.33,-15.27,3.31,30.31,-165.85,276.75,19.52,27227,24613,11.54,11.33,2
1789.455,-7.280827,112.796908,0.45,7.79,-21.97,64.81,-106.33,279.00,-15.27,27973,16632,11.66,10.93,0
1789.460,-7.280959,112.796797,2.60,2.03,-32.12,174.02,-103.23,281.25,-29.37,13151,22917,10.98,10.93,0
1789.465,-7.281162,112.796557,1.70,29.97,-19.79,-8.97,-10.27,283.50,4.48,2519,19029,10.72,10.99,3
1789.470,-7.281275,112.797119,1.14,-22.35,29.77,-15.92,78.38,285.75,17.54,22062,3731,10.09,10.21,3
1789.475,-7.281260,112.797186,0.84,12.34,-38.74,-63.47,-149.65,288.00,-30.70,8844,10914,10.29,11.62,2
1789.480,-7.281170,112.796455,2.24,28.76,-13.60,-69.07,-38.78,290.25,22.45,24711,27978,11.19,11.68,1
1789.485,-7.280656,112.796690,1.59,26.72,-14.95,54.47,116.57,292.50,18.93,14939,9948,10.64,11.20,3
1789.490,-7.280287,112.797001,1.59,-8.43,19.59,154.11,79.77,294.75,19.13,16608,14716,10.61,12.18,3
1789.495,-7.280068,112.796649,2.44,-35.69,-1.02,-157.77,-161.18,297.00,30.91,29828,21582,10.60,12.05,1
1789.500,-7.280152,112.796582,1.06,-21.74,26.98,109.09,-17.96,299.25,23.40,27671,22921,12.30,10.91,1
1789.505,-7.280521,112.797391,1.03,-32.58,-26.95,153.33,37.48,301.50,-15.77,26802,18750,11.54,12.21,0
1789.510,-7.280413,112.796775,3.32,3.65,20.59,118.01,109.70,303.75,9.33,3574,20175,10.62,10.30,3
1789.515,-7.280471,112.796994,2.40,-36.34,-23.63,97.07,-103.41,306.00,22.18,170,4908,10.27,10.98,2
1789.520,-7.279924,112.797164,0.59,-9.11,-4.68,-167.24,-112.51,308.25,-32.45,27562,28746,11.00,11.53,0
1789.525,-7.279938,112.797115,1.19,-29.28,11.23,-132.16,-18.73,310.50,-23.49,16344,8543,12.09,11.60,1
1789.530,-7.279427,112.796717,0.92,-25.84,-19.23,61.16,40.41,312.75,29.40,8470,16582,10.98,12.17,1
1789.535,-7.280244,112.797335,2.00,11.12,23.15,-177.75,-139.78,315.00,28.20,17945,21095,10.09,12.10,1
1789.540,-7.279225,112.797305,3.38,16.37,25.99,-154.13,29.42,317.25,8.99,19609,26810,11.96,11.83,2
1789.545,-7.279449,112.797731,3.14,-20.02,-29.47,-23.95,16.20,319.50,30.02,11696,702,10.43,11.22,0
1789.550,-7.279161,112.797655,2.06,28.00,-21.09,160.83,-153.18,321.75,-14.49,375,29904,12.06,11.72,4
1789.555,-7.279456,112.797908,1.29,9.61,22.26,-156.93,-37.27,324.00,-27.30,13760,20088,12.21,10.25,4
1789.560,-7.279026,112.797808,0.63,38.08,15.41,21.94,42.74,326.25,12.52,7520,78,10.84,10.89,3
1789.565,-7.279825,112.798079,1.42,-13.93,13.03,-39.94,86.30,-326.86,9.38,24139,257,12.37,11.15,3
1789.570,-7.278873,112.797807,3.33,-12.09,31.86,-177.69,29.37,-324.61,-32.63,16500,28746,10.90,11.10,1
1789.575,-7.279229,112.797813,0.64,28.54,27.29,165.15,57.89,-322.36,-3.38,12219,2656,12.04,11.19,0
1789.580,-7.279153,112.798018,0.67,5.60,19.89,-116.27,177.92,-320.11,-10.58,5333,2673,10.56,10.72,1
1789.585,-7.279507,112.797499,2.03,-5.91,11.57,-12.17,158.83,-317.86,-19.29,16575,18926,11.36,12.57,0
1789.590,-7.278742,112.798267,2.34,-17.94,26.20,103.90,37.41,-315.61,-5.63,14716,7799,12.49,12.27,4
1789.595,-7.279033,112.797865,2.64,-35.00,6.31,32.16,176.14,-313.36,-30.75,16851,28172,11.94,10.62,2
1789.600,-7.279304,112.798608,1.83,21.16,-36.70,-98.34,59.28,-311.11,11.55,17119,27215,10.55,11.10,0
1789.605,-7.279514,112.798790,2.80,39.47,-10.45,-66.51,18.34,-308.86,-30.65,4857,25083,11.20,11.27,2
1789.610,-7.279071,112.798858,2.75,33.95,14.43,7.53,-16.20,-306.61,-14.58,14164,4524,11.39,12.31,2
1789.615,-7.279157,112.798326,1.23,-12.12,-36.06,-50.53,2.91,-304.36,-8.43,18292,23469,12.35,11.03,1
1789.620,-7.278939,112.799040,0.86,-23.85,6.00,0.43,-75.33,-302.11,-25.83,4329,11504,11.21,10.28,2
1789.625,-7.278699,112.798540,2.28,-24.34,-39.19,-67.35,-149.55,-299.86,9.45,6154,9250,12.40,11.93,2
1789.630,-7.279099,112.798633,2.20,-25.78,14.21,129.79,123.02,-297.61,26.56,11720,4737,10.92,12.35,3
1789.635,-7.280655,112.799021,0.58,3.66,19.45,51.88,-131.74,0.00,33.65,26163,13634,11.70,11.55,3
1789.640,-7.280340,112.798731,3.38,-39.59,3.26,-100.42,-82.27,2.25,26.11,16939,5105,10.06,12.31,3
1789.645,-7.280914,112.798934,0.80,10.11,34.53,-143.43,150.03,4.50,11.76,19980,7028,11.67,10.73,3
1789.650,-7.280206,112.799031,2.19,0.75,-21.45,-175.65,-118.20,6.75,-33.76,879,10124,11.51,11.81,0
1789.655,-7.280882,112.799557,2.22,-5.72,13.83,6.28,-25.77,9.00,-32.34,26439,13686,10.21,11.91,3
1789.660,-7.280556,112.798777,0.22,-20.31,27.59,-50.68,-139.94,11.25,3.96,20847,14560,11.58,11.91,0
1789.665,-7.280575,112.799170,1.08,26.72,7.08,72.32,-40.24,13.50,9.36,27352,12272,12.53,10.24,2
1789.670,-7.280408,112.799461,2.03,-38.35,3.59,-132.36,-47.98,15.75,-8.66,3381,8162,10.31,11.51,1
1789.675,-7.280365,112.799088,2.34,35.12,-18.19,41.19,42.81,18.00,10.46,4992,29685,11.28,10.53,4
1789.680,-7.280304,112.799272,2.30,24.48,-29.11,-99.15,-110.12,20.25,-6.63,24479,26595,11.98,12.07,2
1789.685,-7.280447,112.799701,2.63,13.53,14.02,48.89,-170.35,22.50,-20.80,4214,22976,10.28,11.70,2
1789.690,-7.280351,112.799695,1.19,17.65,8.06,93.44,28.06,24.75,4.71,17291,5360,10.44,12.09,4
1789.695,-7.280161,112.799033,2.18,-9.44,35.84,86.68,-159.09,27.00,19.17,1001,5317,11.52,12.50,3
1789.700,-7.280449,112.799295,2.68,8.48,-36.49,170.48,-179.59,29.25,9.40,21511,3542,10.76,10.84,3
1789.705,-7.280603,112.799082,1.84,36.60,38.63,-61.77,-138.55,31.50,-13.81,10388,15608,12.02,10.44,2
1789.710,-7.280995,112.799752,1.90,-10.04,-17.06,-177.27,-133.09,33.75,-18.56,21178,7223,10.14,11.38,1
1789.715,-7.280760,112.799547,0.47,12.85,33.52,124.49,-50.67,36.00,-11.99,29709,16212,11.83,11.38,3
1789.720,-7.280219,112.799551,0.65,30.88,5.39,-76.46,78.43,38.25,15.66,25708,25925,11.08,10.85,2
1789.725,-7.280625,112.799916,0.60,25.31,-9.55,-45.18,138.43,40.50,12.47,22941,2165,10.10,11.91,0
1789.730,-7.280257,112.799619,3.26,18.53,32.85,94.96,16.30,42.75,-20.63,14105,24031,10.69,10.49,4
1789.735,-7.280693,112.799988,2.95,-1.40,-6.65,-77.38,-24.37,45.00,-31.71,11346,19354,12.34,12.51,0
1789.740,-7.280660,112.799857,2.42,2.85,8.33,66.74,-87.73,47.25,11.47,13857,1996,10.88,10.23,2
1789.745,-7.281170,112.799813,1.73,2.28,-25.07,31.45,-92.05,49.50,-1.72,1161,21344,11.05,10.63,2
1789.750,-7.280501,112.799446,0.69,-6.11,-36.59,-138.99,122.45,51.75,-11.11,26550,2297,10.10,11.60,4
1789.755,-7.281145,112.799829,2.87,-25.99,18.39,-122.46,-121.08,54.00,-10.61,7031,20079,12.34,10.90,2
1789.760,-7.281022,112.799668,1.18,-38.97,32.30,-137.90,10.76,56.25,-11.94,26530,24431,11.77,10.00,3
1789.765,-7.280536,112.800460,2.42,4.41,-24.89,72.93,-104.58,58.50,31.43,2928,26470,10.39,10.76,2
1789.770,-7.280916,112.800058,2.61,-13.87,-5.13,36.05,176.08,60.75,-20.90,28970,12209,10.57,10.06,3
1789.775,-7.281368,112.800099,1.42,6.40,-9.95,-100.29,117.98,63.00,-13.63,9229,23732,12.49,12.40,4
1789.780,-7.281289,112.799653,1.57,-8.95,-13.25,-43.72,-89.41,65.25,-10.90,27216,11417,11.29,10.69,3
1789.785,-7.280994,112.799897,1.24,28.97,27.21,-99.38,76.25,67.50,25.60,9705,18536,12.56,12.50,3
1789.790,-7.280960,112.800514,0.14,33.49,0.06,-91.63,-55.72,69.75,8.83,10870,5747,12.08,12.01,1
1789.795,-7.280646,112.800277,3.40,-4.78,-3.18,138.67,78.65,72.00,4.08,26952,26144,11.16,10.15,4
1789.800,-7.281063,112.800235,1.27,11.32,5.99,-151.78,-89.56,74.25,-10.57,16513,13586,12.59,11.50,3
1789.805,-7.280986,112.800324,2.05,32.31,-22.98,117.16,-122.88,76.50,-8.95,15540,9155,10.30,10.70,4
1789.810,-7.281611,112.799957,0.86,-15.07,-34.98,66.39,-142.71,78.75,27.52,9157,23160,11.86,11.87,4
1789.815,-7.281411,112.799906,2.21,-18.77,-27.09,-81.37,159.35,81.00,-5.14,12903,9223,12.33,10.58,3
1789.820,-7.281678,112.800421,3.29,-38.32,-21.48,-102.32,-151.77,83.25,-22.32,27799,13348,11.22,11.48,4
1789.825,-7.281210,112.800050,0.57,-7.41,33.57,94.20,-37.35,85.50,8.35,1426,4963,12.43,10.87,3
1789.830,-7.281889,112.799980,1.97,12.21,27.29,127.97,147.24,87.75,4.94,26547,10076,11.65,12.29,0
1789.835,-7.281934,112.800757,2.96,14.52,31.92,36.40,-145.10,90.00,27.40,3395,18183,11.56,10.72,0
1789.840,-7.281065,112.800044,0.80,-9.32,39.18,60.90,-86.99,92.25,-22.44,23972,11946,12.23,10.70,4
1789.845,-7.281414,112.799845,2.35,-8.22,7.46,-174.38,-21.13,94.50,28.44,15936,21805,10.04,11.71,1
