timestamp (s),latitude (°),longitude (°),speedMps (m/s),u (m/s),v (m/s),Calc_deg_servo_1 (°),Calc_deg_servo_2 (°),yaw (°),heading_setpoint (°),heading_error (°),rudder_cmd (°),track_wp_index,distance_to_wp (m),accel_x (g),accel_y (g),accel_z (g),gyro_x (deg/s),gyro_y (deg/s),gyro_z (deg/s),rpm_prop_1 (rpm),rpm_prop_2 (rpm),battery_1 (V),battery_2 (V),mode_auto,mini_pc_link
552.636,-7.286699,112.795997,0.03,0.074,-0.337,-0.49,-0.55,167.54,167.54,0.00,0.32,0,0.0,0.00,-0.01,0.99,-0.73,-0.06,-0.42,0,0,11.54,12.44,0,0
552.736,-7.286699,112.795997,0.02,0.052,-0.236,-0.43,-0.37,167.58,167.58,0.00,0.24,0,0.0,0.00,-0.01,0.99,-0.67,-0.12,-0.48,0,0,11.64,12.45,0,0
552.836,-7.286699,112.795997,0.02,0.036,-0.165,-0.37,-0.25,167.62,167.62,0.00,0.24,0,0.0,0.00,-0.02,0.99,-0.30,-0.06,-0.48,0,0,11.58,12.44,0,0
552.936,-7.286699,112.795997,0.00,0.025,-0.115,-0.43,-0.43,167.66,167.66,0.00,0.24,0,0.0,0.00,-0.01,0.99,0.24,0.00,-0.42,0,0,11.68,12.47,0,0
553.036,-7.286699,112.795997,0.03,0.018,-0.081,-0.49,-0.61,167.69,167.69,0.00,0.40,0,0.0,0.00,-0.01,0.99,0.73,0.06,-0.48,0,0,11.88,12.05,0,0
553.136,-7.286699,112.795997,0.07,0.012,-0.057,-0.37,-0.37,167.73,167.73,0.00,0.32,0,0.0,0.00,-0.01,0.99,0.91,0.00,-0.48,0,0,11.73,12.37,0,0
553.236,-7.286699,112.795997,0.02,0.009,-0.040,-0.49,-0.37,167.78,167.78,0.00,0.24,0,0.0,0.00,-0.01,0.99,0.67,0.00,-0.54,0,0,11.74,12.51,0,0
553.336,-7.286699,112.795997,0.05,0.006,-0.028,-0.37,-0.43,167.84,167.84,0.00,0.24,0,0.0,0.00,-0.01,0.99,0.06,0.00,-0.67,0,0,11.73,12.47,0,0
553.436,-7.286699,112.795998,0.06,0.074,-0.343,-0.43,-0.49,167.90,167.90,0.00,0.24,0,0.0,0.00,-0.01,0.99,-0.48,0.06,-0.73,0,0,11.59,12.42,0,0
553.536,-7.286699,112.795998,0.00,0.051,-0.240,-0.37,-0.43,167.97,167.97,0.00,0.24,0,0.0,0.00,-0.01,0.99,-0.61,0.00,-0.67,0,0,11.68,12.43,0,0
553.636,-7.286699,112.795998,0.00,0.036,-0.168,-0.31,-0.55,168.04,168.04,0.00,0.32,0,0.0,0.00,-0.01,0.99,-0.30,0.00,-0.79,0,0,11.82,12.39,0,0
553.736,-7.286699,112.795998,0.00,0.025,-0.118,-0.37,-0.55,168.11,168.11,0.00,0.32,0,0.0,0.00,-0.01,0.99,0.12,0.00,-0.73,0,0,11.66,12.43,0,0
553.836,-7.286699,112.795998,0.10,0.017,-0.082,-0.55,-0.37,168.18,168.18,0.00,0.24,0,0.0,0.00,-0.01,0.99,0.42,0.00,-0.73,0,0,11.80,12.44,0,0
553.936,-7.286699,112.795998,0.03,0.012,-0.058,-0.43,-0.73,168.26,168.26,0.00,0.24,0,0.0,0.00,-0.01,0.99,0.67,0.06,-0.79,0,0,11.76,12.45,0,0
554.036,-7.286699,112.795998,0.00,0.008,-0.040,-0.49,-0.49,168.33,168.33,0.00,0.32,0,0.0,0.00,-0.01,0.99,0.42,0.00,-0.85,0,0,11.78,12.42,0,0
554.136,-7.286699,112.795998,0.03,0.006,-0.028,-0.37,-0.49,168.40,168.40,0.00,0.24,0,0.0,0.00,-0.01,0.99,0.00,-0.06,-0.79,0,0,11.60,12.43,0,0
554.236,-7.286699,112.795998,0.04,0.004,-0.020,-0.31,-0.37,168.47,168.47,0.00,0.24,0,0.0,0.00,-0.01,0.99,-0.24,-0.12,-0.73,0,0,11.82,12.42,0,0
554.336,-7.286699,112.795998,0.00,0.003,-0.014,-0.43,-0.49,168.55,168.55,0.00,0.32,0,0.0,0.00,-0.01,0.99,-0.42,-0.12,-0.73,0,0,11.74,12.37,0,0
554.436,-7.286699,112.795998,0.05,0.002,-0.010,-0.43,-0.19,168.62,168.62,0.00,0.32,0,0.0,0.00,-0.01,0.99,-0.30,0.00,-0.85,0,0,11.55,12.43,0,0
554.536,-7.286699,112.795999,0.03,0.066,-0.331,-0.25,-0.25,168.71,168.71,0.00,0.40,0,0.0,0.00,-0.01,0.99,0.00,0.06,-0.79,0,0,11.77,12.44,0,0
554.636,-7.286699,112.795999,0.04,0.046,-0.232,-0.49,-0.43,168.78,168.78,0.00,0.32,0,0.0,0.00,-0.01,0.99,0.18,0.12,-0.79,0,0,11.80,12.45,0,0
554.736,-7.286699,112.795999,0.05,0.032,-0.162,-0.49,-0.37,168.86,168.86,0.00,0.40,0,0.0,0.00,-0.01,0.99,0.30,0.06,-0.73,0,0,11.76,12.49,0,0
554.836,-7.286699,112.795999,0.02,0.022,-0.114,-0.43,-0.07,168.94,168.94,0.00,0.32,0,0.0,0.00,-0.01,0.99,0.24,0.00,-0.79,0,0,11.63,12.42,0,0
554.936,-7.286699,112.795999,0.04,0.015,-0.080,-0.37,-0.49,169.01,169.01,0.00,0.40,0,0.0,0.00,-0.01,0.99,0.18,0.00,-0.73,0,0,11.74,12.48,0,0
555.036,-7.286699,112.795999,0.05,0.011,-0.056,-0.43,-0.43,169.08,169.08,0.00,0.32,0,0.0,0.00,-0.01,0.99,0.00,0.06,-0.79,0,0,11.80,12.44,0,0
555.136,-7.286699,112.795999,0.03,0.007,-0.039,-0.37,-0.43,169.15,169.15,0.00,0.32,0,0.0,0.00,-0.01,0.99,-0.12,0.00,-0.79,0,0,11.58,12.44,0,0
555.236,-7.286699,112.796000,0.05,0.067,-0.352,-0.49,-0.37,169.23,169.23,0.00,0.32,0,0.0,0.00,-0.01,0.99,-0.30,0.06,-0.79,0,0,11.79,12.44,0,0
555.336,-7.286699,112.796000,0.03,0.047,-0.247,-0.61,-0.13,169.31,169.31,0.00,0.24,0,0.0,0.00,-0.01,0.99,-0.36,0.00,-0.73,0,0,11.62,12.42,0,0
555.436,-7.286699,112.796000,0.03,0.033,-0.173,-0.25,-0.90,169.34,169.34,0.00,0.32,0,0.0,0.00,-0.01,0.99,0.00,0.00,0.00,0,0,11.64,12.43,0,0
555.536,-7.286699,112.796000,0.04,0.023,-0.121,-0.01,-0.19,169.34,169.34,0.00,0.32,0,0.0,0.00,-0.01,0.99,0.00,0.00,0.00,0,0,11.78,12.37,0,0
555.636,-7.286699,112.796000,0.01,0.016,-0.085,-0.31,-0.37,169.34,169.34,0.00,0.40,0,0.0,0.00,-0.01,0.99,0.54,-0.12,-0.06,0,0,11.74,12.43,0,0
555.736,-7.286699,112.796000,0.02,0.011,-0.059,-0.49,-0.37,169.34,169.34,0.00,0.32,0,0.0,0.00,-0.01,0.99,0.61,-0.12,0.00,0,0,11.78,12.43,0,0
555.836,-7.286699,112.796001,0.02,0.069,-0.367,-0.31,-0.37,169.34,169.34,0.00,0.40,0,0.0,0.00,-0.01,0.99,0.36,0.00,0.00,0,0,11.64,12.44,0,0
555.936,-7.286699,112.796001,0.03,0.048,-0.257,-0.43,-0.49,169.33,169.33,0.00,0.32,0,0.0,0.00,-0.01,0.99,0.06,0.06,0.00,0,0,11.73,12.47,0,0
556.036,-7.286699,112.796001,0.03,0.034,-0.180,-0.43,-0.49,169.33,169.33,0.00,0.32,0,0.0,0.00,-0.01,0.99,-0.30,0.06,0.00,0,0,11.67,12.46,0,0
556.136,-7.286699,112.796001,0.02,0.024,-0.126,-0.43,-0.43,169.33,169.33,0.00,0.32,0,0.0,0.00,-0.01,0.99,-0.42,0.00,0.00,0,0,11.57,12.44,0,0
556.236,-7.286699,112.796001,0.01,0.017,-0.088,-0.67,-0.96,169.33,169.33,0.00,0.24,0,0.0,0.00,-0.01,0.99,-0.42,0.00,0.00,0,0,11.54,12.42,0,0
556.336,-7.286699,112.796001,0.04,0.012,-0.062,-0.25,-0.43,169.33,169.33,0.00,0.32,0,0.0,0.00,-0.02,0.99,0.00,-0.06,0.00,0,0,11.79,12.43,0,0
556.436,-7.286699,112.796001,0.01,0.008,-0.043,-0.13,-0.49,169.33,169.33,0.00,0.24,0,0.0,0.00,-0.01,0.99,0.48,0.00,0.00,0,0,11.83,12.44,0,0
556.536,-7.286699,112.796001,0.00,0.006,-0.030,-0.37,-0.73,169.33,169.33,0.00,0.40,0,0.0,0.00,-0.01,0.99,0.73,-0.06,0.00,0,0,11.76,12.45,0,0
556.636,-7.286699,112.796001,0.04,0.004,-0.021,-0.43,-0.49,169.32,169.32,0.00,0.24,0,0.0,0.00,-0.01,0.99,0.61,0.00,0.24,0,0,11.59,12.47,0,0
556.736,-7.286699,112.796002,0.03,0.064,-0.340,-0.07,-0.61,169.29,169.29,0.00,0.40,0,0.0,0.00,-0.01,0.99,0.24,0.12,0.24,0,0,11.75,12.42,0,0
556.836,-7.286699,112.796002,0.03,0.045,-0.238,0.39,-0.43,169.27,169.27,0.00,0.32,0,0.0,0.00,-0.01,0.99,-0.12,0.00,0.12,0,0,11.78,12.42,0,0
556.936,-7.286699,112.796002,0.03,0.032,-0.167,-0.43,-0.31,169.24,169.24,0.00,0.32,0,0.0,0.00,-0.01,0.99,-0.30,-0.06,0.18,0,0,11.67,12.42,0,0
557.036,-7.286699,112.796002,0.02,0.022,-0.117,-0.43,-0.43,169.22,169.22,0.00,0.32,0,0.0,0.00,-0.01,0.99,-0.12,-0.12,0.30,0,0,11.67,12.39,0,0
557.136,-7.286699,112.796002,0.05,0.016,-0.082,-0.01,-0.07,169.20,169.20,0.00,0.40,0,0.0,0.00,-0.01,0.99,0.00,-0.06,0.18,0,0,11.73,12.39,0,0
557.236,-7.286699,112.796002,0.05,0.011,-0.057,-0.31,-0.61,169.16,169.16,0.00,0.32,0,0.0,0.00,-0.01,0.99,0.36,0.12,0.36,0,0,11.62,12.43,0,0
557.336,-7.286699,112.796002,0.02,0.008,-0.040,-0.43,-0.37,169.14,169.14,0.00,0.32,0,0.0,0.00,-0.01,0.99,0.54,0.00,0.24,0,0,11.67,12.47,0,0
557.436,-7.286699,112.796002,0.04,0.005,-0.028,-0.37,-0.37,169.11,169.11,0.00,0.32,0,0.0,0.00,-0.01,0.99,0.48,0.00,0.24,0,0,11.63,12.42,0,0
557.536,-7.286699,112.796002,0.01,0.004,-0.020,-0.25,-0.37,169.08,169.08,0.00,0.32,0,0.0,0.00,-0.01,0.99,0.12,0.00,0.18,0,0,11.64,12.56,0,0
557.636,-7.286699,112.796002,0.02,0.003,-0.014,-0.37,-0.73,169.05,169.05,0.00,0.40,0,0.0,0.00,-0.01,0.99,-0.18,0.00,0.18,0,0,11.76,12.32,0,0
557.736,-7.286699,112.796002,0.01,0.002,-0.010,-0.43,-0.49,169.04,169.04,0.00,0.24,0,0.0,0.00,-0.01,0.99,-0.30,-0.06,0.18,0,0,11.82,12.49,0,0
557.836,-7.286699,112.796002,0.02,0.001,-0.007,-0.43,-0.43,169.01,169.01,0.00,0.32,0,0.0,0.00,-0.01,0.99,-0.18,0.00,0.24,0,0,11.67,12.37,0,0
557.936,-7.286699,112.796002,0.01,0.001,-0.005,-0.37,-0.43,169.00,169.00,0.00,0.32,0,0.0,0.00,-0.01,0.99,0.18,0.12,0.24,0,0,11.60,12.44,0,0
558.036,-7.286699,112.796002,0.02,0.001,-0.003,-0.19,-0.31,168.97,168.97,0.00,0.24,0,0.0,0.00,-0.01,0.99,0.48,0.00,0.24,0,0,11.68,12.42,0,0
558.136,-7.286699,112.796003,0.01,0.064,-0.327,-0.37,-0.43,168.95,168.95,0.00,0.32,0,0.0,0.00,-0.01,0.99,0.67,0.00,0.30,0,0,11.64,12.39,0,0
558.236,-7.286699,112.796003,0.01,0.045,-0.229,-0.31,-0.19,168.93,168.93,0.00,0.32,0,0.0,0.00,-0.01,0.99,0.54,0.00,0.24,0,0,11.81,12.44,0,0
558.336,-7.286699,112.796003,0.01,0.031,-0.160,-0.37,-0.25,168.91,168.91,0.00,0.40,0,0.0,0.00,-0.01,0.99,0.06,-0.06,0.12,0,0,11.78,12.42,0,0
558.436,-7.286699,112.796003,0.01,0.022,-0.112,-0.49,-0.49,168.90,168.90,0.00,0.24,0,0.0,0.00,-0.01,0.99,-0.18,0.06,0.12,0,0,11.69,12.42,0,0
558.536,-7.286699,112.796003,0.02,0.015,-0.079,-0.31,-0.49,168.88,168.88,0.00,0.40,0,0.0,0.00,-0.01,0.99,-0.42,0.00,0.18,0,0,11.77,12.43,0,0
558.636,-7.286699,112.796003,0.01,0.011,-0.055,-0.37,-0.25,168.87,168.87,0.00,0.32,0,0.0,0.00,-0.01,0.99,-0.24,-0.06,0.12,0,0,11.56,12.42,0,0
558.736,-7.286699,112.796003,0.01,0.008,-0.038,-0.31,-0.49,168.85,168.85,0.00,0.40,0,0.0,0.00,-0.01,0.99,0.12,-0.12,0.18,0,0,11.74,12.42,0,0
558.836,-7.286699,112.796002,0.02,-0.059,0.298,-0.43,-0.49,168.85,168.85,0.00,0.32,0,0.0,0.00,-0.01,0.99,0.42,-0.06,0.00,0,0,11.56,12.43,0,0
558.936,-7.286699,112.796002,0.02,-0.041,0.208,-0.25,-0.37,168.83,168.83,0.00,0.32,0,0.0,0.00,-0.01,0.99,0.54,-0.06,0.24,0,0,11.59,12.43,0,0
559.036,-7.286699,112.796002,0.01,-0.029,0.146,-0.43,-0.61,168.81,168.81,0.00,0.32,0,0.0,0.00,-0.01,0.99,0.48,-0.06,0.24,0,0,11.70,12.44,0,0
559.136,-7.286699,112.796002,0.03,-0.020,0.102,-0.37,-0.61,168.78,168.78,0.00,0.32,0,0.0,0.00,-0.01,0.99,0.24,-0.06,0.24,0,0,11.81,12.50,0,0
559.236,-7.286699,112.796002,0.02,-0.014,0.071,-0.49,-0.49,168.77,168.77,0.00,0.24,0,0.0,0.00,-0.01,0.99,0.00,-0.06,0.12,0,0,11.71,12.42,0,0
559.336,-7.286700,112.796002,0.03,0.317,0.115,-0.37,-0.55,168.76,168.76,0.00,0.32,0,0.0,0.00,-0.01,0.99,-0.36,0.12,0.06,0,0,11.62,12.42,0,0
559.436,-7.286700,112.796002,0.01,0.222,0.081,-0.31,-0.49,168.75,168.75,0.00,0.32,0,0.0,0.00,-0.01,0.99,-0.30,0.00,0.00,0,0,11.62,12.36,0,0
559.536,-7.286700,112.796002,0.04,0.155,0.056,-0.43,-0.19,168.75,168.75,0.00,0.32,0,0.0,0.00,-0.01,0.99,-0.12,0.00,0.06,0,0,11.60,12.36,0,0
559.636,-7.286700,112.796002,0.04,0.109,0.039,-0.43,-0.43,168.74,168.74,0.00,0.24,0,0.0,0.00,-0.01,0.99,0.24,0.00,0.06,0,0,11.72,12.45,0,0
559.736,-7.286700,112.796002,0.04,0.076,0.028,-0.49,-0.49,168.73,168.73,0.00,0.32,0,0.0,0.00,-0.01,0.99,0.42,-0.12,0.00,0,0,11.74,12.42,0,0
559.836,-7.286700,112.796002,0.09,0.053,0.019,-0.37,-0.43,168.73,168.73,0.00,0.24,0,0.0,0.00,-0.01,0.99,0.48,-0.06,0.00,0,0,11.73,12.36,0,0
559.936,-7.286700,112.796002,0.01,0.037,0.014,-0.31,-0.37,168.73,168.73,0.00,0.16,0,0.0,0.00,-0.01,0.99,0.36,0.00,0.00,0,0,11.75,12.45,0,0
560.036,-7.286700,112.796002,0.04,0.026,0.009,-0.43,-0.43,168.73,168.73,0.00,0.24,0,0.0,0.00,-0.01,0.99,0.12,-0.06,0.00,0,0,11.66,12.39,0,0
560.136,-7.286700,112.796002,0.01,0.018,0.007,-0.55,-0.49,168.73,168.73,0.00,0.32,0,0.0,0.00,-0.01,0.99,0.00,0.00,0.00,0,0,11.77,12.42,0,0
560.236,-7.286700,112.796002,0.01,0.013,0.005,-0.07,-0.13,168.73,168.73,0.00,0.32,0,0.0,0.00,-0.01,0.99,-0.06,0.06,0.00,0,0,11.69,12.44,0,0
560.336,-7.286700,112.796002,0.02,0.009,0.003,-0.49,-0.43,168.73,168.73,0.00,0.24,0,0.0,0.00,-0.01,0.99,0.00,0.12,0.00,0,0,11.80,12.44,0,0
560.436,-7.286700,112.796002,0.01,0.006,0.002,-0.67,-0.43,168.73,168.73,0.00,0.16,0,0.0,0.00,-0.01,0.99,0.06,0.00,0.00,0,0,11.76,12.45,0,0
560.536,-7.286700,112.796002,0.01,0.004,0.002,-0.37,-0.43,168.73,168.73,0.00,0.24,0,0.0,0.00,-0.01,0.99,0.18,0.00,0.00,0,0,11.75,12.42,0,0
560.636,-7.286700,112.796002,0.05,0.003,0.001,-0.25,-0.37,168.73,168.73,0.00,0.40,0,0.0,0.00,-0.01,0.99,0.18,-0.12,0.00,0,0,11.86,12.62,0,0
560.736,-7.286700,112.796002,0.07,0.002,0.001,-0.37,-0.43,168.73,168.73,0.00,0.32,0,0.0,0.00,-0.01,0.99,0.18,-0.12,0.00,0,0,11.71,12.45,0,0
560.836,-7.286700,112.796002,0.02,0.002,0.001,-0.37,-0.37,168.73,168.73,0.00,0.32,0,0.0,0.00,-0.01,0.99,0.30,-0.06,0.00,0,0,11.72,12.45,0,0
560.936,-7.286700,112.796002,0.01,0.001,0.000,-0.49,-0.25,168.73,168.73,0.00,0.32,0,0.0,0.00,-0.01,0.99,0.24,0.00,0.00,0,0,11.69,12.39,0,0
561.036,-7.286700,112.796002,0.03,0.001,0.000,-0.37,-0.43,168.73,168.73,0.00,0.32,0,0.0,0.00,-0.01,0.99,0.06,0.00,0.00,0,0,11.77,12.44,0,0
561.136,-7.286700,112.796002,0.02,0.001,0.000,-0.31,-0.49,168.73,168.73,0.00,0.24,0,0.0,0.00,-0.01,0.99,0.00,0.00,0.00,0,0,11.62,12.44,0,0
561.236,-7.286700,112.796002,0.03,0.000,0.000,-0.49,-0.43,168.73,168.73,0.00,0.40,0,0.0,0.00,-0.01,0.99,0.00,0.00,0.00,0,0,11.62,12.42,0,0
561.336,-7.286700,112.796002,0.03,0.000,0.000,-0.55,-0.55,168.73,168.73,0.00,0.32,0,0.0,0.00,-0.01,0.99,0.00,0.00,0.00,0,0,11.80,12.42,0,0
561.436,-7.286700,112.796002,0.04,0.000,0.000,0.04,-0.37,168.73,168.73,0.00,0.32,0,0.0,0.00,-0.01,0.99,0.00,0.00,0.00,0,0,11.78,12.42,0,0
561.536,-7.286700,112.796002,0.06,0.000,0.000,-0.37,-0.07,168.73,168.73,0.00,0.40,0,0.0,0.00,-0.01,0.99,0.00,0.00,0.00,0,0,11.77,12.42,0,0
561.636,-7.286700,112.796002,0.05,0.000,0.000,-0.31,-0.55,168.73,168.73,0.00,0.32,0,0.0,0.00,-0.01,0.99,0.00,0.00,0.00,0,0,11.61,12.44,0,0
561.736,-7.286700,112.796002,0.02,0.000,0.000,-0.37,-0.43,168.73,168.73,0.00,0.24,0,0.0,0.00,-0.01,0.99,0.00,0.00,0.00,0,0,11.74,12.42,0,0
561.836,-7.286700,112.796002,0.05,0.000,0.000,-0.43,-0.49,168.73,168.73,0.00,0.40,0,0.0,0.00,-0.01,0.99,0.00,0.00,0.00,0,0,11.72,12.44,0,0
561.936,-7.286700,112.796002,0.00,0.000,0.000,-0.43,-0.43,168.73,168.73,0.00,0.24,0,0.0,0.00,-0.01,0.99,0.00,0.00,0.00,0,0,11.78,12.44,0,0
562.036,-7.286701,112.796002,0.04,0.327,0.065,-0.25,-0.49,168.73,168.73,0.00,0.24,0,0.0,0.00,-0.01,0.99,0.00,0.00,0.00,0,0,11.72,12.44,0,0
562.136,-7.286701,112.796002,0.05,0.229,0.046,-0.43,-0.43,168.73,168.73,0.00,0.32,0,0.0,0.00,-0.01,0.99,0.00,0.00,0.00,0,0,11.80,12.43,0,0
562.236,-7.286701,112.796002,0.01,0.160,0.032,-0.37,-0.43,168.73,168.73,0.00,0.32,0,0.0,0.00,-0.01,0.99,0.00,0.00,0.00,0,0,11.69,12.39,0,0
562.336,-7.286701,112.796001,0.07,0.048,0.347,-0.37,-0.25,168.73,168.73,0.00,0.40,0,0.0,0.00,-0.01,0.99,0.00,0.00,0.00,0,0,11.81,12.47,0,0
562.436,-7.286701,112.796002,0.04,0.098,-0.082,-0.43,-0.49,168.73,168.73,0.00,0.24,0,0.0,0.00,-0.01,0.99,0.00,0.00,0.00,0,0,11.61,12.44,0,0
562.536,-7.286701,112.796002,0.05,0.069,-0.057,-0.55,-0.37,168.73,168.73,0.00,0.32,0,0.0,0.00,-0.01,0.99,0.00,0.00,0.00,0,0,11.81,12.45,0,0
562.636,-7.286701,112.796002,0.03,0.048,-0.040,-0.55,-0.43,168.73,168.73,0.00,0.40,0,0.0,0.00,-0.01,0.99,0.00,0.00,0.00,0,0,11.69,12.44,0,0
562.736,-7.286701,112.796002,0.03,0.034,-0.028,-0.49,-0.49,168.73,168.73,0.00,0.40,0,0.0,0.00,-0.01,0.99,0.00,0.00,0.00,0,0,11.78,12.47,0,0
562.836,-7.286701,112.796002,0.04,0.024,-0.020,-0.43,-0.43,168.73,168.73,0.00,0.40,0,0.0,0.00,-0.01,0.99,0.00,0.00,0.00,0,0,11.59,12.44,0,0
562.936,-7.286701,112.796002,0.01,0.016,-0.014,-0.37,-0.43,168.73,168.73,0.00,0.24,0,0.0,0.00,-0.01,0.99,0.00,0.00,0.00,0,0,11.74,12.45,0,0
563.036,-7.286701,112.796002,0.04,0.012,-0.010,-0.85,-0.13,168.73,168.73,0.00,0.40,0,0.0,0.00,-0.01,0.99,0.00,0.00,0.00,0,0,11.60,12.44,0,0
563.136,-7.286701,112.796002,0.03,0.008,-0.007,-0.43,-0.43,168.73,168.73,0.00,0.16,0,0.0,0.00,-0.01,0.99,0.00,0.00,0.00,0,0,11.72,12.47,0,0
563.236,-7.286701,112.796002,0.04,0.006,-0.005,-0.25,-0.49,168.73,168.73,0.00,0.32,0,0.0,0.00,-0.01,0.99,-0.30,0.00,0.00,0,0,11.61,12.44,0,0
563.336,-7.286701,112.796002,0.00,0.004,-0.003,-0.43,-0.55,168.73,168.73,0.00,0.32,0,0.0,0.00,-0.01,0.99,-0.24,0.00,0.00,0,0,11.67,12.42,0,0
563.436,-7.286701,112.796002,0.03,0.003,-0.002,-0.31,-0.01,168.73,168.73,0.00,0.32,0,0.0,0.00,-0.01,0.99,0.00,0.00,0.00,0,0,11.73,12.39,0,0
563.536,-7.286701,112.796002,0.01,0.002,-0.002,-0.37,-0.37,168.73,168.73,0.00,0.32,0,0.0,0.00,-0.01,0.99,0.24,0.06,0.00,0,0,11.76,12.44,0,0
563.636,-7.286702,112.796002,0.03,0.329,0.064,-0.43,-0.43,168.73,168.73,0.00,0.32,0,0.0,0.00,-0.01,0.99,0.30,0.00,0.00,0,0,11.68,12.44,0,0
563.736,-7.286702,112.796002,0.03,0.230,0.045,-0.37,-0.49,168.73,168.73,0.00,0.32,0,0.0,0.00,-0.01,0.99,0.24,0.00,0.00,0,0,11.73,12.39,0,0
563.836,-7.286702,112.796002,0.01,0.161,0.031,-0.37,-0.49,168.73,168.73,0.00,0.24,0,0.0,0.00,-0.01,0.99,0.00,-0.06,0.00,0,0,11.66,12.44,0,0
563.936,-7.286702,112.796002,0.06,0.113,0.022,-0.37,-0.43,168.73,168.73,0.00,0.32,0,0.0,0.00,-0.01,0.99,-0.18,0.00,0.00,0,0,11.67,12.44,0,0
564.036,-7.286702,112.796002,0.04,0.079,0.015,-0.31,-0.37,168.73,168.73,0.00,0.32,0,0.0,0.00,-0.01,0.99,-0.24,0.00,0.00,0,0,11.62,12.43,0,0
564.136,-7.286702,112.796002,0.00,0.055,0.011,-0.31,-0.55,168.73,168.73,0.00,0.32,0,0.0,0.00,-0.01,0.99,-0.18,0.00,0.00,0,0,11.79,12.49,0,0
564.236,-7.286702,112.796002,0.02,0.039,0.008,-0.25,-0.49,168.73,168.73,0.00,0.40,0,0.0,0.00,-0.01,0.99,-0.12,0.00,0.00,0,0,11.86,12.49,0,0
564.336,-7.286702,112.796002,0.00,0.027,0.005,-0.37,-0.49,168.73,168.73,0.00,0.32,0,0.0,0.00,-0.01,0.99,0.00,-0.06,0.00,0,0,11.73,12.39,0,0
564.436,-7.286702,112.796002,0.05,0.019,0.004,-0.49,-0.37,168.73,168.73,0.00,0.40,0,0.0,0.00,-0.01,0.99,0.06,0.00,0.00,0,0,11.73,12.39,0,0
564.536,-7.286702,112.796002,0.01,0.013,0.003,-0.25,-0.25,168.73,168.73,0.00,0.32,0,0.0,0.00,-0.01,0.99,0.24,0.00,0.00,0,0,11.76,12.45,0,0
564.636,-7.286702,112.796002,0.02,0.009,0.002,-0.37,-0.31,168.73,168.73,0.00,0.24,0,0.0,0.00,-0.01,0.99,0.00,0.00,0.00,0,0,11.63,12.43,0,0
564.736,-7.286702,112.796002,0.04,0.006,0.001,-0.37,-0.43,168.73,168.73,0.00,0.48,0,0.0,0.00,-0.01,0.99,0.00,0.00,0.00,0,0,11.68,12.39,0,0
564.836,-7.286702,112.796002,0.05,0.005,0.001,-0.43,-0.31,168.73,168.73,0.00,0.40,0,0.0,0.00,-0.01,0.99,0.00,0.00,0.00,0,0,11.67,12.46,0,0
564.936,-7.286702,112.796002,0.02,0.003,0.001,-0.49,-0.13,168.73,168.73,0.00,0.32,0,0.0,0.00,-0.01,0.99,-0.42,0.00,0.00,0,0,11.72,12.42,0,0
565.036,-7.286702,112.796002,0.04,0.002,0.000,-0.43,-0.43,168.73,168.73,0.00,0.32,0,0.0,0.00,-0.01,0.99,-0.67,0.00,0.00,0,0,11.57,12.42,0,0
565.136,-7.286702,112.796002,0.03,0.002,0.000,-0.25,-0.37,168.73,168.73,0.00,0.32,0,0.0,0.00,-0.01,0.99,-0.54,-0.06,0.00,0,0,11.83,12.51,0,0
565.236,-7.286702,112.796002,0.04,0.001,0.000,-0.25,-0.49,168.73,168.73,0.00,0.32,0,0.0,0.00,-0.02,0.99,-0.06,-0.12,0.00,0,0,11.79,12.42,0,0
565.336,-7.286702,112.796002,0.04,0.001,0.000,-0.55,-0.49,168.73,168.73,0.00,0.32,0,0.0,0.00,-0.01,0.99,0.30,0.00,0.00,0,0,11.82,12.43,0,0
565.436,-7.286702,112.796002,0.04,0.001,0.000,-0.25,-0.13,168.73,168.73,0.00,0.40,0,0.0,0.00,-0.01,0.99,0.42,0.00,0.00,0,0,11.76,12.44,0,0
565.536,-7.286702,112.796002,0.02,0.000,0.000,-0.37,-0.55,168.73,168.73,0.00,0.32,0,0.0,0.00,-0.01,0.99,0.30,0.06,0.00,0,0,11.62,12.43,0,0
565.636,-7.286702,112.796002,0.02,0.000,0.000,-0.43,-0.37,168.73,168.73,0.00,0.40,0,0.0,0.00,-0.01,0.99,0.00,0.06,0.00,0,0,11.62,12.42,0,0
565.736,-7.286702,112.796002,0.02,0.000,0.000,-0.01,-0.49,168.73,168.73,0.00,0.32,0,0.0,0.00,-0.01,0.99,-0.42,0.00,0.00,0,0,11.80,12.44,0,0
565.836,-7.286702,112.796001,0.04,-0.065,0.325,0.27,-0.43,168.73,168.73,0.00,0.24,0,0.0,0.00,-0.01,0.99,-0.61,0.00,0.00,0,0,11.61,12.43,0,0
565.936,-7.286702,112.796001,0.04,-0.045,0.227,-0.91,-0.43,168.73,168.73,0.00,0.32,0,0.0,0.00,-0.01,0.99,-0.48,0.00,0.00,0,0,11.81,12.44,0,0
566.036,-7.286702,112.796001,0.03,-0.032,0.159,-0.31,-0.43,168.73,168.73,0.00,0.24,0,0.0,0.00,-0.01,0.99,0.00,-0.06,0.00,0,0,11.77,12.42,0,0
566.136,-7.286702,112.796001,0.04,-0.022,0.111,-0.25,-0.49,168.73,168.73,0.00,0.24,0,0.0,0.00,-0.01,0.99,0.42,0.00,0.00,0,0,11.77,12.43,0,0
566.236,-7.286702,112.796001,0.03,-0.016,0.078,-0.37,-0.49,168.72,168.72,0.00,0.32,0,0.0,0.00,-0.01,0.99,0.54,0.12,0.18,0,0,11.73,12.45,0,0
566.336,-7.286702,112.796001,0.05,-0.011,0.055,-0.37,-0.49,168.70,168.70,0.00,0.24,0,0.0,0.00,-0.01,0.99,0.30,0.00,0.30,0,0,11.59,12.42,0,0
566.436,-7.286702,112.796001,0.07,-0.008,0.038,-0.19,-0.43,168.67,168.67,0.00,0.40,0,0.0,0.00,-0.01,0.99,-0.12,0.12,0.30,0,0,11.73,12.44,0,0
566.536,-7.286702,112.796001,0.04,-0.005,0.027,-0.31,-0.37,168.65,168.65,0.00,0.48,0,0.0,0.00,-0.01,0.99,-0.42,0.00,0.24,0,0,11.54,12.42,0,0
566.636,-7.286702,112.796000,0.03,-0.069,0.343,-0.73,-0.43,168.62,168.62,0.00,0.32,0,0.0,0.00,-0.01,0.99,-0.48,-0.06,0.18,0,0,11.72,12.45,0,0
566.736,-7.286702,112.796000,0.05,-0.048,0.240,-0.43,-0.43,168.60,168.60,0.00,0.32,0,0.0,0.00,-0.01,0.99,-0.36,0.00,0.30,0,0,11.72,12.43,0,0
566.836,-7.286702,112.796000,0.03,-0.034,0.168,-0.49,-0.43,168.57,168.57,0.00,0.16,0,0.0,0.00,-0.01,0.99,0.00,-0.12,0.36,0,0,11.78,12.47,0,0
566.936,-7.286702,112.796000,0.00,-0.024,0.118,-0.25,-0.55,168.54,168.54,0.00,0.08,0,0.0,0.00,-0.01,0.99,0.18,-0.06,0.30,0,0,11.62,12.42,0,0
567.036,-7.286702,112.796000,0.06,-0.017,0.082,-0.43,-0.13,168.49,168.49,0.00,-1.85,0,0.0,0.00,-0.01,0.99,0.36,0.00,0.42,0,0,11.83,12.44,0,0
567.136,-7.286702,112.796000,0.02,-0.012,0.058,-0.67,-0.96,168.45,168.45,0.00,-5.24,0,0.0,0.00,-0.01,0.99,0.30,0.12,0.42,0,0,11.71,12.39,0,0
567.236,-7.286702,112.796000,0.03,-0.008,0.040,-3.76,-3.87,168.41,168.41,0.00,-5.56,0,0.0,0.00,-0.01,0.99,0.00,0.12,0.42,0,0,11.78,12.39,0,0
567.336,-7.286702,112.796000,0.06,-0.006,0.028,-6.26,-5.89,168.37,168.37,0.00,-5.64,0,0.0,0.00,-0.01,0.99,-0.18,0.06,0.36,0,0,11.75,12.38,0,0
567.436,-7.286702,112.796000,0.03,-0.004,0.020,-6.62,-5.84,168.33,168.33,0.00,-5.32,0,0.0,0.00,-0.01,0.99,-0.36,0.00,0.36,0,0,11.61,12.32,0,0
567.536,-7.286702,112.795999,0.07,-0.070,0.338,-6.74,-6.25,168.29,168.29,0.00,-4.51,0,0.0,0.00,-0.01,0.99,-0.42,-0.18,0.36,0,0,11.62,12.43,0,0
567.636,-7.286702,112.795999,0.02,-0.049,0.236,-5.31,-5.42,168.25,168.25,0.00,-4.67,0,0.0,0.00,-0.01,0.99,-0.36,-0.12,0.42,0,0,11.82,12.37,0,0
567.736,-7.286702,112.795999,0.04,-0.035,0.165,-5.55,-5.84,168.20,168.20,0.00,-8.95,0,0.0,0.00,-0.01,0.99,-0.06,0.00,0.48,0,0,11.81,12.43,0,0
567.836,-7.286702,112.795999,0.05,-0.024,0.116,-7.93,-8.03,168.15,168.15,0.00,-15.48,0,0.0,0.00,-0.01,0.99,0.30,0.12,0.48,0,0,11.64,12.36,0,0
567.936,-7.286702,112.795999,0.05,-0.017,0.081,-14.17,-14.03,168.11,168.11,0.00,-16.85,0,0.0,0.00,-0.01,0.99,0.61,0.06,0.42,0,0,11.74,12.38,0,0
568.036,-7.286702,112.795999,0.03,-0.012,0.057,-16.26,-16.47,168.07,168.07,0.00,-19.19,0,0.0,0.00,-0.01,0.99,0.48,0.12,0.42,0,0,11.66,12.37,0,0
568.136,-7.286702,112.795999,0.07,-0.008,0.040,-18.34,-19.26,168.03,168.03,0.00,-19.35,0,0.0,0.00,-0.01,0.99,-0.06,-0.06,0.42,0,0,11.76,12.39,0,0
568.236,-7.286702,112.795999,0.07,-0.006,0.028,-19.47,-20.15,167.99,167.99,0.00,-18.62,0,0.0,0.00,-0.01,0.99,-0.48,-0.12,0.36,0,0,11.73,12.39,0,0
568.336,-7.286703,112.795999,0.08,0.322,0.089,-20.12,-19.91,167.95,167.95,0.00,-18.95,0,0.0,0.00,-0.01,0.99,-0.54,0.00,0.36,0,0,11.61,12.44,0,0
568.436,-7.286703,112.795999,0.10,0.225,0.063,-20.01,-19.85,167.91,167.91,0.00,-19.83,0,0.0,0.00,-0.01,0.99,-0.24,0.00,0.42,0,0,11.69,12.39,0,0
568.536,-7.286703,112.795999,0.04,0.158,0.044,-20.12,-20.21,167.87,167.87,0.00,-20.00,0,0.0,0.00,-0.01,0.99,0.06,0.06,0.48,0,0,11.60,12.44,0,0
568.636,-7.286703,112.795999,0.05,0.110,0.031,-20.12,-20.21,167.82,167.82,0.00,-19.91,0,0.0,0.00,-0.01,0.99,0.42,0.06,0.42,0,0,11.80,12.44,0,0
568.736,-7.286703,112.795999,0.05,0.077,0.022,-20.01,-20.33,167.77,167.77,0.00,-19.83,0,0.0,0.00,-0.01,0.99,0.54,0.00,0.48,0,0,11.77,12.42,0,0
568.836,-7.286703,112.795999,0.04,0.054,0.015,-20.90,-20.33,167.73,167.73,0.00,-19.35,0,0.0,0.00,-0.01,0.99,0.24,0.06,0.48,0,0,11.59,12.43,0,0
568.936,-7.286703,112.795999,0.02,0.038,0.011,-20.12,-20.15,167.68,167.68,0.00,-19.51,0,0.0,0.00,-0.01,0.99,-0.18,0.00,0.42,0,0,11.73,12.44,0,0
569.036,-7.286703,112.795999,0.02,0.026,0.007,-20.24,-20.21,167.64,167.64,0.00,-19.51,0,0.0,0.00,-0.01,0.99,-0.54,0.00,0.36,0,0,11.61,12.43,0,0
569.136,-7.286703,112.795999,0.04,0.019,0.005,-20.24,-19.62,167.60,167.60,0.00,-19.51,0,0.0,0.00,-0.01,0.99,-0.67,0.06,0.48,0,0,11.82,12.44,0,0
569.236,-7.286703,112.795999,0.02,0.013,0.004,-20.01,-20.33,167.56,167.56,0.00,-21.20,0,0.0,0.00,-0.01,0.99,-0.42,-0.06,0.42,0,0,11.74,12.44,0,0
569.336,-7.286703,112.795999,0.05,0.009,0.003,-20.66,-21.93,167.52,167.52,0.00,-23.46,0,0.0,0.00,-0.02,0.99,0.00,0.00,0.24,0,0,11.75,12.37,0,0
569.436,-7.286703,112.795998,0.08,-0.065,0.325,-23.10,-21.58,167.48,167.48,0.00,-24.75,0,0.0,0.00,-0.01,0.99,0.48,0.00,0.48,0,0,11.81,12.37,0,0
569.536,-7.286703,112.795998,0.07,-0.046,0.227,-24.59,-25.08,167.43,167.43,0.00,-26.20,0,0.0,0.00,-0.01,0.99,0.67,-0.06,0.30,0,0,11.73,12.39,0,0
569.636,-7.286703,112.795998,0.01,-0.032,0.159,-25.60,-25.85,167.39,167.39,0.00,-31.20,0,0.0,0.00,-0.01,0.99,0.42,0.00,0.36,0,0,11.77,12.37,0,0
569.736,-7.286703,112.795998,0.02,-0.023,0.111,-31.07,-30.96,167.34,167.34,0.00,-32.01,0,0.0,0.00,-0.01,0.99,-0.18,0.00,0.42,0,0,11.54,12.42,0,0
569.836,-7.286703,112.795998,0.05,-0.016,0.078,-32.86,-32.27,167.50,167.50,0.00,-34.27,0,0.0,0.00,0.00,0.99,-0.48,0.00,0.24,120,0,11.56,12.37,0,0
569.936,-7.286703,112.795998,0.02,-0.011,0.055,-33.87,-34.11,167.89,167.89,0.00,-34.27,0,0.0,0.00,-0.02,0.99,0.18,0.48,0.48,300,0,11.80,12.35,0,0
570.036,-7.286703,112.795998,0.07,-0.007,0.038,-35.12,-35.30,168.25,168.25,0.00,-33.87,0,0.0,0.00,-0.02,0.98,1.03,0.18,0.73,480,0,11.79,12.44,0,0
570.136,-7.286703,112.795998,0.02,-0.005,0.027,-35.48,-35.00,168.55,168.55,0.00,-32.98,0,0.0,0.00,-0.01,0.99,1.83,-0.30,1.09,660,0,11.68,12.43,0,0
570.236,-7.286703,112.795998,0.05,-0.003,0.019,-32.02,-34.35,168.81,168.81,0.00,-32.90,0,0.0,0.00,-0.01,0.99,1.58,-0.42,1.46,839,0,11.68,12.28,0,0
570.336,-7.286703,112.795997,0.04,-0.065,0.338,-34.76,-34.53,169.01,169.01,0.00,-33.22,0,0.0,0.00,-0.01,0.99,0.54,-0.18,1.77,1020,0,11.77,12.44,0,0
570.436,-7.286703,112.795997,0.03,-0.045,0.237,-34.70,-34.41,169.18,169.18,0.00,-33.95,0,0.0,0.00,-0.01,1.00,-1.09,0.30,2.19,1200,0,11.58,12.39,0,0
570.536,-7.286704,112.795997,0.05,0.297,0.228,-34.88,-33.40,169.30,169.30,0.00,-36.12,0,0.0,0.00,-0.01,0.99,-1.58,0.36,2.25,1320,0,11.77,12.39,0,0
570.636,-7.286704,112.795997,0.08,0.208,0.159,-35.36,-36.31,169.37,169.37,0.00,-38.70,0,0.0,0.00,-0.01,0.99,-1.46,0.00,2.56,1500,0,11.79,12.42,0,0
570.736,-7.286704,112.795997,0.02,0.146,0.111,-38.03,-38.39,169.39,169.39,0.00,-39.83,0,0.0,0.00,-0.01,0.99,-0.67,0.00,3.05,1679,0,11.77,12.39,0,0
570.836,-7.286704,112.795997,0.11,0.102,0.078,-40.59,-40.52,169.35,169.35,0.00,-39.75,0,0.0,0.00,-0.02,0.98,0.54,-0.24,3.41,1740,0,11.79,12.44,0,0
570.936,-7.286704,112.795996,0.11,0.010,0.380,-40.77,-40.64,169.28,169.28,0.00,-39.83,0,0.0,0.00,0.00,0.99,1.03,-0.06,3.66,1740,0,11.68,12.29,0,0
571.036,-7.286704,112.795996,0.09,0.006,0.266,-40.65,-40.76,169.17,169.17,0.00,-39.75,0,0.0,0.00,-0.01,0.99,0.73,0.18,3.96,1679,0,11.79,12.42,0,0
571.136,-7.286704,112.795996,0.10,0.004,0.186,-40.95,-40.70,169.03,169.03,0.00,-39.83,0,0.0,0.00,-0.01,0.99,0.24,0.24,4.15,1679,0,11.74,12.45,0,0
571.236,-7.286704,112.795996,0.09,0.002,0.130,-40.65,-40.41,168.85,168.85,0.00,-39.75,0,0.0,0.00,-0.01,0.99,-0.18,0.12,4.21,1679,0,11.68,12.39,0,0
571.336,-7.286704,112.795996,0.09,0.001,0.091,-40.83,-40.70,168.64,168.64,0.00,-39.83,0,0.0,0.00,-0.02,0.99,-1.52,0.12,4.69,1679,0,11.73,12.44,0,0
571.436,-7.286704,112.795996,0.10,0.001,0.064,-40.41,-40.58,168.39,168.39,0.00,-39.83,0,0.0,0.00,-0.01,1.00,-1.09,0.00,4.94,1679,0,11.63,12.42,0,0
571.536,-7.286704,112.795996,0.10,0.000,0.045,-40.83,-40.52,168.09,168.09,0.00,-39.83,0,0.0,0.00,-0.01,0.98,0.00,0.12,5.12,1679,0,11.72,12.37,0,0
571.636,-7.286705,112.795996,0.12,0.326,0.102,-40.53,-40.64,167.76,167.76,0.00,-39.75,0,0.0,0.00,-0.02,0.98,0.12,0.12,5.55,1679,0,11.65,12.43,0,0
571.736,-7.286705,112.795995,0.10,0.155,0.396,-40.47,-40.70,167.39,167.39,0.00,-39.91,0,0.0,0.00,-0.02,0.99,0.67,0.06,5.79,1679,0,11.78,12.39,0,0
571.836,-7.286705,112.795995,0.11,0.107,0.278,-40.53,-40.64,167.00,167.00,0.00,-39.91,0,0.0,0.00,-0.01,0.99,0.61,0.00,5.98,1679,0,11.81,12.44,0,0
571.936,-7.286705,112.795995,0.11,0.073,0.195,-40.77,-40.64,166.58,166.58,0.00,-39.75,0,0.0,0.00,0.00,0.98,0.18,0.00,6.10,1679,0,11.79,12.43,0,0
572.036,-7.286705,112.795995,0.11,0.050,0.137,-40.65,-40.58,166.12,166.12,0.00,-39.75,0,0.0,0.00,-0.01,0.99,-0.36,0.24,6.40,1740,0,11.70,12.49,0,0
572.136,-7.286705,112.795995,0.12,0.034,0.096,-40.53,-40.52,165.64,165.64,0.00,-39.75,0,0.0,0.00,-0.01,0.98,-0.85,0.24,6.77,1679,0,11.73,12.42,0,0
572.236,-7.286705,112.795995,0.16,0.023,0.067,-40.59,-40.47,165.13,165.13,0.00,-39.91,0,0.0,0.00,-0.02,0.99,-0.54,0.12,6.71,1679,0,11.60,12.39,0,0
572.336,-7.286706,112.795995,0.15,0.338,0.136,-40.65,-41.12,164.59,164.59,0.00,-39.75,0,0.0,0.00,-0.01,0.99,0.00,0.00,7.14,1679,0,11.64,12.42,0,0
572.436,-7.286706,112.795994,0.15,0.144,0.416,-40.77,-40.58,164.01,164.01,0.00,-39.83,0,0.0,0.00,-0.01,0.99,0.00,0.00,7.32,1679,0,11.82,12.42,0,0
572.536,-7.286706,112.795994,0.16,0.098,0.292,-41.01,-40.52,163.41,163.41,0.00,-39.75,0,0.0,0.00,-0.01,0.99,0.12,0.00,7.56,1740,0,11.80,12.44,0,0
572.636,-7.286706,112.795994,0.14,0.066,0.205,-40.71,-40.58,162.78,162.78,0.00,-39.83,0,0.0,0.00,-0.01,0.99,0.18,0.06,7.75,1740,0,11.56,12.44,0,0
572.736,-7.286706,112.795994,0.14,0.045,0.144,-40.83,-40.64,162.13,162.13,0.00,-39.83,0,0.0,0.00,-0.02,0.99,0.00,0.12,7.93,1740,0,11.55,12.42,0,0
572.836,-7.286706,112.795994,0.20,0.030,0.101,-40.83,-40.41,161.46,161.46,0.00,-39.83,0,0.0,0.00,-0.01,0.99,0.12,0.12,8.23,1740,0,11.58,12.37,0,0
572.936,-7.286707,112.795994,0.23,0.335,0.181,-40.89,-40.58,160.75,160.75,0.00,-40.00,0,0.0,0.00,-0.02,0.99,-0.18,0.24,8.48,1740,0,11.64,12.39,0,0
573.036,-7.286707,112.795994,0.24,0.233,0.130,-40.77,-40.58,160.03,160.03,0.00,-40.00,0,0.0,0.00,-0.02,0.98,-0.18,0.24,8.54,1740,0,11.67,12.38,0,0
573.136,-7.286707,112.795994,0.21,0.162,0.093,-40.65,-40.70,159.27,159.27,0.00,-39.75,0,0.0,0.00,-0.01,0.99,-0.12,0.12,8.78,1740,0,11.80,12.42,0,0
573.236,-7.286707,112.795994,0.22,0.112,0.067,-40.71,-40.70,158.50,158.50,0.00,-40.00,0,0.0,0.00,-0.02,0.99,-0.18,0.24,8.85,1740,0,11.72,12.42,0,0
573.336,-7.286707,112.795994,0.22,0.078,0.048,-40.65,-40.58,157.70,157.70,0.00,-39.83,0,0.0,0.00,-0.02,0.98,-0.06,0.06,9.03,1740,0,11.77,12.39,0,0
573.436,-7.286708,112.795994,0.23,0.361,0.165,-40.65,-40.52,156.87,156.87,0.00,-39.83,0,0.0,0.00,-0.02,0.99,-0.24,0.30,9.39,1740,0,11.57,12.44,0,0
573.536,-7.286708,112.795993,0.29,0.116,0.422,-40.83,-40.11,156.02,156.02,0.00,-39.83,0,0.0,0.00,-0.02,0.99,0.00,0.06,9.70,1740,0,11.60,12.42,0,0
573.636,-7.286708,112.795993,0.25,0.077,0.296,-40.65,-40.58,155.15,155.15,0.00,-39.75,0,0.0,0.00,-0.01,0.99,0.00,0.06,10.00,1740,0,11.80,12.42,0,0
573.736,-7.286708,112.795993,0.25,0.051,0.208,-40.77,-39.93,154.25,154.25,0.00,-39.91,0,0.0,0.00,-0.01,0.99,0.18,0.24,10.13,1740,0,11.76,12.39,0,0
573.836,-7.286709,112.795993,0.23,0.331,0.296,-40.47,-40.64,153.34,153.34,0.00,-39.83,0,0.0,0.00,-0.02,1.00,0.00,0.24,10.25,1740,0,11.62,12.37,0,0
573.936,-7.286709,112.795993,0.26,0.228,0.211,-40.71,-40.70,152.40,152.40,0.00,-39.83,0,0.0,0.00,-0.02,1.00,-0.18,0.12,10.37,1740,0,11.69,12.36,0,0
574.036,-7.286709,112.795993,0.26,0.157,0.150,-40.12,-40.82,151.44,151.44,0.00,-39.75,0,0.0,0.00,-0.01,0.99,-0.42,0.18,10.49,1679,0,11.80,12.43,0,0
574.136,-7.286709,112.795993,0.23,0.108,0.107,-40.77,-40.64,150.46,150.46,0.00,-39.83,0,0.0,0.00,-0.02,0.99,-1.22,0.30,10.80,1740,0,11.67,12.37,0,0
574.236,-7.286710,112.795993,0.25,0.362,0.246,-40.83,-41.00,149.47,149.47,0.00,-39.83,0,0.0,0.00,-0.02,0.99,-0.42,0.12,10.86,1740,0,11.74,12.37,0,0
574.336,-7.286710,112.795993,0.24,0.250,0.177,-40.83,-40.52,148.45,148.45,0.00,-39.75,0,0.0,0.00,-0.02,0.99,0.18,0.12,10.98,1740,0,11.69,12.44,0,0
574.436,-7.286710,112.795993,0.29,0.173,0.127,-40.35,-40.58,147.42,147.42,0.00,-39.75,0,0.0,0.00,-0.02,0.99,0.54,0.12,11.23,1740,0,11.79,12.42,0,0
574.536,-7.286710,112.795993,0.34,0.119,0.091,-40.65,-40.58,146.35,146.35,0.00,-40.00,0,0.0,0.00,-0.01,0.99,0.24,0.24,11.41,1740,0,11.81,12.43,0,0
574.636,-7.286711,112.795994,0.34,0.545,-0.017,-40.83,-39.87,145.28,145.28,0.00,-39.91,0,0.0,0.00,-0.03,0.99,-0.12,0.30,11.59,1740,0,11.74,12.44,0,0
574.736,-7.286711,112.795994,0.34,0.382,-0.005,-40.59,-40.64,144.21,144.21,0.00,-39.75,0,0.0,0.00,-0.02,0.99,-0.12,0.24,11.41,1740,0,11.70,12.39,0,0
574.836,-7.286711,112.795994,0.21,0.267,0.002,-40.71,-40.64,143.11,143.11,0.00,-39.83,0,0.0,0.00,-0.02,0.99,-0.79,0.30,11.84,1740,0,11.67,12.44,0,0
574.936,-7.286711,112.795994,0.16,0.187,0.005,-40.77,-40.64,142.00,142.00,0.00,-39.91,0,0.0,0.00,-0.01,0.99,-0.36,0.24,11.71,1679,0,11.63,12.37,0,0
575.036,-7.286712,112.795994,0.33,0.390,0.217,-40.71,-40.58,140.87,140.87,0.00,-39.83,0,0.0,0.00,-0.02,0.99,-0.24,0.18,11.96,1740,0,11.79,12.43,0,0
575.136,-7.286712,112.795994,0.28,0.270,0.157,-40.83,-40.64,139.73,139.73,0.00,-39.83,0,0.0,0.00,-0.03,0.99,0.06,0.30,12.14,1740,0,11.62,12.50,0,0
575.236,-7.286712,112.795994,0.25,0.186,0.114,-40.53,-40.88,138.58,138.58,0.00,-39.91,0,0.0,0.00,-0.02,1.00,0.54,0.30,12.26,1740,0,11.57,12.43,0,0
575.336,-7.286712,112.795994,0.30,0.129,0.082,-40.65,-40.58,137.42,137.42,0.00,-39.83,0,0.0,0.00,-0.01,0.99,0.42,0.30,12.32,1740,0,11.80,12.43,0,0
575.436,-7.286713,112.795994,0.31,0.330,0.290,-40.65,-40.58,136.24,136.24,0.00,-39.75,0,0.0,0.00,-0.01,0.99,-0.30,0.36,12.45,1740,0,11.73,12.44,0,0
575.536,-7.286713,112.795995,0.31,0.460,-0.026,-40.59,-40.35,135.05,135.05,0.00,-39.91,0,0.0,0.00,-0.01,0.99,-0.79,0.24,12.45,1740,0,11.82,12.36,0,0
575.636,-7.286713,112.795995,0.27,0.323,-0.012,-40.30,-40.52,133.85,133.85,0.00,-39.75,0,0.0,0.00,-0.02,0.99,-0.91,0.24,12.63,1740,0,11.79,12.44,0,0
575.736,-7.286713,112.795995,0.27,0.226,-0.003,-40.83,-40.64,132.63,132.63,0.00,-39.91,0,0.0,0.00,-0.02,0.99,-0.30,0.30,12.57,1740,0,11.71,12.39,0,0
575.836,-7.286714,112.795995,0.26,0.379,0.251,-40.71,-40.70,131.41,131.41,0.00,-39.91,0,0.0,0.00,-0.01,0.99,-0.36,0.30,12.87,1740,0,11.79,12.43,0,0
575.936,-7.286714,112.795995,0.24,0.261,0.181,-40.59,-40.58,130.18,130.18,0.00,-39.83,0,0.0,0.00,-0.02,0.99,0.36,0.18,12.81,1800,0,11.63,12.44,0,0
576.036,-7.286714,112.795995,0.33,0.180,0.131,-40.41,-40.58,128.94,128.94,0.00,-39.75,0,0.0,0.00,-0.02,0.99,0.06,0.12,13.06,1800,0,11.60,12.42,0,0
576.136,-7.286715,112.795996,0.62,0.590,0.156,-40.59,-40.64,127.69,127.69,0.00,-39.83,0,0.0,0.00,-0.02,0.99,0.12,0.06,13.00,1740,0,11.72,12.42,0,0
576.236,-7.286715,112.795996,0.40,0.410,0.118,-40.83,-40.58,126.45,126.45,0.00,-39.83,0,0.0,0.00,-0.03,0.99,-0.30,0.18,13.18,1740,0,11.70,12.44,0,0
576.336,-7.286715,112.795996,0.37,0.285,0.089,-40.65,-40.64,125.19,125.19,0.00,-39.75,0,0.0,0.00,-0.02,0.99,-0.18,0.24,13.24,1740,0,11.82,12.43,0,0
576.436,-7.286715,112.795996,0.37,0.198,0.067,-40.24,-40.58,123.93,123.93,0.00,-39.83,0,0.0,0.00,-0.02,0.99,-0.36,0.00,13.30,1740,0,11.69,12.42,0,0
576.536,-7.286715,112.795996,0.28,0.138,0.050,-40.53,-40.58,122.65,122.65,0.00,-39.83,0,0.0,0.00,-0.03,0.99,-0.67,0.18,13.24,1740,0,11.67,12.37,0,0
576.637,-7.286716,112.795996,0.27,0.268,0.319,-40.77,-40.70,121.37,121.37,0.00,-39.83,0,0.0,0.00,-0.02,0.98,-0.54,0.18,13.30,1740,0,11.85,12.39,0,0
576.737,-7.286716,112.795996,0.42,0.182,0.227,-40.65,-40.64,120.08,120.08,0.00,-39.83,0,0.0,0.00,-0.02,0.99,-0.12,0.36,13.30,1740,0,11.60,12.42,0,0
576.837,-7.286716,112.795996,0.26,0.124,0.162,-40.77,-40.64,118.78,118.78,0.00,-39.91,0,0.0,0.00,-0.02,0.99,0.24,0.18,13.30,1740,0,11.74,12.45,0,0
576.937,-7.286716,112.795996,0.17,0.084,0.115,-40.53,-40.64,117.48,117.48,0.00,-40.00,0,0.0,0.00,-0.02,0.99,0.24,0.12,13.42,1740,0,11.79,12.42,0,0
577.037,-7.286716,112.795996,0.01,0.057,0.082,-40.12,-40.35,116.16,116.16,0.00,-39.83,0,0.0,0.00,-0.02,1.00,0.24,0.00,13.54,1740,0,11.79,12.32,0,0
577.137,-7.286716,112.795996,0.24,0.039,0.058,-40.53,-40.64,114.85,114.85,0.00,-39.91,0,0.0,0.00,-0.02,1.00,-0.06,0.12,13.48,1800,0,11.79,12.42,0,0
577.237,-7.286717,112.795997,0.35,0.463,0.215,-40.71,-40.58,113.51,113.51,0.00,-39.75,0,0.0,0.00,-0.02,0.99,-0.48,0.12,13.79,1800,0,11.80,12.42,0,0
577.337,-7.286716,112.795996,0.11,-0.112,-0.026,-40.59,-40.70,112.18,112.18,0.00,-39.75,0,0.0,0.00,-0.02,0.99,-0.67,0.18,13.79,1800,0,11.77,12.47,0,0
577.437,-7.286717,112.795997,0.29,0.350,0.174,-40.41,-40.64,110.83,110.83,0.00,-39.91,0,0.0,0.00,-0.02,0.98,-0.36,0.00,13.73,1800,0,11.75,12.47,0,0
577.537,-7.286717,112.795997,0.28,0.242,0.128,-40.77,-40.70,109.47,109.47,0.00,-39.91,0,0.0,0.00,-0.03,0.99,-0.06,0.24,13.85,1740,0,11.73,12.47,0,0
577.637,-7.286717,112.795997,0.27,0.167,0.093,-40.71,-40.58,108.10,108.10,0.00,-39.83,0,0.0,0.00,-0.02,0.99,0.18,0.18,13.97,1740,0,11.55,12.42,0,0
577.737,-7.286717,112.795997,0.24,0.115,0.068,-40.47,-40.64,106.74,106.74,0.00,-39.83,0,0.0,0.00,0.00,0.98,0.06,-0.12,13.36,1740,0,11.80,12.37,0,0
577.837,-7.286717,112.795997,0.27,0.080,0.050,-40.71,-40.47,105.42,105.42,0.00,-39.83,0,0.0,0.00,-0.02,0.99,-0.91,-0.06,13.36,1740,0,11.74,12.44,0,0
577.937,-7.286718,112.795997,0.30,0.136,0.360,-40.59,-40.58,104.10,104.10,0.00,-39.83,0,0.0,0.00,-0.02,0.99,0.06,0.00,13.54,1740,0,11.74,12.44,0,0
578.037,-7.286718,112.795997,0.33,0.089,0.254,-40.59,-40.52,102.76,102.76,0.00,-39.75,0,0.0,0.00,-0.02,0.99,0.97,0.24,13.67,1740,0,11.75,12.42,0,0
578.137,-7.286718,112.795998,0.37,0.383,0.114,-40.71,-40.52,101.42,101.42,0.00,-39.83,0,0.0,0.00,-0.02,0.99,1.03,0.30,13.73,1740,0,11.58,12.39,0,0
578.237,-7.286718,112.795998,0.49,0.266,0.086,-40.71,-40.64,100.06,100.06,0.00,-39.83,0,0.0,0.00,-0.02,1.00,0.42,0.12,13.85,1740,0,11.78,12.39,0,0
578.337,-7.286718,112.795999,0.56,0.512,0.014,-40.59,-40.64,98.71,98.71,0.00,-39.83,0,0.0,0.00,-0.02,0.99,-0.36,0.00,13.97,1740,0,11.79,12.43,0,0
578.437,-7.286718,112.795999,0.33,0.358,0.019,-40.47,-40.64,97.33,97.33,0.00,-39.83,0,0.0,0.00,-0.02,0.99,-0.67,0.30,14.03,1740,0,11.67,12.37,0,0
578.537,-7.286719,112.795999,0.27,0.285,0.351,-40.41,-40.35,95.96,95.96,0.00,-39.83,0,0.0,0.00,-0.03,0.99,-0.73,0.36,14.03,1800,0,11.67,12.42,0,0
578.637,-7.286719,112.795999,0.24,0.193,0.250,-40.77,-40.47,94.57,94.57,0.00,-39.83,0,0.0,0.00,-0.03,0.99,-0.42,0.36,14.09,1800,0,11.67,12.37,0,0
578.737,-7.286719,112.796000,0.34,0.461,0.160,-40.65,-40.52,93.18,93.18,0.00,-39.83,0,0.0,0.00,-0.02,0.98,0.06,0.12,14.22,1800,0,11.72,12.39,0,0
578.837,-7.286719,112.796000,0.35,0.320,0.120,-40.71,-40.52,91.79,91.79,0.00,-39.83,0,0.0,0.00,-0.03,1.00,0.18,0.00,14.22,1800,0,11.62,12.44,0,0
578.937,-7.286719,112.796000,0.22,0.222,0.089,-40.77,-40.64,90.39,90.39,0.00,-39.75,0,0.0,0.00,-0.03,1.00,0.36,0.00,14.16,1800,0,11.79,12.43,0,0
579.037,-7.286719,112.796000,0.18,0.154,0.066,-40.71,-40.29,88.99,88.99,0.00,-39.83,0,0.0,0.00,-0.02,0.99,0.12,0.18,14.09,1800,0,11.71,12.38,0,0
579.137,-7.286719,112.796001,0.29,0.437,0.063,-40.77,-40.82,87.58,87.58,0.00,-39.91,0,0.0,0.00,-0.02,0.99,0.06,0.36,14.28,1800,0,11.71,12.44,0,0
579.237,-7.286719,112.796001,0.12,0.305,0.052,-41.01,-40.70,86.17,86.17,0.00,-39.83,0,0.0,0.00,-0.03,0.99,-0.42,0.36,14.34,1800,0,11.78,12.44,0,0
579.337,-7.286720,112.796001,0.17,0.182,0.374,-40.71,-40.64,84.75,84.75,0.00,-39.83,0,0.0,0.00,-0.03,0.98,-0.24,0.30,14.46,1800,0,11.60,12.44,0,0
579.437,-7.286720,112.796001,0.30,0.121,0.265,-40.71,-40.70,83.33,83.33,0.00,-39.83,0,0.0,0.00,-0.02,0.98,-0.12,0.12,14.40,1740,0,11.74,12.38,0,0
579.537,-7.286720,112.796001,0.32,0.080,0.187,-40.65,-40.41,81.92,81.92,0.00,-40.00,0,0.0,0.00,-0.03,0.99,0.18,0.18,14.52,1740,0,11.72,12.38,0,0
579.637,-7.286720,112.796002,0.23,0.379,0.187,-40.59,-40.41,80.49,80.49,0.00,-39.75,0,0.0,0.00,-0.03,1.00,0.00,0.18,14.64,1740,0,11.79,12.47,0,0
579.737,-7.286720,112.796002,0.25,0.262,0.138,-40.65,-40.64,79.05,79.05,0.00,-39.75,0,0.0,0.00,-0.02,0.99,0.30,0.42,14.58,1740,0,11.60,12.42,0,0
579.837,-7.286720,112.796002,0.56,0.181,0.101,-41.01,-40.70,77.61,77.61,0.00,-39.83,0,0.0,0.00,-0.02,0.98,0.36,0.30,14.58,1740,0,11.62,12.43,0,0
579.937,-7.286720,112.796003,0.55,0.446,0.153,-40.65,-40.58,76.17,76.17,0.00,-39.75,0,0.0,0.00,-0.02,0.98,0.12,0.00,14.46,1740,0,11.61,12.43,0,0
580.037,-7.286720,112.796002,0.21,-0.010,0.028,-40.71,-40.76,74.73,74.73,0.00,-39.83,0,0.0,0.00,-0.02,0.98,-0.48,-0.06,14.58,1740,0,11.73,12.44,0,0
580.137,-7.286720,112.796003,0.33,0.310,0.114,-40.30,-40.58,73.31,73.31,0.00,-39.83,0,0.0,0.00,-0.03,0.99,-1.40,0.24,14.58,1740,0,11.75,12.45,0,0
580.237,-7.286720,112.796003,0.48,0.215,0.085,-40.59,-40.58,71.88,71.88,0.00,-39.91,0,0.0,0.00,-0.03,0.99,-0.61,0.36,14.58,1740,0,11.63,12.39,0,0
580.337,-7.286720,112.796003,0.31,0.149,0.064,-40.83,-40.76,70.44,70.44,0.00,-39.83,0,0.0,0.00,-0.02,1.00,0.67,0.06,14.77,1740,0,11.76,12.42,0,0
580.437,-7.286720,112.796004,0.40,0.412,0.165,-40.71,-40.58,69.02,69.02,0.00,-39.91,0,0.0,0.00,-0.03,0.98,0.73,0.00,14.46,1740,0,11.81,12.39,0,0
580.537,-7.286720,112.796004,0.34,0.285,0.123,-40.65,-40.52,67.59,67.59,0.00,-39.83,0,0.0,0.00,-0.02,0.99,-0.06,0.18,14.77,1740,0,11.73,12.44,0,0
580.637,-7.286720,112.796004,0.40,0.198,0.091,-40.83,-40.52,66.15,66.15,0.00,-39.91,0,0.0,0.00,-0.02,0.99,-0.18,0.36,14.70,1740,0,11.64,12.37,0,0
580.737,-7.286720,112.796004,0.40,0.137,0.067,-40.77,-40.58,64.73,64.73,0.00,-39.75,0,0.0,0.00,-0.03,0.98,-0.24,0.54,14.58,1740,0,11.73,12.91,0,0
580.837,-7.286720,112.796005,0.35,0.390,0.198,-40.71,-40.35,63.30,63.30,0.00,-39.83,0,0.0,0.00,-0.03,0.99,0.12,0.12,14.46,1740,0,11.75,12.43,0,0
580.937,-7.286719,112.796005,0.51,0.427,-0.149,-40.83,-40.70,61.87,61.87,0.00,-39.91,0,0.0,0.00,-0.03,0.99,0.00,0.06,14.64,1740,0,11.58,12.39,0,0
581.037,-7.286719,112.796005,0.37,0.301,-0.097,-40.71,-40.70,60.44,60.44,0.00,-39.83,0,0.0,0.00,-0.03,0.99,-0.24,0.36,14.70,1740,0,11.77,12.43,0,0
581.137,-7.286719,112.796006,0.39,0.496,0.108,-40.77,-40.64,59.00,59.00,0.00,-39.75,0,0.0,0.00,-0.04,0.99,-0.06,0.48,14.77,1740,0,11.83,12.36,0,0
581.237,-7.286719,112.796006,0.45,0.345,0.084,-40.00,-40.64,57.57,57.57,0.00,-39.91,0,0.0,0.00,-0.02,0.99,-0.06,0.18,14.70,1740,0,11.73,12.43,0,0
581.337,-7.286719,112.796006,0.32,0.240,0.065,-40.77,-40.64,56.12,56.12,0.00,-39.91,0,0.0,0.00,-0.03,0.99,-0.42,0.06,14.70,1740,0,11.73,12.39,0,0
581.437,-7.286719,112.796006,0.33,0.167,0.050,-40.53,-40.64,54.67,54.67,0.00,-39.75,0,0.0,0.00,-0.02,0.98,0.06,0.06,14.64,1740,0,11.73,12.37,0,0
581.537,-7.286719,112.796007,0.38,0.381,0.236,-40.71,-40.29,53.24,53.24,0.00,-39.91,0,0.0,0.00,-0.04,0.99,0.24,0.06,14.58,1740,0,11.60,12.44,0,0
581.637,-7.286719,112.796007,0.31,0.263,0.172,-40.65,-40.64,51.81,51.81,0.00,-39.91,0,0.0,0.00,-0.02,0.99,0.54,0.24,14.58,1740,0,11.61,12.42,0,0
581.737,-7.286719,112.796007,0.25,0.181,0.125,-40.77,-40.64,50.37,50.37,0.00,-39.75,0,0.0,0.00,-0.02,0.99,0.67,0.30,14.70,1740,0,11.60,12.42,0,0
581.837,-7.286719,112.796007,0.40,0.124,0.090,-40.77,-40.47,48.92,48.92,0.00,-39.75,0,0.0,0.00,-0.03,0.98,0.48,0.48,14.83,1740,0,11.63,12.39,0,0
581.937,-7.286719,112.796008,0.44,0.329,0.289,-40.47,-40.58,47.47,47.47,0.00,-39.83,0,0.0,0.00,-0.01,0.98,0.06,0.30,14.89,1740,0,11.66,12.35,0,0
582.037,-7.286719,112.796008,0.28,0.225,0.208,-40.83,-40.64,46.01,46.01,0.00,-39.75,0,0.0,0.00,-0.02,0.99,-0.36,0.12,14.95,1740,0,11.79,12.39,0,0
582.137,-7.286719,112.796008,0.32,0.154,0.150,-40.65,-40.76,44.54,44.54,0.00,-39.91,0,0.0,0.00,-0.02,0.99,-0.48,0.06,15.07,1740,0,11.68,12.43,0,0
582.237,-7.286719,112.796008,0.42,0.105,0.108,-40.47,-40.64,43.08,43.08,0.00,-39.83,0,0.0,0.00,-0.02,0.99,-0.54,-0.06,14.77,1679,0,11.76,12.42,0,0
582.337,-7.286719,112.796009,0.31,0.291,0.324,-40.65,-40.64,41.63,41.63,0.00,-39.75,0,0.0,0.00,-0.04,0.99,-0.54,0.06,15.01,1679,0,11.64,12.36,0,0
582.437,-7.286718,112.796009,0.28,0.453,0.017,-40.77,-40.58,40.18,40.18,0.00,-39.75,0,0.0,0.00,-0.03,1.00,0.18,0.24,14.89,1740,0,11.76,12.39,0,0
582.537,-7.286718,112.796009,0.16,0.317,0.020,-40.65,-41.00,38.73,38.73,0.00,-39.75,0,0.0,0.00,-0.02,0.99,0.36,0.36,14.89,1740,0,11.72,12.43,0,0
582.637,-7.286718,112.796009,0.26,0.221,0.020,-40.77,-40.64,37.28,37.28,0.00,-39.75,0,0.0,0.00,-0.03,0.99,0.12,0.24,15.01,1740,0,11.78,12.44,0,0
582.737,-7.286718,112.796009,0.36,0.154,0.018,-40.77,-40.70,35.83,35.83,0.00,-39.75,0,0.0,0.00,-0.03,0.99,0.06,0.24,15.01,1679,0,11.62,12.36,0,0
582.837,-7.286718,112.796010,0.41,0.295,0.288,-40.71,-40.52,34.38,34.38,0.00,-39.83,0,0.0,0.00,-0.03,0.99,0.24,0.18,14.77,1679,0,11.68,12.39,0,0
582.937,-7.286718,112.796009,0.21,0.021,-0.071,-40.53,-40.58,32.93,32.93,0.00,-39.75,0,0.0,0.01,-0.03,0.99,-0.18,0.06,14.95,1679,0,11.59,12.39,0,0
583.037,-7.286717,112.796010,0.27,0.473,0.059,-40.95,-40.11,31.47,31.47,0.00,-39.83,0,0.0,0.00,-0.02,0.99,-0.79,0.18,15.07,1679,0,11.77,12.38,0,0
583.137,-7.286717,112.796010,0.34,0.330,0.050,-40.77,-40.70,30.01,30.01,0.00,-39.83,0,0.0,0.00,-0.03,0.99,-0.48,0.18,15.25,1679,0,11.73,12.42,0,0
583.237,-7.286717,112.796010,0.34,0.230,0.041,-40.77,-40.64,28.55,28.55,0.00,-39.75,0,0.0,0.00,-0.02,0.99,-0.12,0.18,15.19,1740,0,11.76,12.42,0,0
583.337,-7.286717,112.796010,0.28,0.160,0.033,-41.07,-40.76,27.08,27.08,0.00,-39.75,0,0.0,0.00,-0.03,0.99,0.30,0.00,15.01,1740,0,11.68,12.43,0,0
583.437,-7.286716,112.796010,0.30,0.412,-0.119,-40.47,-40.64,25.61,25.61,0.00,-39.83,0,0.0,0.01,-0.02,0.99,-0.06,0.12,15.07,1740,0,11.86,12.37,0,0
583.537,-7.286716,112.796010,0.14,0.291,-0.076,-40.12,-40.58,24.15,24.15,0.00,-39.83,0,0.0,0.00,-0.01,0.99,-0.24,0.42,15.07,1679,0,11.82,12.44,0,0
583.637,-7.286716,112.796010,0.25,0.205,-0.048,-40.77,-40.64,22.68,22.68,0.00,-39.75,0,0.0,0.00,-0.01,0.99,0.00,0.61,15.01,1679,0,11.60,12.39,0,0
583.737,-7.286715,112.796010,0.47,0.455,-0.150,-40.59,-40.52,21.22,21.22,0.00,-39.75,0,0.0,0.00,-0.02,0.99,-0.12,0.54,14.95,1740,0,11.56,12.39,0,0
583.837,-7.286715,112.796010,0.21,0.321,-0.097,-40.59,-40.70,19.76,19.76,0.00,-39.75,0,0.0,0.00,-0.01,0.99,-0.30,0.42,15.19,1740,0,11.80,12.46,0,0
583.937,-7.286715,112.796010,0.19,0.226,-0.062,-40.71,-40.88,18.31,18.31,0.00,-39.91,0,0.0,0.00,-0.03,0.99,-0.30,0.00,14.89,1740,0,11.78,12.42,0,0
584.037,-7.286715,112.796010,0.32,0.160,-0.040,-40.77,-40.76,16.86,16.86,0.00,-39.83,0,0.0,0.00,-0.02,0.99,-0.06,0.06,15.01,1740,0,11.81,12.43,0,0
584.137,-7.286714,112.796010,0.41,0.434,-0.113,-40.95,-40.58,15.40,15.40,0.00,-39.83,0,0.0,0.00,-0.02,0.99,0.06,0.00,14.95,1740,0,11.57,12.42,0,0
584.237,-7.286714,112.796010,0.50,0.306,-0.072,-40.71,-40.58,13.96,13.96,0.00,-39.83,0,0.0,0.00,-0.02,0.99,0.24,0.06,14.95,1740,0,11.74,12.45,0,0
584.337,-7.286714,112.796010,0.25,0.215,-0.045,-40.83,-40.76,12.51,12.51,0.00,-40.00,0,0.0,0.00,-0.03,0.99,0.30,0.42,15.01,1740,0,11.76,12.42,0,0
584.437,-7.286713,112.796010,0.31,0.479,-0.091,-40.83,-40.52,11.05,11.05,0.00,-39.83,0,0.0,0.00,-0.03,0.99,0.06,0.42,15.13,1740,0,11.82,12.39,0,0
584.537,-7.286713,112.796011,0.47,0.392,0.271,-40.83,-40.41,9.59,9.59,0.00,-39.83,0,0.0,0.00,-0.01,0.98,-0.30,0.30,15.13,1800,0,11.78,12.44,0,0
584.637,-7.286713,112.796011,0.44,0.269,0.197,-40.71,-40.52,8.12,8.12,0.00,-34.91,0,0.0,0.00,-0.02,1.00,-1.28,0.36,15.25,1800,0,11.79,12.39,0,0
584.737,-7.286712,112.796011,0.34,0.516,0.104,-35.65,-35.18,6.65,6.65,0.00,-14.35,0,0.0,0.00,-0.02,1.00,-1.15,0.42,15.31,1800,0,11.62,12.37,0,0
584.837,-7.286712,112.796011,0.37,0.359,0.082,-24.23,-24.61,5.18,5.18,0.00,0.24,0,0.0,0.00,-0.02,0.99,-1.15,0.36,15.19,1740,0,11.67,12.39,0,0
584.937,-7.286712,112.796011,0.44,0.250,0.064,-3.70,-3.34,3.76,3.76,0.00,0.32,0,0.0,0.00,-0.02,0.99,-2.13,0.06,14.52,1740,0,11.62,12.36,0,0
585.037,-7.286711,112.796011,0.38,0.507,0.034,-1.26,-0.96,2.42,2.42,0.00,0.32,0,0.0,0.00,-0.02,0.98,-3.23,0.00,13.73,1740,0,11.74,12.47,0,0
585.137,-7.286711,112.796011,0.29,0.354,0.032,-0.85,-0.73,1.15,1.15,0.00,6.69,0,0.0,0.00,-0.03,0.99,-2.74,0.00,13.18,1740,0,11.79,12.30,0,0
585.237,-7.286711,112.796011,0.26,0.248,0.028,5.21,4.67,359.95,359.95,0.00,40.00,0,0.0,0.00,-0.02,0.99,-0.06,0.00,12.51,1679,0,11.64,12.42,0,0
585.337,-7.286711,112.796011,0.32,0.173,0.023,23.84,22.73,358.81,358.81,0.00,40.00,0,0.0,0.00,-0.03,0.99,1.83,-0.06,11.59,1679,0,11.69,12.07,0,0
585.437,-7.286710,112.796011,0.38,0.454,0.031,36.87,37.10,357.79,357.79,0.00,40.00,0,0.0,0.00,-0.02,0.99,0.67,0.00,10.19,1679,0,11.80,12.39,0,0
585.537,-7.286710,112.796011,0.36,0.317,0.027,39.37,39.12,356.87,356.87,0.00,-3.06,0,0.0,0.00,-0.02,0.99,-0.42,0.00,9.15,1679,0,11.56,12.42,0,0
585.637,-7.286709,112.796011,0.38,0.555,0.045,37.52,33.89,356.07,356.07,0.00,-0.48,0,0.0,0.00,-0.03,0.98,-0.73,-0.18,8.05,1679,0,11.72,12.08,0,0
585.737,-7.286709,112.796011,0.45,0.388,0.036,10.75,10.07,355.36,355.36,0.00,18.14,0,0.0,0.00,-0.03,0.99,0.12,-0.06,7.38,1620,0,11.82,12.32,0,0
585.837,-7.286708,112.796011,0.38,0.603,0.059,9.20,11.32,354.69,354.69,0.00,37.33,0,0.0,0.00,-0.03,0.99,2.68,-0.12,7.08,1679,0,11.82,12.17,0,0
585.937,-7.286708,112.796011,0.32,0.422,0.046,25.56,27.72,354.07,354.07,0.00,0.32,0,0.0,0.00,-0.02,0.99,2.74,0.00,6.10,1679,0,11.79,12.37,0,0
586.037,-7.286708,112.796011,0.34,0.295,0.035,38.59,34.73,353.54,353.54,0.00,4.19,0,0.0,0.00,-0.01,0.99,-0.30,0.18,5.37,1679,0,11.88,11.86,0,0
586.137,-7.286708,112.796011,0.29,0.206,0.026,17.77,18.51,353.08,353.08,0.00,40.00,0,0.0,0.00,-0.01,0.99,-1.46,0.06,4.51,1679,0,11.88,12.01,0,0
586.237,-7.286707,112.796011,0.33,0.475,0.062,19.79,20.65,352.68,352.68,0.00,40.00,0,0.0,0.00,-0.02,0.99,-1.40,0.00,4.21,1679,0,11.85,11.97,0,0
586.337,-7.286707,112.796011,0.34,0.332,0.045,34.19,38.17,352.32,352.32,0.00,37.98,0,0.0,0.00,-0.02,0.99,-2.19,0.00,3.90,1679,0,11.59,12.32,0,0
586.437,-7.286707,112.796011,0.38,0.232,0.033,37.82,38.65,352.04,352.04,0.00,3.06,0,0.0,0.00,-0.02,0.99,-1.70,-0.12,3.05,1679,0,11.76,12.39,0,0
586.537,-7.286706,112.796011,0.31,0.493,0.071,34.90,34.49,351.80,351.80,0.00,13.38,0,0.0,0.00,-0.04,0.99,0.00,-0.18,2.38,1679,0,11.82,12.09,0,0
586.637,-7.286706,112.796011,0.26,0.345,0.051,20.56,18.63,351.61,351.61,0.00,27.98,0,0.0,0.00,-0.03,1.00,2.44,0.06,2.38,1679,0,11.74,11.94,0,0
586.737,-7.286706,112.796011,0.44,0.241,0.036,20.68,21.95,351.44,351.44,0.00,-9.03,0,0.0,0.00,-0.01,0.99,4.69,0.24,1.89,1679,0,11.68,12.36,0,0
586.837,-7.286705,112.796011,0.41,0.499,0.076,26.51,23.50,351.32,351.32,0.00,0.32,0,0.0,0.00,0.00,0.99,2.50,0.12,1.22,1679,0,11.73,11.93,0,0
586.937,-7.286705,112.796011,0.36,0.349,0.054,4.14,4.85,351.22,351.22,0.00,0.40,0,0.0,0.00,-0.01,0.98,0.00,-0.06,1.15,1679,0,11.78,12.29,0,0
587.037,-7.286705,112.796011,0.40,0.244,0.038,-0.67,-0.67,351.13,351.13,0.00,0.32,0,0.0,0.00,-0.02,0.98,-1.64,-0.30,1.40,1679,0,11.58,12.39,0,0
587.137,-7.286704,112.796010,0.44,0.552,-0.248,-0.25,-0.49,351.01,351.01,0.00,0.24,0,0.0,0.00,-0.02,0.99,-1.64,-0.30,1.40,1679,0,11.82,12.42,0,0
587.237,-7.286704,112.796010,0.39,0.387,-0.173,-0.91,-0.55,350.89,350.89,0.00,0.32,0,0.0,0.00,-0.02,0.99,-1.09,-0.12,1.83,1740,0,11.60,12.42,0,0
587.337,-7.286704,112.796010,0.30,0.271,-0.120,-0.43,-0.73,350.76,350.76,0.00,0.32,0,0.0,0.00,-0.03,0.99,0.24,0.30,1.58,1740,0,11.62,12.44,0,0
587.437,-7.286703,112.796010,0.43,0.519,-0.029,-0.61,-0.79,350.63,350.63,0.00,0.40,0,0.0,0.00,-0.02,0.99,0.85,0.42,1.64,1740,0,11.72,12.36,0,0
587.537,-7.286703,112.796010,0.50,0.363,-0.020,-0.67,-0.61,350.50,350.50,0.00,0.40,0,0.0,0.00,-0.01,0.98,0.61,0.00,1.64,1740,0,11.66,12.43,0,0
587.637,-7.286702,112.796010,0.56,0.583,0.043,-0.61,-0.67,350.35,350.35,0.00,0.00,0,0.0,0.00,-0.02,0.99,-0.18,-0.30,1.89,1740,0,11.62,12.42,0,0
587.737,-7.286702,112.796010,0.39,0.408,0.031,-0.31,-0.73,350.19,350.19,0.00,0.48,0,0.0,0.00,-0.02,0.99,-0.12,-0.30,2.01,1800,0,11.61,12.39,0,0
587.837,-7.286702,112.796010,0.41,0.286,0.023,-0.31,-0.49,350.01,350.01,0.00,0.32,0,0.0,0.00,-0.01,0.99,-0.36,0.00,2.31,1740,0,11.82,12.42,0,0
587.937,-7.286701,112.796010,0.50,0.528,0.075,-0.67,-0.55,349.83,349.83,0.00,0.40,0,0.0,0.00,-0.01,1.00,-0.36,0.48,2.13,1740,0,11.79,12.42,0,0
588.037,-7.286701,112.796010,0.51,0.370,0.054,-0.85,-0.61,349.67,349.67,0.00,0.40,0,0.0,0.00,-0.02,0.98,-0.36,0.42,2.07,1740,0,11.62,12.38,0,0
588.137,-7.286700,112.796009,0.35,0.647,-0.226,-0.61,-0.61,349.50,349.50,0.00,0.40,0,0.0,0.00,-0.02,0.98,-0.12,0.00,2.25,1740,0,11.69,12.44,0,0
588.237,-7.286700,112.796009,0.38,0.453,-0.157,-0.67,-0.73,349.32,349.32,0.00,0.40,0,0.0,0.00,-0.02,0.99,0.24,-0.54,2.38,1740,0,11.68,12.42,0,0
588.337,-7.286700,112.796009,0.52,0.318,-0.109,-0.55,-0.43,349.12,349.12,0.00,0.32,0,0.0,0.00,-0.02,0.99,1.28,-0.24,2.38,1740,0,11.79,12.69,0,0
588.437,-7.286699,112.796009,0.47,0.550,-0.011,-0.49,-0.67,348.92,348.92,0.00,0.32,0,0.0,0.00,0.00,1.00,1.22,0.18,2.38,1740,0,11.81,12.42,0,0
588.537,-7.286699,112.796009,0.44,0.385,-0.007,-0.79,-0.67,348.75,348.75,0.00,0.32,0,0.0,0.00,-0.01,0.99,-0.54,0.42,2.13,1740,0,11.75,12.44,0,0
588.638,-7.286698,112.796009,0.61,0.593,0.062,-0.43,-0.67,348.58,348.58,0.00,0.32,0,0.0,0.00,-0.01,0.98,-1.89,0.06,2.07,1740,0,11.55,12.42,0,0
588.738,-7.286698,112.796009,0.61,0.415,0.044,-0.43,-0.49,348.40,348.40,0.00,0.32,0,0.0,0.00,-0.02,0.97,-0.97,-0.30,2.25,1800,0,11.74,12.44,0,0
588.838,-7.286697,112.796009,0.54,0.617,0.100,-0.49,-0.73,348.21,348.21,0.00,0.40,0,0.0,0.00,-0.03,1.00,0.97,-0.48,2.50,1859,0,11.72,12.39,0,0
588.938,-7.286697,112.796009,0.51,0.432,0.072,-0.49,-0.67,348.01,348.01,0.00,0.24,0,0.0,0.00,-0.01,1.00,2.01,-0.06,2.56,1859,0,11.82,12.42,0,0
589.038,-7.286696,112.796009,0.53,0.628,0.122,-0.67,-0.55,347.81,347.81,0.00,0.40,0,0.0,0.00,0.00,1.01,0.06,0.30,2.38,1859,0,11.61,12.37,0,0
589.138,-7.286696,112.796009,0.42,0.439,0.087,-0.37,-0.49,347.62,347.62,0.00,0.32,0,0.0,0.00,-0.01,0.99,-2.50,0.42,2.38,1859,0,11.76,12.26,0,0
589.238,-7.286696,112.796009,0.38,0.307,0.062,-0.43,-0.49,347.44,347.44,0.00,0.24,0,0.0,0.00,-0.02,0.97,-2.38,0.00,2.31,1859,0,11.68,12.37,0,0
589.338,-7.286696,112.796009,0.43,0.215,0.044,-0.55,-0.61,347.26,347.26,0.00,0.32,0,0.0,0.00,-0.04,0.97,0.79,-0.48,2.56,1859,0,11.75,12.44,0,0
589.438,-7.286695,112.796008,0.47,0.550,-0.217,-0.43,-0.49,347.06,347.06,0.00,0.32,0,0.0,0.00,-0.02,1.00,3.72,-0.18,2.56,1859,0,11.62,12.37,0,0
589.538,-7.286695,112.796008,0.48,0.385,-0.150,-0.61,-0.73,346.84,346.84,0.00,0.32,0,0.0,0.00,0.00,1.00,2.13,0.18,2.92,1859,0,11.61,12.37,0,0
589.639,-7.286694,112.796008,0.61,0.591,-0.028,-0.67,-0.31,346.61,346.61,0.00,0.40,0,0.0,0.00,0.00,1.00,-1.40,0.42,2.74,1920,0,11.72,12.37,0,0
589.739,-7.286694,112.796008,0.61,0.414,-0.018,-0.55,-0.61,346.40,346.40,0.00,0.32,0,0.0,0.00,-0.01,0.99,-2.92,0.48,2.44,1920,0,11.82,12.39,0,0
589.839,-7.286693,112.796008,0.51,0.614,0.068,-0.61,-1.08,346.20,346.20,0.00,0.40,0,0.0,0.00,-0.02,0.97,-0.91,0.36,2.50,1979,0,11.78,12.39,0,0
589.939,-7.286693,112.796008,0.54,0.430,0.049,-0.49,-0.67,346.00,346.00,0.00,0.24,0,0.0,0.00,-0.03,0.98,0.67,-0.12,2.62,1979,0,11.74,12.39,0,0
590.039,-7.286692,112.796008,0.52,0.624,0.118,-0.19,-0.55,345.78,345.78,0.00,0.40,0,0.0,0.00,-0.02,1.00,0.06,-0.48,3.05,2040,0,11.69,12.39,0,0
590.139,-7.286691,112.796008,0.67,0.759,0.168,-0.73,-0.43,345.53,345.53,0.00,0.48,0,0.0,0.00,0.00,1.01,-1.15,-0.24,3.11,2100,0,11.60,12.37,0,0
590.239,-7.286691,112.796008,0.63,0.531,0.120,-0.31,-0.49,345.29,345.29,0.00,32.90,0,0.0,0.00,-0.01,0.99,-0.18,0.30,2.68,2159,0,11.60,12.39,0,0
590.339,-7.286691,112.796008,0.49,0.371,0.085,16.04,15.18,345.10,345.10,0.00,33.38,0,0.0,0.00,-0.02,0.98,3.05,0.54,2.25,2220,0,11.78,12.09,0,0
590.439,-7.286690,112.796008,0.42,0.582,0.146,31.21,30.92,344.98,344.98,0.00,6.29,0,0.0,0.00,0.00,0.98,0.30,-0.06,1.22,2279,0,11.72,12.36,0,0
590.539,-7.286690,112.796008,0.62,0.407,0.103,31.51,26.82,344.94,344.94,0.00,0.32,0,0.0,0.00,0.00,0.99,-6.46,-0.61,0.54,2279,0,11.81,11.97,0,0
590.639,-7.286690,112.796008,0.35,0.285,0.072,18.36,16.07,344.95,344.95,0.00,23.14,0,0.0,0.00,-0.02,1.00,-7.20,-0.61,0.48,2279,0,11.88,11.64,0,0
590.739,-7.286690,112.796008,0.35,0.200,0.050,16.10,16.25,344.98,344.98,0.00,-14.19,0,0.0,0.00,-0.05,0.99,-0.61,0.24,0.48,2279,0,11.68,11.95,0,0
590.839,-7.286689,112.796007,0.48,0.547,-0.199,18.30,16.49,345.07,345.07,0.00,0.56,0,0.0,0.00,-0.03,0.99,6.04,0.67,-0.48,2279,0,11.92,11.97,0,0
590.939,-7.286688,112.796007,0.62,0.705,-0.055,0.99,0.63,345.21,345.21,0.00,5.64,0,0.0,0.00,0.00,0.98,10.31,0.18,-0.67,2340,0,11.76,12.37,0,0
591.039,-7.286688,112.796007,0.58,0.494,-0.039,8.90,7.10,345.29,345.29,0.00,-12.98,0,0.0,0.00,0.00,0.98,6.59,-0.48,0.00,2340,0,11.70,12.36,0,0
591.139,-7.286687,112.796007,0.75,0.668,0.057,-4.83,-5.24,345.32,345.32,0.00,0.16,0,0.0,0.00,0.00,0.99,0.18,-0.67,0.06,2279,0,11.64,12.35,0,0
591.239,-7.286686,112.796007,0.65,0.790,0.125,-5.61,-4.29,345.30,345.30,0.00,0.24,0,0.0,0.00,0.00,1.00,-2.80,0.24,0.54,2279,0,11.62,12.36,0,0
591.339,-7.286686,112.796007,0.55,0.553,0.087,0.63,-0.37,345.28,345.28,0.00,0.32,0,0.0,0.00,0.00,1.00,-4.57,0.61,0.36,2279,0,11.81,12.36,0,0
591.439,-7.286685,112.796006,0.73,0.794,-0.174,-0.73,-0.90,345.27,345.27,0.00,0.32,0,0.0,0.00,0.00,0.98,-5.61,0.42,0.54,2279,0,11.80,12.39,0,0
591.539,-7.286685,112.796006,0.70,0.556,-0.122,-0.85,-1.08,345.26,345.26,0.00,0.32,0,0.0,0.00,-0.03,0.98,-4.08,0.00,1.09,2340,0,11.55,12.42,0,0
591.639,-7.286685,112.796006,0.58,0.389,-0.085,-0.73,-0.85,345.20,345.20,0.00,0.32,0,0.0,0.00,-0.03,0.98,-0.67,-0.67,1.46,2340,0,11.73,12.43,0,0
591.739,-7.286685,112.796006,0.58,0.273,-0.059,-0.73,-0.90,345.11,345.11,0.00,0.32,0,0.0,0.00,-0.04,1.00,3.96,-0.30,1.46,2340,0,11.58,12.39,0,0
591.839,-7.286684,112.796006,0.51,0.513,0.045,-0.79,-0.96,345.00,345.00,0.00,0.40,0,0.0,0.00,-0.01,0.99,6.04,0.36,1.83,2340,0,11.78,12.43,0,0
591.939,-7.286683,112.796006,0.77,0.681,0.120,-0.91,-0.90,344.88,344.88,0.00,0.40,0,0.0,0.00,0.00,0.99,3.96,0.30,1.70,2340,0,11.79,12.42,0,0
592.039,-7.286683,112.796006,0.69,0.477,0.085,-0.85,-1.20,344.75,344.75,0.00,0.40,0,0.0,0.00,0.00,0.98,-0.48,0.06,1.77,2340,0,11.79,12.39,0,0
592.139,-7.286682,112.796006,0.74,0.655,0.149,-0.73,-1.02,344.61,344.61,0.00,0.32,0,0.0,0.00,-0.02,0.99,-4.27,0.00,1.70,2459,0,11.68,12.42,0,0
592.239,-7.286681,112.796005,0.72,0.868,-0.124,-0.73,-1.14,344.47,344.47,0.00,0.40,0,0.0,-0.01,-0.02,0.98,-5.00,0.30,1.83,2519,0,11.58,12.36,0,0
592.339,-7.286681,112.796005,0.65,0.608,-0.086,-0.67,-0.90,344.33,344.33,0.00,0.40,0,0.0,-0.01,-0.02,0.98,-2.92,0.24,2.01,2580,0,11.60,12.37,0,0
592.439,-7.286680,112.796005,0.66,0.747,0.032,-0.67,-1.68,344.19,344.19,0.00,0.32,0,0.0,-0.01,-0.04,0.98,0.91,0.42,2.13,2640,0,11.67,12.43,0,0
592.539,-7.286679,112.796005,0.66,0.843,0.116,-0.97,-1.14,344.04,344.04,0.00,0.40,0,0.0,-0.01,-0.02,1.00,2.99,0.18,2.44,2700,0,11.78,12.37,0,0
592.639,-7.286679,112.796005,0.72,0.590,0.083,-0.73,-0.79,343.87,343.87,0.00,0.32,0,0.0,0.00,-0.01,0.98,3.66,0.00,2.31,2759,0,11.60,12.39,0,0
592.739,-7.286679,112.796005,0.72,0.413,0.059,-1.08,-1.08,343.69,343.69,0.00,0.40,0,0.0,0.00,-0.01,0.99,1.34,-0.12,2.25,2819,0,11.58,12.37,0,0
592.839,-7.286677,112.796005,0.77,0.929,0.232,-0.85,-0.96,343.48,343.48,0.00,0.24,0,0.0,-0.01,0.00,1.00,-1.95,0.06,2.74,2880,0,11.73,12.37,0,0
592.939,-7.286677,112.796005,0.80,0.649,0.165,-0.61,-0.79,343.26,343.26,0.00,0.24,0,0.0,-0.01,-0.02,0.99,-3.78,0.12,2.68,3000,0,11.67,12.37,0,0
593.039,-7.286676,112.796004,0.96,0.870,-0.102,-1.02,-1.02,343.02,343.02,0.00,0.32,0,0.0,-0.01,-0.03,1.00,-3.78,0.42,3.47,3119,0,11.69,12.39,0,0
593.139,-7.286675,112.796004,0.86,0.928,0.030,-0.67,-0.96,342.76,342.76,0.00,0.48,0,0.0,-0.02,-0.02,0.97,-0.79,0.67,3.60,3180,0,11.62,12.47,0,0
593.239,-7.286675,112.796004,0.88,0.649,0.025,-1.02,-0.73,342.48,342.48,0.00,0.32,0,0.0,-0.01,-0.03,1.00,1.46,0.00,3.29,3240,0,11.62,12.39,0,0
593.339,-7.286674,112.796004,0.97,0.772,0.121,-0.73,-0.61,342.20,342.20,0.00,0.32,0,0.0,-0.02,-0.01,0.98,3.96,0.54,3.60,3359,0,11.62,12.36,0,0
593.439,-7.286673,112.796004,0.96,0.857,0.191,-0.67,-0.55,341.93,341.93,0.00,0.32,0,0.0,-0.01,-0.02,0.99,2.68,0.00,3.17,3419,0,11.79,12.39,0,0
593.539,-7.286672,112.796003,1.09,1.020,-0.073,-0.49,-0.13,341.66,341.66,0.00,0.32,0,0.0,-0.01,0.00,0.98,0.30,0.18,3.41,3480,0,11.73,12.37,0,0
593.639,-7.286671,112.796003,0.97,1.030,0.059,-0.85,0.09,341.40,341.40,0.00,30.08,0,0.0,-0.01,0.00,0.99,-1.09,0.12,3.17,3540,0,11.62,12.37,0,0
593.739,-7.286671,112.796003,0.97,0.721,0.044,17.41,16.96,341.15,341.15,0.00,36.45,0,0.0,-0.01,-0.01,0.99,-3.96,0.00,2.62,3600,0,11.85,12.00,0,0
593.839,-7.286669,112.796003,1.15,1.136,0.249,29.43,30.98,341.05,341.05,0.00,-19.43,0,0.0,-0.01,0.02,0.97,-11.71,0.54,0.42,3659,0,11.73,12.31,0,0
593.939,-7.286668,112.796003,1.14,1.112,0.278,34.67,31.52,341.27,341.27,0.00,0.56,0,0.0,0.00,-0.05,1.01,-16.11,-0.06,-2.44,3659,0,11.78,12.02,0,0
594.039,-7.286668,112.796002,1.10,0.883,-0.125,11.70,9.06,341.69,341.69,0.00,25.96,0,0.0,-0.01,-0.08,0.98,-7.56,0.30,-3.17,3659,0,11.54,12.24,0,0
594.139,-7.286666,112.796002,1.16,1.253,0.113,16.76,16.91,342.10,342.10,0.00,40.00,0,0.0,0.00,-0.10,1.01,11.84,-0.06,-2.56,3719,0,11.80,11.93,0,0
594.239,-7.286666,112.796002,1.12,0.877,0.073,29.07,31.70,342.50,342.50,0.00,-1.20,0,0.0,0.00,0.00,0.98,18.55,0.00,-4.02,3719,0,11.82,12.37,0,0
594.339,-7.286665,112.796002,1.05,0.934,0.142,40.50,37.75,343.09,343.09,0.00,-1.12,0,0.0,0.00,0.03,0.98,8.48,-0.61,-6.53,3659,0,11.89,11.82,0,0
594.439,-7.286664,112.796001,1.06,1.067,-0.134,12.35,12.03,343.82,343.82,0.00,33.70,0,0.0,-0.01,0.00,0.99,-1.52,0.36,-6.77,3659,0,11.67,12.28,0,0
594.539,-7.286663,112.796001,1.18,1.068,-0.014,17.53,18.15,344.52,344.52,0.00,20.72,0,0.0,-0.01,-0.01,0.99,0.12,-0.18,-6.34,3659,0,11.91,11.80,0,0
594.639,-7.286662,112.796001,1.28,1.070,0.067,19.79,18.75,345.19,345.19,0.00,1.53,0,0.0,0.00,0.00,1.00,-2.86,-0.42,-6.95,3659,0,11.79,12.29,0,0
594.739,-7.286662,112.796001,1.28,0.749,0.036,11.76,10.61,345.98,345.98,0.00,0.24,0,0.0,0.00,0.00,0.99,-4.39,0.06,-7.87,3719,0,11.79,12.39,0,0
594.839,-7.286660,112.796000,1.16,1.250,-0.151,0.93,1.16,346.77,346.77,0.00,0.40,0,0.0,0.00,-0.03,0.99,3.05,-0.30,-7.14,3719,0,11.78,12.31,0,0
594.939,-7.286659,112.796000,1.21,1.199,-0.043,-0.49,-0.37,347.43,347.43,0.00,0.32,0,0.0,0.00,-0.02,1.00,11.71,-0.48,-5.73,3719,0,11.78,12.32,0,0
595.039,-7.286657,112.796000,1.32,1.492,0.101,-0.13,-0.37,347.98,347.98,0.00,0.24,0,0.0,0.00,0.01,0.98,11.59,-0.97,-4.88,3719,0,11.56,12.36,0,0
595.139,-7.286657,112.796000,1.04,1.045,0.062,-0.31,-0.31,348.43,348.43,0.00,-5.00,0,0.0,0.00,0.03,0.99,7.87,-0.42,-4.21,3659,0,11.76,12.38,0,0
595.239,-7.286656,112.796000,0.93,1.059,0.103,-2.16,-3.10,348.82,348.82,0.00,0.40,0,0.0,0.00,0.04,0.98,-1.70,-0.18,-3.54,3659,0,11.81,12.32,0,0
595.339,-7.286655,112.796000,1.05,1.069,0.131,0.27,-1.56,349.12,349.12,0.00,0.32,0,0.0,0.00,0.05,0.98,-7.99,-0.06,-2.38,3659,0,11.79,12.39,0,0
595.439,-7.286654,112.795999,1.10,1.138,-0.175,-1.32,-1.08,349.38,349.38,0.00,0.48,0,0.0,0.00,0.00,1.00,-10.80,0.06,-2.19,3719,0,11.72,12.37,0,0
595.539,-7.286652,112.795999,1.19,1.452,-0.006,-0.55,-0.37,349.63,349.63,0.00,0.24,0,0.0,0.00,0.00,1.00,-7.99,-0.12,-1.95,3719,0,11.55,12.37,0,0
595.639,-7.286651,112.795999,1.19,1.345,0.050,-0.07,-0.61,349.88,349.88,0.00,0.32,0,0.0,0.00,-0.02,0.99,-2.50,-0.24,-1.58,3719,0,11.75,12.43,0,0
595.739,-7.286651,112.795999,1.19,0.942,0.031,-0.49,-0.55,350.11,350.11,0.00,0.40,0,0.0,0.00,-0.02,0.99,3.54,-0.06,-1.52,3659,0,11.62,12.39,0,0
595.839,-7.286649,112.795999,1.38,1.317,0.132,-0.55,-0.61,350.32,350.32,0.00,0.32,0,0.0,0.00,-0.01,0.99,6.28,-0.48,-1.09,3659,0,11.70,12.39,0,0
595.939,-7.286648,112.795999,1.25,1.251,0.145,-0.43,-0.37,350.49,350.49,0.00,0.24,0,0.0,0.00,0.02,0.99,5.24,-0.30,-0.97,3659,0,11.60,12.39,0,0
596.039,-7.286647,112.795999,1.33,1.205,0.153,-0.55,-0.43,350.64,350.64,0.00,0.48,0,0.0,0.00,0.02,0.98,1.83,0.00,-1.15,3659,0,11.67,12.33,0,0
596.139,-7.286645,112.795998,1.26,1.555,-0.114,-0.55,-0.61,350.77,350.77,0.00,0.32,0,0.0,0.00,0.00,0.97,-4.33,0.30,-0.67,3659,0,11.60,12.37,0,0
596.239,-7.286645,112.795998,1.22,1.089,-0.083,-0.25,-0.37,350.90,350.90,0.00,0.32,0,0.0,0.00,0.00,0.99,-6.34,0.54,-0.54,3659,0,11.68,12.37,0,0
596.339,-7.286643,112.795998,1.38,1.421,0.045,-0.73,-0.31,351.02,351.02,0.00,0.24,0,0.0,0.00,-0.02,0.99,-4.69,0.24,-0.48,3719,0,11.63,12.36,0,0
596.439,-7.286642,112.795998,1.26,1.324,0.080,-0.31,-0.61,351.15,351.15,0.00,0.24,0,0.0,0.00,-0.01,0.99,-1.22,-0.06,-0.42,3659,0,11.71,12.35,0,0
596.539,-7.286641,112.795998,0.95,1.257,0.105,-0.61,-0.67,351.26,351.26,0.00,0.32,0,0.0,0.00,-0.02,0.98,3.05,-0.18,-0.36,3659,0,11.82,12.39,0,0
596.639,-7.286640,112.795998,1.29,1.210,0.123,0.10,-0.37,351.34,351.34,0.00,0.32,0,0.0,0.00,-0.01,0.99,4.63,-0.42,0.00,3659,0,11.67,12.42,0,0
596.739,-7.286640,112.795998,1.29,0.847,0.085,-0.55,-0.55,351.40,351.40,0.00,0.32,0,0.0,0.00,0.00,0.99,2.99,-0.61,0.06,3659,0,11.81,12.37,0,0
596.839,-7.286638,112.795998,1.31,1.253,0.158,-0.25,-0.37,351.44,351.44,0.00,0.32,0,0.0,0.00,0.00,0.98,0.61,0.18,0.42,3659,0,11.79,12.43,0,0
596.939,-7.286637,112.795998,1.23,1.207,0.160,-0.37,-0.61,351.47,351.47,0.00,0.24,0,0.0,0.00,0.00,0.99,-2.74,0.18,0.12,3659,0,11.75,12.37,0,0
597.039,-7.286635,112.795998,1.53,1.505,0.210,-0.31,-0.43,351.49,351.49,0.00,0.24,0,0.0,0.00,-0.01,0.98,-4.82,0.36,0.61,3719,0,11.76,12.39,0,0
597.139,-7.286634,112.795998,1.29,1.383,0.196,-0.67,-0.43,351.50,351.50,0.00,0.32,0,0.0,0.00,-0.03,0.99,-3.11,0.00,0.67,3719,0,11.63,12.32,0,0
597.239,-7.286633,112.795998,1.37,1.298,0.187,-0.55,-0.25,351.50,351.50,0.00,0.48,0,0.0,0.00,-0.02,0.98,-0.36,0.24,1.03,3719,0,11.80,12.42,0,0
597.339,-7.286631,112.795997,1.56,1.617,-0.098,-0.61,-0.43,351.49,351.49,0.00,0.32,0,0.0,0.00,-0.02,0.99,2.19,0.06,1.03,3659,0,11.79,12.35,0,0
597.439,-7.286630,112.795997,1.38,1.462,-0.018,-0.25,-0.31,351.45,351.45,0.00,0.24,0,0.0,0.00,-0.01,1.00,2.86,0.06,1.15,3719,0,11.67,12.36,0,0
597.539,-7.286629,112.795997,1.25,1.353,0.038,-0.37,-0.13,351.40,351.40,0.00,0.24,0,0.0,0.00,-0.01,0.99,2.44,0.00,1.34,3719,0,11.75,12.32,0,0
597.639,-7.286628,112.795997,1.55,1.277,0.078,-0.25,-0.37,351.32,351.32,0.00,0.40,0,0.0,-0.01,0.00,0.98,-0.24,0.61,1.89,3780,0,11.68,12.38,0,0
597.739,-7.286626,112.795997,1.39,1.553,0.158,-0.79,-0.49,351.23,351.23,0.00,0.32,0,0.0,0.00,0.00,1.00,-1.58,-0.18,1.52,3780,0,11.68,12.36,0,0
597.839,-7.286625,112.795998,1.46,1.366,0.491,-0.07,-0.43,351.13,351.13,0.00,0.32,0,0.0,0.00,-0.02,0.99,-2.92,-0.12,1.77,3840,0,11.59,12.36,0,0
597.939,-7.286624,112.795997,1.45,1.336,0.070,0.10,-0.55,351.03,351.03,0.00,0.32,0,0.0,0.00,-0.02,0.98,-2.19,0.42,2.25,3840,0,11.73,12.42,0,0
598.039,-7.286622,112.795997,1.44,1.594,0.156,-0.49,-0.49,350.93,350.93,0.00,0.40,0,0.0,0.00,-0.02,1.00,-0.48,-0.24,1.77,3840,0,11.69,12.34,0,0
598.139,-7.286621,112.795997,1.40,1.445,0.165,-0.25,-0.43,350.80,350.80,0.00,0.32,0,0.0,0.00,-0.03,0.98,1.15,0.36,2.13,3840,0,11.67,12.36,0,0
598.239,-7.286620,112.795997,1.40,1.340,0.172,-0.25,-0.49,350.67,350.67,0.00,0.32,0,0.0,0.00,-0.02,0.98,1.46,0.36,2.50,3900,0,11.68,12.36,0,0
598.339,-7.286619,112.795997,1.37,1.267,0.178,-0.49,-0.49,350.52,350.52,0.00,0.40,0,0.0,0.00,-0.01,0.99,1.03,-0.30,2.31,3959,0,11.72,12.43,0,0
598.439,-7.286617,112.795997,1.52,1.544,0.239,-0.31,-0.55,350.36,350.36,0.00,11.77,0,0.0,0.00,-0.01,1.00,0.18,0.36,2.31,3900,0,11.82,12.37,0,0
598.539,-7.286616,112.795997,1.53,1.409,0.227,9.20,10.25,350.21,350.21,0.00,-11.61,0,0.0,0.00,0.00,0.99,-2.80,0.18,2.01,3959,0,11.61,12.24,0,0
598.639,-7.286614,112.795996,1.52,1.700,-0.052,7.18,6.69,350.15,350.15,0.00,0.56,0,0.0,0.00,-0.01,0.98,-6.95,0.18,0.91,3900,0,11.85,12.04,0,0
598.739,-7.286613,112.795997,1.46,1.462,0.348,-2.93,-1.08,350.11,350.11,0.00,0.16,0,0.0,0.00,-0.05,0.99,-2.01,0.12,1.89,3959,0,11.64,12.32,0,0
598.839,-7.286612,112.795996,1.54,1.409,-0.023,-0.79,-0.85,350.00,350.00,0.00,-24.83,0,0.0,0.00,-0.04,0.99,3.84,0.00,2.31,3900,0,11.62,12.39,0,0
598.939,-7.286610,112.795997,1.43,1.585,0.430,-3.64,-5.54,349.84,349.84,0.00,-14.35,0,0.0,0.00,-0.03,1.00,6.65,-0.36,2.56,3959,0,11.69,12.04,0,0
599.039,-7.286609,112.795997,1.54,1.436,0.368,-15.78,-15.81,349.53,349.53,0.00,0.40,0,0.0,0.00,-0.04,0.98,13.00,-0.06,5.06,3959,0,11.79,12.31,0,0
599.139,-7.286608,112.795996,1.50,1.393,0.006,-1.86,-2.57,348.97,348.97,0.00,-1.69,0,0.0,0.00,0.01,1.00,9.88,0.30,6.71,3959,0,11.67,12.25,0,0
599.239,-7.286606,112.795996,1.54,1.629,0.149,-1.74,-2.87,348.37,348.37,0.00,-10.32,0,0.0,0.00,0.04,1.00,-3.90,0.12,5.98,3959,0,11.64,12.36,0,0
599.339,-7.286605,112.795996,1.46,1.465,0.185,-5.67,-7.08,347.83,347.83,0.00,0.24,0,0.0,0.00,0.00,0.98,-14.95,1.15,5.79,3900,0,11.58,12.29,0,0
599.439,-7.286604,112.795996,1.64,1.350,0.213,-2.87,-1.68,347.27,347.27,0.00,0.24,0,0.0,0.00,-0.03,0.99,-14.95,0.67,6.46,3959,0,11.76,12.32,0,0
599.539,-7.286602,112.795996,1.51,1.593,0.311,-0.49,-0.96,346.73,346.73,0.00,0.40,0,0.0,0.00,-0.05,0.99,-9.46,0.12,5.98,3959,0,11.80,12.37,0,0
599.639,-7.286601,112.795996,1.55,1.437,0.306,-0.49,-0.49,346.26,346.26,0.00,0.32,0,0.0,0.00,-0.06,1.00,-2.01,0.24,5.61,3959,0,11.67,12.36,0,0
599.739,-7.286599,112.795995,1.52,1.732,0.064,-0.37,-0.25,345.83,345.83,0.00,0.32,0,0.0,0.00,-0.06,0.98,5.12,-0.12,5.61,3959,0,11.73,12.36,0,0
599.839,-7.286598,112.795995,1.66,1.535,0.139,-0.61,-0.61,345.39,345.39,0.00,-9.43,0,0.0,0.00,-0.03,0.98,10.62,-0.24,5.49,3959,0,11.76,12.32,0,0
599.939,-7.286597,112.795995,1.46,1.396,0.192,-6.32,-6.49,344.95,344.95,0.00,0.24,0,0.0,0.00,-0.02,1.00,8.30,-0.30,5.43,3959,0,11.60,12.32,0,0
600.039,-7.286596,112.795995,1.34,1.297,0.233,0.27,2.29,344.42,344.42,0.00,0.32,0,0.0,0.00,-0.01,0.98,6.22,0.42,6.53,3959,0,11.63,11.99,0,0
600.139,-7.286594,112.795994,1.51,1.639,0.040,-0.49,-0.67,343.83,343.83,0.00,-7.82,0,0.0,0.00,0.01,1.00,-1.34,0.06,6.10,3959,0,11.79,12.43,0,0
600.239,-7.286593,112.795994,1.53,1.467,0.135,-4.89,-5.18,343.29,343.29,0.00,-10.08,0,0.0,0.00,-0.01,0.99,-9.70,0.36,6.04,3959,0,11.83,12.44,0,0
600.339,-7.286592,112.795993,1.46,1.442,-0.112,-9.00,-10.82,342.70,342.70,0.00,0.32,0,0.0,0.00,-0.06,0.97,-6.34,0.73,7.26,3959,0,11.80,12.30,0,0
600.439,-7.286591,112.795992,1.48,1.430,-0.278,-2.27,-2.27,342.02,342.02,0.00,-14.19,0,0.0,0.00,-0.04,1.00,0.12,0.18,7.93,3959,0,11.86,12.26,0,0
600.539,-7.286590,112.795992,1.44,1.319,-0.075,-7.81,-11.42,341.31,341.31,0.00,0.24,0,0.0,0.00,-0.05,0.98,1.89,-0.18,7.93,3959,0,11.60,12.36,0,0
600.639,-7.286588,112.795991,1.46,1.663,-0.130,-5.78,-5.78,340.55,340.55,0.00,0.40,0,0.0,0.00,-0.05,0.98,5.67,-0.06,9.03,3959,0,11.77,12.37,0,0
600.739,-7.286587,112.795991,1.40,1.479,0.041,-1.20,-0.85,339.75,339.75,0.00,26.37,0,0.0,0.00,-0.01,0.99,2.25,-0.18,8.23,3959,0,11.72,12.35,0,0
600.839,-7.286586,112.795991,1.59,1.346,0.161,17.17,16.49,339.02,339.02,0.00,39.59,0,0.0,0.00,0.00,0.99,-5.73,0.79,7.38,3959,0,11.76,11.99,0,0
600.939,-7.286584,112.795991,1.54,1.562,0.365,30.08,36.98,338.52,338.52,0.00,1.37,0,0.0,0.00,0.00,0.98,-20.32,0.48,4.08,3959,0,11.82,11.78,0,0
601.039,-7.286583,112.795990,1.52,1.525,0.073,41.03,37.87,338.42,338.42,0.00,0.40,0,0.0,0.00,-0.06,0.97,-24.96,0.06,0.79,3900,0,11.68,11.85,0,0
601.139,-7.286582,112.795990,1.57,1.378,0.171,12.29,10.49,338.53,338.53,0.00,32.66,0,0.0,0.00,-0.15,1.02,-10.13,-0.30,0.30,3959,0,11.79,12.30,0,0
601.239,-7.286580,112.795990,1.57,1.586,0.361,18.42,18.39,338.63,338.63,0.00,-18.87,0,0.0,0.00,-0.14,0.98,15.80,0.36,1.28,3959,0,11.79,11.64,0,0
601.339,-7.286579,112.795989,1.42,1.542,0.063,16.46,16.96,338.73,338.73,0.00,5.72,0,0.0,0.00,-0.05,0.98,27.28,-0.42,-0.06,3959,0,11.86,11.94,0,0
601.439,-7.286578,112.795989,1.64,1.390,0.163,4.08,3.60,338.83,338.83,0.00,3.46,0,0.0,0.00,-0.01,0.99,25.87,-0.36,0.18,3959,0,11.79,12.26,0,0
601.539,-7.286576,112.795988,1.54,1.715,0.046,5.03,3.72,338.85,338.85,0.00,39.19,0,0.0,0.00,0.04,0.97,11.71,0.00,0.12,3900,0,11.70,12.30,0,0
601.639,-7.286575,112.795988,1.28,1.512,0.152,19.91,20.59,338.86,338.86,0.00,-7.58,0,0.0,0.00,0.07,1.00,-8.36,-0.12,-0.67,3959,0,11.75,11.98,0,0
601.739,-7.286574,112.795988,1.47,1.370,0.223,25.92,23.14,339.04,339.04,0.00,0.32,0,0.0,0.00,0.02,0.99,-28.62,0.48,-2.92,3959,0,11.88,11.80,0,0
601.839,-7.286573,112.795988,1.62,1.272,0.267,2.54,1.64,339.41,339.41,0.00,11.77,0,0.0,0.00,-0.08,0.97,-25.02,1.15,-2.50,3959,0,11.77,12.31,0,0
601.939,-7.286571,112.795987,1.64,1.632,0.103,8.37,9.24,339.73,339.73,0.00,7.66,0,0.0,0.00,-0.10,0.99,-3.23,0.00,-1.95,3959,0,11.72,12.28,0,0
602.039,-7.286570,112.795987,1.45,1.456,0.179,9.79,9.42,340.05,340.05,0.00,0.32,0,0.0,0.00,-0.08,0.99,13.91,0.12,-1.95,3959,0,11.62,12.20,0,0
602.139,-7.286569,112.795987,1.51,1.334,0.232,2.06,2.65,340.38,340.38,0.00,10.56,0,0.0,0.00,-0.05,0.98,22.58,-0.54,-2.07,3959,0,11.77,12.36,0,0
602.239,-7.286567,112.795986,1.64,1.674,0.067,9.02,8.65,340.62,340.62,0.00,30.32,0,0.0,0.00,0.02,1.00,21.97,-0.85,-2.01,3959,0,11.67,12.12,0,0
602.339,-7.286566,112.795986,1.54,1.487,0.152,21.04,21.95,340.86,340.86,0.00,0.40,0,0.0,0.00,0.08,0.99,3.29,0.00,-3.17,3959,0,11.71,12.32,0,0
602.439,-7.286565,112.795985,1.53,1.464,-0.109,28.83,25.87,341.33,341.33,0.00,0.56,0,0.0,0.00,0.06,0.97,-22.09,0.36,-6.10,3959,0,11.88,11.85,0,0
602.539,-7.286563,112.795985,1.61,1.658,0.118,7.59,7.22,341.99,341.99,0.00,31.04,0,0.0,0.00,-0.03,0.99,-25.69,0.61,-6.10,4019,0,11.63,12.01,0,0
602.639,-7.286562,112.795985,1.52,1.480,0.170,16.93,15.84,342.60,342.60,0.00,-16.61,0,0.0,0.00,-0.09,1.00,-8.05,0.30,-4.39,3959,0,11.80,11.94,0,0
602.739,-7.286562,112.795985,1.52,1.037,0.108,18.90,18.21,343.20,343.20,0.00,0.40,0,0.0,0.00,-0.07,0.99,6.83,-0.18,-5.12,3959,0,11.86,11.75,0,0
602.839,-7.286559,112.795984,1.55,1.780,0.029,2.18,2.71,343.81,343.81,0.00,-8.54,0,0.0,0.00,-0.05,0.98,22.21,-0.12,-4.45,3959,0,11.73,12.22,0,0
602.939,-7.286558,112.795984,1.50,1.567,0.102,-6.32,-6.73,344.22,344.22,0.00,-14.51,0,0.0,0.00,0.00,1.00,27.34,-0.61,-2.86,3959,0,11.67,12.32,0,0
603.039,-7.286557,112.795983,1.54,1.507,-0.161,-11.91,-13.38,344.41,344.41,0.00,0.32,0,0.0,0.00,0.04,0.97,21.30,-0.73,-0.67,4019,0,11.79,12.37,0,0
603.139,-7.286555,112.795983,1.55,1.698,0.069,-2.33,-2.33,344.34,344.34,0.00,0.24,0,0.0,0.00,0.09,0.97,7.01,-0.48,0.91,3959,0,11.75,11.79,0,0
603.239,-7.286554,112.795982,1.68,1.599,-0.176,-1.14,-0.79,344.19,344.19,0.00,0.64,0,0.0,0.00,0.09,1.00,-15.13,0.06,0.85,3959,0,11.77,12.32,0,0
603.339,-7.286552,112.795982,1.54,1.761,0.062,-0.73,-0.55,344.07,344.07,0.00,0.88,0,0.0,0.00,0.04,0.98,-30.51,1.22,0.79,3959,0,11.64,12.35,0,0
603.439,-7.286551,112.795982,1.48,1.554,0.136,-0.13,-0.25,344.02,344.02,0.00,0.32,0,0.0,0.00,-0.03,1.00,-25.93,0.97,0.79,3959,0,11.60,12.36,0,0
603.539,-7.286550,112.795981,1.64,1.499,-0.130,-0.19,-0.07,344.00,344.00,0.00,0.32,0,0.0,0.00,-0.09,0.98,-9.82,0.85,1.52,3959,0,11.66,12.37,0,0
603.640,-7.286548,112.795981,1.50,1.685,0.091,-0.25,-0.25,344.00,344.00,0.00,0.24,0,0.0,0.00,-0.09,1.00,9.88,-1.03,1.28,3959,0,11.73,12.37,0,0
603.740,-7.286548,112.795981,1.50,1.179,0.064,-0.43,-0.07,343.98,343.98,0.00,0.40,0,0.0,0.00,-0.04,0.99,21.66,-0.36,1.40,3959,0,11.70,12.36,0,0
603.840,-7.286546,112.795981,1.49,1.466,0.231,0.10,-0.07,343.90,343.90,0.00,0.32,0,0.0,0.00,0.00,0.98,18.67,-0.79,1.64,3959,0,11.56,12.36,0,0
603.940,-7.286544,112.795980,1.64,1.759,0.032,-0.13,-0.43,343.78,343.78,0.00,0.32,0,0.0,0.00,0.06,1.00,6.40,-0.06,1.40,3959,0,11.68,12.32,0,0
604.040,-7.286543,112.795980,1.60,1.551,0.119,-0.13,0.04,343.66,343.66,0.00,0.32,0,0.0,0.00,0.05,0.99,-7.62,0.12,1.09,3959,0,11.75,12.39,0,0
604.140,-7.286542,112.795980,1.57,1.406,0.180,-0.25,-0.19,343.54,343.54,0.00,0.40,0,0.0,0.00,0.01,0.99,-17.57,0.61,1.40,3959,0,11.71,12.32,0,0
604.240,-7.286540,112.795979,1.59,1.718,0.001,-0.43,0.15,343.44,343.44,0.00,0.16,0,0.0,0.00,-0.03,1.01,-16.54,0.48,1.52,3959,0,11.66,12.36,0,0
604.340,-7.286539,112.795979,1.49,1.522,0.098,-0.49,-0.07,343.36,343.36,0.00,0.40,0,0.0,0.00,-0.06,0.98,-7.81,-0.06,1.89,3959,0,11.75,12.38,0,0
604.440,-7.286537,112.795979,1.52,1.704,0.262,-0.37,0.15,343.27,343.27,0.00,0.40,0,0.0,0.00,-0.06,0.99,5.12,0.00,2.19,3959,0,11.73,12.36,0,0
604.540,-7.286536,112.795979,1.58,1.512,0.283,-0.25,-0.07,343.15,343.15,0.00,0.32,0,0.0,0.00,-0.04,0.99,13.67,-0.12,1.89,3959,0,11.75,12.38,0,0
604.640,-7.286535,112.795979,1.48,1.377,0.298,-0.25,-0.07,342.99,342.99,0.00,0.32,0,0.0,0.00,0.00,0.98,12.26,-0.54,2.38,3959,0,11.83,12.37,0,0
604.740,-7.286533,112.795978,1.60,1.698,0.093,-0.25,-0.07,342.81,342.81,0.00,1.20,0,0.0,0.00,0.01,0.99,4.39,-0.18,2.38,3959,0,11.78,12.35,0,0
604.840,-7.286532,112.795978,1.61,1.507,0.169,0.04,-0.25,342.60,342.60,0.00,0.80,0,0.0,0.00,0.02,0.98,-4.08,-0.36,2.44,3959,0,11.68,12.32,0,0
604.940,-7.286531,112.795978,1.50,1.372,0.223,-0.19,-0.07,342.40,342.40,0.00,0.56,0,0.0,0.00,0.00,1.00,-10.55,0.36,2.31,3959,0,11.80,12.35,0,0
605.040,-7.286529,112.795978,1.53,1.595,0.363,0.10,0.04,342.21,342.21,0.00,0.32,0,0.0,0.00,-0.02,0.98,-10.07,0.73,2.50,3959,0,11.63,12.39,0,0
605.140,-7.286528,112.795977,1.53,1.535,0.046,-0.07,0.09,342.04,342.04,0.00,0.72,0,0.0,0.00,-0.04,1.00,-4.82,0.36,2.50,3959,0,11.64,12.39,0,0
605.240,-7.286527,112.795977,1.51,1.392,0.139,-0.01,-0.07,341.86,341.86,0.00,0.40,0,0.0,0.00,-0.05,0.99,2.01,-0.30,2.80,3959,0,11.55,12.36,0,0
605.340,-7.286525,112.795977,1.63,1.607,0.310,-0.07,0.04,341.67,341.67,0.00,0.24,0,0.0,0.00,-0.04,0.96,6.95,0.18,3.11,3959,0,11.59,12.36,0,0
605.440,-7.286524,112.795976,1.58,1.546,0.014,0.16,-0.49,341.46,341.46,0.00,0.72,0,0.0,0.00,0.00,0.99,7.99,-0.48,2.80,3959,0,11.79,12.39,0,0
605.540,-7.286523,112.795976,1.55,1.398,0.122,-0.01,-0.25,341.21,341.21,0.00,1.04,0,0.0,0.00,0.00,1.00,4.51,0.12,2.92,3959,0,11.71,12.37,0,0
605.640,-7.286521,112.795976,1.53,1.609,0.307,-0.07,-0.01,340.97,340.97,0.00,1.12,0,0.0,0.00,0.00,0.98,-2.01,0.00,2.92,3959,0,11.71,12.37,0,0
605.740,-7.286520,112.795975,1.65,1.549,0.017,-0.07,0.15,340.74,340.74,0.00,0.80,0,0.0,0.00,0.00,1.00,-5.55,0.00,2.68,3959,0,11.74,12.37,0,0
605.840,-7.286518,112.795975,1.65,1.713,0.239,0.10,-0.13,340.51,340.51,0.00,18.70,0,0.0,0.00,-0.02,0.98,-6.46,0.48,3.05,3959,0,11.80,12.42,0,0
605.940,-7.286517,112.795974,1.55,1.624,-0.027,12.06,10.67,340.29,340.29,0.00,15.00,0,0.0,0.00,-0.01,0.98,-5.92,0.00,2.62,3959,0,11.62,12.31,0,0
606.040,-7.286516,112.795974,1.58,1.451,0.095,15.33,15.24,340.22,340.22,0.00,0.48,0,0.0,0.00,-0.01,0.99,-7.44,0.12,0.61,3959,0,11.66,12.32,0,0
606.140,-7.286514,112.795974,1.54,1.644,0.288,12.71,16.07,340.37,340.37,0.00,0.40,0,0.0,0.00,-0.05,1.00,-6.71,0.06,-1.09,3959,0,11.79,12.13,0,0
606.240,-7.286513,112.795974,1.70,1.466,0.309,0.45,-0.13,340.57,340.57,0.00,0.32,0,0.0,0.00,-0.08,0.99,3.96,0.00,-0.79,3959,0,11.74,12.39,0,0
606.340,-7.286511,112.795973,1.53,1.766,0.123,0.10,-0.67,340.68,340.68,0.00,0.48,0,0.0,0.00,-0.04,0.98,15.62,-0.12,0.24,3959,0,11.68,12.36,0,0
606.440,-7.286510,112.795973,1.63,1.551,0.195,-0.31,-0.37,340.71,340.71,0.00,15.16,0,0.0,0.00,0.00,1.00,15.31,-0.91,0.36,3959,0,11.54,12.32,0,0
606.540,-7.286509,112.795973,1.51,1.400,0.247,13.78,14.65,340.69,340.69,0.00,-6.61,0,0.0,0.00,0.04,0.98,7.32,0.00,0.48,3959,0,11.75,11.66,0,0
606.640,-7.286507,112.795972,1.64,1.719,0.080,6.40,4.85,340.74,340.74,0.00,0.40,0,0.0,0.00,0.04,0.98,-9.76,0.30,-1.03,3959,0,11.70,12.35,0,0
606.740,-7.286506,112.795972,1.54,1.519,0.163,-1.26,-0.90,340.85,340.85,0.00,0.24,0,0.0,0.00,-0.01,1.00,-14.70,-0.12,-0.67,3959,0,11.60,12.36,0,0
606.840,-7.286505,112.795971,1.61,1.487,-0.091,-0.43,-0.61,340.93,340.93,0.00,0.48,0,0.0,0.00,-0.05,0.98,-9.39,0.73,0.24,4019,0,11.61,12.37,0,0
606.940,-7.286503,112.795971,1.61,1.671,0.153,-0.19,-0.43,340.98,340.98,0.00,25.72,0,0.0,0.00,-0.05,1.00,1.58,-0.06,0.48,3959,0,11.85,12.35,0,0
607.040,-7.286502,112.795971,1.51,1.485,0.215,14.61,12.63,341.00,341.00,0.00,30.16,0,0.0,0.00,-0.03,0.98,7.14,0.12,0.85,3900,0,11.78,12.24,0,0
607.140,-7.286500,112.795970,1.67,1.778,0.051,29.96,30.86,341.13,341.13,0.00,-2.01,0,0.0,0.00,0.03,1.00,0.97,-0.61,-2.01,3959,0,11.82,12.36,0,0
607.240,-7.286499,112.795970,1.67,1.562,0.132,26.93,25.52,341.55,341.55,0.00,0.40,0,0.0,0.00,-0.01,1.00,-9.82,0.30,-4.57,3959,0,11.92,11.93,0,0
607.340,-7.286498,112.795970,1.46,1.412,0.184,7.06,6.33,342.14,342.14,0.00,0.32,0,0.0,0.00,-0.06,0.98,-5.98,0.54,-4.88,3959,0,11.79,11.88,0,0
607.440,-7.286496,112.795970,1.65,1.626,0.319,-0.01,-0.37,342.62,342.62,0.00,5.48,0,0.0,0.00,-0.06,0.99,6.95,-0.48,-3.23,3959,0,11.68,12.37,0,0
607.540,-7.286495,112.795969,1.61,1.555,-0.002,6.11,5.74,342.96,342.96,0.00,9.51,0,0.0,0.00,-0.02,0.98,16.41,-0.73,-2.13,3900,0,11.68,12.24,0,0
607.640,-7.286494,112.795969,1.43,1.408,0.089,7.89,8.59,343.25,343.25,0.00,0.32,0,0.0,0.00,0.02,0.99,11.65,-0.48,-2.50,3959,0,11.67,12.29,0,0
607.740,-7.286492,112.795968,1.63,1.720,-0.071,8.78,7.16,343.55,343.55,0.00,0.40,0,0.0,0.00,0.03,0.99,1.03,-0.24,-3.17,3959,0,11.62,12.23,0,0
607.840,-7.286491,112.795968,1.51,1.524,0.037,-0.37,-0.37,343.83,343.83,0.00,0.32,0,0.0,0.00,0.02,0.98,-5.43,0.06,-2.38,3900,0,11.81,12.36,0,0
607.940,-7.286489,112.795968,1.61,1.708,0.205,-0.25,-0.43,344.06,344.06,0.00,0.32,0,0.0,0.00,0.00,1.00,-7.32,0.06,-1.77,3959,0,11.75,12.37,0,0
608.040,-7.286488,112.795967,1.58,1.607,-0.088,-0.55,-0.43,344.25,344.25,0.00,0.24,0,0.0,0.00,-0.01,0.97,-5.98,0.06,-1.28,3959,0,11.66,12.30,0,0
608.140,-7.286487,112.795967,1.58,1.446,0.024,-0.31,-0.31,344.42,344.42,0.00,0.32,0,0.0,0.00,-0.02,0.98,-1.64,0.00,-0.91,3959,0,11.59,12.38,0,0
608.240,-7.286485,112.795967,1.63,1.655,0.192,-0.49,-0.43,344.56,344.56,0.00,0.32,0,0.0,0.00,-0.02,0.98,3.35,-0.06,-0.42,3900,0,11.79,12.39,0,0
608.340,-7.286484,112.795966,1.61,1.568,-0.099,-0.61,-0.19,344.68,344.68,0.00,0.24,0,0.0,0.00,0.00,1.00,4.57,-0.36,-0.42,3959,0,11.72,12.36,0,0
608.440,-7.286482,112.795966,1.57,1.741,0.104,-0.37,-0.43,344.77,344.77,0.00,0.40,0,0.0,0.00,0.00,1.00,4.82,0.36,-0.42,3959,0,11.75,12.39,0,0
608.540,-7.286481,112.795966,1.58,1.541,0.159,-0.31,-0.25,344.84,344.84,0.00,0.32,0,0.0,0.00,0.01,0.99,0.18,-0.42,-0.18,3959,0,11.62,12.45,0,0
608.640,-7.286480,112.795965,1.56,1.487,-0.122,-0.31,-0.31,344.89,344.89,0.00,0.32,0,0.0,0.00,0.00,0.99,-2.92,0.24,0.00,3959,0,11.74,12.42,0,0
608.740,-7.286480,112.795965,1.56,1.041,-0.086,-0.31,-0.25,344.93,344.93,0.00,0.40,0,0.0,0.00,0.00,0.98,-3.72,0.30,0.18,3959,0,11.76,12.42,0,0
608.840,-7.286477,112.795965,1.58,1.695,0.199,-0.37,-0.19,344.97,344.97,0.00,10.00,0,0.0,0.00,-0.01,1.00,-3.23,0.18,0.12,3959,0,11.76,12.39,0,0
608.940,-7.286475,112.795964,1.62,1.917,-0.009,7.30,7.28,345.02,345.02,0.00,38.70,0,0.0,0.00,-0.01,0.98,-1.22,0.30,0.00,3959,0,11.78,12.36,0,0
609.040,-7.286474,112.795964,1.54,1.664,0.076,27.05,26.11,345.15,345.15,0.00,40.00,0,0.0,0.00,0.00,0.97,-5.98,0.12,-1.46,3959,0,11.82,12.07,0,0
609.140,-7.286472,112.795964,1.62,1.811,0.211,40.08,36.98,345.58,345.58,0.00,40.00,0,0.0,0.01,0.01,0.99,-13.06,-0.54,-5.12,3959,0,11.83,12.36,0,0
609.240,-7.286471,112.795964,1.56,1.594,0.210,39.37,39.60,346.32,346.32,0.00,40.00,0,0.0,0.00,-0.03,0.97,-14.52,0.12,-7.26,3959,0,11.63,12.37,0,0
609.340,-7.286470,112.795963,1.57,1.516,-0.120,39.48,39.77,347.23,347.23,0.00,39.27,0,0.0,0.01,-0.06,1.00,-4.51,-0.48,-8.54,3959,0,11.60,12.36,0,0
609.440,-7.286468,112.795963,1.56,1.713,0.034,39.90,39.60,348.22,348.22,0.00,38.62,0,0.0,0.01,-0.06,0.99,7.93,0.18,-8.60,3959,0,11.87,12.37,0,0
609.540,-7.286467,112.795963,1.54,1.527,0.064,40.14,39.24,349.25,349.25,0.00,38.06,0,0.0,0.00,-0.04,0.99,14.52,-0.06,-9.33,3959,0,11.73,12.30,0,0
609.640,-7.286466,112.795963,1.55,1.398,0.082,38.65,38.11,350.31,350.31,0.00,36.77,0,0.0,0.01,0.01,1.00,14.95,-0.24,-10.37,3959,0,11.60,12.36,0,0
609.740,-7.286466,112.795963,1.55,0.980,0.038,37.46,37.28,351.42,351.42,0.00,36.77,0,0.0,0.01,0.02,0.98,6.46,-0.12,-10.86,3900,0,11.82,12.39,0,0
609.840,-7.286463,112.795962,1.43,1.721,-0.186,36.93,36.86,352.58,352.58,0.00,35.80,0,0.0,0.01,0.04,0.97,-2.50,0.12,-11.71,3959,0,11.76,12.30,0,0
609.940,-7.286462,112.795962,1.51,1.534,-0.120,36.69,36.39,353.82,353.82,0.00,35.16,0,0.0,0.00,0.02,0.98,-10.07,-0.36,-12.45,3959,0,11.79,12.35,0,0
610.040,-7.286460,112.795961,1.47,1.764,-0.382,35.26,35.32,355.13,355.13,0.00,34.91,0,0.0,0.01,-0.01,0.99,-9.03,0.06,-12.69,3959,0,11.82,12.39,0,0
610.140,-7.286459,112.795961,1.53,1.561,-0.277,35.08,35.08,356.51,356.51,0.00,34.43,0,0.0,0.01,-0.02,1.00,-3.47,0.00,-13.00,3959,0,11.78,12.39,0,0
610.240,-7.286457,112.795961,1.52,1.754,-0.197,34.31,34.49,357.93,357.93,0.00,34.35,0,0.0,0.00,-0.02,0.98,4.76,0.06,-13.61,3959,0,11.81,12.36,0,0
610.340,-7.286456,112.795961,1.49,1.558,-0.164,33.89,34.43,359.36,359.36,0.00,34.27,0,0.0,0.00,0.00,0.98,9.03,-0.18,-13.67,3959,0,11.58,12.32,0,0
610.440,-7.286455,112.795961,1.48,1.421,-0.147,34.37,34.37,0.79,0.79,0.00,34.43,0,0.0,0.00,0.00,0.99,7.93,-0.12,-13.85,3959,0,11.74,12.37,0,0
610.540,-7.286453,112.795961,1.49,1.658,-0.154,34.49,34.67,2.23,2.23,0.00,33.70,0,0.0,0.01,0.03,1.00,4.45,-0.91,-14.34,3959,0,11.80,12.33,0,0
610.640,-7.286452,112.795961,1.46,1.491,-0.159,33.95,33.54,3.69,3.69,0.00,33.70,0,0.0,0.00,0.04,0.99,-1.15,-0.24,-14.83,3959,0,11.67,12.35,0,0
610.740,-7.286452,112.795961,1.46,1.040,-0.139,34.07,33.54,5.20,5.20,0.00,33.46,0,0.0,0.00,0.03,0.98,-4.27,-0.18,-15.07,3959,0,11.72,12.31,0,0
610.840,-7.286449,112.795961,1.52,1.719,-0.234,33.89,33.77,6.75,6.75,0.00,33.38,0,0.0,0.01,0.02,0.99,-5.37,-0.61,-15.31,3959,0,11.79,12.31,0,0
610.940,-7.286448,112.795961,1.52,1.528,-0.245,33.65,33.60,8.33,8.33,0.00,33.14,0,0.0,0.00,0.00,0.98,-3.41,0.00,-15.68,3959,0,11.69,12.35,0,0
611.040,-7.286447,112.795961,1.44,1.393,-0.260,33.30,33.06,9.96,9.96,0.00,33.06,0,0.0,0.01,0.01,1.00,1.03,-0.48,-15.80,3959,0,11.85,12.37,0,0
611.140,-7.286445,112.795961,1.48,1.623,-0.344,33.36,33.12,11.60,11.60,0.00,33.06,0,0.0,0.00,0.01,1.00,3.54,-0.12,-15.80,3959,0,11.75,12.36,0,0
611.240,-7.286444,112.795961,1.48,1.454,-0.350,33.24,33.06,13.24,13.24,0.00,33.06,0,0.0,0.00,0.01,0.98,3.84,-0.12,-15.80,3959,0,11.73,12.29,0,0
611.340,-7.286443,112.795961,1.43,1.332,-0.359,33.36,33.30,14.88,14.88,0.00,32.90,0,0.0,0.01,0.04,0.99,3.90,-0.54,-16.05,3959,0,11.82,12.30,0,0
611.440,-7.286442,112.795962,1.33,1.339,-0.056,33.00,32.94,16.52,16.52,0.00,32.90,0,0.0,0.00,0.03,0.98,-0.30,-0.67,-16.35,3959,0,11.79,12.42,0,0
611.540,-7.286440,112.795962,1.38,1.570,-0.275,33.18,32.71,18.19,18.19,0.00,33.22,0,0.0,0.01,0.04,1.00,-1.22,0.00,-16.60,3959,0,11.68,12.32,0,0
611.640,-7.286439,112.795963,1.39,1.519,-0.027,32.76,32.53,19.88,19.88,0.00,33.22,0,0.0,0.01,0.02,1.00,-2.50,-0.24,-16.66,3959,0,11.68,12.38,0,0
611.740,-7.286439,112.795963,1.39,1.062,-0.050,32.76,32.53,21.59,21.59,0.00,33.14,0,0.0,0.00,0.01,0.98,-2.38,0.00,-16.78,3959,0,11.78,12.42,0,0
611.840,-7.286437,112.795963,1.37,1.355,-0.322,32.94,32.65,23.33,23.33,0.00,33.22,0,0.0,0.01,0.03,0.99,-0.73,-0.79,-17.33,3959,0,11.67,12.30,0,0
611.940,-7.286436,112.795964,1.38,1.383,-0.098,32.94,32.53,25.16,25.16,0.00,33.06,0,0.0,0.00,0.02,0.98,-0.79,0.36,-18.12,3959,0,11.64,12.32,0,0
612.040,-7.286434,112.795964,1.50,1.559,-0.405,32.70,32.53,27.09,27.09,0.00,32.98,0,0.0,0.01,0.03,0.99,-1.28,-0.54,-18.98,3959,0,11.70,12.36,0,0
612.140,-7.286433,112.795965,1.44,1.533,-0.194,32.94,32.47,29.08,29.08,0.00,33.06,0,0.0,0.00,0.02,0.99,-0.79,0.18,-19.34,3959,0,11.67,12.36,0,0
612.240,-7.286432,112.795965,1.35,1.354,-0.346,33.30,32.76,31.09,31.09,0.00,33.06,0,0.0,0.00,0.03,0.98,2.01,0.30,-19.77,3959,0,11.75,12.47,0,0
612.340,-7.286431,112.795965,1.38,1.218,-0.458,32.70,32.82,33.15,33.15,0.00,33.06,0,0.0,0.01,0.02,1.00,1.77,-0.42,-20.14,3959,0,11.73,12.32,0,0
612.440,-7.286430,112.795966,1.49,1.303,-0.273,33.24,32.71,35.22,35.22,0.00,32.98,0,0.0,0.00,0.02,0.99,2.38,-0.30,-20.50,3959,0,11.75,12.39,0,0
612.540,-7.286428,112.795967,1.41,1.636,-0.366,32.88,32.71,37.30,37.30,0.00,33.06,0,0.0,0.01,0.04,0.98,2.25,-0.48,-20.38,3959,0,11.72,12.37,0,0
612.640,-7.286427,112.795968,1.36,1.603,-0.254,32.82,32.53,39.42,39.42,0.00,33.22,0,0.0,0.01,0.03,1.00,0.18,-0.61,-20.75,3959,0,11.66,12.37,0,0
612.740,-7.286427,112.795968,1.36,1.115,-0.220,33.00,32.41,41.55,41.55,0.00,33.14,0,0.0,0.00,0.04,0.97,-0.54,-0.54,-20.87,3959,0,11.79,12.38,0,0
612.840,-7.286425,112.795969,1.46,1.485,-0.404,33.18,32.65,43.69,43.69,0.00,33.30,0,0.0,0.00,0.04,0.98,-1.52,0.00,-20.87,3959,0,11.67,12.37,0,0
612.940,-7.286424,112.795970,1.32,1.498,-0.331,32.88,32.71,45.85,45.85,0.00,33.30,0,0.0,0.01,0.03,0.99,-1.09,-0.61,-21.11,3900,0,11.63,12.37,0,0
613.040,-7.286423,112.795970,1.34,1.262,-0.519,32.88,33.00,48.03,48.03,0.00,33.38,0,0.0,0.01,0.03,1.00,0.30,-0.48,-21.60,3959,0,11.74,12.37,0,0
613.140,-7.286422,112.795971,1.47,1.337,-0.441,32.88,32.65,50.21,50.21,0.00,33.46,0,0.0,0.01,0.03,0.99,1.40,-0.30,-21.42,3959,0,11.63,12.32,0,0
613.240,-7.286421,112.795972,1.32,1.389,-0.407,32.94,32.71,52.42,52.42,0.00,33.46,0,0.0,0.00,0.03,0.99,2.56,-0.30,-21.48,3959,0,11.73,12.36,0,0
613.340,-7.286420,112.795973,1.29,1.423,-0.403,32.88,32.71,54.62,54.62,0.00,33.54,0,0.0,0.01,0.03,1.00,1.70,-0.48,-21.72,3959,0,11.74,12.32,0,0
613.440,-7.286420,112.795974,1.31,1.262,-0.139,32.88,32.47,56.84,56.84,0.00,33.46,0,0.0,0.00,0.03,0.97,1.34,-0.12,-21.85,3900,0,11.79,12.37,0,0
613.540,-7.286419,112.795975,1.34,1.334,-0.248,32.70,32.65,59.07,59.07,0.00,33.46,0,0.0,0.01,0.04,0.99,0.18,-0.79,-22.03,3959,0,11.61,12.32,0,0
613.640,-7.286418,112.795976,1.28,1.377,-0.344,32.76,32.53,61.32,61.32,0.00,33.62,0,0.0,0.00,0.04,0.98,-0.85,-0.42,-21.85,3959,0,11.69,12.32,0,0
613.740,-7.286417,112.795977,1.37,1.398,-0.430,33.00,32.53,63.57,63.57,0.00,33.87,0,0.0,0.01,0.04,0.99,0.06,-0.24,-21.91,3959,0,11.80,12.36,0,0
613.840,-7.286416,112.795978,1.32,1.405,-0.508,33.24,32.94,65.84,65.84,0.00,33.95,0,0.0,0.00,0.03,0.99,-0.91,-0.48,-21.91,3959,0,11.82,12.34,0,0
613.940,-7.286416,112.795979,1.25,1.275,-0.271,33.06,33.12,68.12,68.12,0.00,34.03,0,0.0,0.00,0.04,0.98,-0.24,-0.54,-22.09,3959,0,11.72,12.32,0,0
614.040,-7.286415,112.795980,1.27,1.308,-0.429,32.70,33.12,70.41,70.41,0.00,33.95,0,0.0,0.00,0.03,0.99,-0.67,-0.61,-22.21,3959,0,11.63,12.37,0,0
614.140,-7.286415,112.795981,1.32,1.219,-0.239,32.82,33.30,72.72,72.72,0.00,34.11,0,0.0,0.00,0.04,0.98,0.48,-0.67,-22.46,3959,0,11.70,12.37,0,0
614.240,-7.286414,112.795982,1.31,1.251,-0.438,32.82,33.18,75.05,75.05,0.00,34.43,0,0.0,0.00,0.03,0.99,0.42,-0.42,-22.58,3959,0,11.72,12.32,0,0
614.340,-7.286413,112.795983,1.33,1.258,-0.596,33.95,33.36,77.39,77.39,0.00,34.51,0,0.0,0.00,0.04,0.98,0.24,-0.97,-22.52,3959,0,11.63,12.31,0,0
614.440,-7.286413,112.795984,1.29,1.189,-0.394,33.77,33.12,79.73,79.73,0.00,34.67,0,0.0,0.00,0.04,0.98,-0.18,-0.18,-22.82,3959,0,11.63,12.26,0,0
614.540,-7.286412,112.795985,1.35,1.194,-0.595,33.71,34.01,82.10,82.10,0.00,34.59,0,0.0,0.01,0.04,0.99,-0.85,-0.73,-23.13,3959,0,11.72,12.42,0,0
614.640,-7.286412,112.795987,1.30,1.476,-0.386,33.77,33.89,84.46,84.46,0.00,34.59,0,0.0,0.00,0.04,0.97,-0.85,-0.12,-23.13,3900,0,11.77,12.28,0,0
614.840,-7.286412,112.795989,1.34,1.338,-0.351,33.71,34.19,89.21,89.21,0.00,34.67,0,0.0,0.00,0.03,0.98,0.48,-0.18,-22.88,3959,0,11.64,12.32,0,0
614.940,-7.286411,112.795990,1.31,1.247,-0.627,34.01,33.83,91.59,91.59,0.00,34.59,0,0.0,0.01,0.03,0.99,2.07,-0.24,-22.76,3959,0,11.76,12.32,0,0
615.040,-7.286411,112.795991,1.30,1.184,-0.497,34.31,33.89,93.96,93.96,0.00,34.75,0,0.0,0.00,0.04,0.99,0.79,-0.42,-22.76,3959,0,11.77,12.29,0,0
615.140,-7.286411,112.795993,1.34,1.472,-0.455,33.89,34.01,96.34,96.34,0.00,34.75,0,0.0,0.01,0.04,0.98,0.91,-0.73,-22.76,3900,0,11.83,12.37,0,0
615.240,-7.286411,112.795994,1.32,1.343,-0.412,33.77,33.89,98.73,98.73,0.00,34.59,0,0.0,0.00,0.04,0.99,-1.28,-0.91,-22.94,3959,0,11.62,12.35,0,0
615.340,-7.286411,112.795995,1.32,1.252,-0.391,33.77,33.95,101.12,101.12,0.00,34.59,0,0.0,0.00,0.04,0.98,-1.83,-0.85,-23.07,3900,0,11.79,12.36,0,0
615.440,-7.286411,112.795996,1.26,1.186,-0.387,34.01,34.13,103.52,103.52,0.00,34.67,0,0.0,0.00,0.04,1.00,-1.70,-0.67,-23.31,3959,0,11.58,12.37,0,0
615.540,-7.286411,112.795998,1.34,1.454,-0.488,33.89,34.13,105.93,105.93,0.00,34.75,0,0.0,0.00,0.03,0.99,0.06,-0.48,-23.07,3959,0,11.75,12.35,0,0
615.640,-7.286411,112.795999,1.30,1.317,-0.488,33.89,33.95,108.33,108.33,0.00,35.40,0,0.0,0.00,0.02,0.99,2.07,-0.06,-23.07,3959,0,11.81,12.37,0,0
615.740,-7.286411,112.796000,1.33,1.216,-0.497,34.37,34.19,110.74,110.74,0.00,34.67,0,0.0,0.00,0.03,1.00,1.95,-0.54,-23.07,3959,0,11.66,12.38,0,0
615.840,-7.286412,112.796001,1.32,1.271,-0.207,34.25,34.37,113.15,113.15,0.00,34.59,0,0.0,0.00,0.04,0.98,2.07,-0.54,-23.37,3900,0,11.68,12.31,0,0
615.940,-7.286412,112.796002,1.27,1.181,-0.325,34.31,34.25,115.58,115.58,0.00,34.59,0,0.0,0.01,0.04,1.00,0.18,-0.85,-23.37,3959,0,11.88,12.36,0,0
616.040,-7.286412,112.796004,1.32,1.401,-0.573,34.25,34.37,118.00,118.00,0.00,34.51,0,0.0,0.00,0.04,0.98,0.00,-0.67,-23.19,3900,0,11.80,12.36,0,0
616.140,-7.286412,112.796005,1.20,1.248,-0.610,34.31,34.19,120.42,120.42,0.00,34.51,0,0.0,0.00,0.04,1.00,-1.15,-1.03,-23.13,3959,0,11.72,12.38,0,0
616.240,-7.286413,112.796006,1.41,1.314,-0.362,34.25,33.95,122.84,122.84,0.00,34.59,0,0.0,0.00,0.05,0.99,-1.58,-0.61,-23.37,3959,0,11.63,12.35,0,0
616.340,-7.286413,112.796007,1.31,1.178,-0.484,34.19,34.13,125.27,125.27,0.00,34.59,0,0.0,0.00,0.03,0.99,-0.24,-0.48,-23.43,3959,0,11.88,12.32,0,0
616.440,-7.286414,112.796008,1.28,1.275,-0.312,34.43,34.07,127.70,127.70,0.00,34.51,0,0.0,0.00,0.05,0.99,0.54,-0.48,-23.37,3959,0,11.79,12.36,0,0
616.540,-7.286414,112.796009,1.28,1.136,-0.469,34.37,33.89,130.13,130.13,0.00,34.59,0,0.0,0.00,0.04,0.98,0.67,-0.54,-23.07,3900,0,11.70,12.37,0,0
616.640,-7.286415,112.796010,1.33,1.250,-0.340,34.49,34.49,132.56,132.56,0.00,34.59,0,0.0,0.00,0.05,0.99,1.15,-0.67,-23.43,3959,0,11.71,12.36,0,0
616.740,-7.286416,112.796011,1.27,1.334,-0.272,34.07,34.19,134.97,134.97,0.00,30.64,0,0.0,0.00,0.04,0.97,0.73,-0.73,-22.94,3900,0,11.54,12.29,0,0
616.840,-7.286416,112.796012,1.23,1.149,-0.473,32.17,32.71,137.38,137.38,0.00,-9.83,0,0.0,0.00,0.07,0.99,0.79,-0.97,-22.82,3959,0,11.82,12.35,0,0
616.940,-7.286417,112.796013,1.29,1.258,-0.401,25.56,24.69,139.76,139.76,0.00,0.40,0,0.0,0.00,0.03,0.99,2.31,-0.30,-22.09,3959,0,11.91,12.05,0,0
617.040,-7.286418,112.796014,1.34,1.336,-0.371,2.89,2.41,142.00,142.00,0.00,0.40,0,0.0,0.00,0.02,0.99,13.79,-0.36,-19.71,3959,0,11.68,12.25,0,0
617.140,-7.286418,112.796015,1.29,1.120,-0.559,-0.13,-0.43,143.98,143.98,0.00,0.32,0,0.0,0.00,0.04,0.98,19.22,-2.01,-16.47,3959,0,11.64,12.36,0,0
617.240,-7.286419,112.796015,1.31,1.047,-0.228,-0.37,-0.19,145.75,145.75,0.00,12.25,0,0.0,-0.01,0.10,0.97,16.17,-2.62,-14.58,3900,0,11.77,12.35,0,0
617.340,-7.286420,112.796016,1.33,1.187,-0.280,9.44,8.05,147.43,147.43,0.00,40.00,0,0.0,0.00,0.14,0.99,1.40,-2.86,-13.85,3959,0,11.82,12.35,0,0
617.440,-7.286421,112.796017,1.28,1.281,-0.333,28.66,27.95,149.10,149.10,0.00,39.67,0,0.0,0.00,0.14,0.98,-19.10,-1.34,-14.34,3959,0,11.80,12.09,0,0
617.540,-7.286422,112.796018,1.32,1.342,-0.387,38.35,38.29,150.88,150.88,0.00,15.88,0,0.0,0.01,0.11,0.98,-35.76,-0.12,-17.21,3959,0,11.82,12.31,0,0
617.640,-7.286423,112.796019,1.35,1.377,-0.444,37.70,35.32,152.80,152.80,0.00,-2.01,0,0.0,0.00,0.00,0.99,-36.25,1.03,-18.98,3959,0,11.62,12.06,0,0
617.740,-7.286424,112.796019,1.31,1.255,-0.201,11.34,10.85,154.71,154.71,0.00,0.24,0,0.0,0.00,-0.10,1.00,-11.47,1.83,-18.31,3959,0,11.58,12.26,0,0
617.840,-7.286425,112.796020,1.38,1.312,-0.335,0.51,-0.07,156.36,156.36,0.00,0.40,0,0.0,-0.01,-0.11,0.98,24.41,1.28,-14.89,3959,0,11.73,12.36,0,0
617.940,-7.286426,112.796020,1.34,1.221,-0.131,-0.43,-0.43,157.78,157.78,0.00,0.32,0,0.0,-0.01,0.00,0.97,48.09,-0.91,-12.69,3900,0,11.73,12.35,0,0
618.040,-7.286427,112.796021,1.30,1.282,-0.302,-0.37,-0.55,159.12,159.12,0.00,0.24,0,0.0,0.00,0.11,0.98,43.76,-3.11,-11.04,3959,0,11.57,12.35,0,0
618.140,-7.286428,112.796022,1.41,1.317,-0.433,-0.31,-0.43,160.48,160.48,0.00,-14.11,0,0.0,0.00,0.19,0.97,17.02,-2.44,-10.19,3959,0,11.78,12.36,0,0
618.240,-7.286430,112.796022,1.30,1.549,-0.117,-9.95,-9.70,161.83,161.83,0.00,-27.17,0,0.0,0.00,0.17,0.97,-14.89,-2.31,-9.88,3959,0,11.80,12.29,0,0
618.340,-7.286431,112.796023,1.34,1.498,-0.323,-18.87,-20.03,163.00,163.00,0.00,0.32,0,0.0,0.00,0.08,0.99,-30.88,-1.52,-7.14,3959,0,11.78,12.30,0,0
618.440,-7.286432,112.796024,1.37,1.458,-0.466,-12.21,-11.48,163.82,163.82,0.00,0.48,0,0.0,0.00,0.01,0.98,-26.06,-0.73,-4.76,3900,0,11.75,11.88,0,0
618.540,-7.286433,112.796024,1.43,1.339,-0.246,-0.49,-0.19,164.36,164.36,0.00,0.32,0,0.0,0.00,0.00,1.00,-15.07,0.54,-3.54,3959,0,11.83,12.24,0,0
618.640,-7.286434,112.796024,1.44,1.258,-0.092,-0.01,-0.37,164.81,164.81,0.00,0.32,0,0.0,0.00,-0.02,1.00,-3.72,1.70,-3.47,3959,0,11.73,12.37,0,0
618.740,-7.286435,112.796025,1.38,1.287,-0.305,0.04,-0.31,165.21,165.21,0.00,0.32,0,0.0,0.00,-0.02,0.99,5.85,0.97,-3.05,3959,0,11.66,12.30,0,0
618.840,-7.286437,112.796025,1.36,1.546,-0.054,-0.25,-0.19,165.59,165.59,0.00,0.32,0,0.0,0.00,0.00,0.97,12.02,-0.97,-2.86,3959,0,11.76,12.39,0,0
618.940,-7.286438,112.796025,1.35,1.405,0.036,-0.37,-0.37,165.99,165.99,0.00,0.24,0,0.0,-0.01,0.03,0.97,9.39,-1.64,-2.80,3959,0,11.73,12.39,0,0
619.040,-7.286439,112.796026,1.41,1.386,-0.226,-0.37,-0.55,166.42,166.42,0.00,0.24,0,0.0,0.00,0.07,1.00,2.80,-0.67,-3.05,3959,0,11.62,12.37,0,0
619.140,-7.286440,112.796026,1.43,1.294,-0.089,-0.25,-0.25,166.84,166.84,0.00,0.24,0,0.0,0.00,0.04,1.01,-7.08,0.67,-2.68,3959,0,11.47,12.29,0,0
619.240,-7.286442,112.796026,1.44,1.556,0.079,-0.13,-0.25,167.21,167.21,0.00,0.32,0,0.0,0.00,0.01,1.00,-13.00,1.70,-2.19,3959,0,11.74,12.36,0,0
619.340,-7.286443,112.796027,1.44,1.486,-0.202,-0.37,-0.55,167.53,167.53,0.00,0.24,0,0.0,0.00,0.00,0.98,-10.07,0.91,-2.31,3959,0,11.67,12.37,0,0
619.440,-7.286444,112.796027,1.49,1.366,-0.075,-0.13,-0.43,167.79,167.79,0.00,0.48,0,0.0,0.00,-0.03,0.96,-2.38,-0.24,-1.89,3959,0,11.73,12.32,0,0
619.540,-7.286445,112.796027,1.47,1.282,0.012,0.10,-0.25,168.04,168.04,0.00,12.66,0,0.0,0.00,-0.02,0.97,4.51,-1.77,-1.70,3959,0,11.77,12.37,0,0
619.640,-7.286447,112.796028,1.47,1.618,-0.183,13.01,14.11,168.26,168.26,0.00,13.46,0,0.0,0.00,0.01,1.01,7.32,-1.03,-1.70,3959,0,11.78,12.08,0,0
619.740,-7.286448,112.796028,1.51,1.459,-0.069,12.77,12.98,168.59,168.59,0.00,0.32,0,0.0,0.00,0.02,1.02,0.36,0.67,-3.11,3959,0,11.73,12.30,0,0
619.840,-7.286449,112.796029,1.50,1.411,-0.318,7.53,5.86,169.06,169.06,0.00,0.40,0,0.0,0.00,0.00,1.00,-6.89,1.22,-4.27,3959,0,11.76,12.36,0,0
619.940,-7.286451,112.796029,1.47,1.642,-0.109,0.04,-0.31,169.53,169.53,0.00,0.48,0,0.0,0.00,-0.01,0.96,-2.99,1.03,-3.84,3959,0,11.61,12.36,0,0
620.040,-7.286452,112.796029,1.48,1.477,-0.026,-0.13,-0.19,169.92,169.92,0.00,0.24,0,0.0,0.00,-0.02,0.97,2.19,-0.30,-2.99,3959,0,11.80,12.36,0,0
620.140,-7.286453,112.796029,1.53,1.363,0.032,-0.25,0.09,170.26,170.26,0.00,0.24,0,0.0,0.00,-0.01,0.96,4.94,-1.03,-2.31,3959,0,11.68,12.36,0,0
620.240,-7.286455,112.796030,1.54,1.666,-0.200,-0.07,-0.49,170.57,170.57,0.00,0.48,0,0.0,0.00,0.01,0.99,6.16,-1.46,-2.38,3959,0,11.68,12.37,0,0
620.340,-7.286456,112.796030,1.54,1.495,-0.094,-0.25,-0.37,170.89,170.89,0.00,9.51,0,0.0,0.00,0.01,1.03,3.23,0.00,-2.19,3959,0,11.72,12.25,0,0
620.440,-7.286457,112.796030,1.49,1.376,-0.020,7.89,9.36,171.18,171.18,0.00,0.56,0,0.0,0.00,0.02,1.00,-3.90,2.38,-1.83,4019,0,11.74,12.02,0,0
620.540,-7.286459,112.796030,1.52,1.623,0.079,3.90,3.42,171.50,171.50,0.00,0.40,0,0.0,0.00,0.01,0.97,-8.66,1.95,-2.56,3959,0,11.77,12.42,0,0
620.640,-7.286460,112.796031,1.45,1.514,-0.231,-0.07,-0.19,171.81,171.81,0.00,0.24,0,0.0,-0.01,-0.02,0.91,-6.28,-0.85,-2.19,3959,0,11.66,12.32,0,0
620.740,-7.286461,112.796031,1.56,1.389,-0.121,-0.55,-0.13,172.10,172.10,0.00,0.32,0,0.0,0.00,-0.03,0.96,-0.54,-3.84,-2.31,3959,0,11.58,12.32,0,0
620.840,-7.286463,112.796031,1.53,1.633,0.001,-0.49,-0.01,172.33,172.33,0.00,0.32,0,0.0,0.02,-0.01,1.07,4.88,-0.36,-1.64,3959,0,11.74,12.35,0,0
620.940,-7.286464,112.796031,1.53,1.474,0.040,-0.31,-0.01,172.52,172.52,0.00,0.24,0,0.0,0.00,0.00,1.05,5.92,3.84,-0.91,4019,0,11.68,12.31,0,0
621.040,-7.286465,112.796031,1.52,1.363,0.067,-0.31,-0.13,172.69,172.69,0.00,0.16,0,0.0,-0.01,0.00,0.93,4.88,2.80,-0.73,3959,0,11.67,12.29,0,0
621.140,-7.286467,112.796031,1.60,1.616,0.126,-0.49,-0.31,172.89,172.89,0.00,-6.77,0,0.0,-0.01,0.03,0.89,2.62,-3.29,-1.40,3959,0,11.68,12.39,0,0
621.240,-7.286468,112.796031,1.46,1.463,0.125,-4.65,-5.36,173.08,173.08,0.00,-21.12,0,0.0,0.01,0.00,1.02,-3.72,-3.66,-0.42,3959,0,11.80,12.36,0,0
621.340,-7.286469,112.796031,1.55,1.355,0.126,-15.48,-17.30,173.15,173.15,0.00,-31.53,0,0.0,0.01,-0.01,1.06,-2.86,1.15,1.46,3959,0,11.64,12.30,0,0
621.440,-7.286471,112.796032,1.58,1.651,-0.156,-26.61,-24.78,172.97,172.97,0.00,-22.01,0,0.0,0.00,-0.04,0.99,7.87,2.80,4.08,3900,0,11.62,11.85,0,0
621.540,-7.286472,112.796032,1.57,1.487,-0.058,-22.27,-26.92,172.57,172.57,0.00,0.32,0,0.0,0.00,0.00,0.92,11.84,-0.67,5.85,3959,0,11.61,12.29,0,0
621.640,-7.286474,112.796032,1.57,1.702,0.060,-9.30,-9.64,172.11,172.11,0.00,0.24,0,0.0,0.00,0.04,0.96,6.04,-1.95,6.53,3900,0,11.68,12.35,0,0
621.740,-7.286474,112.796032,1.57,1.191,0.051,-0.31,-0.49,171.65,171.65,0.00,0.40,0,0.0,0.01,0.05,1.05,-9.82,0.18,5.67,3959,0,11.82,12.35,0,0
621.840,-7.286477,112.796032,1.60,1.823,0.195,-0.55,-0.31,171.22,171.22,0.00,0.24,0,0.0,0.00,0.00,1.00,-22.58,3.60,5.24,3959,0,11.81,12.32,0,0
621.940,-7.286478,112.796032,1.59,1.604,0.199,-0.79,-0.49,170.82,170.82,0.00,0.40,0,0.0,0.00,-0.04,0.97,-16.60,1.03,4.33,3900,0,11.74,12.36,0,0
622.040,-7.286480,112.796032,1.59,1.780,0.258,-0.67,-0.55,170.41,170.41,0.00,0.40,0,0.0,0.00,-0.10,0.99,-8.78,-0.30,4.57,3959,0,11.82,12.37,0,0
622.140,-7.286481,112.796032,1.56,1.573,0.250,-0.13,-0.96,169.92,169.92,0.00,0.32,0,0.0,0.00,-0.07,0.93,4.15,-1.64,4.76,3900,0,11.73,12.29,0,0
622.240,-7.286482,112.796032,1.49,1.428,0.244,-0.13,-0.67,169.50,169.50,0.00,0.40,0,0.0,0.01,-0.04,1.04,16.84,-0.67,3.72,3959,0,11.62,12.36,0,0
622.340,-7.286484,112.796033,1.65,1.716,-0.021,-0.31,-0.49,169.10,169.10,0.00,11.53,0,0.0,0.00,-0.02,1.00,10.37,1.15,4.63,3959,0,11.60,12.31,0,0
622.440,-7.286485,112.796033,1.52,1.528,0.057,9.56,10.55,168.77,168.77,0.00,20.48,0,0.0,0.00,0.01,0.96,6.22,-0.06,3.29,3959,0,11.78,12.32,0,0
622.540,-7.286486,112.796033,1.62,1.397,0.109,19.43,18.51,168.62,168.62,0.00,1.85,0,0.0,0.00,0.05,0.99,-10.62,0.12,1.34,3959,0,11.73,12.36,0,0
622.640,-7.286488,112.796033,1.49,1.632,0.206,11.28,11.08,168.66,168.66,0.00,0.24,0,0.0,0.00,0.00,0.96,-25.63,-0.61,-1.09,3959,0,11.64,12.29,0,0
622.740,-7.286488,112.796033,1.49,1.143,0.142,1.94,-0.13,168.79,168.79,0.00,0.32,0,0.0,0.00,-0.11,1.04,-12.69,1.22,-0.36,3959,0,11.61,12.35,0,0
622.840,-7.286491,112.796033,1.66,1.781,0.295,0.10,-0.49,168.77,168.77,0.00,0.32,0,0.0,-0.01,-0.09,0.97,4.57,0.79,0.00,3959,0,11.68,12.36,0,0
622.940,-7.286492,112.796034,1.48,1.639,-0.052,-0.07,-0.49,168.73,168.73,0.00,0.24,0,0.0,0.00,-0.09,0.99,22.39,-0.85,0.36,3959,0,11.73,12.37,0,0
623.040,-7.286493,112.796034,1.61,1.474,0.030,-0.31,-0.37,168.68,168.68,0.00,0.32,0,0.0,0.00,0.00,0.98,22.15,-0.79,1.15,3959,0,11.61,12.35,0,0
623.140,-7.286494,112.796034,1.43,1.359,0.086,-0.13,-0.25,168.69,168.69,0.00,0.32,0,0.0,0.00,0.02,1.00,13.48,-0.54,0.67,3959,0,11.64,12.35,0,0
623.240,-7.286496,112.796035,1.55,1.670,-0.135,-0.13,-0.31,168.74,168.74,0.00,0.24,0,0.0,0.00,0.07,0.98,-3.90,0.18,0.67,3959,0,11.70,12.32,0,0
623.340,-7.286497,112.796035,1.58,1.496,-0.031,0.16,-0.19,168.79,168.79,0.00,0.32,0,0.0,0.00,0.00,0.99,-17.21,0.30,0.85,3959,0,11.76,12.36,0,0
623.440,-7.286499,112.796035,1.58,1.702,0.107,-0.07,-0.13,168.82,168.82,0.00,0.48,0,0.0,0.00,-0.02,1.00,-17.94,-0.36,0.61,3959,0,11.54,12.36,0,0
623.540,-7.286500,112.796036,1.58,1.583,-0.183,-0.19,-0.31,168.76,168.76,0.00,0.24,0,0.0,0.00,-0.06,1.01,-10.49,0.18,1.09,3959,0,11.74,12.37,0,0
623.640,-7.286501,112.796036,1.59,1.435,-0.061,-0.19,0.09,168.66,168.66,0.00,0.32,0,0.0,0.00,-0.07,0.97,2.68,0.42,1.34,3959,0,11.85,12.36,0,0
623.740,-7.286501,112.796036,1.59,1.005,-0.040,-0.07,-0.37,168.53,168.53,0.00,0.64,0,0.0,0.00,-0.06,1.00,11.90,-0.30,1.58,3959,0,11.72,12.39,0,0
623.840,-7.286504,112.796036,1.54,1.684,0.174,0.10,-0.07,168.42,168.42,0.00,19.67,0,0.0,0.00,-0.01,0.98,15.38,-0.79,1.40,3959,0,11.69,12.31,0,0
623.940,-7.286506,112.796036,1.57,1.832,0.259,12.11,12.03,168.33,168.33,0.00,11.85,0,0.0,0.00,0.02,1.00,6.53,0.30,1.77,3959,0,11.76,12.14,0,0
624.040,-7.286507,112.796037,1.58,1.676,-0.078,14.73,13.52,168.40,168.40,0.00,0.40,0,0.0,0.00,0.03,1.00,-9.09,0.48,-1.09,3959,0,11.68,12.25,0,0
624.140,-7.286508,112.796037,1.60,1.500,0.007,5.93,6.27,168.61,168.61,0.00,0.32,0,0.0,0.00,-0.01,0.97,-18.31,0.18,-1.58,4019,0,11.68,12.29,0,0
624.240,-7.286510,112.796037,1.61,1.704,0.132,-0.25,0.04,168.79,168.79,0.00,0.32,0,0.0,0.00,-0.08,1.00,-10.00,0.00,-0.67,3959,0,11.62,12.36,0,0
624.340,-7.286511,112.796038,1.63,1.584,-0.169,-0.43,-0.37,168.84,168.84,0.00,12.50,0,0.0,0.00,-0.07,0.98,5.00,0.30,-0.54,3959,0,11.77,12.36,0,0
624.440,-7.286513,112.796038,1.59,1.764,0.010,10.75,9.96,168.85,168.85,0.00,28.54,0,0.0,0.00,-0.03,0.99,12.81,-0.36,0.06,3959,0,11.61,12.35,0,0
624.540,-7.286514,112.796038,1.58,1.562,0.068,18.84,23.74,168.98,168.98,0.00,11.69,0,0.0,0.00,0.01,0.98,7.87,-0.30,-1.89,3959,0,11.59,12.30,0,0
624.640,-7.286516,112.796038,1.62,1.749,0.163,25.98,20.65,169.38,169.38,0.00,0.40,0,0.0,0.00,0.03,0.99,-6.89,0.06,-4.82,4019,0,11.66,12.12,0,0
624.740,-7.286516,112.796038,1.62,1.226,0.102,6.46,6.51,169.96,169.96,0.00,0.32,0,0.0,0.00,-0.04,1.01,-10.00,0.30,-5.31,3959,0,11.62,11.98,0,0
624.840,-7.286518,112.796039,1.62,1.571,-0.151,-0.13,-0.19,170.43,170.43,0.00,0.24,0,0.0,0.00,-0.06,0.98,0.73,0.30,-3.72,3959,0,11.81,12.36,0,0
624.940,-7.286520,112.796039,1.50,1.758,-0.006,-0.19,-0.37,170.78,170.78,0.00,6.85,0,0.0,0.00,-0.05,0.99,9.76,-0.18,-2.62,3959,0,11.59,12.36,0,0
625.040,-7.286521,112.796040,1.66,1.611,-0.285,5.87,7.58,171.06,171.06,0.00,16.61,0,0.0,0.00,0.01,0.98,15.01,-0.67,-2.07,3959,0,11.60,12.22,0,0
625.140,-7.286523,112.796040,1.53,1.786,-0.106,15.98,16.73,171.39,171.39,0.00,17.74,0,0.0,0.00,0.04,0.98,4.94,-0.12,-2.99,3959,0,11.74,12.18,0,0
625.240,-7.286524,112.796040,1.56,1.580,-0.038,16.93,16.73,171.89,171.89,0.00,0.72,0,0.0,0.00,0.04,1.00,-9.76,0.30,-5.06,3959,0,11.56,12.35,0,0
625.340,-7.286525,112.796040,1.59,1.436,0.005,8.13,9.30,172.52,172.52,0.00,0.24,0,0.0,0.00,0.00,0.99,-19.22,-0.12,-6.04,3959,0,11.73,12.62,0,0
625.440,-7.286527,112.796040,1.62,1.668,0.073,1.05,0.63,173.11,173.11,0.00,0.40,0,0.0,0.00,-0.07,0.98,-8.48,0.30,-4.63,3959,0,11.79,12.32,0,0
625.540,-7.286528,112.796040,1.56,1.499,0.080,-0.07,-0.31,173.54,173.54,0.00,0.32,0,0.0,0.00,-0.06,1.00,8.72,-0.18,-3.60,3959,0,11.80,12.36,0,0
625.640,-7.286530,112.796041,1.58,1.748,-0.208,0.10,-0.37,173.88,173.88,0.00,0.40,0,0.0,0.00,-0.03,0.98,18.24,-0.18,-2.56,3959,0,11.72,12.49,0,0
625.740,-7.286530,112.796041,1.58,1.223,-0.152,-0.13,-0.43,174.19,174.19,0.00,0.32,0,0.0,0.00,0.02,0.99,17.51,-0.61,-2.31,3959,0,11.78,12.39,0,0
625.840,-7.286533,112.796041,1.63,1.852,-0.016,-0.19,-0.37,174.51,174.51,0.00,0.48,0,0.0,0.00,0.05,0.98,6.40,-0.48,-1.89,3959,0,11.79,12.34,0,0
625.940,-7.286534,112.796041,1.59,1.628,0.012,0.04,-0.31,174.81,174.81,0.00,3.14,0,0.0,0.00,0.05,0.98,-7.62,-0.24,-1.64,3959,0,11.61,12.36,0,0
626.040,-7.286535,112.796041,1.65,1.472,0.032,5.75,1.64,175.08,175.08,0.00,11.45,0,0.0,0.00,0.01,0.99,-15.93,0.30,-1.22,3959,0,11.79,12.81,0,0
626.140,-7.286537,112.796041,1.50,1.696,0.072,11.64,10.91,175.33,175.33,0.00,-3.95,0,0.0,0.00,0.00,0.99,-17.15,0.24,-1.95,3959,0,11.80,12.29,0,0
626.240,-7.286538,112.796041,1.57,1.520,0.070,2.42,1.82,175.62,175.62,0.00,0.32,0,0.0,0.00,-0.06,0.99,-11.96,0.30,-2.56,3959,0,11.72,12.29,0,0
626.340,-7.286540,112.796041,1.58,1.729,0.093,-0.97,-0.79,175.85,175.85,0.00,0.32,0,0.0,0.00,-0.08,0.98,3.78,-0.06,-1.64,3959,0,11.78,12.30,0,0
626.440,-7.286541,112.796041,1.65,1.544,0.085,1.11,0.63,175.99,175.99,0.00,0.40,0,0.0,0.00,-0.03,0.98,18.55,-0.18,-0.85,3959,0,11.72,12.37,0,0
626.540,-7.286542,112.796042,1.53,1.436,-0.250,0.39,0.75,176.13,176.13,0.00,0.40,0,0.0,0.00,0.00,0.98,17.70,-0.97,-0.91,3959,0,11.74,12.17,0,0
626.640,-7.286544,112.796042,1.55,1.670,-0.136,0.10,0.81,176.33,176.33,0.00,0.40,0,0.0,0.00,0.04,0.99,8.36,0.00,-0.91,3900,0,11.64,12.36,0,0
626.740,-7.286544,112.796042,1.55,1.169,-0.100,0.45,0.27,176.55,176.55,0.00,0.24,0,0.0,0.00,0.05,0.99,-5.06,-0.36,-1.03,3959,0,11.69,12.33,0,0
626.840,-7.286546,112.796042,1.47,1.484,-0.035,0.27,0.45,176.77,176.77,0.00,0.48,0,0.0,0.00,0.01,0.99,-15.19,0.48,-0.91,3959,0,11.68,12.30,0,0
626.940,-7.286548,112.796042,1.53,1.705,0.007,0.57,0.39,176.95,176.95,0.00,0.40,0,0.0,0.00,-0.01,1.01,-13.97,0.12,-0.91,3959,0,11.62,12.35,0,0
627.040,-7.286549,112.796042,1.56,1.527,0.020,2.89,2.83,177.07,177.07,0.00,0.48,0,0.0,0.00,-0.04,0.99,-6.83,0.42,-0.42,3959,0,11.67,12.19,0,0
627.140,-7.286551,112.796042,1.54,1.735,0.046,-0.01,0.21,177.14,177.14,0.00,0.64,0,0.0,0.00,-0.06,0.97,4.08,0.00,-0.06,3900,0,11.75,12.33,0,0
627.240,-7.286552,112.796042,1.56,1.548,0.047,0.27,0.27,177.19,177.19,0.00,0.24,0,0.0,0.00,-0.02,1.00,10.74,-0.48,0.12,3959,0,11.56,12.35,0,0
627.340,-7.286553,112.796043,1.43,1.432,-0.282,0.16,0.21,177.25,177.25,0.00,0.40,0,0.0,0.00,0.00,0.99,11.47,-0.36,0.00,3959,0,11.58,12.36,0,0
627.440,-7.286554,112.796043,1.37,1.336,-0.184,-0.43,0.04,177.34,177.34,0.00,0.32,0,0.0,0.00,0.01,0.99,4.82,0.24,0.18,3959,0,11.62,12.32,0,0
627.540,-7.286556,112.796043,1.50,1.601,-0.101,0.16,0.04,177.44,177.44,0.00,0.32,0,0.0,0.00,0.02,1.00,-3.05,0.30,0.00,3959,0,11.76,12.29,0,0
627.640,-7.286557,112.796043,1.50,1.454,-0.058,-0.13,0.33,177.53,177.53,0.00,0.32,0,0.0,0.00,0.00,0.97,-9.46,0.00,0.12,4019,0,11.61,12.32,0,0
627.740,-7.286557,112.796043,1.50,1.018,-0.042,0.04,-0.19,177.60,177.60,0.00,0.32,0,0.0,0.00,-0.01,0.98,-9.33,0.18,0.30,3959,0,11.76,12.36,0,0
627.840,-7.286560,112.796043,1.57,1.712,0.012,0.04,-0.19,177.63,177.63,0.00,0.24,0,0.0,0.00,-0.03,1.00,-4.08,-0.12,0.12,3959,0,11.60,12.31,0,0
627.940,-7.286561,112.796043,1.52,1.532,0.022,0.04,0.21,177.63,177.63,0.00,0.24,0,0.0,0.00,-0.03,0.98,1.70,-0.18,0.54,3959,0,11.66,12.30,0,0
628.040,-7.286563,112.796043,1.57,1.739,0.043,0.16,-0.13,177.62,177.62,0.00,-0.08,0,0.0,0.00,-0.03,0.99,5.73,0.18,0.48,3959,0,11.64,12.35,0,0
628.140,-7.286564,112.796043,1.51,1.551,0.044,-0.61,-0.43,177.63,177.63,0.00,-14.43,0,0.0,0.00,0.00,0.99,7.99,0.00,0.48,4019,0,11.80,12.36,0,0
628.240,-7.286565,112.796043,1.59,1.419,0.044,-9.71,-9.64,177.64,177.64,0.00,0.40,0,0.0,0.00,0.00,1.00,5.18,-0.18,0.79,3959,0,11.68,12.42,0,0
628.340,-7.286567,112.796043,1.57,1.660,0.061,-5.49,-6.43,177.57,177.57,0.00,0.24,0,0.0,0.00,0.00,0.98,5.43,0.36,2.56,3959,0,11.76,12.32,0,0
628.440,-7.286568,112.796043,1.51,1.495,0.061,-0.49,-0.67,177.39,177.39,0.00,0.24,0,0.0,0.00,0.03,0.98,-1.15,0.30,2.86,3959,0,11.69,12.32,0,0
628.540,-7.286570,112.796043,1.58,1.713,0.078,-0.67,-0.55,177.23,177.23,0.00,0.32,0,0.0,0.00,0.01,0.99,-8.97,-0.12,2.50,3959,0,11.75,12.32,0,0
628.640,-7.286571,112.796043,1.55,1.532,0.075,-0.31,-0.73,177.07,177.07,0.00,0.32,0,0.0,0.00,-0.01,0.97,-10.62,0.67,2.86,3959,0,11.71,12.32,0,0
628.740,-7.286571,112.796043,1.55,1.072,0.056,-0.49,-0.55,176.86,176.86,0.00,0.48,0,0.0,0.00,-0.03,1.00,-6.83,0.12,2.80,3959,0,11.68,12.36,0,0
628.840,-7.286573,112.796043,1.38,1.416,0.082,-0.31,-0.49,176.61,176.61,0.00,-7.58,0,0.0,0.00,-0.05,0.99,-0.12,0.00,2.99,3959,0,11.80,12.37,0,0
628.940,-7.286575,112.796043,1.62,1.657,0.105,-5.19,-4.59,176.34,176.34,0.00,0.40,0,0.0,0.00,-0.05,0.97,6.28,0.12,3.60,3959,0,11.62,12.19,0,0
629.040,-7.286576,112.796043,1.57,1.492,0.103,-1.56,-2.75,176.02,176.02,0.00,0.40,0,0.0,0.00,-0.02,1.00,11.96,-0.73,3.90,3959,0,11.79,12.26,0,0
629.140,-7.286578,112.796043,1.47,1.709,0.129,-0.43,-0.61,175.68,175.68,0.00,0.24,0,0.0,0.00,0.01,0.99,7.26,0.00,4.33,3959,0,11.80,12.35,0,0
629.240,-7.286579,112.796043,1.63,1.529,0.123,-0.73,-0.55,175.38,175.38,0.00,0.40,0,0.0,0.00,0.02,0.98,-2.31,0.12,3.66,3959,0,11.73,12.51,0,0
629.340,-7.286580,112.796043,1.56,1.402,0.120,-0.25,-0.73,175.11,175.11,0.00,0.32,0,0.0,0.00,0.00,0.99,-9.94,0.30,3.66,3959,0,11.68,12.31,0,0
629.440,-7.286582,112.796043,1.49,1.645,0.149,-0.43,-0.49,174.83,174.83,0.00,0.24,0,0.0,0.00,-0.03,0.99,-11.84,0.42,3.66,3959,0,11.64,12.30,0,0
629.540,-7.286583,112.796043,1.56,1.483,0.142,-0.19,-0.61,174.52,174.52,0.00,3.54,0,0.0,0.00,-0.05,0.99,-6.22,0.12,3.54,3959,0,11.68,12.28,0,0
629.640,-7.286585,112.796043,1.49,1.701,0.173,5.21,4.19,174.19,174.19,0.00,16.53,0,0.0,0.00,-0.05,0.97,1.15,-0.18,3.41,3900,0,11.83,12.12,0,0
629.740,-7.286586,112.796043,1.54,1.522,0.163,14.85,14.23,173.89,173.89,0.00,0.88,0,0.0,0.00,-0.03,0.99,4.15,-0.30,2.86,3959,0,11.81,12.12,0,0
629.840,-7.286587,112.796043,1.54,1.397,0.153,8.66,4.43,173.74,173.74,0.00,0.32,0,0.0,0.00,-0.02,1.00,-0.91,0.00,1.15,3959,0,11.79,12.30,0,0
629.940,-7.286589,112.796043,1.58,1.641,0.182,0.33,0.57,173.68,173.68,0.00,0.40,0,0.0,0.00,-0.04,1.00,1.52,-0.12,1.09,3959,0,11.74,12.30,0,0
630.040,-7.286590,112.796043,1.54,1.480,0.167,-0.31,-0.43,173.57,173.57,0.00,0.40,0,0.0,0.00,-0.04,0.99,4.51,0.24,1.77,3959,0,11.76,12.36,0,0
630.140,-7.286591,112.796044,1.45,1.405,-0.172,-0.01,-0.43,173.44,173.44,0.00,12.74,0,0.0,0.00,-0.02,0.98,6.16,0.42,2.13,3900,0,11.76,12.37,0,0
630.240,-7.286593,112.796044,1.51,1.646,-0.040,8.72,9.42,173.29,173.29,0.00,11.04,0,0.0,0.00,0.00,0.98,2.68,-0.54,2.01,3959,0,11.82,12.25,0,0
630.340,-7.286594,112.796044,1.52,1.484,0.013,10.63,10.49,173.23,173.23,0.00,0.32,0,0.0,0.00,0.00,0.99,-6.59,0.18,0.79,3959,0,11.73,12.32,0,0
630.440,-7.286596,112.796044,1.61,1.701,0.086,5.75,5.38,173.28,173.28,0.00,0.32,0,0.0,0.00,-0.03,1.00,-10.80,0.00,-0.30,3959,0,11.57,12.26,0,0
630.540,-7.286597,112.796044,1.48,1.522,0.099,-0.13,-0.49,173.30,173.30,0.00,0.32,0,0.0,0.00,-0.05,0.99,-4.27,0.18,0.48,3959,0,11.62,12.35,0,0
630.640,-7.286598,112.796044,1.50,1.397,0.110,-0.49,-0.19,173.23,173.23,0.00,2.58,0,0.0,0.00,-0.06,0.97,4.51,0.18,1.52,3959,0,11.72,12.37,0,0
630.740,-7.286600,112.796044,1.67,1.640,0.159,2.06,2.35,173.12,173.12,0.00,12.90,0,0.0,0.00,-0.03,1.00,11.23,-0.30,1.40,3959,0,11.56,12.29,0,0
630.840,-7.286601,112.796044,1.56,1.479,0.154,11.64,10.91,173.02,173.02,0.00,0.64,0,0.0,0.00,0.01,0.98,7.69,-0.36,1.15,3959,0,11.81,12.29,0,0
630.940,-7.286603,112.796044,1.63,1.698,0.187,5.63,3.96,173.06,173.06,0.00,0.24,0,0.0,0.00,0.01,0.98,-3.35,0.12,0.06,3959,0,11.65,12.24,0,0
631.040,-7.286604,112.796044,1.60,1.520,0.170,-0.13,-0.49,173.13,173.13,0.00,0.40,0,0.0,0.00,-0.02,1.01,-7.62,-0.12,0.12,3959,0,11.74,12.37,0,0
631.140,-7.286606,112.796044,1.62,1.726,0.198,-0.43,-0.31,173.16,173.16,0.00,0.32,0,0.0,0.00,-0.02,0.98,-4.02,0.00,0.79,4019,0,11.61,12.32,0,0
631.240,-7.286607,112.796045,1.61,1.579,-0.149,-0.31,-0.49,173.12,173.12,0.00,0.32,0,0.0,0.00,-0.03,0.98,-0.12,0.00,1.28,3959,0,11.81,12.37,0,0
631.340,-7.286609,112.796045,1.61,1.768,-0.022,-0.55,-0.25,173.05,173.05,0.00,0.48,0,0.0,0.00,-0.04,0.99,3.47,0.06,1.03,3959,0,11.68,12.36,0,0
631.440,-7.286610,112.796045,1.48,1.569,0.027,-0.55,-0.31,172.97,172.97,0.00,10.64,0,0.0,0.00,-0.01,0.99,4.57,-0.36,1.34,3959,0,11.77,12.37,0,0
631.540,-7.286611,112.796045,1.61,1.429,0.061,5.69,7.82,172.90,172.90,0.00,12.74,0,0.0,0.00,0.00,0.99,3.47,0.42,1.34,3959,0,11.57,12.31,0,0
631.640,-7.286613,112.796045,1.52,1.662,0.125,12.29,12.69,172.90,172.90,0.00,0.40,0,0.0,0.00,0.00,0.98,-4.39,0.67,0.06,4019,0,11.83,12.26,0,0
631.740,-7.286614,112.796045,1.59,1.495,0.125,2.95,3.90,173.04,173.04,0.00,0.32,0,0.0,0.00,0.00,0.99,-10.98,-0.18,-1.34,3959,0,11.80,12.30,0,0
631.840,-7.286615,112.796045,1.56,1.378,0.125,-0.19,-0.31,173.17,173.17,0.00,0.24,0,0.0,0.00,-0.05,0.98,-5.37,0.48,-0.18,3959,0,11.64,12.31,0,0
631.940,-7.286617,112.796045,1.66,1.627,0.165,-0.37,-0.61,173.22,173.22,0.00,1.12,0,0.0,0.00,-0.05,1.00,4.69,-0.54,0.00,3959,0,11.78,12.36,0,0
632.040,-7.286618,112.796046,1.56,1.509,-0.173,0.57,-0.07,173.22,173.22,0.00,0.72,0,0.0,0.00,-0.02,1.00,10.62,-0.85,0.18,3959,0,11.78,12.25,0,0
632.140,-7.286620,112.796046,1.52,1.719,-0.043,0.10,-0.25,173.23,173.23,0.00,0.88,0,0.0,0.00,0.00,0.98,9.76,0.06,0.48,3959,0,11.63,12.31,0,0
632.240,-7.286621,112.796046,1.69,1.535,0.008,-0.01,-0.07,173.27,173.27,0.00,16.61,0,0.0,0.00,0.01,1.00,2.68,0.00,0.54,3959,0,11.76,12.35,0,0
632.340,-7.286623,112.796046,1.50,1.737,0.082,11.94,11.80,173.32,173.32,0.00,11.45,0,0.0,0.00,0.02,0.98,-4.57,-0.06,0.06,3959,0,11.76,12.00,0,0
632.440,-7.286624,112.796046,1.54,1.547,0.092,13.60,14.23,173.47,173.47,0.00,0.40,0,0.0,0.00,0.01,0.98,-16.41,0.54,-1.46,3959,0,11.73,12.53,0,0
632.540,-7.286625,112.796047,1.50,1.451,-0.233,4.92,5.08,173.73,173.73,0.00,0.32,0,0.0,0.00,-0.05,1.01,-15.56,0.54,-2.44,3959,0,11.88,12.15,0,0
632.640,-7.286626,112.796047,1.47,1.347,-0.131,0.21,0.04,173.93,173.93,0.00,0.32,0,0.0,0.00,-0.07,0.98,-1.09,0.12,-1.46,3959,0,11.75,12.36,0,0
632.740,-7.286628,112.796047,1.50,1.606,-0.024,0.33,-0.07,174.03,174.03,0.00,0.48,0,0.0,0.00,-0.06,0.99,13.91,0.00,-0.61,3959,0,11.81,12.36,0,0
632.840,-7.286629,112.796047,1.50,1.456,0.016,-0.13,-0.25,174.11,174.11,0.00,0.32,0,0.0,0.00,-0.02,0.99,19.34,-0.42,-0.48,3959,0,11.73,12.36,0,0
632.940,-7.286631,112.796047,1.61,1.683,0.077,0.04,-0.61,174.21,174.21,0.00,0.32,0,0.0,0.00,0.03,0.97,13.00,-0.48,-0.18,3959,0,11.68,12.36,0,0
633.040,-7.286632,112.796047,1.57,1.510,0.084,0.33,-0.25,174.34,174.34,0.00,0.24,0,0.0,0.00,0.04,0.99,0.85,-0.06,0.00,3959,0,11.79,12.36,0,0
633.140,-7.286634,112.796047,1.55,1.721,0.121,0.04,-0.31,174.47,174.47,0.00,0.24,0,0.0,0.00,0.02,1.00,-10.55,0.12,-0.06,3959,0,11.73,12.32,0,0
633.240,-7.286635,112.796047,1.44,1.537,0.114,0.04,-0.19,174.57,174.57,0.00,0.40,0,0.0,0.00,0.00,1.00,-15.19,0.42,0.06,3959,0,11.60,12.36,0,0
633.340,-7.286636,112.796047,1.58,1.408,0.110,-0.25,-0.25,174.62,174.62,0.00,0.40,0,0.0,0.00,-0.03,0.99,-10.92,0.00,0.18,3959,0,11.72,12.31,0,0
633.440,-7.286638,112.796047,1.61,1.650,0.140,-0.07,0.75,174.62,174.62,0.00,0.24,0,0.0,0.00,-0.06,0.98,-1.95,0.36,0.61,3959,0,11.67,12.36,0,0
633.540,-7.286639,112.796047,1.64,1.487,0.130,-0.13,-0.19,174.58,174.58,0.00,-2.50,0,0.0,0.00,-0.03,0.99,9.21,-0.12,0.85,3959,0,11.75,12.35,0,0
633.640,-7.286640,112.796047,1.52,1.373,0.124,-1.80,-1.97,174.53,174.53,0.00,-17.41,0,0.0,0.00,-0.02,0.98,12.02,-0.36,1.03,3959,0,11.79,12.31,0,0
633.740,-7.286642,112.796047,1.57,1.625,0.152,-13.04,-12.43,174.47,174.47,0.00,0.40,0,0.0,0.00,-0.01,1.00,11.29,-0.24,1.77,3959,0,11.80,12.32,0,0
633.840,-7.286643,112.796047,1.48,1.469,0.142,-9.65,-7.50,174.32,174.32,0.00,0.32,0,0.0,0.00,0.00,1.00,10.00,-0.61,3.54,3959,0,11.76,12.31,0,0
633.940,-7.286645,112.796047,1.68,1.692,0.173,-0.37,-0.31,174.06,174.06,0.00,0.32,0,0.0,0.00,0.04,0.99,-1.28,0.18,3.78,4019,0,11.58,12.26,0,0
634.040,-7.286646,112.796047,1.49,1.515,0.161,-0.61,-0.49,173.85,173.85,0.00,0.24,0,0.0,0.00,0.02,1.00,-13.54,0.73,2.99,3959,0,11.75,12.37,0,0
634.140,-7.286648,112.796047,1.67,1.723,0.191,-0.73,-0.61,173.64,173.64,0.00,-5.80,0,0.0,0.00,-0.01,0.98,-18.67,0.73,3.17,3959,0,11.76,12.35,0,0
634.240,-7.286649,112.796048,1.54,1.575,-0.151,-2.51,-2.98,173.39,173.39,0.00,0.32,0,0.0,0.00,-0.06,0.97,-13.12,0.24,3.60,3959,0,11.73,12.30,0,0
634.340,-7.286650,112.796048,1.60,1.434,-0.059,1.40,0.45,173.05,173.05,0.00,0.32,0,0.0,0.00,-0.08,1.00,1.52,-0.48,3.78,3959,0,11.72,12.24,0,0
634.440,-7.286652,112.796048,1.50,1.666,0.050,-0.49,-0.67,172.67,172.67,0.00,0.32,0,0.0,0.00,-0.04,0.98,11.23,-0.06,4.15,4019,0,11.80,12.35,0,0
634.540,-7.286653,112.796048,1.57,1.497,0.087,-0.31,-0.43,172.32,172.32,0.00,0.40,0,0.0,0.00,-0.02,1.00,12.14,-0.18,3.96,3959,0,11.56,12.37,0,0
634.640,-7.286655,112.796049,1.63,1.754,-0.168,-0.43,-0.49,172.01,172.01,0.00,0.32,0,0.0,0.00,0.00,0.99,5.73,0.00,3.72,3959,0,11.81,12.30,0,0
634.740,-7.286656,112.796049,1.57,1.558,-0.064,-0.55,-0.67,171.74,171.74,0.00,0.32,0,0.0,0.00,0.02,0.99,-1.83,0.00,3.54,3959,0,11.63,12.35,0,0
634.840,-7.286658,112.796049,1.64,1.751,0.059,-0.61,-0.37,171.49,171.49,0.00,0.40,0,0.0,0.00,0.00,0.99,-8.72,-0.06,3.29,3959,0,11.78,12.35,0,0
634.940,-7.286659,112.796049,1.52,1.555,0.098,-0.55,-0.49,171.21,171.21,0.00,4.35,0,0.0,0.00,-0.02,0.98,-10.49,0.79,3.54,3959,0,11.73,12.30,0,0
635.040,-7.286660,112.796050,1.65,1.470,-0.200,3.90,3.66,170.91,170.91,0.00,19.59,0,0.0,0.00,-0.04,1.00,-5.12,0.30,3.29,3959,0,11.73,12.30,0,0
635.140,-7.286662,112.796049,1.62,1.634,0.300,16.76,16.37,170.63,170.63,0.00,6.53,0,0.0,0.00,-0.04,0.99,-2.99,0.06,2.68,3959,0,11.60,12.26,0,0
635.240,-7.286663,112.796050,1.50,1.527,-0.059,12.53,11.92,170.51,170.51,0.00,0.32,0,0.0,0.00,-0.03,0.97,-3.96,0.24,0.54,3959,0,11.88,12.07,0,0
635.340,-7.286665,112.796050,1.60,1.727,0.069,2.06,2.17,170.50,170.50,0.00,0.40,0,0.0,0.00,-0.05,0.99,1.89,-0.24,0.06,3959,0,11.68,12.30,0,0
635.440,-7.286666,112.796050,1.46,1.538,0.104,-0.43,-0.37,170.47,170.47,0.00,0.48,0,0.0,0.00,-0.06,1.00,9.52,-0.24,0.91,3959,0,11.81,12.35,0,0
635.540,-7.286667,112.796051,1.66,1.460,-0.197,-0.25,-0.67,170.41,170.41,0.00,4.51,0,0.0,0.00,-0.02,0.98,13.06,-0.06,0.97,3959,0,11.67,12.35,0,0
635.640,-7.286669,112.796051,1.51,1.680,-0.025,3.55,3.96,170.36,170.36,0.00,0.24,0,0.0,0.00,0.01,1.00,7.87,-0.12,1.34,3959,0,11.83,12.13,0,0
635.740,-7.286670,112.796051,1.67,1.505,0.038,2.30,1.58,170.36,170.36,0.00,0.40,0,0.0,0.00,0.01,0.98,-2.74,-0.24,0.67,3959,0,11.62,12.29,0,0
635.840,-7.286671,112.796051,1.62,1.382,0.082,0.04,-0.19,170.38,170.38,0.00,0.32,0,0.0,0.00,0.00,0.98,-8.36,0.48,1.09,3959,0,11.80,12.36,0,0
635.940,-7.286673,112.796051,1.66,1.625,0.169,0.10,-0.07,170.37,170.37,0.00,0.24,0,0.0,0.00,-0.01,0.99,-8.85,-0.06,0.61,3959,0,11.62,12.32,0,0
636.040,-7.286674,112.796051,1.56,1.467,0.176,0.04,-0.19,170.32,170.32,0.00,0.40,0,0.0,0.00,-0.04,1.01,-4.82,0.36,1.15,3959,0,11.76,12.32,0,0
636.140,-7.286676,112.796052,1.68,1.740,-0.089,-0.07,-0.25,170.24,170.24,0.00,0.40,0,0.0,0.00,-0.04,0.99,0.85,0.18,1.09,3959,0,11.73,12.37,0,0
636.240,-7.286677,112.796052,1.61,1.547,-0.003,0.33,-0.07,170.15,170.15,0.00,0.32,0,0.0,0.00,-0.02,0.98,7.14,-0.06,1.22,3959,0,11.73,12.33,0,0
636.340,-7.286679,112.796052,1.54,1.740,0.114,-0.01,-0.25,170.07,170.07,0.00,0.32,0,0.0,0.00,-0.01,0.98,6.65,-0.54,1.40,3959,0,11.75,12.60,0,0
636.440,-7.286680,112.796052,1.53,1.546,0.139,0.04,-0.31,170.01,170.01,0.00,0.40,0,0.0,0.00,0.00,0.98,3.54,0.12,1.34,3959,0,11.73,12.36,0,0
636.540,-7.286681,112.796052,1.55,1.411,0.157,0.27,-0.01,169.96,169.96,0.00,0.56,0,0.0,0.00,0.00,1.00,-1.58,-0.30,1.28,3959,0,11.69,12.35,0,0
636.640,-7.286683,112.796053,1.56,1.702,-0.099,0.04,0.04,169.92,169.92,0.00,0.88,0,0.0,0.00,-0.01,1.00,-5.61,0.06,1.28,3959,0,11.78,12.36,0,0
636.740,-7.286684,112.796053,1.62,1.520,-0.009,0.10,-0.25,169.85,169.85,0.00,0.24,0,0.0,0.00,-0.02,0.97,-4.82,0.67,1.28,4019,0,11.73,12.37,0,0
636.840,-7.286686,112.796053,1.65,1.721,0.114,-0.01,-0.07,169.77,169.77,0.00,0.32,0,0.0,0.00,-0.02,0.99,-3.11,-0.24,1.40,3959,0,11.79,12.32,0,0
636.940,-7.286687,112.796053,1.51,1.532,0.142,0.10,-0.25,169.67,169.67,0.00,0.32,0,0.0,0.00,-0.04,0.99,0.67,0.00,1.64,3959,0,11.56,12.35,0,0
637.040,-7.286689,112.796053,1.67,1.729,0.222,0.16,-0.37,169.56,169.56,0.00,0.40,0,0.0,0.00,-0.03,0.99,3.66,0.54,2.01,3959,0,11.69,12.32,0,0
637.140,-7.286690,112.796054,1.47,1.598,-0.106,-0.01,0.09,169.45,169.45,0.00,0.32,0,0.0,0.00,-0.01,1.00,4.57,-0.30,1.52,3959,0,11.68,12.32,0,0
637.240,-7.286691,112.796054,1.66,1.447,-0.011,0.04,-0.07,169.34,169.34,0.00,0.32,0,0.0,0.00,-0.01,0.97,2.92,0.12,1.77,4019,0,11.86,12.36,0,0
637.340,-7.286693,112.796054,1.59,1.668,0.118,0.10,-0.13,169.26,169.26,0.00,0.32,0,0.0,0.00,0.00,0.98,-0.91,0.06,1.70,3959,0,11.70,12.36,0,0
637.440,-7.286694,112.796054,1.43,1.495,0.147,0.04,0.04,169.17,169.17,0.00,0.24,0,0.0,0.00,-0.01,0.99,-2.68,-0.12,1.40,3959,0,11.78,12.29,0,0
637.540,-7.286696,112.796054,1.56,1.702,0.231,0.10,-0.25,169.09,169.09,0.00,0.32,0,0.0,0.00,-0.02,1.00,-3.78,0.18,1.52,3959,0,11.59,12.31,0,0
637.640,-7.286697,112.796054,1.66,1.518,0.227,0.16,-0.31,168.99,168.99,0.00,0.32,0,0.0,0.00,-0.03,1.00,-2.80,0.12,1.52,3959,0,11.74,12.30,0,0
637.740,-7.286698,112.796055,1.41,1.454,-0.099,0.10,-0.25,168.88,168.88,0.00,0.16,0,0.0,0.00,-0.02,0.98,0.61,0.00,1.70,3959,0,11.67,12.30,0,0
637.840,-7.286700,112.796055,1.62,1.672,0.062,-0.01,-0.19,168.78,168.78,0.00,0.40,0,0.0,0.00,-0.03,0.99,1.58,-0.67,1.70,3959,0,11.66,12.29,0,0
637.940,-7.286701,112.796055,1.41,1.497,0.111,0.04,-0.19,168.68,168.68,0.00,0.24,0,0.0,0.00,-0.02,0.98,3.41,0.00,1.46,3959,0,11.77,12.35,0,0
638.040,-7.286702,112.796056,1.51,1.441,-0.179,0.51,-0.43,168.59,168.59,0.00,0.24,0,0.0,0.00,0.00,1.00,1.58,-0.36,1.58,3959,0,11.80,12.30,0,0
638.140,-7.286703,112.796057,1.50,1.401,-0.382,-0.01,-0.19,168.51,168.51,0.00,0.24,0,0.0,0.00,-0.01,1.00,-0.24,-0.06,1.58,3959,0,11.57,12.30,0,0
638.240,-7.286705,112.796057,1.53,1.635,-0.132,0.04,-0.25,168.42,168.42,0.00,0.32,0,0.0,0.00,-0.01,0.98,-2.01,0.67,1.95,3959,0,11.75,12.31,0,0
638.340,-7.286706,112.796057,1.51,1.471,-0.023,-0.13,-0.25,168.33,168.33,0.00,0.40,0,0.0,0.00,-0.01,0.99,-2.01,-0.06,1.28,3959,0,11.74,12.32,0,0
638.440,-7.286707,112.796058,1.49,1.424,-0.270,0.16,-0.19,168.24,168.24,0.00,0.32,0,0.0,0.00,-0.03,0.98,-1.40,0.00,1.58,3959,0,11.80,12.30,0,0
638.540,-7.286709,112.796058,1.64,1.650,-0.051,0.21,-0.01,168.15,168.15,0.00,9.51,0,0.0,0.00,-0.03,0.98,-0.97,0.00,1.52,3959,0,11.71,12.35,0,0
638.640,-7.286710,112.796058,1.56,1.481,0.035,7.89,7.64,168.06,168.06,0.00,1.93,0,0.0,0.00,-0.01,1.00,0.67,-0.61,1.34,3959,0,11.60,12.25,0,0
638.740,-7.286712,112.796058,1.54,1.690,0.164,4.97,5.92,168.03,168.03,0.00,0.40,0,0.0,0.00,-0.01,0.99,-2.13,0.18,0.54,3959,0,11.73,12.24,0,0
638.840,-7.286713,112.796059,1.64,1.578,-0.140,0.33,0.81,168.04,168.04,0.00,0.32,0,0.0,0.00,-0.03,1.01,0.24,0.67,0.48,3959,0,11.62,12.24,0,0
638.940,-7.286715,112.796059,1.55,1.757,0.040,-0.13,0.21,168.03,168.03,0.00,0.48,0,0.0,0.00,-0.02,1.00,1.64,-0.24,0.61,3959,0,11.60,12.37,0,0
639.040,-7.286716,112.796060,1.52,1.625,-0.225,-0.13,-0.19,167.98,167.98,0.00,5.64,0,0.0,0.00,-0.02,0.97,3.84,0.30,1.34,3959,0,11.69,12.32,0,0
639.140,-7.286717,112.796060,1.50,1.464,-0.087,4.74,4.79,167.93,167.93,0.00,2.41,0,0.0,0.00,0.00,0.99,3.23,-0.18,0.97,3959,0,11.76,12.26,0,0
639.240,-7.286719,112.796060,1.63,1.677,0.080,3.84,4.67,167.90,167.90,0.00,0.40,0,0.0,0.00,0.00,1.00,-1.95,-0.18,0.67,3959,0,11.68,12.36,0,0
639.340,-7.286720,112.796061,1.48,1.570,-0.198,1.29,0.93,167.90,167.90,0.00,0.40,0,0.0,0.00,-0.02,0.99,-4.33,0.18,0.91,3959,0,11.80,12.37,0,0
639.440,-7.286721,112.796061,1.58,1.425,-0.068,-0.07,-0.07,167.87,167.87,0.00,0.40,0,0.0,0.00,-0.03,1.00,-2.86,-0.06,1.22,3959,0,11.80,12.30,0,0
639.540,-7.286723,112.796061,1.66,1.650,0.095,-0.31,-0.31,167.80,167.80,0.00,0.40,0,0.0,0.00,-0.02,0.98,1.09,0.06,1.34,4019,0,11.75,12.36,0,0
639.640,-7.286724,112.796061,1.33,1.481,0.139,-0.31,-0.13,167.71,167.71,0.00,0.24,0,0.0,0.00,-0.02,0.98,2.86,0.00,1.89,3959,0,11.82,12.32,0,0
639.740,-7.286724,112.796061,1.33,1.036,0.099,-0.19,-0.13,167.60,167.60,0.00,0.24,0,0.0,0.00,-0.02,1.00,2.19,-0.18,1.58,3959,0,11.61,12.32,0,0
639.840,-7.286726,112.796062,1.30,1.448,-0.107,-0.07,-0.19,167.47,167.47,0.00,0.24,0,0.0,0.00,0.00,0.99,2.01,0.00,1.89,3959,0,11.79,12.35,0,0
639.940,-7.286727,112.796063,1.31,1.412,-0.322,0.04,-0.13,167.34,167.34,0.00,0.56,0,0.0,0.00,-0.01,1.00,0.00,0.18,2.13,3959,0,11.78,12.25,0,0
640.040,-7.286729,112.796063,1.62,1.639,-0.076,-0.13,-0.25,167.21,167.21,0.00,11.53,0,0.0,0.00,-0.01,0.98,-1.34,0.73,2.25,4019,0,11.82,12.36,0,0
640.140,-7.286730,112.796063,1.31,1.473,0.025,18.66,9.06,167.05,167.05,0.00,0.72,0,0.0,0.00,0.00,0.99,-3.90,-0.36,2.01,3959,0,11.67,12.44,0,0
640.240,-7.286732,112.796064,1.60,1.756,-0.153,3.61,4.19,166.98,166.98,0.00,0.32,0,0.0,0.00,-0.02,0.98,-8.23,0.24,1.22,3959,0,11.78,12.21,0,0
640.340,-7.286733,112.796064,1.49,1.554,-0.031,-0.07,-0.07,166.93,166.93,0.00,0.32,0,0.0,0.00,-0.05,1.00,-4.08,-0.42,0.79,3959,0,11.58,12.32,0,0
640.440,-7.286734,112.796065,1.43,1.488,-0.266,0.04,-0.43,166.84,166.84,0.00,4.11,0,0.0,0.00,-0.05,1.00,3.05,0.00,1.09,3959,0,11.99,12.32,0,0
640.540,-7.286736,112.796064,1.71,1.615,0.291,3.67,3.54,166.71,166.71,0.00,7.41,0,0.0,0.00,-0.03,0.98,7.62,0.36,1.95,3959,0,11.80,12.18,0,0
640.640,-7.286737,112.796065,1.67,1.531,-0.038,6.58,6.63,166.60,166.60,0.00,0.40,0,0.0,0.00,0.00,1.00,6.95,-0.36,1.40,3959,0,11.79,12.24,0,0
640.740,-7.286737,112.796065,1.67,1.072,-0.026,2.36,0.69,166.57,166.57,0.00,0.24,0,0.0,0.00,0.00,0.98,0.61,0.00,0.61,3959,0,11.68,12.30,0,0
640.840,-7.286740,112.796065,1.30,1.724,0.215,-0.19,-0.37,166.55,166.55,0.00,5.88,0,0.0,0.00,-0.02,0.98,-3.54,0.30,1.40,3959,0,11.68,12.37,0,0
640.940,-7.286741,112.796066,1.50,1.608,-0.092,7.24,6.75,166.49,166.49,0.00,-1.20,0,0.0,0.00,-0.01,0.99,-3.90,-0.24,1.09,3959,0,11.77,12.16,0,0
641.040,-7.286743,112.796066,1.64,1.774,0.093,-0.49,0.57,166.43,166.43,0.00,0.40,0,0.0,0.00,-0.03,0.98,-4.21,0.30,1.09,3900,0,11.64,12.26,0,0
641.140,-7.286744,112.796067,1.46,1.644,-0.176,-0.91,-0.85,166.35,166.35,0.00,0.40,0,0.0,0.00,-0.04,0.99,-0.79,-0.30,1.40,3959,0,11.64,12.24,0,0
641.240,-7.286746,112.796067,1.56,1.799,0.038,-0.85,-1.20,166.22,166.22,0.00,0.56,0,0.0,0.00,-0.03,0.99,5.06,-0.06,2.07,3959,0,11.79,12.32,0,0
641.340,-7.286747,112.796068,1.67,1.663,-0.210,0.75,0.99,166.06,166.06,0.00,0.24,0,0.0,0.00,-0.03,0.99,6.10,-0.06,2.38,3959,0,11.85,12.31,0,0
641.440,-7.286748,112.796067,1.49,1.407,0.259,-0.31,-0.43,165.88,165.88,0.00,7.09,0,0.0,0.00,0.00,0.99,3.60,0.18,2.01,3959,0,11.76,12.32,0,0
641.540,-7.286749,112.796068,1.47,1.389,-0.054,6.88,6.27,165.71,165.71,0.00,0.56,0,0.0,0.00,0.00,0.98,-1.89,-0.06,2.44,3900,0,11.72,12.28,0,0
641.640,-7.286751,112.796069,1.49,1.701,-0.190,3.49,2.71,165.59,165.59,0.00,0.24,0,0.0,0.00,0.00,0.99,-8.11,0.12,1.64,3959,0,11.63,12.21,0,0
641.740,-7.286751,112.796069,1.49,1.191,-0.131,0.10,-0.01,165.48,165.48,0.00,0.32,0,0.0,0.00,-0.04,0.99,-6.71,0.42,1.70,3959,0,11.69,12.26,0,0
641.840,-7.286753,112.796069,1.51,1.479,0.079,-0.01,-0.25,165.33,165.33,0.00,0.32,0,0.0,0.00,-0.05,1.01,-2.19,-0.30,2.19,3959,0,11.79,12.36,0,0
641.940,-7.286755,112.796069,1.51,1.680,0.230,-0.13,-0.13,165.13,165.13,0.00,0.32,0,0.0,0.00,-0.04,0.98,4.33,-0.18,2.50,3959,0,11.76,12.37,0,0
642.040,-7.286756,112.796070,1.53,1.584,-0.067,-0.13,-0.07,164.92,164.92,0.00,9.59,0,0.0,0.00,-0.03,0.97,6.83,0.00,2.92,4019,0,11.74,12.32,0,0
642.140,-7.286757,112.796070,1.61,1.431,0.045,7.89,8.17,164.72,164.72,0.00,0.32,0,0.0,0.00,0.00,0.99,5.43,-0.42,2.38,3959,0,11.68,12.32,0,0
642.240,-7.286759,112.796071,1.46,1.732,-0.108,4.08,4.67,164.60,164.60,0.00,0.40,0,0.0,0.00,0.00,0.98,-3.29,0.00,1.77,3959,0,11.88,12.17,0,0
642.340,-7.286760,112.796071,1.37,1.534,0.015,-0.37,-0.25,164.53,164.53,0.00,4.27,0,0.0,0.00,0.00,1.00,-5.24,0.18,1.46,3959,0,11.70,12.36,0,0
642.440,-7.286761,112.796071,1.36,1.395,0.102,4.97,3.84,164.40,164.40,0.00,0.56,0,0.0,0.00,-0.03,0.99,-3.96,0.24,2.13,3959,0,11.68,12.31,0,0
642.540,-7.286762,112.796072,1.37,1.387,-0.154,3.43,1.40,164.26,164.26,0.00,0.24,0,0.0,0.00,-0.04,0.99,-2.25,0.12,1.89,3959,0,11.54,12.30,0,0
642.640,-7.286763,112.796073,1.44,1.383,-0.332,-0.01,0.04,164.12,164.12,0.00,0.64,0,0.0,0.00,-0.02,1.00,2.38,-0.18,1.83,3959,0,11.76,12.35,0,0
642.740,-7.286763,112.796073,1.44,0.969,-0.230,0.16,0.09,163.96,163.96,0.00,7.09,0,0.0,0.00,-0.03,0.97,5.43,0.00,2.31,3959,0,11.81,12.35,0,0
642.840,-7.286765,112.796074,1.33,1.411,-0.291,5.87,7.28,163.80,163.80,0.00,0.24,0,0.0,0.00,0.00,0.99,3.72,-0.24,2.25,3959,0,11.76,12.24,0,0
642.940,-7.286766,112.796074,1.21,1.309,-0.108,2.48,2.35,163.69,163.69,0.00,0.48,0,0.0,0.00,0.00,1.00,-0.42,0.30,1.46,3959,0,11.66,12.26,0,0
643.040,-7.286768,112.796075,1.35,1.650,-0.203,-0.13,-0.07,163.60,163.60,0.00,20.24,0,0.0,0.00,-0.01,0.98,-3.60,0.12,1.83,3900,0,11.61,12.30,0,0
643.140,-7.286769,112.796075,1.55,1.475,-0.045,13.36,11.20,163.49,163.49,0.00,19.83,0,0.0,0.00,-0.02,0.99,-4.08,-0.30,1.83,3959,0,11.78,12.35,0,0
643.240,-7.286770,112.796075,1.41,1.352,0.064,19.91,19.70,163.46,163.46,0.00,3.46,0,0.0,0.00,0.00,0.98,-8.78,0.36,-0.18,3959,0,11.67,12.25,0,0
643.340,-7.286772,112.796076,1.45,1.680,-0.088,9.85,10.55,163.63,163.63,0.00,0.32,0,0.0,0.00,-0.03,1.01,-12.02,-0.06,-2.38,3959,0,11.62,12.29,0,0
643.440,-7.286773,112.796076,1.52,1.496,0.027,1.82,2.23,163.85,163.85,0.00,10.56,0,0.0,0.00,-0.09,0.97,-0.24,0.73,-1.70,3959,0,11.74,12.00,0,0
643.540,-7.286774,112.796077,1.66,1.459,-0.209,8.19,9.12,163.98,163.98,0.00,27.98,0,0.0,0.00,-0.05,0.99,13.85,0.00,-0.97,3959,0,11.79,12.37,0,0
643.640,-7.286775,112.796077,1.44,1.342,-0.059,22.11,23.26,164.15,164.15,0.00,31.45,0,0.0,0.00,0.00,1.00,12.63,-0.73,-2.31,3959,0,11.58,12.31,0,0
643.740,-7.286775,112.796077,1.44,0.939,-0.048,31.75,31.10,164.56,164.56,0.00,31.61,0,0.0,0.00,0.03,0.97,-2.92,-0.24,-5.06,3959,0,11.68,12.26,0,0
643.840,-7.286778,112.796078,1.52,1.709,-0.106,31.10,30.86,165.25,165.25,0.00,11.04,0,0.0,0.01,0.01,1.00,-13.48,-0.12,-7.75,3959,0,11.78,12.38,0,0
643.940,-7.286780,112.796078,1.62,1.843,0.068,22.47,22.67,166.10,166.10,0.00,0.40,0,0.0,0.00,-0.04,1.00,-16.60,0.73,-8.97,3959,0,11.78,12.17,0,0
644.040,-7.286781,112.796079,1.56,1.690,-0.219,6.11,6.57,166.98,166.98,0.00,0.40,0,0.0,0.00,-0.10,0.97,-2.19,0.97,-8.48,3959,0,11.80,12.62,0,0
644.140,-7.286782,112.796079,1.45,1.507,-0.097,-0.19,-0.25,167.68,167.68,0.00,0.32,0,0.0,0.00,-0.08,0.99,20.75,-0.30,-6.28,3959,0,11.48,12.30,0,0
644.240,-7.286784,112.796080,1.64,1.775,-0.266,0.04,-0.37,168.25,168.25,0.00,0.24,0,0.0,0.00,-0.01,0.98,31.25,-0.97,-4.39,3959,0,11.73,12.32,0,0
644.340,-7.286785,112.796080,1.45,1.568,-0.133,0.51,-0.49,168.78,168.78,0.00,0.32,0,0.0,0.00,0.06,0.99,24.16,-1.58,-3.78,3959,0,11.82,12.36,0,0
644.440,-7.286786,112.796081,1.65,1.486,-0.367,-0.07,-0.19,169.32,169.32,0.00,0.24,0,0.0,0.00,0.10,1.00,2.56,-1.22,-3.66,3959,0,11.74,12.30,0,0
644.540,-7.286788,112.796081,1.50,1.694,-0.149,-0.25,-0.19,169.85,169.85,0.00,0.24,0,0.0,0.00,0.08,0.98,-17.94,0.24,-2.99,3959,0,11.71,12.36,0,0
644.640,-7.286789,112.796081,1.52,1.514,-0.057,-0.01,-0.37,170.30,170.30,0.00,0.40,0,0.0,0.00,0.03,0.99,-26.36,0.48,-3.05,3959,0,11.67,12.32,0,0
644.740,-7.286789,112.796081,1.52,1.059,-0.047,0.04,-0.43,170.65,170.65,0.00,0.24,0,0.0,0.00,-0.04,0.97,-20.32,0.30,-2.25,3959,0,11.81,12.35,0,0
644.840,-7.286792,112.796081,1.63,1.730,0.123,0.21,-0.19,170.88,170.88,0.00,0.24,0,0.0,0.00,-0.07,0.98,-4.69,0.00,-1.58,3959,0,11.81,12.35,0,0
644.940,-7.286794,112.796081,1.59,1.870,0.186,0.10,-0.43,171.05,171.05,0.00,0.32,0,0.0,0.00,-0.06,1.00,12.08,-0.36,-1.52,3959,0,11.49,12.24,0,0
645.040,-7.286795,112.796082,1.59,1.690,-0.149,0.45,-0.19,171.20,171.20,0.00,0.32,0,0.0,0.00,-0.01,0.99,19.53,0.06,-0.79,3959,0,11.79,12.32,0,0
645.140,-7.286796,112.796082,1.50,1.512,-0.058,-0.07,-0.37,171.38,171.38,0.00,0.40,0,0.0,0.00,0.02,0.98,15.80,-0.06,-1.09,3959,0,11.68,12.30,0,0
645.240,-7.286798,112.796082,1.51,1.718,0.053,-0.01,-0.85,171.58,171.58,0.00,0.40,0,0.0,0.00,0.06,0.98,3.17,-0.42,-0.79,3959,0,11.80,12.31,0,0
645.340,-7.286799,112.796082,1.54,1.533,0.080,0.10,-0.31,171.83,171.83,0.00,0.40,0,0.0,0.00,0.03,0.99,-9.82,-0.06,-0.97,3959,0,11.63,12.31,0,0
645.440,-7.286801,112.796082,1.60,1.734,0.144,-0.07,-0.43,172.05,172.05,0.00,0.32,0,0.0,0.00,0.00,1.00,-15.80,0.36,-1.34,3959,0,11.78,12.36,0,0
645.540,-7.286802,112.796082,1.58,1.545,0.142,-0.19,-0.55,172.22,172.22,0.00,0.32,0,0.0,0.00,-0.02,0.97,-13.42,0.30,-0.67,4019,0,11.73,12.35,0,0
645.640,-7.286804,112.796082,1.61,1.743,0.187,-0.01,0.04,172.32,172.32,0.00,0.24,0,0.0,0.00,-0.05,0.98,-2.25,0.18,-0.24,3959,0,11.62,12.29,0,0
645.740,-7.286804,112.796082,1.61,1.220,0.130,-0.01,-0.43,172.38,172.38,0.00,0.32,0,0.0,0.00,-0.05,1.00,6.34,-0.48,-0.24,3959,0,11.56,12.30,0,0
645.840,-7.286807,112.796083,1.58,1.890,-0.107,-0.37,-0.25,172.44,172.44,0.00,0.24,0,0.0,0.00,-0.01,1.00,12.75,-0.24,-0.06,3959,0,11.58,12.31,0,0
645.940,-7.286808,112.796083,1.43,1.653,-0.033,-0.13,-0.25,172.51,172.51,0.00,0.40,0,0.0,0.00,0.01,1.00,9.64,-0.06,-0.12,3959,0,11.82,12.30,0,0
646.040,-7.286809,112.796084,1.36,1.531,-0.310,0.45,-0.31,172.61,172.61,0.00,0.24,0,0.0,0.00,0.02,0.98,2.01,0.54,0.12,4019,0,11.64,12.30,0,0
646.140,-7.286810,112.796085,1.44,1.444,-0.505,-0.01,-0.67,172.71,172.71,0.00,0.32,0,0.0,0.00,0.03,0.99,-6.22,-0.24,0.00,3959,0,11.55,12.31,0,0
646.240,-7.286812,112.796085,1.55,1.672,-0.271,-0.07,-0.43,172.79,172.79,0.00,0.24,0,0.0,0.00,0.00,0.99,-10.19,0.36,0.30,3959,0,11.62,12.35,0,0
646.340,-7.286813,112.796085,1.58,1.501,-0.149,-0.07,-0.25,172.85,172.85,0.00,0.24,0,0.0,0.00,-0.01,0.99,-8.42,-0.12,0.00,3959,0,11.68,12.32,0,0
646.440,-7.286815,112.796085,1.48,1.713,-0.022,-0.01,-0.13,172.87,172.87,0.00,0.16,0,0.0,0.00,-0.03,1.00,-2.01,0.24,0.36,3959,0,11.78,12.36,0,0
646.540,-7.286816,112.796085,1.69,1.530,0.026,-0.01,-0.31,172.87,172.87,0.00,0.32,0,0.0,0.00,-0.04,0.97,3.84,0.06,0.54,3959,0,11.71,12.30,0,0
646.640,-7.286817,112.796085,1.50,1.402,0.060,-0.01,-0.49,172.86,172.86,0.00,0.24,0,0.0,0.00,0.00,1.00,8.48,-0.42,0.54,3959,0,11.73,12.36,0,0
646.740,-7.286819,112.796085,1.57,1.643,0.124,-0.07,-0.49,172.88,172.88,0.00,0.32,0,0.0,0.00,0.00,0.99,6.22,0.00,0.67,3959,0,11.58,12.32,0,0
646.840,-7.286820,112.796085,1.59,1.481,0.128,-0.01,-0.61,172.90,172.90,0.00,0.32,0,0.0,0.00,0.00,0.98,1.70,0.36,0.54,3959,0,11.79,12.37,0,0
646.940,-7.286822,112.796086,1.46,1.740,-0.157,0.16,-0.13,172.92,172.92,0.00,0.48,0,0.0,0.00,0.01,1.00,-3.96,0.24,0.48,3959,0,11.83,12.29,0,0
647.040,-7.286823,112.796086,1.51,1.549,-0.069,0.10,-0.37,172.93,172.93,0.00,0.32,0,0.0,0.00,-0.01,0.98,-6.34,0.30,0.79,3959,0,11.76,12.30,0,0
647.140,-7.286825,112.796085,1.67,1.706,0.362,-0.01,-0.25,172.93,172.93,0.00,0.32,0,0.0,0.00,-0.02,0.98,-5.00,0.24,1.09,3959,0,11.72,12.31,0,0
647.240,-7.286826,112.796085,1.54,1.525,0.296,0.33,-0.37,172.89,172.89,0.00,0.32,0,0.0,0.00,-0.03,0.98,-1.34,-0.61,0.73,3959,0,11.80,12.32,0,0
647.340,-7.286828,112.796085,1.63,1.729,0.291,-0.01,-0.49,172.84,172.84,0.00,0.40,0,0.0,0.00,-0.02,1.00,3.11,0.18,1.03,3959,0,11.67,12.30,0,0
647.440,-7.286829,112.796086,1.54,1.583,-0.081,-0.01,-0.25,172.78,172.78,0.00,0.32,0,0.0,0.00,-0.02,0.99,4.27,0.00,1.22,3959,0,11.58,12.32,0,0
647.540,-7.286830,112.796086,1.55,1.439,-0.014,-0.13,-0.79,172.73,172.73,0.00,-0.56,0,0.0,0.00,0.00,0.98,4.21,0.00,1.09,3959,0,11.62,12.32,0,0
647.640,-7.286832,112.796086,1.66,1.669,0.076,-0.67,-0.73,172.69,172.69,0.00,-0.64,0,0.0,0.00,0.00,0.99,0.91,-0.06,1.28,3959,0,11.64,12.30,0,0
647.740,-7.286833,112.796086,1.58,1.499,0.096,-0.67,-0.67,172.66,172.66,0.00,0.32,0,0.0,0.00,-0.01,0.99,-1.40,0.12,1.22,3959,0,11.76,12.32,0,0
647.840,-7.286835,112.796086,1.67,1.711,0.154,-0.67,-0.79,172.61,172.61,0.00,0.32,0,0.0,0.00,0.00,1.00,-3.54,-0.18,1.03,3959,0,11.67,12.28,0,0
647.940,-7.286836,112.796086,1.51,1.528,0.152,-0.61,-1.02,172.56,172.56,0.00,0.32,0,0.0,0.00,-0.02,0.98,-3.60,0.73,1.34,3959,0,11.75,12.50,0,0
648.040,-7.286838,112.796086,1.64,1.731,0.195,-0.61,-0.55,172.49,172.49,0.00,0.32,0,0.0,0.00,-0.01,0.99,0.00,0.24,1.28,3900,0,11.57,12.42,0,0
648.140,-7.286839,112.796086,1.59,1.542,0.183,-0.49,-0.67,172.40,172.40,0.00,0.32,0,0.0,0.00,-0.02,0.99,1.83,-0.18,1.22,3959,0,11.72,12.37,0,0
648.240,-7.286841,112.796087,1.64,1.785,-0.109,-0.73,-0.90,172.32,172.32,0.00,0.24,0,0.0,0.00,-0.02,0.98,2.74,0.30,1.46,3959,0,11.67,12.29,0,0
648.340,-7.286842,112.796087,1.64,1.580,-0.030,-0.73,-0.85,172.23,172.23,0.00,0.24,0,0.0,0.00,-0.01,1.00,2.31,-0.18,1.64,3959,0,11.63,12.30,0,0
648.440,-7.286844,112.796087,1.66,1.767,0.073,-0.79,-0.73,172.13,172.13,0.00,0.32,0,0.0,0.00,-0.01,0.98,0.42,-0.85,1.52,3959,0,11.73,12.36,0,0
648.540,-7.286845,112.796087,1.65,1.567,0.099,-0.61,-0.85,172.02,172.02,0.00,0.40,0,0.0,0.00,0.00,0.98,-0.36,0.18,2.01,3900,0,11.66,12.36,0,0
648.640,-7.286847,112.796087,1.54,1.757,0.165,-0.55,-0.61,171.92,171.92,0.00,0.32,0,0.0,0.00,0.00,1.01,-1.46,-0.06,1.52,3959,0,11.54,11.76,0,0
648.740,-7.286848,112.796087,1.64,1.560,0.165,-0.37,-0.55,171.82,171.82,0.00,0.24,0,0.0,0.00,-0.01,0.99,-2.56,0.42,1.64,3959,0,11.79,12.32,0,0
648.840,-7.286850,112.796088,1.60,1.800,-0.113,0.04,-0.67,171.70,171.70,0.00,0.32,0,0.0,0.00,-0.03,0.98,-1.64,1.03,2.07,3959,0,11.77,12.36,0,0
648.940,-7.286851,112.796088,1.55,1.590,-0.028,-0.91,-0.79,171.58,171.58,0.00,0.24,0,0.0,0.00,-0.02,0.98,0.42,0.00,1.89,3959,0,11.69,12.36,0,0
649.040,-7.286853,112.796088,1.59,1.773,0.082,-0.73,-0.90,171.45,171.45,0.00,-2.50,0,0.0,0.00,-0.03,0.98,1.03,-0.61,2.07,3959,0,11.68,12.35,0,0
649.140,-7.286854,112.796088,1.62,1.571,0.111,-1.50,-1.20,171.31,171.31,0.00,-8.62,0,0.0,0.00,-0.03,1.00,2.74,-0.42,1.70,3959,0,11.62,12.30,0,0
649.240,-7.286855,112.796088,1.51,1.429,0.132,-7.93,-7.26,171.15,171.15,0.00,0.32,0,0.0,0.00,-0.02,0.99,2.86,-0.12,2.44,3959,0,11.80,12.29,0,0
649.340,-7.286857,112.796088,1.57,1.659,0.202,-2.04,-2.27,170.92,170.92,0.00,0.32,0,0.0,0.00,0.00,1.01,4.82,0.18,3.47,3959,0,11.81,12.25,0,0
649.440,-7.286858,112.796088,1.57,1.490,0.201,-0.31,-0.67,170.66,170.66,0.00,0.24,0,0.0,0.00,0.00,0.97,0.48,0.24,3.60,3959,0,11.66,12.29,0,0
649.540,-7.286860,112.796088,1.66,1.700,0.256,-0.37,-0.67,170.40,170.40,0.00,-11.37,0,0.0,0.00,0.00,0.98,-4.51,0.42,3.17,4019,0,11.68,12.35,0,0
649.640,-7.286861,112.796089,1.56,1.574,-0.084,-7.63,-7.14,170.15,170.15,0.00,0.24,0,0.0,0.00,-0.02,1.00,-6.46,-0.24,3.47,3959,0,11.81,12.30,0,0
649.740,-7.286863,112.796089,1.68,1.759,0.066,11.88,1.46,169.80,169.80,0.00,0.32,0,0.0,0.00,-0.04,1.00,0.00,0.42,5.06,3959,0,11.86,12.13,0,0
649.840,-7.286864,112.796089,1.49,1.559,0.117,-0.55,-0.79,169.38,169.38,0.00,0.32,0,0.0,0.00,-0.02,0.99,1.70,0.00,4.69,3959,0,11.77,12.36,0,0
649.940,-7.286866,112.796089,1.56,1.745,0.216,-0.43,-0.61,168.99,168.99,0.00,0.40,0,0.0,0.00,-0.01,0.98,0.48,-0.18,4.39,3959,0,11.77,12.37,0,0
650.040,-7.286867,112.796089,1.64,1.548,0.226,-0.79,0.04,168.61,168.61,0.00,0.32,0,0.0,0.00,-0.02,0.97,-1.22,0.00,4.76,4019,0,11.64,12.33,0,0
650.140,-7.286868,112.796090,1.46,1.476,-0.091,-0.37,-1.08,168.23,168.23,0.00,0.32,0,0.0,0.00,-0.01,1.01,-1.77,-0.24,4.08,3959,0,11.73,12.30,0,0
650.240,-7.286870,112.796090,1.59,1.686,0.083,-0.49,-0.79,167.88,167.88,0.00,0.32,0,0.0,0.00,-0.02,1.01,-1.83,1.15,4.33,3959,0,11.67,12.26,0,0
650.340,-7.286871,112.796090,1.60,1.506,0.138,-0.55,-0.90,167.51,167.51,0.00,0.32,0,0.0,0.00,-0.04,0.98,-1.46,0.61,4.02,3959,0,11.78,12.32,0,0
650.440,-7.286873,112.796091,1.56,1.777,-0.071,-0.25,-0.79,167.15,167.15,0.00,0.32,0,0.0,0.00,-0.02,0.99,0.54,-0.18,4.02,3959,0,11.60,12.30,0,0
650.540,-7.286874,112.796091,1.52,1.569,0.034,-0.43,-0.37,166.79,166.79,0.00,0.32,0,0.0,0.00,-0.03,0.97,0.91,-0.67,4.21,3959,0,11.68,12.32,0,0
650.640,-7.286875,112.796091,1.49,1.423,0.109,-0.31,-0.73,166.42,166.42,0.00,0.24,0,0.0,0.00,-0.02,0.99,1.34,-0.42,4.21,3959,0,11.80,12.35,0,0
650.740,-7.286877,112.796091,1.61,1.643,0.244,-0.61,-0.55,166.06,166.06,0.00,11.20,0,0.0,0.00,-0.01,1.00,1.15,0.18,3.84,3959,0,11.67,12.17,0,0
650.840,-7.286878,112.796091,1.62,1.472,0.260,9.20,9.30,165.72,165.72,0.00,23.22,0,0.0,0.00,0.00,0.99,-1.34,0.42,3.90,3959,0,11.76,12.24,0,0
650.940,-7.286880,112.796092,1.64,1.759,0.033,27.70,22.31,165.49,165.49,0.00,-1.29,0,0.0,0.00,0.00,0.99,-9.76,0.24,1.77,3959,0,11.88,12.09,0,0
651.040,-7.286881,112.796092,1.58,1.554,0.107,20.33,18.51,165.48,165.48,0.00,0.24,0,0.0,0.00,-0.02,0.99,-14.40,0.61,-0.79,3900,0,11.68,12.04,0,0
651.140,-7.286883,112.796092,1.62,1.734,0.239,1.40,1.10,165.57,165.57,0.00,0.40,0,0.0,0.00,-0.09,0.98,-5.67,0.18,-0.61,3959,0,11.83,12.25,0,0
651.240,-7.286884,112.796092,1.58,1.537,0.251,-0.31,-0.25,165.56,165.56,0.00,0.32,0,0.0,0.00,-0.10,0.97,10.31,-0.18,0.30,3959,0,11.69,12.35,0,0
651.340,-7.286886,112.796092,1.56,1.722,0.344,-0.31,-0.37,165.50,165.50,0.00,0.40,0,0.0,0.00,-0.04,0.98,19.83,-1.64,0.97,3959,0,11.79,12.31,0,0
651.440,-7.286887,112.796093,1.56,1.611,0.006,-0.01,-0.13,165.43,165.43,0.00,0.40,0,0.0,0.00,0.00,0.98,16.72,-0.85,1.22,3959,0,11.77,12.31,0,0
651.540,-7.286889,112.796093,1.66,1.773,0.173,-0.25,-0.37,165.41,165.41,0.00,0.32,0,0.0,0.00,0.04,1.01,6.95,0.06,1.03,3900,0,11.68,12.36,0,0
651.640,-7.286890,112.796093,1.58,1.564,0.205,-0.13,-0.61,165.42,165.42,0.00,0.24,0,0.0,0.00,0.03,0.99,-7.62,1.34,1.15,3959,0,11.79,12.35,0,0
651.740,-7.286890,112.796093,1.58,1.095,0.143,0.21,-0.19,165.42,165.42,0.00,-1.77,0,0.0,0.00,0.00,0.96,-15.93,1.28,1.28,3900,0,11.64,12.39,0,0
651.840,-7.286893,112.796094,1.66,1.818,0.034,-1.38,-0.90,165.34,165.34,0.00,-5.16,0,0.0,0.00,-0.04,0.98,-13.67,-0.06,1.64,3959,0,11.80,12.26,0,0
651.940,-7.286895,112.796094,1.65,1.918,0.199,-4.00,-3.28,165.17,165.17,0.00,0.32,0,0.0,0.00,-0.07,0.99,-3.35,-0.91,2.56,3959,0,11.60,12.14,0,0
652.040,-7.286896,112.796094,1.62,1.664,0.232,-0.85,-0.19,164.91,164.91,0.00,0.40,0,0.0,0.00,-0.07,0.99,9.21,-0.24,3.29,3959,0,11.80,12.31,0,0
652.140,-7.286897,112.796094,1.66,1.485,0.257,-0.37,-0.49,164.61,164.61,0.00,0.40,0,0.0,0.00,-0.02,1.00,13.97,0.00,3.17,3959,0,11.73,12.30,0,0
652.240,-7.286899,112.796095,1.53,1.771,0.046,-0.19,-0.67,164.34,164.34,0.00,0.40,0,0.0,0.00,0.01,0.99,9.21,0.54,3.29,3959,0,11.73,12.26,0,0
652.340,-7.286900,112.796095,1.63,1.560,0.128,-0.19,-0.61,164.13,164.13,0.00,0.24,0,0.0,0.00,0.01,0.97,-1.22,0.00,3.23,3959,0,11.80,12.32,0,0
652.440,-7.286902,112.796095,1.58,1.733,0.279,-0.25,-0.49,163.91,163.91,0.00,0.32,0,0.0,0.00,0.01,0.98,-7.99,-0.12,3.05,3959,0,11.76,12.30,0,0
652.540,-7.286903,112.796096,1.61,1.625,-0.024,-0.49,-0.61,163.69,163.69,0.00,0.32,0,0.0,0.00,-0.03,1.00,-11.47,0.00,3.35,3959,0,11.73,12.31,0,0
652.640,-7.286905,112.796096,1.56,1.777,0.179,-0.55,-0.43,163.42,163.42,0.00,0.40,0,0.0,0.00,-0.05,0.99,-8.97,0.30,3.05,3959,0,11.67,12.35,0,0
652.740,-7.286905,112.796096,1.56,1.243,0.131,-0.31,-0.85,163.14,163.14,0.00,0.24,0,0.0,0.00,-0.05,0.98,-0.06,0.36,3.23,4019,0,11.57,12.32,0,0
652.840,-7.286907,112.796097,1.48,1.605,-0.023,-0.43,-0.67,162.83,162.83,0.00,0.40,0,0.0,0.00,-0.04,0.99,6.40,0.18,3.60,3959,0,11.58,12.29,0,0
652.940,-7.286909,112.796097,1.64,1.760,0.190,-0.37,-0.85,162.53,162.53,0.00,15.72,0,0.0,0.00,-0.03,0.98,9.46,0.00,3.41,3959,0,11.62,12.32,0,0
653.040,-7.286910,112.796097,1.63,1.549,0.241,9.08,10.49,162.25,162.25,0.00,0.48,0,0.0,0.00,0.00,1.00,5.37,0.18,2.99,3959,0,11.77,12.28,0,0
653.140,-7.286912,112.796098,1.55,1.820,0.061,6.76,6.15,162.13,162.13,0.00,0.40,0,0.0,0.00,0.01,1.01,-7.56,-0.24,0.97,3959,0,11.73,12.23,0,0
653.240,-7.286913,112.796098,1.59,1.592,0.146,0.04,0.57,162.09,162.09,0.00,0.32,0,0.0,0.00,-0.03,0.96,-10.00,0.67,1.46,3959,0,11.64,12.32,0,0
653.340,-7.286914,112.796099,1.64,1.534,-0.107,0.04,-0.25,161.99,161.99,0.00,0.40,0,0.0,0.00,-0.05,0.99,-4.45,-0.61,1.64,3959,0,11.94,12.02,0,0
653.440,-7.286916,112.796099,1.54,1.708,0.136,-0.43,-0.19,161.81,161.81,0.00,0.16,0,0.0,0.00,-0.06,0.98,2.74,-0.30,2.44,3959,0,11.56,12.32,0,0
653.540,-7.286917,112.796099,1.61,1.512,0.205,-0.31,-0.31,161.62,161.62,0.00,5.80,0,0.0,0.00,-0.02,1.01,9.88,0.48,2.31,3959,0,11.79,12.30,0,0
653.640,-7.286919,112.796099,1.61,1.690,0.359,6.88,4.73,161.43,161.43,0.00,14.51,0,0.0,0.00,0.00,0.99,8.54,0.36,2.38,3959,0,11.73,12.15,0,0
653.740,-7.286920,112.796100,1.61,1.605,0.048,12.59,12.63,161.30,161.30,0.00,11.37,0,0.0,0.00,0.02,0.97,-0.91,0.12,1.52,3900,0,11.83,12.30,0,0
653.840,-7.286922,112.796100,1.57,1.755,0.247,12.23,13.34,161.31,161.31,0.00,9.75,0,0.0,0.00,0.00,0.98,-12.81,-0.85,-0.36,3959,0,11.69,12.21,0,0
653.940,-7.286923,112.796101,1.61,1.651,-0.037,10.15,10.43,161.41,161.41,0.00,11.20,0,0.0,0.00,-0.03,0.98,-15.93,-0.54,-0.91,3959,0,11.74,12.24,0,0
654.040,-7.286925,112.796101,1.65,1.788,0.183,10.75,10.43,161.55,161.55,0.00,19.51,0,0.0,0.00,-0.06,1.02,-9.09,0.18,-1.52,3959,0,11.74,12.28,0,0
654.140,-7.286926,112.796101,1.56,1.569,0.228,17.89,18.33,161.75,161.75,0.00,21.45,0,0.0,0.00,-0.06,1.01,3.11,1.34,-2.62,3959,0,11.60,12.21,0,0
654.240,-7.286927,112.796102,1.61,1.518,-0.059,21.22,21.24,162.09,162.09,0.00,12.41,0,0.0,0.00,-0.03,0.99,7.01,1.15,-4.15,3900,0,11.75,12.30,0,0
654.340,-7.286929,112.796102,1.56,1.699,0.148,24.97,21.54,162.61,162.61,0.00,0.32,0,0.0,0.00,-0.03,0.96,6.10,-0.30,-5.67,3959,0,11.70,11.99,0,0
654.440,-7.286930,112.796103,1.58,1.605,-0.129,2.89,3.12,163.21,163.21,0.00,0.24,0,0.0,0.00,-0.03,0.97,8.60,-1.34,-5.73,3900,0,11.83,12.30,0,0
654.540,-7.286931,112.796103,1.57,1.443,-0.007,0.10,-0.07,163.72,163.72,0.00,1.53,0,0.0,0.00,-0.02,0.99,12.81,-1.89,-4.21,3959,0,11.76,12.36,0,0
654.640,-7.286933,112.796104,1.64,1.742,-0.148,0.87,0.93,164.15,164.15,0.00,17.58,0,0.0,0.00,0.01,1.01,10.37,-0.12,-3.05,3959,0,11.69,12.24,0,0
654.740,-7.286934,112.796104,1.57,1.540,-0.024,14.73,14.89,164.56,164.56,0.00,29.75,0,0.0,0.01,0.05,1.02,1.22,0.00,-2.92,3959,0,11.75,12.11,0,0
654.840,-7.286936,112.796104,1.61,1.723,0.145,28.36,28.31,165.08,165.08,0.00,35.00,0,0.0,0.00,0.07,0.99,-17.21,0.91,-5.31,3959,0,11.79,12.23,0,0
654.940,-7.286937,112.796105,1.59,1.612,-0.154,38.89,36.21,165.84,165.84,0.00,37.09,0,0.0,0.00,0.01,0.96,-28.86,1.03,-8.48,3959,0,11.74,12.08,0,0
655.040,-7.286939,112.796105,1.62,1.776,0.027,37.10,37.22,166.77,166.77,0.00,37.33,0,0.0,0.01,-0.07,0.97,-25.69,-0.42,-10.13,3959,0,11.72,12.17,0,0
655.140,-7.286940,112.796105,1.57,1.569,0.069,36.39,36.63,167.71,167.71,0.00,37.33,0,0.0,0.00,-0.12,0.99,-3.66,0.24,-9.88,3959,0,11.60,12.32,0,0
655.240,-7.286941,112.796106,1.58,1.491,-0.229,36.63,36.45,168.68,168.68,0.00,37.41,0,0.0,0.01,-0.09,1.02,18.31,0.00,-11.04,3959,0,11.82,12.30,0,0
655.340,-7.286943,112.796106,1.58,1.697,-0.061,36.51,36.39,169.75,169.75,0.00,37.33,0,0.0,0.01,-0.02,1.00,27.03,0.85,-11.41,3959,0,11.80,12.30,0,0
655.440,-7.286944,112.796106,1.58,1.516,-0.015,36.39,36.51,170.94,170.94,0.00,38.06,0,0.0,0.00,0.03,0.97,21.36,0.12,-12.08,4019,0,11.58,12.34,0,0
655.540,-7.286946,112.796106,1.51,1.722,0.055,39.43,37.58,172.26,172.26,0.00,38.87,0,0.0,0.01,0.08,0.97,6.10,-0.85,-12.69,3959,0,11.60,12.24,0,0
655.640,-7.286947,112.796107,1.55,1.574,-0.283,37.88,38.11,173.66,173.66,0.00,40.00,0,0.0,0.01,0.06,0.99,-9.94,-1.64,-13.48,3959,0,11.63,12.30,0,0
655.740,-7.286948,112.796107,1.51,1.429,-0.198,39.37,39.48,175.13,175.13,0.00,40.00,0,0.0,0.01,0.02,0.99,-17.88,-0.42,-14.09,3959,0,11.80,12.45,0,0
655.840,-7.286950,112.796107,1.52,1.662,-0.125,39.01,39.42,176.61,176.61,0.00,40.00,0,0.0,0.01,0.00,1.02,-15.01,0.48,-14.77,3959,0,11.74,12.24,0,0
655.940,-7.286951,112.796107,1.55,1.494,-0.107,39.25,39.60,178.10,178.10,0.00,40.00,0,0.0,0.01,-0.04,0.99,-4.82,1.22,-15.07,3959,0,11.76,12.36,0,0
656.040,-7.286953,112.796107,1.54,1.711,-0.097,39.13,39.24,179.58,179.58,0.00,40.00,0,0.0,0.00,-0.04,0.97,5.67,0.24,-14.89,3959,0,11.53,12.32,0,0
656.140,-7.286954,112.796107,1.51,1.529,-0.105,39.07,39.24,181.06,181.06,0.00,40.00,0,0.0,0.00,0.00,0.97,14.77,-0.79,-14.70,3959,0,11.82,12.35,0,0
656.240,-7.286955,112.796107,1.50,1.401,-0.117,39.13,39.18,182.58,182.58,0.00,40.00,0,0.0,0.01,0.01,0.99,14.83,-0.97,-15.19,3959,0,11.80,12.35,0,0
656.340,-7.286957,112.796107,1.48,1.644,-0.158,39.25,39.18,184.18,184.18,0.00,40.00,0,0.0,0.01,0.05,1.02,8.23,-0.67,-15.62,3959,0,11.60,12.32,0,0
656.440,-7.286958,112.796107,1.46,1.479,-0.177,39.19,39.24,185.82,185.82,0.00,40.00,0,0.0,0.01,0.06,0.97,-1.58,-0.06,-15.56,3959,0,11.82,12.31,0,0
656.540,-7.286960,112.796107,1.53,1.693,-0.241,39.60,39.00,187.48,187.48,0.00,40.00,0,0.0,0.01,0.04,0.98,-9.46,-0.36,-16.05,3959,0,11.55,12.32,0,0
656.640,-7.286961,112.796107,1.40,1.509,-0.257,39.19,39.24,189.17,189.17,0.00,40.00,0,0.0,0.01,0.02,1.00,-10.43,-0.06,-16.29,3959,0,11.74,12.36,0,0
656.740,-7.286962,112.796107,1.49,1.378,-0.274,39.19,38.88,190.88,190.88,0.00,40.00,0,0.0,0.01,-0.01,0.99,-6.71,0.54,-16.41,3959,0,11.53,12.32,0,0
656.840,-7.286964,112.796107,1.44,1.610,-0.365,39.01,39.24,192.56,192.56,0.00,40.00,0,0.0,0.01,-0.01,0.99,-1.89,0.00,-16.41,3959,0,11.84,12.35,0,0
656.940,-7.286965,112.796106,1.53,1.524,-0.049,39.01,39.30,194.22,194.22,0.00,40.00,0,0.0,0.01,0.00,0.96,5.43,-0.79,-16.11,3959,0,11.80,12.29,0,0
657.040,-7.286966,112.796106,1.43,1.386,-0.156,39.48,39.71,195.86,195.86,0.00,40.00,0,0.0,0.01,0.00,0.98,9.33,-1.15,-15.99,3959,0,11.62,12.31,0,0
657.140,-7.286968,112.796106,1.45,1.603,-0.338,38.71,39.48,197.53,197.53,0.00,40.00,0,0.0,0.01,0.03,0.99,10.43,-0.42,-16.17,3959,0,11.76,12.36,0,0
657.240,-7.286969,112.796105,1.40,1.538,-0.068,38.71,39.42,199.25,199.25,0.00,40.00,0,0.0,0.01,0.05,1.00,3.72,-0.42,-16.47,3959,0,11.69,12.32,0,0
657.340,-7.286970,112.796105,1.38,1.386,-0.200,39.13,39.18,200.99,200.99,0.00,40.00,0,0.0,0.01,0.05,1.00,-3.23,0.00,-16.60,3900,0,11.83,12.30,0,0
657.440,-7.286972,112.796105,1.42,1.581,-0.428,39.43,39.48,202.75,202.75,0.00,40.00,0,0.0,0.00,0.05,0.98,-8.78,-0.36,-16.84,3900,0,11.77,12.31,0,0
657.540,-7.286973,112.796105,1.41,1.400,-0.472,39.01,39.18,204.51,204.51,0.00,40.00,0,0.0,0.01,0.01,0.99,-8.91,-0.73,-16.90,3900,0,11.56,12.35,0,0
657.640,-7.286974,112.796104,1.48,1.415,-0.211,39.48,39.24,206.26,206.26,0.00,40.00,0,0.0,0.01,0.00,0.97,-4.08,-0.30,-17.15,3900,0,11.82,12.35,0,0
657.740,-7.286975,112.796104,1.42,1.280,-0.334,39.07,39.12,208.01,208.01,0.00,40.00,0,0.0,0.01,0.00,1.00,3.17,0.42,-17.15,3900,0,11.73,12.55,0,0
657.840,-7.286977,112.796103,1.39,1.632,-0.306,39.19,39.30,209.77,209.77,0.00,40.00,0,0.0,0.01,0.00,1.00,6.83,0.12,-17.08,3840,0,11.76,12.32,0,0
657.940,-7.286978,112.796103,1.44,1.419,-0.424,39.07,39.36,211.55,211.55,0.00,40.00,0,0.0,0.00,0.04,0.99,6.22,-0.61,-17.45,3840,0,11.68,12.31,0,0
658.040,-7.286979,112.796102,1.39,1.444,-0.235,39.07,39.36,213.35,213.35,0.00,40.00,0,0.0,0.01,0.04,0.98,4.02,-0.85,-17.51,3840,0,11.74,12.37,0,0
658.140,-7.286980,112.796102,1.38,1.278,-0.389,39.48,39.54,215.20,215.20,0.00,40.00,0,0.0,0.01,0.06,0.98,0.00,-0.85,-17.82,3840,0,11.60,12.32,0,0
658.240,-7.286981,112.796101,1.38,1.351,-0.238,39.07,39.18,217.04,217.04,0.00,40.00,0,0.0,0.01,0.04,0.99,-4.82,-0.42,-17.57,3840,0,11.74,12.31,0,0
658.340,-7.286983,112.796101,1.37,1.459,-0.616,39.19,39.48,218.88,218.88,0.00,40.00,0,0.0,0.03,0.03,1.00,-4.39,-0.48,-17.76,3780,0,11.73,12.32,0,0
658.440,-7.286984,112.796100,1.41,1.476,-0.429,39.31,39.24,220.69,220.69,0.00,40.00,0,0.0,0.03,0.01,0.99,-0.97,-0.30,-17.45,3659,0,11.63,12.31,0,0
658.540,-7.286985,112.796099,1.44,1.493,-0.315,39.13,39.24,222.50,222.50,0.00,40.00,0,0.0,0.02,0.01,0.99,2.13,-0.36,-17.57,3659,0,11.80,12.32,0,0
658.640,-7.286986,112.796098,1.31,1.507,-0.250,39.13,39.12,224.32,224.32,0.00,40.00,0,0.0,0.02,0.02,0.97,4.21,-0.30,-17.51,3540,0,11.79,12.36,0,0
658.740,-7.286987,112.796098,1.34,1.280,-0.449,39.37,39.30,226.15,226.15,0.00,40.00,0,0.0,0.02,0.04,0.97,4.63,-0.54,-17.51,3480,0,11.59,12.32,0,0
658.840,-7.286988,112.796097,1.32,1.354,-0.370,39.37,39.24,228.02,228.02,0.00,40.00,0,0.0,0.02,0.05,0.98,1.64,-0.61,-18.31,3419,0,11.82,12.32,0,0
658.940,-7.286989,112.796096,1.24,1.407,-0.334,39.13,39.18,229.97,229.97,0.00,40.00,0,0.0,0.02,0.05,0.98,-2.62,-0.42,-18.92,3300,0,11.63,12.32,0,0
659.040,-7.286990,112.796095,1.32,1.442,-0.327,39.13,39.06,231.99,231.99,0.00,40.00,0,0.0,0.02,0.03,0.98,-5.12,-0.73,-19.53,3240,0,11.63,12.32,0,0
659.140,-7.286990,112.796094,1.25,1.268,-0.070,39.01,39.42,234.02,234.02,0.00,40.00,0,0.0,0.02,0.03,0.99,-5.37,-0.85,-19.71,3119,0,11.61,12.30,0,0
659.240,-7.286991,112.796093,1.22,1.346,-0.173,39.07,39.18,236.08,236.08,0.00,40.00,0,0.0,0.02,0.01,0.99,-2.68,-0.73,-20.14,3059,0,11.76,12.29,0,0
659.340,-7.286992,112.796093,1.26,1.113,-0.439,39.31,39.54,238.15,238.15,0.00,40.00,0,0.0,0.02,0.01,0.99,0.36,-0.61,-20.14,3059,0,11.75,12.30,0,0
659.440,-7.286993,112.796092,1.20,1.221,-0.460,39.13,39.18,240.23,240.23,0.00,40.00,0,0.0,0.01,0.02,0.98,3.90,-0.36,-20.14,3059,0,11.62,12.35,0,0
659.540,-7.286993,112.796091,1.16,1.135,-0.200,39.19,39.18,242.33,242.33,0.00,40.00,0,0.0,0.02,0.03,0.99,5.18,-0.48,-20.56,3000,0,11.58,12.31,0,0
659.640,-7.286994,112.796090,1.15,1.231,-0.327,39.60,39.24,244.45,244.45,0.00,40.00,0,0.0,0.02,0.04,1.00,3.84,-0.73,-20.69,3000,0,11.69,12.30,0,0
659.740,-7.286995,112.796089,1.20,1.289,-0.436,39.01,39.18,246.60,246.60,0.00,40.00,0,0.0,0.01,0.06,0.98,1.70,-0.42,-20.93,3059,0,11.67,12.30,0,0
659.840,-7.286995,112.796088,1.16,1.198,-0.220,39.07,39.30,248.79,248.79,0.00,40.00,0,0.0,0.01,0.05,0.99,-0.67,-0.24,-21.36,3059,0,11.80,12.32,0,0
659.940,-7.286996,112.796087,1.14,1.254,-0.394,39.13,39.24,251.01,251.01,0.00,40.00,0,0.0,0.01,0.04,0.99,-2.38,-0.24,-21.85,3059,0,11.72,12.36,0,0
660.040,-7.286996,112.796086,1.16,1.183,-0.215,39.25,39.18,253.25,253.25,0.00,40.00,0,0.0,0.01,0.04,0.98,-1.89,0.30,-21.97,3059,0,11.78,12.32,0,0
660.140,-7.286997,112.796085,1.17,1.225,-0.424,39.25,39.36,255.54,255.54,0.00,40.00,0,0.0,0.01,0.01,0.99,-0.61,0.36,-22.58,3119,0,11.78,12.36,0,0
660.240,-7.286997,112.796084,1.16,1.168,-0.261,39.48,39.36,257.84,257.84,0.00,40.00,0,0.0,0.01,0.04,0.98,0.97,0.00,-22.27,3119,0,11.81,12.30,0,0
660.340,-7.286998,112.796083,1.11,1.193,-0.488,39.07,39.30,260.15,260.15,0.00,40.00,0,0.0,0.01,0.03,0.99,2.62,-0.30,-22.39,3119,0,11.78,12.36,0,0
660.440,-7.286998,112.796082,1.14,1.149,-0.331,39.54,39.48,262.46,262.46,0.00,40.00,0,0.0,0.01,0.03,0.97,2.44,-0.48,-22.27,3119,0,11.80,12.35,0,0
660.540,-7.286998,112.796081,1.07,1.124,-0.234,39.37,39.66,264.76,264.76,0.00,40.00,0,0.0,0.01,0.04,0.98,2.07,-0.67,-22.09,3119,0,11.56,12.31,0,0
660.640,-7.286999,112.796080,1.12,1.127,-0.511,39.01,39.24,267.05,267.05,0.00,40.00,0,0.0,0.01,0.04,0.99,0.61,-0.67,-22.39,3119,0,11.72,12.35,0,0
660.740,-7.286999,112.796079,1.07,1.105,-0.385,39.07,39.42,269.34,269.34,0.00,40.00,0,0.0,0.01,0.04,0.99,-2.19,-0.97,-22.03,3119,0,11.61,12.36,0,0
660.840,-7.286999,112.796078,1.00,1.093,-0.309,39.13,39.24,271.60,271.60,0.00,40.00,0,0.0,0.01,0.04,0.98,-2.50,-0.67,-21.91,3119,0,11.66,12.32,0,0
660.940,-7.286999,112.796077,1.16,1.086,-0.268,39.07,39.36,273.85,273.85,0.00,40.00,0,0.0,0.01,0.02,0.98,-1.89,-0.73,-21.78,3119,0,11.77,12.32,0,0
661.040,-7.287000,112.796076,1.14,1.046,-0.584,39.37,39.36,276.08,276.08,0.00,40.00,0,0.0,0.01,0.01,0.99,-0.06,-0.97,-21.30,3119,0,11.60,12.31,0,0
661.140,-7.287000,112.796075,1.10,1.043,-0.485,39.48,39.24,278.30,278.30,0.00,40.00,0,0.0,0.00,0.03,0.99,2.38,-0.73,-21.30,3059,0,11.79,12.36,0,0
661.240,-7.287000,112.796074,1.09,1.042,-0.427,39.13,39.30,280.50,280.50,0.00,40.00,0,0.0,0.01,0.03,0.98,2.62,-1.09,-21.48,3119,0,11.64,12.35,0,0
661.340,-7.287000,112.796073,1.01,1.040,-0.400,39.19,39.42,282.70,282.70,0.00,40.00,0,0.0,0.01,0.05,0.99,2.07,-1.09,-21.05,3119,0,11.82,12.30,0,0
661.440,-7.287000,112.796072,1.03,1.037,-0.392,39.19,39.36,284.88,284.88,0.00,40.00,0,0.0,0.01,0.04,0.99,0.61,-0.73,-21.05,3119,0,11.68,12.32,0,0
661.540,-7.287000,112.796071,1.03,1.031,-0.399,39.13,39.24,287.05,287.05,0.00,40.00,0,0.0,0.01,0.04,0.99,-0.67,-1.09,-21.11,3119,0,11.75,12.35,0,0
661.640,-7.287000,112.796070,0.95,1.023,-0.415,39.01,39.54,289.22,289.22,0.00,40.00,0,0.0,0.00,0.03,0.98,-1.22,-0.85,-21.30,3119,0,11.73,12.32,0,0
661.740,-7.287000,112.796069,1.03,1.013,-0.438,39.25,39.24,291.39,291.39,0.00,40.00,0,0.0,0.01,0.03,0.99,-0.54,-0.91,-21.24,3059,0,11.62,12.30,0,0
661.840,-7.287000,112.796068,0.97,1.000,-0.466,39.07,39.30,293.56,293.56,0.00,40.00,0,0.0,0.01,0.03,0.98,-0.36,-0.91,-21.24,3059,0,11.73,12.36,0,0
661.940,-7.287000,112.796067,0.96,0.985,-0.496,39.13,39.18,295.72,295.72,0.00,40.00,0,0.0,0.01,0.02,0.99,0.30,-0.91,-20.99,3119,0,11.78,12.37,0,0
662.040,-7.287000,112.796066,0.98,0.969,-0.528,39.07,39.18,297.90,297.90,0.00,40.00,0,0.0,0.01,0.02,0.98,0.79,-0.85,-21.05,3119,0,11.74,12.32,0,0
662.140,-7.286999,112.796065,0.99,1.117,-0.272,39.07,39.18,300.07,300.07,0.00,40.00,0,0.0,0.00,0.03,0.99,1.28,-0.67,-21.24,3119,0,11.80,12.38,0,0
662.240,-7.286999,112.796065,0.94,0.774,-0.220,38.89,39.71,302.25,302.25,0.00,40.00,0,0.0,0.00,0.04,0.99,0.61,-0.54,-21.30,3059,0,11.75,12.32,0,0
662.340,-7.286999,112.796064,0.97,0.808,-0.362,39.19,39.24,304.44,304.44,0.00,40.00,0,0.0,0.00,0.03,1.00,-0.18,-0.30,-21.54,3059,0,11.60,12.30,0,0
662.440,-7.286999,112.796063,0.93,0.821,-0.472,38.83,39.36,306.63,306.63,0.00,40.00,0,0.0,0.01,0.02,0.98,-1.34,-0.48,-21.60,3059,0,11.74,12.30,0,0
662.540,-7.286998,112.796062,0.93,1.029,-0.300,39.78,39.95,308.83,308.83,0.00,40.00,0,0.0,0.01,0.02,0.99,-1.28,-0.48,-21.48,3059,0,11.67,12.32,0,0
662.640,-7.286998,112.796062,0.86,0.712,-0.237,39.13,39.30,311.02,311.02,0.00,40.00,0,0.0,0.01,0.01,0.99,-1.03,-0.48,-21.42,3059,0,11.72,12.35,0,0
662.740,-7.286997,112.796061,0.95,0.961,-0.169,39.07,39.18,313.22,313.22,0.00,40.00,0,0.0,0.00,0.03,0.98,-1.03,-0.67,-21.24,3059,0,11.69,12.35,0,0
662.840,-7.286997,112.796060,1.03,0.900,-0.379,39.01,39.24,315.42,315.42,0.00,40.00,0,0.0,0.00,0.03,1.00,0.42,-0.85,-21.48,3059,0,11.69,12.37,0,0
662.940,-7.286996,112.796059,0.87,1.089,-0.309,39.13,39.18,317.61,317.61,0.00,40.00,0,0.0,0.01,0.04,1.00,0.18,-1.03,-21.42,3000,0,11.59,12.32,0,0
663.040,-7.286996,112.796058,0.97,0.967,-0.498,39.01,39.18,319.80,319.80,0.00,40.00,0,0.0,0.00,0.03,0.99,0.67,-0.79,-21.36,3059,0,11.81,12.35,0,0
663.140,-7.286996,112.796058,0.98,0.663,-0.374,39.31,39.77,321.99,321.99,0.00,40.00,0,0.0,0.00,0.04,0.99,0.24,-0.54,-21.17,3059,0,11.76,12.36,0,0
663.240,-7.286995,112.796057,0.82,0.918,-0.352,40.02,39.48,324.17,324.17,0.00,40.00,0,0.0,0.01,0.02,0.99,-0.18,-1.28,-21.30,3059,0,11.67,12.30,0,0
663.340,-7.286995,112.796057,0.94,0.633,-0.271,39.60,39.18,326.35,326.35,0.00,40.00,0,0.0,0.00,0.05,0.97,-0.24,-1.15,-21.17,3059,0,11.63,12.28,0,0
663.440,-7.286994,112.796056,0.87,0.893,-0.315,39.25,39.36,328.54,328.54,0.00,40.00,0,0.0,0.00,0.04,1.00,-0.67,-1.15,-21.36,3059,0,11.58,12.31,0,0
663.540,-7.286994,112.796055,0.99,0.778,-0.533,39.60,39.48,330.73,330.73,0.00,40.00,0,0.0,0.00,0.03,0.98,-0.30,-1.15,-21.54,3119,0,11.82,12.36,0,0
663.640,-7.286993,112.796055,0.80,0.827,-0.242,39.43,39.12,332.93,332.93,0.00,40.00,0,0.0,0.00,0.01,0.98,0.30,-1.03,-21.42,3119,0,11.60,12.32,0,0
663.740,-7.286992,112.796054,0.90,1.014,-0.351,39.66,39.36,335.13,335.13,0.00,40.00,0,0.0,0.00,0.03,0.99,0.79,-0.97,-21.54,3119,0,11.72,12.32,0,0
663.840,-7.286992,112.796054,0.84,0.700,-0.273,39.60,39.36,337.34,337.34,0.00,40.00,0,0.0,0.00,0.04,0.98,0.61,-1.34,-21.54,3119,0,11.80,12.36,0,0
663.940,-7.286991,112.796053,0.85,0.910,-0.403,39.43,39.06,339.55,339.55,0.00,40.00,0,0.0,0.00,0.03,0.98,0.24,-1.34,-21.48,3119,0,11.69,12.31,0,0
664.040,-7.286990,112.796053,0.91,0.943,-0.202,39.60,39.42,341.76,341.76,0.00,40.00,0,0.0,0.00,0.02,0.99,0.24,-0.91,-21.72,3059,0,11.64,12.31,0,0
664.140,-7.286990,112.796053,0.84,0.654,-0.167,39.43,39.12,343.98,343.98,0.00,40.00,0,0.0,0.00,0.04,0.99,-0.67,-0.79,-21.78,3119,0,11.79,12.37,0,0
664.240,-7.286989,112.796052,0.81,0.856,-0.376,39.60,39.30,346.20,346.20,0.00,38.46,0,0.0,0.01,0.03,1.00,-0.91,-0.79,-21.60,3119,0,11.80,12.36,0,0
664.340,-7.286989,112.796052,0.90,0.588,-0.286,41.21,39.83,348.42,348.42,0.00,27.17,0,0.0,0.00,0.04,0.98,-0.85,-0.42,-21.66,3119,0,11.79,12.35,0,0
664.440,-7.286988,112.796051,0.87,0.787,-0.488,32.94,31.81,350.62,350.62,0.00,1.45,0,0.0,0.00,0.02,1.00,-0.06,-0.36,-21.30,3119,0,11.64,12.13,0,0
664.540,-7.286987,112.796051,0.83,0.869,-0.320,21.22,19.04,352.76,352.76,0.00,0.16,0,0.0,0.00,0.02,1.00,3.29,-0.67,-20.20,3059,0,11.64,12.02,0,0
664.640,-7.286987,112.796051,0.74,0.600,-0.245,0.99,2.83,354.73,354.73,0.00,0.40,0,0.0,0.00,0.02,0.99,10.31,-0.91,-18.00,3059,0,11.77,12.10,0,0
664.740,-7.286986,112.796051,0.64,0.748,-0.163,-0.31,-0.01,356.45,356.45,0.00,0.40,0,0.0,0.00,0.04,0.98,13.00,-1.34,-15.86,3059,0,11.60,12.35,0,0
664.840,-7.286986,112.796051,0.56,0.520,-0.128,-0.13,-0.37,357.95,357.95,0.00,0.48,0,0.0,0.00,0.06,0.98,7.20,-1.89,-14.09,3059,0,11.70,12.32,0,0
664.940,-7.286985,112.796051,0.53,0.695,-0.094,-0.43,-0.19,359.27,359.27,0.00,0.40,0,0.0,0.00,0.09,0.98,-2.99,-1.95,-12.32,3119,0,11.76,12.35,0,0
665.040,-7.286985,112.796051,0.59,0.485,-0.076,-0.43,-0.19,0.47,0.47,0.00,0.56,0,0.0,0.00,0.06,0.97,-12.14,-1.95,-11.29,3119,0,11.67,12.32,0,0
665.140,-7.286984,112.796051,0.63,0.672,-0.069,-0.25,-0.13,1.60,1.60,0.00,0.56,0,0.0,0.00,0.03,0.99,-15.62,-1.52,-10.43,3059,0,11.79,12.32,0,0
665.240,-7.286983,112.796051,0.80,0.803,-0.073,-0.13,-0.25,2.68,2.68,0.00,0.32,0,0.0,0.00,0.01,1.00,-9.76,-0.18,-9.64,3059,0,11.66,12.35,0,0
665.340,-7.286983,112.796051,0.73,0.561,-0.061,-0.37,-0.13,3.68,3.68,0.00,0.32,0,0.0,0.00,-0.01,1.01,-1.22,0.97,-8.54,3059,0,11.79,12.32,0,0
665.440,-7.286982,112.796051,0.86,0.724,-0.076,-0.01,-0.07,4.60,4.60,0.00,0.24,0,0.0,0.00,0.00,1.00,7.08,1.34,-7.56,3059,0,11.73,12.30,0,0
665.540,-7.286981,112.796051,0.85,0.838,-0.092,-0.61,-0.19,5.42,5.42,0.00,-9.27,0,0.0,-0.01,0.01,0.96,11.23,-0.36,-6.71,3059,0,11.58,12.30,0,0
665.640,-7.286980,112.796051,0.91,0.918,-0.107,-7.15,-6.84,6.13,6.13,0.00,-15.48,0,0.0,-0.01,0.04,0.93,11.04,-2.62,-5.73,3059,0,11.76,12.30,0,0
665.740,-7.286979,112.796050,1.15,0.934,-0.450,-15.48,-15.04,6.74,6.74,0.00,0.24,0,0.0,0.00,0.06,0.99,7.87,-3.84,-5.06,3059,0,11.81,12.29,0,0
665.840,-7.286978,112.796050,0.97,0.982,-0.363,-9.71,-7.26,7.26,7.26,0.00,0.32,0,0.0,0.01,0.06,1.05,1.46,-1.77,-4.57,3119,0,11.74,12.19,0,0
665.940,-7.286977,112.796050,1.14,1.016,-0.304,0.27,0.33,7.73,7.73,0.00,-3.54,0,0.0,0.01,0.06,1.06,-10.55,2.62,-4.76,3059,0,11.77,12.25,0,0
666.040,-7.286976,112.796050,0.95,1.040,-0.266,-3.11,-2.57,8.17,8.17,0.00,-21.93,0,0.0,0.00,0.03,0.98,-16.47,5.43,-3.72,3059,0,11.74,12.10,0,0
666.140,-7.286975,112.796051,0.95,1.105,0.087,-15.25,-14.75,8.53,8.53,0.00,0.24,0,0.0,-0.02,-0.01,0.90,-13.54,1.64,-2.01,3059,0,11.68,12.35,0,0
666.240,-7.286975,112.796051,0.98,0.774,0.058,-5.19,-7.38,8.75,8.75,0.00,0.40,0,0.0,-0.01,-0.04,0.89,0.18,-4.82,0.00,3059,0,11.80,11.94,0,0
666.340,-7.286974,112.796051,0.76,0.872,-0.012,0.16,0.75,8.87,8.87,0.00,0.24,0,0.0,0.00,0.00,1.01,9.46,-6.22,-0.18,3059,0,11.82,12.26,0,0
666.440,-7.286973,112.796052,0.92,0.991,0.264,-0.67,-0.85,9.03,9.03,0.00,0.32,0,0.0,0.02,0.03,1.11,9.70,-0.24,-0.79,3059,0,11.75,12.35,0,0
666.540,-7.286972,112.796052,0.94,1.024,0.130,-0.61,-0.73,9.17,9.17,0.00,-1.93,0,0.0,0.01,0.03,1.08,1.70,6.04,-0.54,3119,0,11.60,12.32,0,0
666.640,-7.286972,112.796052,0.85,0.717,0.090,-1.44,-0.01,9.27,9.27,0.00,-17.58,0,0.0,-0.01,0.02,0.92,-5.00,6.28,-0.06,3119,0,11.77,12.26,0,0
666.740,-7.286971,112.796053,0.93,0.884,0.335,-12.39,-12.96,9.30,9.30,0.00,-3.46,0,0.0,-0.02,0.00,0.84,-6.46,-1.34,1.03,3119,0,11.58,12.30,0,0
666.840,-7.286970,112.796053,1.00,0.948,0.182,-10.07,-7.44,9.25,9.25,0.00,0.32,0,0.0,0.00,0.00,0.93,-0.61,-7.56,2.01,3059,0,11.69,12.24,0,0
666.940,-7.286970,112.796053,0.86,0.664,0.128,0.51,-0.19,9.17,9.17,0.00,0.40,0,0.0,0.01,0.02,1.08,1.77,-4.63,1.58,3059,0,11.75,12.31,0,0
667.040,-7.286969,112.796054,0.97,0.846,0.364,-0.61,-0.67,9.14,9.14,0.00,0.32,0,0.0,0.02,0.02,1.12,-0.79,2.68,1.15,3119,0,11.62,12.35,0,0
667.140,-7.286968,112.796054,0.95,0.922,0.202,-0.49,-0.43,9.13,9.13,0.00,0.40,0,0.0,0.00,0.00,1.01,-2.56,6.83,1.03,3119,0,11.62,12.26,0,0
667.240,-7.286967,112.796054,0.87,0.975,0.089,-0.43,-0.67,9.10,9.10,0.00,0.40,0,0.0,-0.01,-0.01,0.92,-2.86,3.90,1.70,3119,0,11.64,12.32,0,0
667.340,-7.286966,112.796054,0.86,1.012,0.011,-0.31,-0.55,9.01,9.01,0.00,0.32,0,0.0,-0.02,0.00,0.85,-0.61,-3.05,1.64,3119,0,11.78,12.36,0,0
667.440,-7.286966,112.796054,0.85,0.708,0.009,-0.55,-1.02,8.93,8.93,0.00,0.24,0,0.0,0.00,-0.01,0.99,0.24,-6.10,2.01,3119,0,11.69,12.32,0,0
667.540,-7.286964,112.796054,1.07,1.155,-0.096,-0.61,-0.73,8.85,8.85,0.00,0.32,0,0.0,0.01,0.00,1.09,0.79,-1.83,1.46,3059,0,11.54,12.36,0,0
667.640,-7.286964,112.796055,0.95,0.859,0.260,-0.43,-0.61,8.83,8.83,0.00,0.32,0,0.0,0.01,0.00,1.07,1.22,4.15,1.22,3059,0,11.75,12.36,0,0
667.740,-7.286963,112.796055,0.94,0.931,0.131,-0.43,-0.49,8.80,8.80,0.00,0.32,0,0.0,0.00,-0.02,0.98,-0.06,4.27,1.46,3059,0,11.73,12.36,0,0
667.840,-7.286962,112.796055,0.93,0.981,0.042,-0.43,-0.73,8.72,8.72,0.00,0.40,0,0.0,-0.01,0.00,0.91,0.24,0.54,1.64,3119,0,11.74,12.31,0,0
667.940,-7.286961,112.796056,1.00,1.066,0.308,-0.97,-0.37,8.61,8.61,0.00,0.24,0,0.0,0.00,-0.01,0.92,0.67,-4.69,2.01,3119,0,11.64,12.32,0,0
668.040,-7.286960,112.796056,1.02,1.076,0.168,-0.37,-0.67,8.51,8.51,0.00,0.24,0,0.0,0.00,0.00,1.03,0.18,-4.39,1.83,3059,0,11.80,12.32,0,0
668.140,-7.286959,112.796056,1.01,1.083,0.069,-0.43,-0.61,8.46,8.46,0.00,0.24,0,0.0,0.02,0.00,1.08,-1.77,1.03,1.46,3059,0,11.80,12.13,0,0
668.240,-7.286959,112.796057,1.02,0.807,0.376,-0.49,-0.73,8.42,8.42,0.00,0.40,0,0.0,0.00,0.00,1.06,-1.77,5.49,1.28,3059,0,11.68,12.36,0,0
668.340,-7.286958,112.796057,0.99,0.894,0.215,-0.55,-0.73,8.38,8.38,0.00,0.24,0,0.0,-0.01,-0.01,0.93,-3.11,4.27,1.40,3119,0,11.74,12.35,0,0
668.440,-7.286957,112.796058,1.03,1.004,0.431,-0.31,-0.61,8.30,8.30,0.00,-5.40,0,0.0,-0.02,-0.01,0.86,-0.36,-2.13,2.01,3119,0,11.68,12.32,0,0
668.540,-7.286956,112.796058,0.96,1.032,0.255,-3.35,-0.73,8.19,8.19,0.00,0.24,0,0.0,0.00,-0.01,0.95,0.79,-5.79,2.13,3119,0,11.64,12.24,0,0
668.640,-7.286955,112.796058,1.17,1.052,0.134,2.00,2.00,8.06,8.06,0.00,0.32,0,0.0,0.02,-0.01,1.08,4.02,-3.17,2.07,3119,0,11.60,12.08,0,0
668.740,-7.286955,112.796059,0.88,0.782,0.423,-0.37,-0.55,7.95,7.95,0.00,0.32,0,0.0,0.02,0.00,1.10,2.13,3.11,1.83,3119,0,11.74,12.36,0,0
668.840,-7.286954,112.796059,1.06,0.878,0.251,-0.37,-0.67,7.85,7.85,0.00,0.48,0,0.0,0.00,0.01,1.01,-1.22,6.28,1.95,3059,0,11.63,12.32,0,0
668.940,-7.286953,112.796059,0.99,0.944,0.132,-0.55,-0.67,7.72,7.72,0.00,0.24,0,0.0,-0.01,0.00,0.90,-3.84,2.13,2.38,3059,0,11.80,12.30,0,0
669.040,-7.286952,112.796059,1.14,0.992,0.051,-0.73,-0.79,7.53,7.53,0.00,0.32,0,0.0,-0.01,-0.03,0.87,-2.92,-4.45,2.92,3119,0,11.69,12.32,0,0
669.140,-7.286951,112.796059,1.03,1.025,-0.004,-0.49,-0.55,7.33,7.33,0.00,-1.04,0,0.0,0.00,-0.02,0.99,-0.73,-6.46,2.80,3119,0,11.61,12.30,0,0
669.240,-7.286950,112.796059,1.10,1.048,-0.042,0.04,0.21,7.16,7.16,0.00,-15.64,0,0.0,0.02,0.00,1.10,2.62,-1.46,2.07,3119,0,11.80,12.31,0,0
669.340,-7.286949,112.796059,1.03,1.065,-0.069,-13.10,-11.54,7.04,7.04,0.00,0.40,0,0.0,0.01,-0.01,1.09,3.54,4.82,2.44,3059,0,11.61,12.30,0,0
669.440,-7.286948,112.796059,1.02,1.077,-0.085,-7.63,-6.07,6.84,6.84,0.00,0.48,0,0.0,0.00,-0.02,0.97,6.22,5.98,3.29,3059,0,11.79,12.31,0,0
669.540,-7.286947,112.796059,1.15,1.086,-0.094,0.93,0.39,6.53,6.53,0.00,-1.61,0,0.0,-0.02,0.00,0.87,2.13,0.30,3.90,3119,0,11.77,12.29,0,0
669.640,-7.286946,112.796060,1.17,1.128,0.232,-0.37,-0.55,6.19,6.19,0.00,-14.03,0,0.0,-0.01,0.02,0.90,-3.05,-5.24,3.90,3119,0,11.68,12.29,0,0
669.740,-7.286945,112.796060,1.09,1.120,0.133,-9.47,-10.17,5.87,5.87,0.00,0.24,0,0.0,0.01,0.00,1.03,-6.53,-4.76,3.78,3119,0,11.81,12.30,0,0
669.840,-7.286944,112.796060,1.23,1.116,0.066,-5.73,-3.58,5.52,5.52,0.00,0.32,0,0.0,0.02,-0.02,1.10,-4.33,0.79,4.51,3119,0,11.69,12.24,0,0
669.940,-7.286942,112.796060,1.31,1.445,-0.009,-0.73,-0.43,5.16,5.16,0.00,0.32,0,0.0,0.01,-0.01,1.06,-2.19,6.16,4.57,3119,0,11.74,12.35,0,0
670.040,-7.286941,112.796060,1.20,1.344,-0.029,-0.37,-0.55,4.83,4.83,0.00,-2.01,0,0.0,0.00,-0.01,0.94,-1.77,5.12,4.08,3119,0,11.82,12.32,0,0
670.140,-7.286940,112.796060,1.15,1.273,-0.041,-1.14,-1.08,4.50,4.50,0.00,0.24,0,0.0,-0.01,-0.04,0.87,-0.97,-1.09,4.45,3119,0,11.70,12.25,0,0
670.240,-7.286940,112.796061,1.10,0.915,0.307,-0.25,-0.07,4.13,4.13,0.00,0.24,0,0.0,0.00,-0.03,0.94,1.28,-5.92,4.94,3119,0,11.64,12.29,0,0
670.340,-7.286938,112.796061,1.13,1.305,0.176,-1.08,-0.90,3.73,3.73,0.00,0.32,0,0.0,0.01,-0.01,1.04,2.31,-4.02,4.76,3119,0,11.71,12.29,0,0
670.440,-7.286938,112.796061,1.08,0.913,0.129,-0.85,-0.79,3.36,3.36,0.00,0.40,0,0.0,0.02,-0.01,1.10,0.18,1.34,4.45,3180,0,11.76,12.36,0,0
670.540,-7.286936,112.796061,1.20,1.305,0.059,-0.91,-0.85,3.01,3.01,0.00,0.24,0,0.0,0.00,-0.01,1.03,-0.61,5.73,4.45,3119,0,11.80,12.36,0,0
670.640,-7.286935,112.796061,1.11,1.246,0.031,-0.91,-1.02,2.69,2.69,0.00,0.32,0,0.0,0.00,-0.02,0.93,-1.46,3.72,3.96,3119,0,11.73,12.36,0,0
670.740,-7.286934,112.796061,1.17,1.205,0.013,-0.85,-0.85,2.38,2.38,0.00,0.16,0,0.0,-0.01,-0.02,0.87,-1.70,-2.01,4.08,3119,0,11.63,12.36,0,0
670.840,-7.286933,112.796061,1.17,1.177,0.002,-0.97,-0.73,2.05,2.05,0.00,0.40,0,0.0,0.00,-0.02,0.95,-0.54,-5.73,3.84,3119,0,11.68,12.31,0,0
670.940,-7.286932,112.796062,1.03,1.167,0.327,-0.85,-0.90,1.71,1.71,0.00,0.48,0,0.0,0.01,-0.02,1.06,0.18,-3.66,4.15,3180,0,11.81,12.35,0,0
671.040,-7.286931,112.796062,1.18,1.149,0.225,-0.49,-0.49,1.40,1.40,0.00,0.32,0,0.0,0.02,0.00,1.10,1.83,2.07,3.78,3119,0,11.74,12.30,0,0
671.140,-7.286931,112.796062,1.10,0.804,0.161,-0.55,-0.61,1.12,1.12,0.00,0.32,0,0.0,0.01,-0.02,1.04,1.83,5.73,3.60,3119,0,11.67,12.35,0,0
671.240,-7.286930,112.796063,1.02,0.901,0.442,-0.49,-0.55,0.85,0.85,0.00,0.32,0,0.0,-0.01,-0.03,0.91,-0.12,3.29,3.47,3119,0,11.79,12.08,0,0
671.340,-7.286928,112.796062,1.10,1.293,-0.025,-0.61,-0.49,0.56,0.56,0.00,0.32,0,0.0,-0.01,-0.02,0.88,-0.73,-2.62,3.60,3180,0,11.68,12.31,0,0
671.440,-7.286927,112.796062,1.06,1.239,-0.014,-0.55,-0.49,0.24,0.24,0.00,0.40,0,0.0,0.00,-0.01,0.95,-1.52,-5.24,3.84,3119,0,11.60,12.35,0,0
671.540,-7.286926,112.796062,1.28,1.201,-0.004,-0.43,-0.37,359.92,359.92,0.00,0.24,0,0.0,0.02,-0.03,1.06,-2.38,-2.44,3.90,3119,0,11.76,12.32,0,0
671.640,-7.286925,112.796062,1.16,1.174,0.004,-0.55,-0.73,359.60,359.60,0.00,0.32,0,0.0,0.02,-0.02,1.09,-0.06,3.47,3.96,3119,0,11.62,12.31,0,0
671.740,-7.286924,112.796062,1.34,1.155,0.011,-0.73,-0.37,359.30,359.30,0.00,0.40,0,0.0,0.00,-0.02,1.00,0.67,5.79,3.78,3119,0,11.55,12.32,0,0
671.840,-7.286923,112.796062,1.18,1.142,0.018,-0.49,-0.43,359.00,359.00,0.00,0.40,0,0.0,-0.01,-0.01,0.90,0.67,2.38,3.96,3180,0,11.83,12.26,0,0
671.940,-7.286922,112.796062,1.19,1.133,0.025,-0.49,-0.55,358.68,358.68,0.00,0.24,0,0.0,0.00,-0.02,0.89,0.48,-3.05,4.21,3119,0,11.73,12.31,0,0
672.040,-7.286920,112.796062,1.20,1.460,0.042,-0.49,-0.61,358.33,358.33,0.00,0.48,0,0.0,0.00,-0.02,0.97,0.06,-5.37,4.27,3119,0,11.56,12.32,0,0
672.140,-7.286919,112.796062,1.17,1.355,0.047,-0.43,0.09,357.97,357.97,0.00,0.48,0,0.0,0.02,-0.01,1.08,-0.24,-1.34,4.15,3119,0,11.82,12.32,0,0
672.240,-7.286918,112.796062,1.09,1.282,0.053,-0.43,-0.37,357.62,357.62,0.00,0.40,0,0.0,0.02,-0.02,1.07,-1.15,3.84,4.21,3180,0,11.77,12.32,0,0
672.340,-7.286917,112.796061,1.36,1.246,-0.273,-0.43,-0.55,357.29,357.29,0.00,0.32,0,0.0,0.00,-0.01,0.99,-1.77,5.00,4.45,3119,0,11.69,12.32,0,0
672.440,-7.286916,112.796062,1.14,1.189,0.162,-0.43,-0.61,356.96,356.96,0.00,0.40,0,0.0,-0.01,-0.03,0.89,-0.30,0.85,3.90,3119,0,11.53,12.30,0,0
672.540,-7.286915,112.796061,1.11,1.184,-0.192,-0.31,-0.61,356.63,356.63,0.00,0.32,0,0.0,0.00,-0.01,0.91,0.73,-4.45,4.08,3119,0,11.80,12.36,0,0
672.640,-7.286914,112.796061,1.22,1.162,-0.108,-0.49,-0.49,356.28,356.28,0.00,0.32,0,0.0,0.00,-0.02,1.01,0.67,-4.88,4.08,3119,0,11.58,12.35,0,0
672.740,-7.286913,112.796061,1.22,1.147,-0.046,-0.43,-0.61,355.90,355.90,0.00,0.24,0,0.0,0.02,-0.03,1.10,1.22,-0.12,4.45,3180,0,11.70,12.31,0,0
672.840,-7.286911,112.796061,1.39,1.468,0.024,-0.13,-0.49,355.55,355.55,0.00,0.24,0,0.0,0.01,-0.01,1.06,1.52,4.82,4.21,3119,0,11.62,12.34,0,0
672.940,-7.286910,112.796061,1.30,1.360,0.051,-0.43,-0.31,355.20,355.20,0.00,0.32,0,0.0,0.00,-0.02,0.94,0.97,4.51,3.96,3119,0,11.71,12.30,0,0
673.040,-7.286909,112.796061,1.18,1.284,0.071,-0.37,-0.49,354.89,354.89,0.00,0.32,0,0.0,-0.02,-0.01,0.88,0.06,-0.91,3.60,3180,0,11.80,12.32,0,0
673.140,-7.286908,112.796061,1.31,1.231,0.086,-0.31,-0.55,354.58,354.58,0.00,0.24,0,0.0,0.00,-0.02,0.94,-1.09,-5.24,3.78,3240,0,11.60,12.30,0,0
673.240,-7.286907,112.796061,1.17,1.193,0.098,-0.37,-0.55,354.26,354.26,0.00,0.32,0,0.0,0.01,-0.02,1.04,-2.92,-4.08,3.96,3180,0,11.66,12.35,0,0
673.340,-7.286906,112.796061,1.28,1.166,0.109,-0.55,-0.67,353.93,353.93,0.00,0.40,0,0.0,0.01,-0.04,1.10,-2.01,1.89,4.02,3240,0,11.62,12.30,0,0
673.440,-7.286905,112.796061,1.20,1.148,0.118,-0.55,-0.43,353.60,353.60,0.00,0.24,0,0.0,0.00,-0.02,1.05,0.67,5.98,4.33,3300,0,11.64,12.30,0,0
673.540,-7.286903,112.796061,1.40,1.465,0.165,-0.31,-0.55,353.28,353.28,0.00,0.24,0,0.0,-0.01,-0.02,0.91,2.19,3.96,3.84,3359,0,11.76,12.29,0,0
673.640,-7.286902,112.796061,1.27,1.356,0.163,-0.49,-0.55,352.95,352.95,0.00,0.24,0,0.0,-0.02,-0.01,0.87,2.80,-2.31,3.66,3419,0,11.69,12.35,0,0
673.740,-7.286902,112.796061,1.27,0.949,0.119,-0.37,-0.67,352.62,352.62,0.00,0.40,0,0.0,0.00,0.00,0.95,1.03,-6.16,3.96,3419,0,11.79,12.32,0,0
673.840,-7.286899,112.796061,1.39,1.655,0.222,-0.55,-0.49,352.27,352.27,0.00,0.24,0,0.0,0.01,-0.01,1.07,-3.11,-2.50,4.08,3480,0,11.62,12.36,0,0
673.940,-7.286899,112.796061,1.14,1.158,0.163,-0.25,-0.25,351.89,351.89,0.00,0.48,0,0.0,0.02,-0.03,1.10,-4.82,3.72,4.51,3540,0,11.79,12.30,0,0
674.040,-7.286897,112.796061,1.38,1.469,0.218,-0.31,-0.55,351.52,351.52,0.00,0.32,0,0.0,0.00,-0.03,1.02,-2.62,6.10,4.63,3540,0,11.61,12.30,0,0
674.140,-7.286896,112.796061,1.25,1.357,0.210,-0.43,-0.37,351.15,351.15,0.00,0.40,0,0.0,-0.02,-0.04,0.88,1.22,1.89,4.51,3540,0,11.63,12.32,0,0
674.240,-7.286895,112.796061,1.23,1.278,0.207,-0.31,-0.49,350.77,350.77,0.00,0.32,0,0.0,-0.02,-0.04,0.88,3.84,-4.88,4.08,3600,0,11.68,12.31,0,0
674.340,-7.286894,112.796061,1.24,1.223,0.207,-0.49,-0.13,350.39,350.39,0.00,0.72,0,0.0,0.00,-0.02,1.01,2.62,-5.85,4.27,3600,0,11.73,12.30,0,0
674.440,-7.286893,112.796061,1.25,1.183,0.208,-0.19,-0.49,350.01,350.01,0.00,0.88,0,0.0,0.03,-0.02,1.12,-0.67,0.00,4.51,3600,0,11.64,12.31,0,0
674.540,-7.286891,112.796061,1.31,1.484,0.272,-0.07,-0.01,349.61,349.61,0.00,0.64,0,0.0,0.01,-0.02,1.09,-3.17,5.73,4.88,3600,0,11.62,12.35,0,0
674.640,-7.286890,112.796060,1.32,1.427,-0.065,-0.01,-0.01,349.21,349.21,0.00,0.40,0,0.0,-0.01,-0.02,0.95,-2.80,5.06,4.82,3600,0,11.68,12.29,0,0
674.740,-7.286890,112.796060,1.32,0.999,-0.039,0.10,0.45,348.83,348.83,0.00,0.32,0,0.0,-0.02,-0.03,0.84,-0.12,-1.64,4.69,3600,0,11.76,12.29,0,0
674.840,-7.286887,112.796059,1.50,1.746,-0.146,-0.07,0.04,348.45,348.45,0.00,5.24,0,0.0,0.00,-0.03,0.93,2.13,-6.40,4.27,3600,0,11.62,12.32,0,0
674.940,-7.286886,112.796059,1.46,1.549,-0.026,4.50,4.85,348.09,348.09,0.00,15.56,0,0.0,0.02,-0.02,1.09,0.00,-3.17,4.02,3600,0,11.78,12.32,0,0
675.040,-7.286885,112.796059,1.42,1.411,0.059,14.49,14.35,347.77,347.77,0.00,-1.61,0,0.0,0.02,-0.01,1.12,-2.62,3.72,3.72,3600,0,11.76,12.30,0,0
675.140,-7.286884,112.796059,1.45,1.313,0.116,6.70,6.09,347.58,347.58,0.00,0.48,0,0.0,0.00,-0.02,1.02,-6.65,6.16,2.13,3600,0,11.75,12.31,0,0
675.240,-7.286883,112.796059,1.29,1.245,0.156,0.10,-0.01,347.46,347.46,0.00,0.32,0,0.0,-0.02,-0.05,0.87,-1.40,1.40,1.95,3600,0,11.64,12.29,0,0
675.340,-7.286881,112.796059,1.35,1.522,0.258,0.10,-0.19,347.30,347.30,0.00,0.48,0,0.0,-0.01,-0.05,0.89,5.92,-5.31,2.44,3600,0,11.68,12.30,0,0
675.440,-7.286880,112.796059,1.52,1.390,0.259,0.33,-0.13,347.09,347.09,0.00,9.51,0,0.0,0.00,-0.02,1.01,8.36,-5.18,2.92,3600,0,11.73,12.32,0,0
675.540,-7.286879,112.796058,1.30,1.372,-0.061,8.07,8.11,346.84,346.84,0.00,0.64,0,0.0,0.02,0.00,1.11,5.12,0.54,3.23,3540,0,11.73,12.35,0,0
675.640,-7.286878,112.796058,1.49,1.285,0.039,3.96,2.53,346.61,346.61,0.00,0.32,0,0.0,0.00,0.00,1.05,-3.54,5.79,2.74,3540,0,11.59,12.25,0,0
675.740,-7.286877,112.796058,1.40,1.224,0.109,0.10,0.04,346.39,346.39,0.00,0.24,0,0.0,-0.01,-0.01,0.93,-6.34,4.94,3.05,3540,0,11.62,12.30,0,0
675.840,-7.286875,112.796058,1.35,1.504,0.239,-0.19,-0.25,346.16,346.16,0.00,0.40,0,0.0,-0.01,-0.04,0.85,-3.29,-1.52,2.80,3540,0,11.62,12.31,0,0
675.940,-7.286874,112.796058,1.53,1.376,0.253,0.27,-0.31,345.92,345.92,0.00,0.32,0,0.0,0.00,-0.03,0.94,-0.24,-5.61,2.92,3540,0,11.61,12.26,0,0
676.040,-7.286873,112.796057,1.21,1.367,-0.057,-0.31,-0.49,345.67,345.67,0.00,0.40,0,0.0,0.01,-0.03,1.06,0.48,-2.99,3.11,3540,0,11.80,12.37,0,0
676.140,-7.286871,112.796057,1.56,1.603,0.133,-0.37,-0.49,345.40,345.40,0.00,0.24,0,0.0,0.02,-0.04,1.11,1.83,2.92,3.72,3540,0,11.69,12.32,0,0
676.240,-7.286870,112.796057,1.43,1.444,0.185,-0.55,-0.01,345.10,345.10,0.00,0.32,0,0.0,0.00,-0.04,1.01,2.86,5.55,3.84,3540,0,11.67,12.32,0,0
676.340,-7.286869,112.796056,1.31,1.419,-0.097,-0.37,-0.19,344.79,344.79,0.00,0.32,0,0.0,-0.01,-0.01,0.90,3.41,1.95,3.90,3540,0,11.60,12.36,0,0
676.440,-7.286868,112.796056,1.44,1.315,0.027,-0.31,-0.37,344.48,344.48,0.00,0.48,0,0.0,0.00,0.00,0.87,1.83,-4.21,3.47,3540,0,11.64,12.35,0,0
676.540,-7.286867,112.796056,1.32,1.241,0.114,-0.37,-0.43,344.18,344.18,0.00,0.24,0,0.0,0.00,0.00,1.01,-2.19,-4.76,3.35,3600,0,11.61,12.35,0,0
676.640,-7.286865,112.796055,1.44,1.601,-0.048,-0.55,-0.13,343.88,343.88,0.00,0.40,0,0.0,0.02,-0.02,1.09,-5.98,-0.24,3.47,3600,0,11.61,12.31,0,0
676.740,-7.286864,112.796055,1.36,1.441,0.066,-0.43,-0.19,343.59,343.59,0.00,0.32,0,0.0,0.01,-0.03,1.06,-5.73,4.08,3.66,3600,0,11.62,12.29,0,0
676.840,-7.286863,112.796055,1.51,1.328,0.147,-0.31,0.04,343.30,343.30,0.00,0.32,0,0.0,0.00,-0.04,0.95,-1.95,3.35,3.72,3600,0,11.79,12.35,0,0
676.940,-7.286861,112.796054,1.50,1.664,-0.014,-0.19,-0.43,343.02,343.02,0.00,0.32,0,0.0,-0.01,-0.04,0.90,2.50,-1.46,3.47,3600,0,11.61,12.31,0,0
677.040,-7.286861,112.796054,1.31,1.165,-0.003,-0.37,-0.13,342.71,342.71,0.00,0.32,0,0.0,0.00,-0.03,0.99,4.57,-4.21,3.72,3600,0,11.61,12.30,0,0
677.140,-7.286859,112.796054,1.54,1.451,0.205,-0.25,-0.25,342.37,342.37,0.00,0.32,0,0.0,0.01,-0.01,1.04,3.23,-1.46,3.96,3600,0,11.82,12.35,0,0
677.240,-7.286858,112.796053,1.48,1.434,-0.062,-0.37,-0.19,342.02,342.02,0.00,0.40,0,0.0,0.01,0.00,1.05,0.91,1.77,3.96,3600,0,11.70,12.30,0,0
677.340,-7.286857,112.796053,1.42,1.321,0.067,-0.55,0.21,341.68,341.68,0.00,0.24,0,0.0,0.00,0.00,0.97,-0.85,2.31,3.90,3600,0,11.80,12.32,0,0
677.440,-7.286855,112.796053,1.33,1.557,0.265,-0.19,-0.31,341.36,341.36,0.00,0.32,0,0.0,0.00,0.00,0.94,-3.60,-0.06,3.54,3600,0,11.81,12.36,0,0
677.540,-7.286854,112.796053,1.43,1.404,0.300,-0.31,-0.13,341.03,341.03,0.00,0.16,0,0.0,0.00,-0.02,0.98,-3.90,-1.70,4.08,3600,0,11.79,12.31,0,0
677.640,-7.286853,112.796052,1.25,1.406,0.014,-0.31,-0.31,340.69,340.69,0.00,0.24,0,0.0,0.00,-0.04,1.02,-2.80,-0.24,4.27,3600,0,11.56,12.32,0,0
677.740,-7.286852,112.796052,1.49,1.298,0.128,0.04,-0.19,340.33,340.33,0.00,0.40,0,0.0,0.00,-0.05,1.02,0.42,1.77,4.45,3600,0,11.81,12.31,0,0
677.840,-7.286851,112.796051,1.41,1.335,-0.101,-0.25,-0.43,339.98,339.98,0.00,0.32,0,0.0,0.00,-0.03,0.98,3.84,1.58,4.39,3600,0,11.80,12.32,0,0
677.940,-7.286849,112.796051,1.44,1.560,0.167,-0.55,-0.25,339.63,339.63,0.00,0.24,0,0.0,0.00,0.00,0.94,4.02,-0.61,4.02,3600,0,11.81,12.29,0,0
678.040,-7.286848,112.796050,1.49,1.520,-0.068,-0.19,0.15,339.29,339.29,0.00,0.40,0,0.0,0.00,0.00,0.97,1.15,-2.01,3.90,3600,0,11.69,12.29,0,0
678.140,-7.286847,112.796050,1.45,1.376,0.079,-0.73,-0.31,338.93,338.93,0.00,0.24,0,0.0,0.01,-0.01,1.02,-2.68,-0.48,4.08,3600,0,11.63,12.32,0,0
678.240,-7.286845,112.796049,1.61,1.705,-0.003,-0.25,-0.55,338.56,338.56,0.00,0.32,0,0.0,0.00,-0.01,1.03,-4.27,1.46,4.39,3600,0,11.80,12.35,0,0
678.340,-7.286844,112.796049,1.45,1.503,0.130,-0.25,-0.37,338.19,338.19,0.00,0.40,0,0.0,0.00,-0.03,0.98,-2.86,1.58,4.39,3600,0,11.78,12.32,0,0
678.440,-7.286843,112.796049,1.37,1.360,0.223,-0.67,-0.25,337.84,337.84,0.00,0.24,0,0.0,0.00,-0.03,0.95,-1.09,-0.42,4.21,3600,0,11.69,12.36,0,0
678.540,-7.286842,112.796048,1.55,1.386,-0.016,-0.37,-0.37,337.49,337.49,0.00,0.24,0,0.0,0.00,-0.04,0.98,0.48,-2.31,4.27,3600,0,11.58,12.30,0,0
678.640,-7.286840,112.796048,1.44,1.585,0.254,-0.25,0.27,337.12,337.12,0.00,0.32,0,0.0,0.01,-0.03,1.04,1.70,-1.34,4.57,3600,0,11.74,12.24,0,0
678.740,-7.286839,112.796047,1.41,1.545,0.014,-0.37,-0.25,336.72,336.72,0.00,0.24,0,0.0,0.01,-0.02,1.03,2.80,1.15,4.45,3600,0,11.79,12.32,0,0
678.840,-7.286838,112.796047,1.68,1.387,0.150,-0.07,0.21,336.35,336.35,0.00,0.40,0,0.0,0.00,-0.01,0.99,2.07,1.77,4.08,3600,0,11.77,12.35,0,0
678.940,-7.286836,112.796047,1.40,1.580,0.383,-0.49,-0.31,336.00,336.00,0.00,0.32,0,0.0,0.00,0.00,0.94,0.00,0.30,4.02,3600,0,11.68,12.35,0,0
679.040,-7.286835,112.796046,1.48,1.545,0.110,-0.31,0.15,335.66,335.66,0.00,0.48,0,0.0,0.00,0.00,0.98,-1.70,-1.34,3.90,3600,0,11.67,12.30,0,0
679.140,-7.286834,112.796046,1.58,1.384,0.223,-0.31,-0.13,335.32,335.32,0.00,0.24,0,0.0,0.00,-0.02,1.02,-2.86,-0.48,4.15,3600,0,11.60,12.34,0,0
679.240,-7.286833,112.796045,1.38,1.410,0.004,-0.31,-0.37,334.96,334.96,0.00,0.32,0,0.0,0.00,-0.03,1.02,-1.03,1.34,4.45,3600,0,11.70,12.31,0,0
679.340,-7.286831,112.796044,1.54,1.732,-0.004,-0.79,-0.49,334.61,334.61,0.00,-1.20,0,0.0,0.00,-0.03,0.99,0.67,1.89,4.02,3600,0,11.72,12.31,0,0
679.440,-7.286830,112.796044,1.44,1.513,0.149,2.24,3.72,334.27,334.27,0.00,-6.12,0,0.0,0.00,-0.03,0.95,0.91,0.12,4.15,3600,0,11.69,12.52,0,0
679.540,-7.286829,112.796043,1.49,1.503,-0.040,-4.24,-3.04,333.91,333.91,0.00,-21.77,0,0.0,0.00,-0.04,0.97,0.97,-0.91,4.57,3600,0,11.73,12.22,0,0
679.640,-7.286828,112.796043,1.37,1.351,0.129,-15.96,-16.23,333.48,333.48,0.00,-31.37,0,0.0,0.01,-0.03,1.01,2.07,-0.73,5.55,3600,0,11.76,12.48,0,0
679.740,-7.286826,112.796042,1.41,1.689,0.110,-28.99,-28.05,332.87,332.87,0.00,-34.19,0,0.0,0.01,-0.05,1.01,9.82,0.06,7.93,3600,0,11.73,12.18,0,0
679.840,-7.286825,112.796042,1.57,1.476,0.251,-33.75,-33.81,332.01,332.01,0.00,0.32,0,0.0,0.01,-0.01,0.98,14.40,0.06,10.00,3600,0,11.80,12.29,0,0
679.940,-7.286824,112.796041,1.46,1.482,0.068,-19.35,-18.43,330.96,330.96,0.00,0.40,0,0.0,0.01,0.04,0.97,7.56,-0.54,10.68,3600,0,11.82,11.94,0,0
680.040,-7.286823,112.796041,1.41,1.325,0.234,11.64,5.68,329.90,329.90,0.00,0.56,0,0.0,0.00,0.05,0.99,-9.33,1.09,10.80,3540,0,12.21,10.23,0,0
680.140,-7.286821,112.796040,1.50,1.667,0.241,-0.07,-0.13,328.91,328.91,0.00,34.27,0,0.0,0.00,0.01,1.01,-25.75,2.38,9.64,3540,0,11.78,12.32,0,0
680.240,-7.286820,112.796040,1.36,1.447,0.362,18.30,17.62,328.08,328.08,0.00,40.00,0,0.0,0.00,-0.04,0.97,-27.03,2.07,8.66,3540,0,11.82,11.97,0,0
680.340,-7.286819,112.796039,1.46,1.470,0.164,33.48,34.84,327.50,327.50,0.00,40.00,0,0.0,0.00,-0.08,0.95,-22.64,0.36,5.49,3600,0,11.74,12.13,0,0
680.440,-7.286818,112.796038,1.39,1.488,0.020,39.66,39.36,327.28,327.28,0.00,40.00,0,0.0,0.00,-0.14,0.96,-11.53,-2.19,2.92,3600,0,11.76,12.32,0,0
680.540,-7.286817,112.796038,1.51,1.322,0.196,39.37,39.54,327.22,327.22,0.00,40.00,0,0.0,0.01,-0.15,0.97,7.32,-2.19,2.01,3540,0,11.74,12.35,0,0
680.640,-7.286816,112.796037,1.41,1.385,0.039,39.43,39.66,327.23,327.23,0.00,40.00,0,0.0,0.01,-0.10,1.00,21.85,-0.54,1.22,3540,0,11.75,12.25,0,0
680.740,-7.286815,112.796037,1.43,1.250,0.206,39.78,39.66,327.32,327.32,0.00,40.00,0,0.0,0.01,-0.03,0.99,23.37,0.18,0.00,3540,0,11.67,12.31,0,0
680.840,-7.286813,112.796036,1.59,1.616,0.222,39.48,39.48,327.48,327.48,0.00,40.00,0,0.0,0.01,0.02,0.98,12.57,-0.12,-1.40,3540,0,11.64,12.36,0,0
680.940,-7.286812,112.796035,1.35,1.591,0.048,39.60,39.66,327.73,327.73,0.00,38.87,0,0.0,0.00,0.02,0.97,-3.54,-0.24,-2.80,3540,0,11.67,12.32,0,0
681.040,-7.286811,112.796035,1.34,1.397,0.203,41.21,40.43,328.09,328.09,0.00,37.25,0,0.0,0.01,0.00,0.99,-15.38,-0.06,-3.84,3600,0,11.78,12.26,0,0
681.140,-7.286810,112.796034,1.40,1.436,0.025,37.52,38.41,328.59,328.59,0.00,35.08,0,0.0,0.01,-0.04,1.01,-17.02,0.79,-5.06,3600,0,11.77,12.30,0,0
681.240,-7.286809,112.796033,1.34,1.461,-0.107,36.81,37.10,329.22,329.22,0.00,-6.37,0,0.0,0.00,-0.08,0.98,-8.36,0.97,-5.61,3600,0,11.69,12.24,0,0
681.340,-7.286808,112.796033,1.30,1.311,0.080,30.14,30.21,329.93,329.93,0.00,-0.56,0,0.0,0.00,-0.09,0.98,5.67,0.48,-6.22,3540,0,11.67,12.01,0,0
681.440,-7.286807,112.796032,1.33,1.371,-0.080,4.80,4.91,330.62,330.62,0.00,0.40,0,0.0,0.00,-0.07,0.99,20.14,0.06,-5.85,3540,0,11.80,12.32,0,0
681.540,-7.286806,112.796031,1.32,1.411,-0.195,-0.37,-0.25,331.19,331.19,0.00,0.24,0,0.0,0.00,-0.01,0.98,28.50,-0.12,-4.57,3600,0,11.73,12.32,0,0
681.640,-7.286805,112.796031,1.22,1.280,0.015,-0.43,-0.13,331.61,331.61,0.00,0.40,0,0.0,0.00,0.05,0.99,22.09,-0.30,-3.90,3600,0,11.72,12.32,0,0
681.740,-7.286804,112.796030,1.33,1.346,-0.129,-0.43,-0.73,331.92,331.92,0.00,0.32,0,0.0,0.00,0.09,0.99,4.08,-0.61,-3.29,3600,0,11.67,12.30,0,0
681.840,-7.286803,112.796029,1.53,1.391,-0.232,-0.49,-0.31,332.18,332.18,0.00,0.40,0,0.0,0.01,0.06,1.00,-13.85,-0.12,-2.99,3600,0,11.68,12.29,0,0
681.940,-7.286802,112.796029,1.30,1.269,-0.012,-0.55,-0.43,332.42,332.42,0.00,0.32,0,0.0,0.00,0.01,1.00,-23.19,0.79,-2.80,3600,0,11.67,12.31,0,0
682.040,-7.286801,112.796028,1.44,1.336,-0.153,-0.43,-0.13,332.67,332.67,0.00,0.32,0,0.0,0.00,-0.04,0.98,-19.95,1.22,-2.19,3600,0,11.75,12.32,0,0
682.140,-7.286800,112.796028,1.39,1.232,0.041,-0.43,-0.37,332.92,332.92,0.00,0.40,0,0.0,0.00,-0.07,0.97,-6.71,1.03,-1.58,3600,0,11.67,12.35,0,0
682.240,-7.286799,112.796027,1.36,1.310,-0.120,-0.37,-0.25,333.15,333.15,0.00,0.24,0,0.0,0.00,-0.06,0.98,7.62,0.18,-1.15,3600,0,11.67,12.30,0,0
682.340,-7.286798,112.796026,1.10,1.363,-0.232,-0.31,-0.31,333.32,333.32,0.00,0.24,0,0.0,0.00,-0.02,0.99,17.02,-0.48,-0.67,3600,0,11.70,12.31,0,0
682.440,-7.286796,112.796026,1.43,1.551,0.134,-0.07,-0.37,333.42,333.42,0.00,0.32,0,0.0,0.00,0.02,0.99,15.68,-0.06,-0.36,3600,0,11.57,12.31,0,0
682.540,-7.286795,112.796025,1.36,1.532,-0.054,-0.43,-0.31,333.48,333.48,0.00,0.24,0,0.0,0.00,0.05,0.99,6.40,-0.18,-0.24,3600,0,11.73,12.31,0,0
682.640,-7.286794,112.796025,1.41,1.371,0.110,-0.25,-0.43,333.52,333.52,0.00,0.08,0,0.0,0.00,0.06,0.98,-6.04,0.00,-0.36,3600,0,11.76,12.30,0,0
682.740,-7.286794,112.796025,1.41,0.960,0.076,-0.49,-0.25,333.57,333.57,0.00,0.24,0,0.0,0.00,0.02,0.99,-14.83,0.12,-0.18,3600,0,11.82,12.30,0,0
682.840,-7.286791,112.796023,1.79,1.862,-0.096,-0.49,-0.43,333.64,333.64,0.00,0.16,0,0.0,0.00,-0.03,0.99,-15.19,0.54,-0.18,3600,0,11.81,12.32,0,0
682.940,-7.286791,112.796023,1.54,1.304,-0.069,-0.43,-0.37,333.73,333.73,0.00,0.32,0,0.0,0.00,-0.06,0.99,-7.32,0.18,0.00,3600,0,11.62,12.32,0,0
683.040,-7.286789,112.796022,1.27,1.657,-0.052,-0.37,-0.25,333.81,333.81,0.00,0.48,0,0.0,0.00,-0.06,0.99,4.15,0.00,0.30,3600,0,11.77,12.32,0,0
683.140,-7.286788,112.796022,1.49,1.459,0.109,-0.73,-0.13,333.87,333.87,0.00,0.16,0,0.0,0.00,-0.03,0.98,12.20,-0.12,0.30,3600,0,11.79,12.32,0,0
683.240,-7.286787,112.796021,1.64,1.467,-0.075,-0.49,-0.37,333.91,333.91,0.00,0.32,0,0.0,0.00,0.00,0.97,12.20,-0.67,0.36,3600,0,11.78,12.32,0,0
683.340,-7.286786,112.796021,1.20,1.326,0.094,-0.49,-0.61,333.94,333.94,0.00,0.40,0,0.0,0.00,0.02,0.99,5.79,-0.61,0.12,3600,0,11.75,12.33,0,0
683.440,-7.286784,112.796020,1.56,1.673,0.061,0.27,-0.43,333.95,333.95,0.00,0.32,0,0.0,0.01,0.02,0.99,-3.54,0.00,-0.06,3600,0,11.54,12.33,0,0
683.540,-7.286783,112.796019,1.31,1.616,-0.109,-0.49,-0.31,333.98,333.98,0.00,0.48,0,0.0,0.00,0.01,1.00,-9.82,0.18,0.12,3600,0,11.76,12.36,0,0
683.640,-7.286782,112.796019,1.50,1.431,0.069,-0.67,-0.31,334.03,334.03,0.00,0.32,0,0.0,0.00,-0.01,0.98,-8.78,0.36,0.00,3600,0,11.60,12.30,0,0
683.740,-7.286782,112.796019,1.50,1.002,0.047,-0.61,-0.07,334.09,334.09,0.00,0.24,0,0.0,0.00,-0.03,0.98,-3.35,0.00,0.06,3600,0,11.78,12.29,0,0
683.840,-7.286780,112.796018,1.38,1.446,0.025,-0.79,-0.37,334.16,334.16,0.00,0.32,0,0.0,0.00,-0.03,0.99,2.92,-0.18,0.24,3600,0,11.76,12.32,0,0
683.940,-7.286779,112.796017,1.28,1.457,-0.136,-0.07,-0.19,334.20,334.20,0.00,0.24,0,0.0,0.03,-0.02,0.99,6.59,-0.67,0.42,3480,0,11.80,12.29,0,0
684.040,-7.286777,112.796017,1.43,1.620,0.194,-0.49,-0.37,334.23,334.23,0.00,0.32,0,0.0,0.04,0.00,0.99,6.16,-0.73,0.36,3300,0,11.86,12.37,0,0
684.140,-7.286776,112.796016,1.59,1.579,-0.017,-0.37,-0.37,334.25,334.25,0.00,0.40,0,0.0,0.04,0.00,0.99,2.62,-0.36,0.36,3000,0,11.51,12.32,0,0
684.240,-7.286775,112.796016,1.37,1.405,0.132,-0.37,-0.37,334.27,334.27,0.00,0.32,0,0.0,0.04,0.00,0.99,-2.13,-0.24,0.18,2640,0,11.59,12.32,0,0
684.340,-7.286774,112.796016,1.34,1.285,0.237,-0.55,-0.31,334.31,334.31,0.00,0.32,0,0.0,0.04,0.00,0.98,-5.37,-0.24,0.00,2279,0,11.73,12.33,0,0
684.440,-7.286773,112.796015,1.46,1.343,0.011,-0.37,-0.31,334.37,334.37,0.00,0.32,0,0.0,0.04,-0.01,0.99,-5.85,-0.30,0.00,1920,0,11.81,12.35,0,0
684.540,-7.286772,112.796014,1.36,1.384,-0.148,-0.67,-0.01,334.44,334.44,0.00,0.32,0,0.0,0.04,-0.02,0.99,-3.47,-0.30,0.06,1559,0,11.68,12.32,0,0
684.640,-7.286771,112.796014,1.17,1.270,0.039,-0.37,-0.31,334.51,334.51,0.00,0.32,0,0.0,0.03,-0.03,0.99,0.42,-0.42,0.12,1200,0,11.68,12.32,0,0
684.740,-7.286771,112.796014,1.17,0.889,0.026,-0.37,-0.19,334.57,334.57,0.00,0.32,0,0.0,0.03,-0.02,0.99,4.33,-0.61,0.24,839,0,11.82,12.35,0,0
684.840,-7.286769,112.796013,1.18,1.367,0.004,-0.37,-0.31,334.63,334.63,0.00,0.64,0,0.0,0.03,-0.01,0.99,5.79,-0.73,0.06,480,0,11.83,12.36,0,0
684.940,-7.286768,112.796013,1.15,1.258,0.145,-0.31,-0.31,334.68,334.68,0.00,29.43,0,0.0,0.03,0.00,0.99,4.02,-0.79,0.00,240,0,11.81,12.36,0,0
685.040,-7.286767,112.796013,1.28,1.183,0.243,16.76,16.61,334.73,334.73,0.00,31.53,0,0.0,0.03,0.01,0.99,-0.06,-0.73,-0.18,60,0,11.88,12.03,0,0
685.140,-7.286766,112.796012,0.92,1.271,0.012,31.27,31.64,334.80,334.80,0.00,-7.01,0,0.0,0.03,0.00,0.99,-4.88,-0.48,-0.54,0,0,11.79,12.12,0,0
685.240,-7.286765,112.796012,1.08,1.192,0.147,29.19,26.82,334.94,334.94,0.00,0.32,0,0.0,0.03,0.00,0.99,-7.32,-0.18,-0.97,0,0,11.86,11.94,0,0
685.340,-7.286764,112.796012,1.09,1.137,0.241,3.61,4.31,335.12,335.12,0.00,0.24,0,0.0,0.03,-0.02,0.99,-5.12,-0.12,-1.15,0,0,11.68,12.21,0,0
685.440,-7.286763,112.796011,0.99,1.238,0.005,-0.13,-0.25,335.31,335.31,0.00,-0.08,0,0.0,0.03,-0.03,0.99,0.36,0.00,-1.09,0,0,11.72,12.36,0,0
685.540,-7.286762,112.796010,1.22,1.307,-0.163,0.16,-0.55,335.51,335.51,0.00,22.82,0,0.0,0.03,-0.02,0.99,5.24,0.30,-1.09,0,0,11.73,12.32,0,0
685.642,-7.286762,112.796010,0.84,0.915,-0.117,11.88,11.62,335.71,335.71,0.00,-18.87,0,0.0,0.02,0.00,0.99,7.08,0.30,-1.15,0,0,11.72,12.29,0,0
685.742,-7.286762,112.796010,0.84,0.640,-0.084,19.55,15.00,335.89,335.89,0.00,0.64,0,0.0,0.02,0.00,0.99,4.02,0.42,-1.34,0,0,11.77,11.93,0,0
685.842,-7.286760,112.796010,0.97,1.058,0.210,1.40,1.16,336.09,336.09,0.00,0.40,0,0.0,0.02,0.01,0.99,-0.24,0.61,-1.64,0,0,11.74,12.25,0,0
685.942,-7.286759,112.796010,0.93,1.046,0.279,-0.19,-0.19,336.29,336.29,0.00,0.96,0,0.0,0.02,0.00,0.99,-4.08,0.85,-1.52,0,0,11.79,12.37,0,0
686.042,-7.286758,112.796009,0.97,1.171,0.022,0.04,-0.07,336.52,336.52,0.00,0.40,0,0.0,0.02,0.00,0.99,-5.79,0.79,-1.70,0,0,11.82,12.49,0,0
686.142,-7.286757,112.796009,1.13,1.126,0.143,-0.07,-0.37,336.75,336.75,0.00,2.66,0,0.0,0.02,-0.02,0.99,-4.33,0.79,-1.64,0,0,11.76,12.30,0,0
686.242,-7.286756,112.796009,1.01,1.096,0.227,1.88,1.88,337.00,337.00,0.00,0.24,0,0.0,0.02,-0.02,0.99,-0.61,0.73,-1.46,0,0,11.64,12.29,0,0
686.342,-7.286755,112.796008,0.99,1.203,-0.020,1.76,1.52,337.21,337.21,0.00,0.32,0,0.0,0.02,-0.02,0.98,3.11,0.61,-1.28,0,0,11.82,12.42,0,0
686.442,-7.286755,112.796008,0.67,0.842,-0.017,0.33,-0.37,337.42,337.42,0.00,0.24,0,0.0,0.02,-0.01,0.98,4.69,0.12,-1.22,0,0,11.73,12.36,0,0
686.542,-7.286754,112.796008,1.02,0.898,0.113,-0.01,-0.31,337.63,337.63,0.00,0.32,0,0.0,0.02,0.00,0.99,3.35,0.00,-1.28,0,0,11.55,12.32,0,0
686.642,-7.286753,112.796008,0.80,0.938,0.203,0.16,-0.19,337.83,337.83,0.00,0.32,0,0.0,0.02,0.00,0.99,0.12,0.00,-1.52,0,0,11.60,12.36,0,0
686.742,-7.286753,112.796008,0.80,0.657,0.140,0.10,-0.37,338.04,338.04,0.00,0.40,0,0.0,0.02,0.00,0.99,-3.11,0.18,-1.64,0,0,11.80,12.35,0,0
686.842,-7.286752,112.796008,0.80,0.770,0.219,0.04,-0.19,338.27,338.27,0.00,0.24,0,0.0,0.02,0.00,0.99,-4.69,-0.06,-1.58,0,0,11.54,12.36,0,0
686.942,-7.286751,112.796007,0.67,0.971,-0.034,-0.07,-0.37,338.51,338.51,0.00,0.40,0,0.0,0.02,-0.02,0.99,-3.60,-0.24,-1.52,0,0,11.72,12.35,0,0
687.042,-7.286750,112.796007,0.83,0.991,0.094,0.04,-0.31,338.73,338.73,0.00,0.40,0,0.0,0.02,-0.02,0.98,-0.61,-0.54,-1.52,0,0,11.80,12.36,0,0
687.142,-7.286750,112.796007,0.65,0.694,0.063,0.16,-0.07,338.96,338.96,0.00,0.40,0,0.0,0.02,-0.02,0.98,2.25,-0.91,-1.46,0,0,11.57,12.32,0,0
687.242,-7.286749,112.796007,0.67,0.798,0.161,0.16,-0.37,339.18,339.18,0.00,0.16,0,0.0,0.02,-0.01,0.99,3.41,-0.91,-1.34,0,0,11.55,12.35,0,0
687.342,-7.286748,112.796006,0.76,0.987,-0.082,0.16,-0.31,339.40,339.40,0.00,0.32,0,0.0,0.02,0.00,1.00,2.56,-0.79,-1.40,0,0,11.76,12.32,0,0
687.442,-7.286748,112.796006,0.79,0.691,-0.060,0.16,-0.25,339.62,339.62,0.00,0.40,0,0.0,0.02,0.00,0.99,0.79,-0.54,-1.64,0,0,11.67,12.35,0,0
687.542,-7.286747,112.796006,0.91,0.797,0.071,-0.13,-0.31,339.85,339.85,0.00,0.40,0,0.0,0.02,0.00,0.99,-1.52,-0.36,-1.64,0,0,11.57,12.37,0,0
687.643,-7.286746,112.796005,0.67,0.980,-0.148,0.04,-0.37,340.09,340.09,0.00,0.32,0,0.0,0.02,0.00,0.99,-3.05,-0.36,-1.77,0,0,11.63,12.36,0,0
687.743,-7.286746,112.796005,0.67,0.686,-0.107,0.10,-0.37,340.34,340.34,0.00,0.32,0,0.0,0.02,-0.01,0.99,-2.74,-0.12,-1.89,0,0,11.80,12.36,0,0
687.843,-7.286745,112.796005,0.74,0.794,0.034,0.04,-0.49,340.60,340.60,0.00,0.32,0,0.0,0.02,-0.01,0.99,-0.91,0.12,-1.89,0,0,11.61,12.37,0,0
687.943,-7.286744,112.796004,0.81,0.980,-0.182,-0.07,-0.31,340.88,340.88,0.00,0.40,0,0.0,0.02,-0.02,0.99,1.03,0.18,-1.95,0,0,11.68,12.32,0,0
688.043,-7.286744,112.796004,0.65,0.685,-0.131,-0.07,-0.37,341.14,341.14,0.00,0.32,0,0.0,0.02,-0.01,0.99,2.44,0.24,-1.70,0,0,11.78,12.36,0,0
688.143,-7.286743,112.796004,0.65,0.795,0.013,0.04,0.21,341.38,341.38,0.00,0.24,0,0.0,0.02,0.00,0.99,2.31,0.48,-1.58,0,0,11.73,12.36,0,0
688.243,-7.286742,112.796004,0.89,0.873,0.112,0.04,-0.25,341.61,341.61,0.00,-0.80,0,0.0,0.01,0.00,0.99,0.97,0.67,-1.52,0,0,11.74,12.32,0,0
688.343,-7.286742,112.796004,0.52,0.612,0.076,-0.97,-0.67,341.82,341.82,0.00,0.40,0,0.0,0.01,0.00,0.99,-0.79,0.67,-1.40,0,0,11.68,12.35,0,0
688.443,-7.286741,112.796003,0.83,0.848,-0.160,-0.67,-0.61,342.04,342.04,0.00,0.24,0,0.0,0.01,0.00,0.99,-2.07,0.61,-1.52,0,0,11.76,12.36,0,0
688.543,-7.286740,112.796003,0.71,0.911,-0.013,-0.67,-0.79,342.26,342.26,0.00,0.32,0,0.0,0.01,-0.01,0.99,-2.01,0.42,-1.40,0,0,11.63,12.32,0,0
688.643,-7.286740,112.796003,0.54,0.637,-0.011,-0.85,-1.44,342.48,342.48,0.00,-1.61,0,0.0,0.01,-0.01,0.99,-1.09,0.12,-1.40,0,0,11.71,12.32,0,0
688.743,-7.286740,112.796003,0.54,0.446,-0.010,-1.56,-1.44,342.69,342.69,0.00,0.40,0,0.0,0.01,-0.01,0.98,0.00,-0.06,-1.28,0,0,11.79,12.36,0,0
688.843,-7.286739,112.796002,0.63,0.728,-0.226,-0.43,-0.25,342.89,342.89,0.00,0.64,0,0.0,0.01,-0.01,0.99,0.85,-0.06,-1.09,0,0,11.63,12.30,0,0
688.943,-7.286738,112.796002,0.82,0.829,-0.063,-0.19,-0.31,343.09,343.09,0.00,29.67,0,0.0,0.01,-0.01,0.99,1.28,-0.12,-1.03,0,0,11.74,12.36,0,0
689.043,-7.286738,112.796002,0.40,0.580,-0.046,17.59,17.44,343.27,343.27,0.00,-10.88,0,0.0,0.01,0.00,0.99,1.09,-0.18,-1.15,0,0,11.78,12.01,0,0
689.143,-7.286737,112.796002,0.57,0.726,0.061,23.30,17.32,343.47,343.47,0.00,0.16,0,0.0,0.01,0.00,0.99,0.12,-0.54,-1.22,0,0,11.77,11.92,0,0
689.243,-7.286737,112.796002,0.63,0.508,0.041,1.46,0.99,343.66,343.66,0.00,0.32,0,0.0,0.01,0.00,0.99,-0.48,-0.67,-1.22,0,0,11.79,12.35,0,0
689.343,-7.286736,112.796001,0.62,0.768,-0.197,-0.55,-0.43,343.86,343.86,0.00,0.32,0,0.0,0.01,0.00,0.99,-1.09,-0.67,-1.34,0,0,11.68,12.35,0,0
689.443,-7.286736,112.796001,0.54,0.537,-0.140,-0.43,-0.37,344.06,344.06,0.00,0.24,0,0.0,0.01,-0.01,0.99,-1.22,-0.61,-1.34,0,0,11.78,12.31,0,0
689.543,-7.286735,112.796001,0.60,0.697,-0.009,-0.25,-0.31,344.29,344.29,0.00,17.82,0,0.0,0.01,-0.01,0.99,-1.03,-0.42,-1.58,0,0,11.72,12.36,0,0
689.643,-7.286735,112.796001,0.39,0.488,-0.008,10.33,10.91,344.52,344.52,0.00,5.16,0,0.0,0.01,-0.01,1.00,-0.06,0.00,-1.46,0,0,11.79,12.32,0,0
689.743,-7.286734,112.796001,0.68,0.663,0.080,10.09,9.60,344.76,344.76,0.00,0.32,0,0.0,0.01,-0.01,0.99,1.28,0.24,-1.64,0,0,11.80,12.32,0,0
689.843,-7.286734,112.796001,0.62,0.464,0.054,1.58,1.05,345.00,345.00,0.00,0.08,0,0.0,0.01,-0.01,0.99,2.13,0.24,-1.58,0,0,11.68,12.25,0,0
689.943,-7.286734,112.796000,0.36,0.410,-0.283,-0.07,-0.43,345.23,345.23,0.00,-8.22,0,0.0,0.01,0.00,0.99,1.77,0.18,-1.64,0,0,11.73,12.52,0,0
690.043,-7.286733,112.796000,0.64,0.609,-0.116,-6.20,-6.25,345.45,345.45,0.00,0.32,0,0.0,0.01,0.00,0.99,0.36,0.30,-1.58,0,0,11.80,12.30,0,0
690.143,-7.286732,112.796000,0.57,0.749,0.000,-1.74,-0.85,345.66,345.66,0.00,0.40,0,0.0,0.01,0.00,0.99,-1.22,0.36,-1.40,0,0,11.61,12.29,0,0
690.243,-7.286732,112.796000,0.43,0.524,-0.002,-0.37,-0.43,345.87,345.87,0.00,-15.48,0,0.0,0.01,0.00,0.99,-2.07,0.48,-1.52,0,0,11.73,12.32,0,0
690.343,-7.286732,112.796000,0.41,0.367,-0.003,-9.71,-10.11,346.08,346.08,0.00,-18.06,0,0.0,0.01,-0.01,0.99,-1.77,0.67,-1.40,0,0,11.78,12.36,0,0
690.443,-7.286731,112.795999,0.40,0.659,-0.245,-17.74,-17.89,346.28,346.28,0.00,-34.43,0,0.0,0.01,-0.01,0.99,-0.54,0.54,-1.09,0,0,11.68,12.30,0,0
690.543,-7.286731,112.795999,0.42,0.461,-0.173,-29.53,-29.48,346.47,346.47,0.00,-16.53,0,0.0,0.01,-0.01,0.98,0.48,0.24,-0.91,0,0,11.73,12.44,0,0
690.643,-7.286730,112.795999,0.43,0.647,-0.045,-26.07,-24.78,346.62,346.62,0.00,0.40,0,0.0,0.01,-0.01,0.98,1.15,-0.18,-0.73,0,0,11.78,12.36,0,0
690.743,-7.286730,112.795999,0.41,0.453,-0.032,2.30,-0.25,346.76,346.76,0.00,0.40,0,0.0,0.01,0.00,0.98,0.48,-0.48,-0.61,0,0,11.69,12.18,0,0
690.843,-7.286730,112.795999,0.49,0.317,-0.024,-0.61,-0.61,346.91,346.91,0.00,0.32,0,0.0,0.01,0.00,0.99,-0.48,-0.67,-0.79,0,0,11.62,12.26,0,0
690.943,-7.286729,112.795998,0.45,0.621,-0.265,-0.01,-0.25,347.08,347.08,0.00,0.24,0,0.0,0.01,0.00,0.99,-0.91,-0.67,-1.03,0,0,11.72,12.30,0,0
691.043,-7.286729,112.795998,0.36,0.434,-0.187,-0.37,-0.25,347.26,347.26,0.00,0.40,0,0.0,0.01,-0.01,0.99,-0.91,-0.42,-1.22,0,0,11.60,12.36,0,0
691.143,-7.286728,112.795998,0.50,0.629,-0.059,-0.43,-0.67,347.45,347.45,0.00,0.24,0,0.0,0.01,-0.01,0.99,-0.42,-0.42,-1.34,0,0,11.80,12.32,0,0
691.243,-7.286728,112.795998,0.31,0.440,-0.043,-0.37,-0.25,347.67,347.67,0.00,0.40,0,0.0,0.01,-0.01,0.99,0.12,-0.30,-1.46,0,0,11.94,12.32,0,0
691.343,-7.286728,112.795998,0.42,0.308,-0.032,-0.55,-0.55,347.90,347.90,0.00,0.32,0,0.0,0.01,-0.01,0.99,0.54,-0.24,-1.64,0,0,11.74,12.35,0,0
691.443,-7.286727,112.795998,0.50,0.542,0.046,-0.37,-0.13,348.14,348.14,0.00,0.24,0,0.0,0.01,-0.01,0.99,0.67,0.00,-1.64,0,0,11.59,12.36,0,0
691.543,-7.286727,112.795998,0.31,0.379,0.030,-0.25,-1.20,348.37,348.37,0.00,0.32,0,0.0,0.01,-0.01,0.99,0.24,0.24,-1.70,0,0,11.60,12.35,0,0
691.643,-7.286726,112.795998,0.33,0.593,0.086,-0.31,-0.61,348.61,348.61,0.00,0.40,0,0.0,0.01,-0.01,0.99,-0.30,0.42,-1.77,0,0,11.77,12.39,0,0
691.743,-7.286726,112.795998,0.58,0.415,0.058,-0.43,-0.43,348.85,348.85,0.00,0.40,0,0.0,0.01,-0.01,0.99,-1.03,0.61,-1.70,0,0,11.74,12.36,0,0
691.843,-7.286725,112.795998,0.56,0.618,0.103,-0.43,-0.49,349.09,349.09,0.00,0.32,0,0.0,0.01,-0.01,0.99,-1.22,0.36,-1.64,0,0,11.57,12.36,0,0
691.943,-7.286725,112.795997,0.58,0.494,-0.255,-0.37,-0.49,349.32,349.32,0.00,0.40,0,0.0,0.01,-0.01,0.99,-0.79,0.36,-1.64,0,0,11.75,12.36,0,0
692.043,-7.286724,112.795997,0.27,0.673,-0.119,-0.55,-0.55,349.55,349.55,0.00,0.40,0,0.0,0.01,-0.02,0.99,0.06,0.24,-1.46,0,0,11.81,12.35,0,0
692.143,-7.286724,112.795997,0.47,0.471,-0.085,-0.31,-0.55,349.77,349.77,0.00,0.24,0,0.0,0.01,-0.01,0.99,0.91,0.00,-1.46,0,0,11.73,12.35,0,0
692.243,-7.286723,112.795997,0.49,0.658,-0.003,-0.07,-0.43,349.98,349.98,0.00,0.40,0,0.0,0.01,-0.01,0.98,1.09,-0.06,-1.40,0,0,11.69,12.35,0,0
692.343,-7.286723,112.795997,0.38,0.461,-0.004,-0.55,-0.19,350.19,350.19,0.00,0.56,0,0.0,0.01,0.00,0.98,0.73,-0.42,-1.64,0,0,11.61,12.35,0,0
692.443,-7.286723,112.795997,0.47,0.322,-0.004,-0.31,-0.55,350.43,350.43,0.00,0.24,0,0.0,0.01,0.00,0.99,-0.06,-0.67,-1.83,0,0,11.77,12.37,0,0
692.543,-7.286722,112.795997,0.50,0.555,0.050,-0.37,-0.43,350.67,350.67,0.00,0.32,0,0.0,0.01,0.00,0.99,-0.91,-0.48,-1.89,0,0,11.62,12.32,0,0
692.643,-7.286722,112.795996,0.37,0.441,-0.293,-0.31,-0.43,350.93,350.93,0.00,0.32,0,0.0,0.01,-0.01,1.00,-1.52,-0.12,-2.01,0,0,11.72,12.29,0,0
692.743,-7.286722,112.795996,0.37,0.308,-0.207,0.04,-0.43,351.18,351.18,0.00,0.32,0,0.0,0.01,-0.01,0.99,-1.28,0.12,-1.95,0,0,11.83,12.36,0,0
692.843,-7.286721,112.795997,0.44,0.495,0.231,-0.43,-0.43,351.44,351.44,0.00,0.24,0,0.0,0.01,-0.01,0.99,-0.30,0.00,-2.01,0,0,11.76,12.36,0,0
692.943,-7.286721,112.795997,0.38,0.347,0.160,-0.25,-0.43,351.71,351.71,0.00,0.24,0,0.0,0.01,-0.01,0.99,0.67,-0.12,-2.13,0,0,11.61,12.32,0,0
693.043,-7.286720,112.795997,0.38,0.574,0.157,-0.43,-0.55,351.99,351.99,0.00,0.32,0,0.0,0.01,-0.01,0.99,1.34,-0.12,-2.13,0,0,11.82,12.35,0,0
693.143,-7.286720,112.795996,0.42,0.447,-0.220,-0.37,-0.13,352.26,352.26,0.00,0.40,0,0.0,0.01,-0.01,1.00,1.09,0.12,-2.01,0,0,11.78,12.34,0,0
693.243,-7.286719,112.795996,0.48,0.643,-0.112,-0.37,-0.43,352.51,352.51,0.00,0.32,0,0.0,0.01,-0.01,0.99,0.36,0.42,-1.77,0,0,11.76,12.39,0,0
693.343,-7.286719,112.795996,0.54,0.450,-0.080,-0.31,-0.49,352.74,352.74,0.00,0.32,0,0.0,0.01,-0.01,0.98,-0.67,0.30,-1.58,0,0,11.58,12.35,0,0
693.443,-7.286718,112.795996,0.48,0.646,-0.016,-0.43,-0.55,352.95,352.95,0.00,0.24,0,0.0,0.01,-0.01,0.98,-1.40,0.00,-1.52,0,0,11.82,12.35,0,0
693.543,-7.286718,112.795996,0.31,0.452,-0.013,-0.19,-0.67,353.17,353.17,0.00,0.32,0,0.0,0.01,-0.01,0.99,-1.40,-0.24,-1.58,0,0,11.70,12.39,0,0
693.643,-7.286717,112.795996,0.36,0.648,0.028,-0.37,-0.49,353.39,353.39,0.00,0.32,0,0.0,0.01,-0.01,0.99,-0.30,0.00,-1.52,0,0,11.62,12.36,0,0
693.743,-7.286717,112.795996,0.36,0.453,0.018,-0.25,-0.43,353.61,353.61,0.00,0.24,0,0.0,0.01,-0.01,0.99,0.97,0.06,-1.52,0,0,11.67,12.36,0,0
693.843,-7.286717,112.795996,0.32,0.317,0.011,-0.49,-0.67,353.82,353.82,0.00,0.24,0,0.0,0.01,-0.01,0.98,1.58,-0.18,-1.52,0,0,11.73,12.32,0,0
693.943,-7.286716,112.795996,0.20,0.554,0.042,-0.49,0.21,354.04,354.04,0.00,0.32,0,0.0,0.01,0.00,0.98,0.91,-0.42,-1.64,0,0,11.54,12.35,0,0
694.043,-7.286716,112.795996,0.20,0.388,0.028,-0.31,-0.43,354.27,354.27,0.00,0.32,0,0.0,0.01,0.00,0.99,-0.42,-0.36,-1.83,0,0,11.76,12.32,0,0
694.143,-7.286716,112.795996,0.31,0.272,0.018,-0.37,-0.37,354.51,354.51,0.00,0.24,0,0.0,0.01,-0.01,0.99,-1.22,-0.12,-1.95,0,0,11.78,12.32,0,0
694.243,-7.286715,112.795995,0.45,0.553,-0.287,-0.43,-0.43,354.76,354.76,0.00,0.24,0,0.0,0.01,-0.01,0.99,-1.03,0.00,-2.01,0,0,11.63,12.33,0,0
694.343,-7.286715,112.795996,0.27,0.357,0.127,-0.31,-0.19,355.02,355.02,0.00,0.24,0,0.0,0.01,-0.01,0.99,-0.30,0.24,-1.95,0,0,11.75,12.32,0,0
694.443,-7.286715,112.795996,0.17,0.250,0.088,-0.37,-0.49,355.27,355.27,0.00,0.32,0,0.0,0.01,-0.01,0.99,0.00,0.18,-1.89,0,0,11.64,12.36,0,0
694.543,-7.286715,112.795996,0.26,0.176,0.061,0.04,-0.49,355.50,355.50,0.00,0.48,0,0.0,0.01,-0.01,0.99,-0.12,0.12,-1.77,0,0,11.59,12.35,0,0
694.643,-7.286714,112.795996,0.34,0.456,0.067,-0.55,-0.37,355.71,355.71,0.00,0.16,0,0.0,0.01,-0.01,0.99,-0.24,0.24,-1.40,0,0,11.79,12.34,0,0
694.743,-7.286714,112.795996,0.34,0.319,0.046,-0.31,-0.67,355.90,355.90,0.00,0.32,0,0.0,0.01,-0.01,0.99,0.00,0.24,-1.28,0,0,11.64,12.32,0,0
694.843,-7.286714,112.795996,0.34,0.223,0.031,-0.31,-0.55,356.08,356.08,0.00,0.24,0,0.0,0.01,-0.01,0.99,0.67,0.24,-1.15,0,0,11.56,12.34,0,0
694.943,-7.286713,112.795995,0.48,0.511,-0.287,-0.61,-0.37,356.25,356.25,0.00,0.32,0,0.0,0.01,-0.01,0.98,0.73,-0.06,-1.09,0,0,11.64,12.30,0,0
695.043,-7.286713,112.795995,0.30,0.357,-0.202,-0.43,-0.43,356.41,356.41,0.00,0.32,0,0.0,0.01,-0.01,0.98,0.18,-0.30,-1.09,0,0,11.79,12.37,0,0
695.143,-7.286713,112.795995,0.23,0.250,-0.142,-0.61,-0.37,356.57,356.57,0.00,0.40,0,0.0,0.01,-0.01,0.99,-0.48,-0.42,-1.15,0,0,11.80,12.39,0,0
695.243,-7.286712,112.795995,0.37,0.507,-0.081,-0.13,-0.55,356.75,356.75,0.00,0.32,0,0.0,0.01,-0.01,0.99,-0.54,-0.48,-1.34,0,0,11.68,12.32,0,0
695.343,-7.286712,112.795995,0.42,0.355,-0.058,-0.55,-0.19,356.95,356.95,0.00,0.32,0,0.0,0.01,-0.01,0.99,0.00,-0.30,-1.40,0,0,11.81,12.36,0,0
695.443,-7.286711,112.795995,0.33,0.582,-0.025,-0.37,-0.19,357.16,357.16,0.00,0.32,0,0.0,0.01,-0.01,0.99,0.36,-0.06,-1.52,0,0,11.67,12.37,0,0
695.543,-7.286711,112.795995,0.24,0.407,-0.019,-0.37,-0.43,357.37,357.37,0.00,0.40,0,0.0,0.01,-0.01,0.99,0.00,0.12,-1.70,0,0,11.55,12.35,0,0
695.643,-7.286711,112.795995,0.32,0.285,-0.014,-0.49,-0.55,357.59,357.59,0.00,0.32,0,0.0,0.01,-0.01,0.99,-0.48,0.24,-1.70,0,0,11.79,12.39,0,0
695.743,-7.286711,112.795995,0.32,0.199,-0.011,-0.37,-0.43,357.81,357.81,0.00,0.32,0,0.0,0.01,-0.01,0.99,-0.54,0.30,-1.52,0,0,11.67,12.36,0,0
695.843,-7.286710,112.795995,0.15,0.473,0.004,-0.43,-0.73,358.00,358.00,0.00,0.40,0,0.0,0.01,-0.02,0.99,-0.24,0.42,-1.22,0,0,11.55,12.35,0,0
695.943,-7.286710,112.795995,0.29,0.331,0.002,-0.25,-0.43,358.16,358.16,0.00,0.40,0,0.0,0.01,-0.01,0.98,0.00,0.30,-0.97,0,0,11.82,12.33,0,0
696.043,-7.286710,112.795995,0.23,0.232,0.001,-0.25,-0.43,358.29,358.29,0.00,0.40,0,0.0,0.01,-0.01,0.99,-0.06,0.24,-0.67,0,0,11.66,12.43,0,0
696.143,-7.286709,112.795995,0.23,0.496,0.009,-0.43,-0.61,358.41,358.41,0.00,0.24,0,0.0,0.01,-0.01,0.99,-0.06,0.24,-0.61,0,0,11.74,12.37,0,0
696.243,-7.286709,112.795995,0.36,0.347,0.006,-0.25,-0.55,358.52,358.52,0.00,0.24,0,0.0,0.01,-0.01,0.99,0.30,-0.12,-0.48,0,0,11.62,12.35,0,0
696.343,-7.286709,112.795995,0.25,0.243,0.004,-0.37,-0.43,358.62,358.62,0.00,0.24,0,0.0,0.00,-0.01,0.98,0.79,-0.73,-0.54,0,0,11.59,12.32,0,0
696.443,-7.286708,112.795995,0.28,0.504,0.009,-0.73,-0.55,358.75,358.75,0.00,0.32,0,0.0,0.01,0.00,0.98,0.61,-1.03,-0.79,0,0,11.63,12.32,0,0
696.543,-7.286708,112.795995,0.29,0.352,0.006,-0.43,-0.31,358.89,358.89,0.00,0.24,0,0.0,0.01,0.00,0.99,-0.18,-0.97,-0.97,0,0,11.80,12.35,0,0
696.643,-7.286708,112.795995,0.21,0.247,0.003,-0.79,-0.55,359.05,359.05,0.00,0.24,0,0.0,0.01,-0.01,1.00,-0.85,-0.30,-1.28,0,0,11.71,12.36,0,0
696.743,-7.286707,112.795995,0.24,0.506,0.006,-0.43,-0.55,359.23,359.23,0.00,0.24,0,0.0,0.01,-0.01,1.00,-0.67,0.36,-1.22,0,0,11.80,12.35,0,0
696.843,-7.286707,112.795995,0.30,0.354,0.003,-0.37,-0.43,359.41,359.41,0.00,0.24,0,0.0,0.01,-0.01,0.99,-0.18,0.67,-1.28,0,0,11.67,12.36,0,0
696.943,-7.286707,112.795995,0.20,0.248,0.002,-0.49,-0.31,359.58,359.58,0.00,0.32,0,0.0,0.01,-0.01,0.99,-0.24,0.79,-1.03,0,0,11.63,12.36,0,0
697.043,-7.286707,112.795994,0.14,0.175,-0.330,-0.37,-1.02,359.74,359.74,0.00,0.24,0,0.0,0.01,-0.01,0.99,-0.42,0.73,-0.91,0,0,11.78,12.36,0,0
697.143,-7.286706,112.795994,0.14,0.456,-0.231,-0.31,-0.37,359.87,359.87,0.00,0.32,0,0.0,0.01,-0.01,0.99,-0.54,0.61,-0.61,0,0,11.64,12.32,0,0
697.243,-7.286706,112.795994,0.16,0.319,-0.162,-0.49,-0.49,359.97,359.97,0.00,0.32,0,0.0,0.00,-0.01,0.98,0.12,0.12,-0.42,0,0,11.73,12.32,0,0
697.343,-7.286706,112.795994,0.10,0.223,-0.114,-0.31,-0.55,0.07,0.07,0.00,0.24,0,0.0,0.00,-0.01,0.98,0.73,-0.24,-0.36,0,0,11.63,12.36,0,0
697.443,-7.286706,112.795995,0.18,0.157,0.251,-0.61,-0.43,0.17,0.17,0.00,0.32,0,0.0,0.01,-0.01,0.99,0.61,-0.61,-0.24,0,0,11.73,12.31,0,0
697.543,-7.286706,112.795995,0.33,0.110,0.176,0.21,-0.43,0.25,0.25,0.00,0.40,0,0.0,0.01,-0.01,0.99,0.12,-0.67,-0.36,0,0,11.80,12.34,0,0
697.643,-7.286705,112.795995,0.18,0.411,0.121,-0.37,-0.55,0.35,0.35,0.00,0.24,0,0.0,0.01,-0.01,0.99,0.00,-0.67,-0.54,0,0,11.75,12.36,0,0
697.743,-7.286705,112.795995,0.22,0.288,0.084,-0.43,-0.49,0.46,0.46,0.00,0.32,0,0.0,0.01,0.00,0.99,0.12,-0.73,-0.85,0,0,11.60,12.32,0,0
697.843,-7.286705,112.795995,0.24,0.202,0.058,-0.25,-0.43,0.62,0.62,0.00,0.40,0,0.0,0.01,0.00,0.99,0.06,-0.67,-1.09,0,0,11.80,12.37,0,0
697.943,-7.286704,112.795995,0.21,0.475,0.036,-0.25,-0.49,0.79,0.79,0.00,0.48,0,0.0,0.01,-0.01,1.00,-0.42,0.00,-1.22,0,0,11.77,12.35,0,0
698.043,-7.286704,112.795995,0.16,0.332,0.024,-0.43,-0.25,0.97,0.97,0.00,9.67,0,0.0,0.01,-0.01,1.00,-1.03,0.73,-1.22,0,0,11.55,12.36,0,0
698.143,-7.286704,112.795995,0.21,0.233,0.016,9.32,9.00,1.14,1.14,0.00,11.61,0,0.0,0.01,-0.01,0.99,-1.15,1.09,-1.15,0,0,11.82,12.29,0,0
698.243,-7.286704,112.795994,0.23,0.155,-0.320,10.81,11.14,1.31,1.31,0.00,19.59,0,0.0,0.01,-0.02,0.98,-0.61,1.03,-0.91,0,0,11.63,12.36,0,0
698.343,-7.286703,112.795994,0.29,0.442,-0.233,19.43,18.92,1.45,1.45,0.00,23.62,0,0.0,0.00,-0.02,0.98,0.06,0.73,-0.73,0,0,11.72,12.31,0,0
698.443,-7.286703,112.795994,0.22,0.309,-0.164,23.42,23.91,1.57,1.57,0.00,17.01,0,0.0,0.00,-0.02,0.98,0.48,0.18,-0.42,0,0,11.67,12.30,0,0
698.543,-7.286703,112.795994,0.37,0.216,-0.115,19.37,19.82,1.67,1.67,0.00,0.40,0,0.0,0.00,-0.01,0.98,0.54,-0.12,-0.30,0,0,11.73,12.26,0,0
698.643,-7.286702,112.795994,0.30,0.484,-0.091,8.49,7.04,1.76,1.76,0.00,0.32,0,0.0,0.00,-0.01,0.98,0.48,-0.61,-0.12,0,0,11.82,12.25,0,0
698.743,-7.286702,112.795994,0.11,0.339,-0.064,-0.43,-0.37,1.85,1.85,0.00,0.56,0,0.0,0.00,-0.01,0.99,0.36,-1.15,-0.36,0,0,11.82,12.33,0,0
698.843,-7.286702,112.795994,0.18,0.237,-0.045,-0.01,-0.37,1.96,1.96,0.00,5.72,0,0.0,0.01,0.00,0.99,0.36,-1.34,-0.79,0,0,11.74,12.37,0,0
698.943,-7.286702,112.795994,0.22,0.166,-0.032,4.68,4.67,2.10,2.10,0.00,14.91,0,0.0,0.01,0.00,1.00,0.06,-0.97,-1.03,0,0,11.58,12.31,0,0
699.043,-7.286701,112.795994,0.28,0.449,-0.036,12.77,14.11,2.28,2.28,0.00,16.85,0,0.0,0.01,0.00,1.00,-0.42,-0.18,-1.34,0,0,11.63,12.19,0,0
699.143,-7.286701,112.795994,0.38,0.315,-0.026,16.87,16.73,2.48,2.48,0.00,18.22,0,0.0,0.01,-0.01,1.00,-0.73,0.30,-1.58,0,0,11.81,12.30,0,0
699.243,-7.286700,112.795993,0.29,0.538,-0.366,17.17,17.26,2.70,2.70,0.00,19.75,0,0.0,0.01,-0.01,0.99,-0.67,0.85,-1.64,0,0,11.66,12.32,0,0
699.343,-7.286700,112.795993,0.25,0.375,-0.257,18.18,19.70,2.93,2.93,0.00,20.32,0,0.0,0.01,-0.01,0.99,-0.48,1.03,-1.52,0,0,11.66,12.30,0,0
699.443,-7.286700,112.795993,0.26,0.262,-0.181,19.31,19.28,3.13,3.13,0.00,21.20,0,0.0,0.01,-0.02,0.99,-0.54,1.15,-1.22,0,0,11.82,12.37,0,0
699.543,-7.286700,112.795993,0.28,0.183,-0.127,20.33,20.05,3.30,3.30,0.00,21.53,0,0.0,0.00,-0.02,0.98,-0.54,0.85,-0.91,0,0,11.69,12.00,0,0
699.643,-7.286699,112.795993,0.26,0.461,-0.109,20.39,20.29,3.43,3.43,0.00,21.61,0,0.0,0.00,-0.02,0.98,-0.42,0.30,-0.48,0,0,11.63,12.49,0,0
699.743,-7.286699,112.795993,0.26,0.323,-0.077,20.50,20.88,3.54,3.54,0.00,21.45,0,0.0,0.00,-0.02,0.98,0.00,-0.30,-0.48,0,0,11.73,12.39,0,0
699.843,-7.286699,112.795993,0.31,0.226,-0.054,20.33,20.41,3.64,3.64,0.00,21.45,0,0.0,0.00,-0.01,0.98,0.61,-1.03,-0.30,0,0,11.80,12.36,0,0
699.943,-7.286698,112.795993,0.25,0.491,-0.060,20.44,20.41,3.76,3.76,0.00,21.61,0,0.0,0.00,-0.01,0.99,1.28,-1.52,-0.67,0,0,11.84,12.35,0,0
700.043,-7.286698,112.795993,0.31,0.343,-0.043,20.44,20.41,3.90,3.90,0.00,21.85,0,0.0,0.01,0.00,0.99,1.52,-1.40,-1.03,0,0,11.69,12.31,0,0
700.143,-7.286698,112.795993,0.22,0.240,-0.031,20.86,21.00,4.09,4.09,0.00,22.50,0,0.0,0.01,0.00,1.00,1.22,-0.85,-1.58,0,0,11.54,12.37,0,0
700.243,-7.286698,112.795993,0.18,0.168,-0.022,21.93,22.07,4.33,4.33,0.00,22.58,0,0.0,0.00,0.00,1.01,0.00,0.18,-1.89,60,0,11.63,12.32,0,0
700.343,-7.286698,112.795993,0.17,0.118,-0.016,21.93,21.89,4.60,4.60,0.00,22.41,0,0.0,0.00,0.00,1.00,-1.40,1.15,-2.44,240,0,11.60,12.30,0,0
700.443,-7.286698,112.795994,0.18,0.111,0.318,21.87,22.19,4.90,4.90,0.00,22.66,0,0.0,0.00,-0.01,0.99,-3.17,1.40,-2.56,419,0,11.81,12.36,0,0
700.543,-7.286697,112.795994,0.18,0.411,0.192,22.23,21.95,5.21,5.21,0.00,22.74,0,0.0,0.00,-0.01,0.99,-3.84,1.22,-2.44,600,0,11.57,12.32,0,0
700.643,-7.286697,112.795994,0.23,0.288,0.133,21.81,21.42,5.52,5.52,0.00,26.69,0,0.0,0.00,-0.02,0.98,-2.86,0.79,-2.13,839,0,11.66,12.32,0,0
700.743,-7.286697,112.795994,0.23,0.202,0.092,26.57,26.53,5.81,5.81,0.00,27.98,0,0.0,0.00,-0.03,0.99,-0.54,0.00,-2.19,1020,0,11.74,12.28,0,0
700.843,-7.286696,112.795994,0.33,0.474,0.028,27.29,27.18,6.10,6.10,0.00,28.95,0,0.0,0.00,-0.03,0.98,1.09,0.00,-2.19,1200,0,11.67,12.30,0,0
700.943,-7.286696,112.795994,0.28,0.332,0.018,28.60,28.31,6.40,6.40,0.00,30.56,0,0.0,0.00,-0.02,0.99,2.25,-0.67,-2.44,1379,0,11.68,12.36,0,0
701.043,-7.286696,112.795994,0.24,0.232,0.011,30.56,30.33,6.72,6.72,0.00,35.80,0,0.0,0.00,-0.02,0.98,2.01,-0.79,-2.62,1559,0,11.73,12.32,0,0
701.143,-7.286696,112.795994,0.23,0.163,0.007,35.08,34.90,7.10,7.10,0.00,40.00,0,0.0,0.00,0.00,1.00,1.34,-1.28,-3.47,1800,0,11.76,12.32,0,0
701.243,-7.286695,112.795994,0.31,0.445,-0.040,39.78,40.61,7.56,7.56,0.00,40.00,0,0.0,0.00,0.00,0.99,0.48,-1.03,-4.51,1920,0,11.61,12.17,0,0
701.343,-7.286695,112.795994,0.20,0.311,-0.031,39.66,39.71,8.12,8.12,0.00,40.00,0,0.0,0.00,0.00,0.99,-0.36,-1.09,-5.55,1920,0,11.73,12.37,0,0
701.443,-7.286695,112.795994,0.31,0.217,-0.024,39.31,39.60,8.78,8.78,0.00,40.00,0,0.0,0.00,0.00,0.99,-0.97,-0.36,-6.46,1920,0,11.80,12.36,0,0
701.543,-7.286694,112.795994,0.31,0.481,-0.074,39.78,39.54,9.53,9.53,0.00,40.00,0,0.0,0.00,-0.01,0.99,-0.36,0.00,-7.20,1979,0,11.61,12.35,0,0
701.643,-7.286694,112.795994,0.31,0.336,-0.057,39.60,39.48,10.32,10.32,0.00,40.00,0,0.0,0.00,-0.01,1.00,-0.48,0.73,-7.56,1920,0,11.64,12.32,0,0
701.743,-7.286693,112.795993,0.40,0.498,-0.432,39.48,39.60,11.14,11.14,0.00,40.00,0,0.0,0.00,-0.01,0.99,-0.42,1.28,-7.69,1920,0,11.73,12.39,0,0
701.843,-7.286692,112.795993,0.55,0.671,-0.376,39.60,39.42,11.95,11.95,0.00,40.00,0,0.0,0.00,-0.01,0.99,-1.28,1.28,-7.50,1920,0,11.69,12.36,0,0
701.943,-7.286692,112.795993,0.52,0.466,-0.270,39.48,39.36,12.76,12.76,0.00,40.00,0,0.0,0.00,-0.02,0.98,-1.95,1.03,-7.20,1920,0,11.62,12.32,0,0
702.043,-7.286692,112.795993,0.45,0.323,-0.193,39.60,39.54,13.54,13.54,0.00,40.00,0,0.0,0.00,-0.02,0.99,-1.09,0.42,-7.20,1979,0,11.81,12.32,0,0
702.143,-7.286691,112.795993,0.51,0.548,-0.221,39.31,39.54,14.33,14.33,0.00,40.00,0,0.0,0.00,-0.02,0.98,-0.18,-0.18,-7.26,1920,0,11.59,12.36,0,0
702.243,-7.286690,112.795992,0.57,0.617,-0.567,39.31,39.42,15.13,15.13,0.00,40.00,0,0.0,0.00,-0.01,0.98,0.91,-0.61,-7.44,1920,0,11.78,12.36,0,0
702.343,-7.286690,112.795992,0.47,0.426,-0.403,39.60,39.54,15.96,15.96,0.00,40.00,0,0.0,0.00,-0.01,0.99,1.95,-1.22,-7.99,1920,0,11.80,12.35,0,0
702.443,-7.286690,112.795992,0.39,0.294,-0.287,39.54,39.48,16.85,16.85,0.00,40.00,0,0.0,0.00,0.00,0.99,2.01,-1.40,-8.54,1920,0,11.81,12.35,0,0
702.543,-7.286690,112.795992,0.33,0.202,-0.204,39.31,39.83,17.82,17.82,0.00,40.00,0,0.0,0.00,0.00,0.99,2.07,-1.46,-9.46,1859,0,11.73,12.36,0,0
702.643,-7.286689,112.795993,0.27,0.562,0.060,39.72,39.60,18.86,18.86,0.00,40.00,0,0.0,0.00,0.00,1.00,1.28,-0.85,-10.25,1920,0,11.73,12.29,0,0
702.743,-7.286689,112.795993,0.32,0.394,0.034,39.54,39.48,19.97,19.97,0.00,40.00,0,0.0,0.00,0.01,1.00,-0.18,-0.12,-10.98,1920,0,11.63,12.31,0,0
702.843,-7.286689,112.795993,0.38,0.276,0.018,39.66,39.54,21.14,21.14,0.00,40.00,0,0.0,0.00,0.00,1.00,-1.70,0.67,-11.29,1920,0,11.83,12.29,0,0
702.943,-7.286688,112.795993,0.34,0.502,-0.118,39.19,39.48,22.32,22.32,0.00,40.00,0,0.0,0.00,-0.01,0.99,-2.50,1.09,-11.16,1920,0,11.79,12.36,0,0
703.043,-7.286688,112.795993,0.40,0.350,-0.090,39.48,39.36,23.49,23.49,0.00,40.00,0,0.0,0.00,-0.01,0.99,-2.44,1.03,-11.16,1920,0,11.66,12.46,0,0
703.143,-7.286687,112.795993,0.42,0.547,-0.207,39.37,39.42,24.64,24.64,0.00,40.00,0,0.0,0.00,-0.03,0.98,-1.46,0.67,-10.80,1920,0,11.62,12.36,0,0
703.243,-7.286686,112.795993,0.61,0.680,-0.297,39.66,39.48,25.75,25.75,0.00,40.00,0,0.0,0.00,-0.03,0.98,-0.42,0.30,-10.37,1920,0,11.73,12.37,0,0
703.343,-7.286686,112.795993,0.42,0.472,-0.217,39.54,39.36,26.83,26.83,0.00,40.00,0,0.0,0.00,-0.02,0.98,0.36,-0.24,-10.13,1920,0,11.83,12.37,0,0
703.443,-7.286686,112.795994,0.24,0.482,0.135,39.60,39.60,27.89,27.89,0.00,40.00,0,0.0,0.00,-0.01,0.99,0.85,-0.48,-9.88,1920,0,11.75,12.35,0,0
703.543,-7.286686,112.795994,0.55,0.339,0.088,39.54,39.60,28.97,28.97,0.00,40.00,0,0.0,0.00,0.00,1.00,1.83,-0.61,-10.19,1979,0,11.58,12.36,0,0
703.643,-7.286685,112.795994,0.50,0.527,-0.110,39.60,39.66,30.08,30.08,0.00,40.00,0,0.0,0.00,0.00,0.99,1.83,-0.73,-10.68,1920,0,11.70,12.31,0,0
703.743,-7.286685,112.795994,0.50,0.368,-0.085,39.07,39.66,31.23,31.23,0.00,40.00,0,0.0,0.00,0.00,0.99,1.28,-1.28,-11.41,1920,0,11.68,12.31,0,0
703.843,-7.286685,112.795994,0.35,0.256,-0.065,39.31,39.36,32.47,32.47,0.00,40.00,0,0.0,0.00,0.00,1.00,0.79,-1.09,-12.08,1920,0,11.60,12.35,0,0
703.943,-7.286684,112.795994,0.34,0.456,-0.235,39.54,39.48,33.74,33.74,0.00,40.00,0,0.0,0.00,0.00,0.99,0.85,-0.85,-12.32,1920,0,11.80,12.36,0,0
704.043,-7.286684,112.795994,0.29,0.315,-0.172,39.48,39.36,35.06,35.06,0.00,40.00,0,0.0,0.00,0.00,1.00,0.61,-0.67,-12.87,1920,0,11.80,12.32,0,0
704.143,-7.286683,112.795994,0.39,0.486,-0.323,39.43,39.60,36.40,36.40,0.00,40.00,0,0.0,0.00,0.00,0.99,-0.06,0.18,-12.87,1920,0,11.75,12.36,0,0
704.243,-7.286683,112.795994,0.37,0.335,-0.234,39.43,39.30,37.72,37.72,0.00,40.00,0,0.0,0.00,0.00,0.99,-1.52,0.79,-12.69,1920,0,11.64,12.67,0,0
704.343,-7.286683,112.795994,0.21,0.231,-0.169,39.43,39.42,39.02,39.02,0.00,40.00,0,0.0,0.00,0.00,0.99,-2.86,1.22,-12.20,1920,0,11.77,12.32,0,0
704.443,-7.286683,112.795994,0.20,0.159,-0.122,39.37,39.24,40.28,40.28,0.00,40.00,0,0.0,0.00,-0.02,0.98,-3.29,1.28,-11.77,1920,0,11.68,12.35,0,0
704.543,-7.286682,112.795995,0.58,0.578,-0.061,39.54,39.71,41.51,41.51,0.00,40.00,0,0.0,0.00,-0.02,0.98,-1.83,0.48,-11.59,1920,0,11.73,12.37,0,0
704.643,-7.286682,112.795995,0.37,0.404,-0.051,39.25,39.48,42.72,42.72,0.00,40.00,0,0.0,0.00,0.00,0.97,-0.79,-0.36,-11.16,1920,0,11.70,12.32,0,0
704.743,-7.286682,112.795995,0.37,0.282,-0.042,39.60,39.71,43.92,43.92,0.00,40.00,0,0.0,0.00,0.00,0.98,1.40,-1.34,-11.47,1920,0,11.78,12.32,0,0
704.843,-7.286681,112.795996,0.39,0.667,-0.037,39.48,39.54,45.15,45.15,0.00,40.00,0,0.0,0.00,0.00,0.99,2.38,-1.58,-11.84,1920,0,11.62,12.35,0,0
704.943,-7.286681,112.795996,0.44,0.466,-0.036,39.48,39.60,46.43,46.43,0.00,40.00,0,0.0,0.00,0.00,1.00,3.29,-1.64,-12.20,1979,0,11.69,12.30,0,0
705.043,-7.286680,112.795996,0.51,0.550,-0.280,39.37,39.54,47.77,47.77,0.00,40.00,0,0.0,0.01,0.00,1.01,4.33,-1.40,-13.12,1920,0,11.62,12.32,0,0
705.143,-7.286680,112.795996,0.54,0.380,-0.205,39.37,39.48,49.16,49.16,0.00,40.00,0,0.0,0.00,0.01,1.00,3.66,-0.48,-13.48,1920,0,11.87,12.35,0,0
705.243,-7.286680,112.795996,0.41,0.262,-0.150,39.72,39.71,50.60,50.60,0.00,40.00,0,0.0,0.01,0.01,1.01,1.58,0.00,-13.85,1920,0,11.78,12.32,0,0
705.343,-7.286679,112.795997,0.46,0.647,-0.169,39.78,39.36,52.05,52.05,0.00,40.00,0,0.0,0.01,0.01,1.00,-1.52,0.73,-13.91,1920,0,11.73,12.32,0,0
705.443,-7.286679,112.795997,0.34,0.450,-0.130,39.25,40.19,53.48,53.48,0.00,40.00,0,0.0,0.00,0.00,0.99,-4.82,1.15,-13.61,1979,0,11.72,12.36,0,0
705.543,-7.286678,112.795997,0.48,0.504,-0.371,39.72,39.66,54.87,54.87,0.00,40.00,0,0.0,0.00,0.00,0.97,-6.34,0.91,-12.93,1920,0,11.55,12.37,0,0
705.643,-7.286678,112.795997,0.54,0.347,-0.268,39.31,39.66,56.21,56.21,0.00,40.00,0,0.0,0.00,-0.01,0.96,-6.28,0.73,-12.45,1920,0,11.63,12.32,0,0
705.743,-7.286678,112.795997,0.45,0.239,-0.193,39.37,39.54,57.52,57.52,0.00,40.00,0,0.0,0.00,-0.02,0.97,-3.66,-0.06,-12.08,1920,0,11.81,12.30,0,0
705.843,-7.286677,112.795998,0.47,0.620,-0.253,39.54,39.42,58.81,58.81,0.00,40.00,0,0.0,0.00,-0.02,0.98,0.61,-0.79,-12.14,1979,0,11.82,12.36,0,0
705.943,-7.286677,112.795998,0.47,0.430,-0.187,39.66,39.36,60.12,60.12,0.00,40.00,0,0.0,0.00,-0.02,1.00,5.06,-1.15,-12.57,1920,0,11.67,12.36,0,0
706.043,-7.286677,112.795998,0.61,0.298,-0.138,39.60,38.94,61.47,61.47,0.00,40.00,0,0.0,0.00,0.00,1.00,7.87,-1.34,-13.06,1920,0,11.79,12.35,0,0
706.143,-7.286677,112.795999,0.50,0.500,0.049,39.48,39.48,62.88,62.88,0.00,40.00,0,0.0,0.00,0.01,1.01,7.26,-1.15,-13.54,1920,0,11.79,12.35,0,0
706.243,-7.286677,112.795999,0.37,0.351,0.026,39.54,39.48,64.33,64.33,0.00,40.00,0,0.0,0.01,0.01,1.01,3.96,-0.85,-13.79,1920,0,11.64,12.32,0,0
706.343,-7.286676,112.795999,0.51,0.383,-0.293,39.43,39.42,65.80,65.80,0.00,40.00,0,0.0,0.01,0.02,1.00,0.12,-0.42,-14.09,1979,0,11.64,12.37,0,0
706.443,-7.286676,112.796000,0.47,0.568,-0.084,39.66,39.66,67.28,67.28,0.00,40.00,0,0.0,0.00,0.01,0.98,-4.45,0.12,-14.09,1920,0,11.82,12.39,0,0
706.543,-7.286676,112.796000,0.39,0.396,-0.069,39.72,39.48,68.74,68.74,0.00,40.00,0,0.0,0.00,0.00,0.98,-7.08,0.18,-13.91,1920,0,11.68,12.36,0,0
706.643,-7.286675,112.796001,0.53,0.700,-0.257,39.48,39.42,70.18,70.18,0.00,40.00,0,0.0,0.00,0.00,0.98,-7.26,0.42,-13.54,1920,0,11.61,12.32,0,0
706.743,-7.286675,112.796001,0.46,0.486,-0.192,39.66,39.36,71.59,71.59,0.00,40.00,0,0.0,0.00,-0.02,0.97,-5.31,0.24,-13.18,1920,0,11.76,12.32,0,0
706.843,-7.286675,112.796001,0.47,0.336,-0.143,39.54,39.60,73.00,73.00,0.00,40.00,0,0.0,0.00,-0.02,0.99,-1.52,-0.48,-13.42,1920,0,11.64,12.36,0,0
706.943,-7.286675,112.796002,0.52,0.552,-0.017,39.54,39.77,74.41,74.41,0.00,40.00,0,0.0,0.00,-0.02,0.99,2.44,-0.30,-13.36,1920,0,11.78,12.32,0,0
707.043,-7.286675,112.796002,0.59,0.386,-0.021,39.78,39.60,75.82,75.82,0.00,40.00,0,0.0,0.00,0.00,1.00,5.55,-0.54,-13.30,1920,0,11.80,12.30,0,0
707.143,-7.286674,112.796003,0.63,0.666,-0.274,40.02,39.48,77.24,77.24,0.00,40.00,0,0.0,0.00,0.00,1.00,7.50,-0.73,-13.48,1920,0,11.73,12.36,0,0
707.243,-7.286674,112.796003,0.46,0.461,-0.203,39.66,39.54,78.66,78.66,0.00,40.00,0,0.0,0.00,0.00,1.00,6.65,-0.54,-13.42,1979,0,11.61,12.32,0,0
707.343,-7.286674,112.796003,0.50,0.319,-0.150,39.37,39.54,80.09,80.09,0.00,40.00,0,0.0,0.01,0.00,1.00,3.29,-0.30,-13.48,1920,0,11.71,12.36,0,0
707.443,-7.286673,112.796004,0.58,0.597,-0.392,39.60,39.60,81.52,81.52,0.00,40.00,0,0.0,0.00,0.01,0.97,-1.52,0.06,-13.42,1920,0,11.68,12.36,0,0
707.543,-7.286673,112.796004,0.57,0.411,-0.285,39.13,39.60,82.95,82.95,0.00,40.00,0,0.0,0.00,0.01,0.97,-5.61,-0.30,-13.61,1920,0,11.78,12.37,0,0
707.643,-7.286673,112.796005,0.52,0.612,-0.174,39.48,39.36,84.39,84.39,0.00,40.00,0,0.0,0.00,0.00,0.98,-8.60,-0.54,-13.61,1920,0,11.76,12.37,0,0
707.743,-7.286673,112.796005,0.51,0.425,-0.133,40.20,39.77,85.85,85.85,0.00,40.00,0,0.0,0.00,0.00,0.98,-7.81,-0.73,-13.85,1979,0,11.80,12.36,0,0
707.843,-7.286673,112.796005,0.39,0.295,-0.101,39.37,39.24,87.33,87.33,0.00,40.00,0,0.0,0.01,-0.01,0.99,-3.41,-0.85,-14.03,1920,0,11.75,12.35,0,0
707.943,-7.286673,112.796006,0.59,0.536,-0.069,40.02,39.48,88.81,88.81,0.00,40.00,0,0.0,0.00,-0.03,1.00,2.50,-0.06,-14.03,1920,0,11.81,12.36,0,0
708.043,-7.286672,112.796006,0.38,0.372,-0.391,39.43,39.36,90.29,90.29,0.00,40.00,0,0.0,0.00,-0.02,1.01,7.14,0.24,-13.61,1920,0,11.69,12.30,0,0
708.143,-7.286673,112.796007,0.45,0.594,0.043,39.43,39.54,91.74,91.74,0.00,40.00,0,0.0,0.00,-0.01,1.00,8.91,0.42,-13.42,1920,0,11.69,12.31,0,0
708.243,-7.286672,112.796007,0.56,0.398,-0.313,39.48,39.54,93.14,93.14,0.00,40.00,0,0.0,0.00,0.01,0.98,6.28,0.36,-12.87,1920,0,11.60,12.35,0,0
708.343,-7.286672,112.796008,0.52,0.603,-0.252,40.02,39.66,94.53,94.53,0.00,40.00,0,0.0,0.00,0.03,0.98,0.85,-0.73,-12.87,1920,0,11.74,12.36,0,0
708.443,-7.286672,112.796008,0.51,0.418,-0.187,39.54,39.54,95.95,95.95,0.00,40.00,0,0.0,0.00,0.03,0.98,-3.78,-1.28,-13.48,1920,0,11.71,12.32,0,0
708.543,-7.286672,112.796008,0.52,0.289,-0.138,39.37,39.60,97.42,97.42,0.00,40.00,0,0.0,0.00,0.01,0.99,-6.10,-1.09,-13.97,1920,0,11.80,12.37,0,0
708.643,-7.286672,112.796009,0.60,0.527,-0.153,39.54,40.07,98.92,98.92,0.00,40.00,0,0.0,0.01,0.00,1.00,-5.61,-0.48,-14.03,1979,0,11.79,12.38,0,0
708.743,-7.286672,112.796009,0.60,0.366,-0.117,39.60,39.30,100.40,100.40,0.00,40.00,0,0.0,0.00,-0.01,0.99,-3.41,0.06,-13.91,1920,0,11.63,12.35,0,0
708.843,-7.286672,112.796010,0.52,0.578,-0.156,39.72,39.42,101.88,101.88,0.00,40.00,0,0.0,0.00,0.00,0.98,-0.36,0.30,-13.97,1920,0,11.71,12.32,0,0
708.943,-7.286672,112.796010,0.43,0.401,-0.120,39.37,39.18,103.36,103.36,0.00,40.00,0,0.0,0.00,0.00,0.99,2.31,0.12,-13.91,1920,0,11.75,12.35,0,0
709.043,-7.286672,112.796011,0.56,0.599,-0.176,39.48,39.54,104.83,104.83,0.00,40.00,0,0.0,0.00,0.00,0.99,4.08,-0.18,-13.79,1979,0,11.69,12.36,0,0
709.143,-7.286672,112.796011,0.41,0.416,-0.134,39.60,39.54,106.29,106.29,0.00,40.00,0,0.0,0.00,0.00,1.00,4.33,-0.18,-13.61,1979,0,11.73,12.43,0,0
709.243,-7.286672,112.796012,0.47,0.604,-0.201,39.43,39.60,107.71,107.71,0.00,40.00,0,0.0,0.00,0.01,0.99,3.23,-0.18,-13.00,1920,0,11.80,12.37,0,0
709.343,-7.286672,112.796012,0.43,0.419,-0.151,39.54,39.30,109.13,109.13,0.00,40.00,0,0.0,0.00,0.02,0.98,0.85,-0.48,-13.36,1920,0,11.68,12.32,0,0
709.443,-7.286672,112.796012,0.27,0.291,-0.113,39.54,39.54,110.57,110.57,0.00,40.00,0,0.0,0.00,0.02,0.97,-2.62,-0.67,-13.67,1979,0,11.73,12.37,0,0
709.543,-7.286672,112.796013,0.54,0.508,-0.209,39.72,39.42,112.06,112.06,0.00,40.00,0,0.0,0.00,0.00,0.99,-5.12,-0.91,-13.97,1979,0,11.78,12.30,0,0
709.643,-7.286672,112.796013,0.47,0.352,-0.155,40.02,40.01,113.55,113.55,0.00,40.00,0,0.0,0.00,0.00,0.99,-5.00,-0.42,-13.85,1920,0,11.79,12.37,0,0
709.743,-7.286672,112.796013,0.35,0.243,-0.115,39.72,39.66,115.03,115.03,0.00,40.00,0,0.0,0.00,-0.01,1.00,-2.07,-0.18,-13.85,1920,0,11.74,12.44,0,0
709.843,-7.286672,112.796014,0.38,0.464,-0.233,39.43,39.48,116.52,116.52,0.00,40.00,0,0.0,0.00,-0.02,0.99,1.46,0.00,-13.85,1920,0,11.73,12.36,0,0
709.943,-7.286672,112.796015,0.60,0.613,-0.327,39.60,39.36,118.01,118.01,0.00,40.00,0,0.0,0.00,-0.01,0.99,4.15,0.12,-14.09,1979,0,11.78,12.18,0,0
710.043,-7.286672,112.796015,0.34,0.423,-0.240,39.54,39.60,119.48,119.48,0.00,40.00,0,0.0,0.00,0.00,0.99,4.45,0.48,-13.73,1920,0,11.80,12.37,0,0
710.143,-7.286672,112.796015,0.52,0.292,-0.175,39.31,39.89,120.93,120.93,0.00,40.00,0,0.0,0.00,0.01,0.97,2.80,-0.18,-13.48,1920,0,11.64,12.24,0,0
710.243,-7.286672,112.796016,0.47,0.480,-0.305,39.43,39.18,122.41,122.41,0.00,40.00,0,0.0,0.00,0.02,0.98,0.73,-1.34,-14.03,1920,0,11.80,12.35,0,0
710.343,-7.286672,112.796016,0.43,0.330,-0.222,39.13,39.36,123.93,123.93,0.00,40.00,0,0.0,0.00,0.01,0.99,-2.74,-1.46,-14.28,1920,0,11.82,12.36,0,0
710.443,-7.286672,112.796016,0.47,0.227,-0.162,39.84,39.48,125.46,125.46,0.00,40.00,0,0.0,0.01,0.01,1.00,-4.88,-0.67,-14.28,1920,0,11.73,12.36,0,0
710.543,-7.286673,112.796017,0.54,0.621,-0.050,39.78,39.42,126.97,126.97,0.00,40.00,0,0.0,0.01,0.00,1.00,-5.00,0.36,-13.97,1920,0,11.73,12.29,0,0
710.643,-7.286673,112.796018,0.57,0.693,-0.252,39.60,39.48,128.45,128.45,0.00,40.00,0,0.0,0.00,-0.01,0.99,-2.38,0.97,-13.67,1920,0,11.76,12.35,0,0
710.743,-7.286673,112.796018,0.49,0.480,-0.189,39.66,39.60,129.90,129.90,0.00,40.00,0,0.0,0.00,-0.01,0.99,2.13,0.36,-13.79,1920,0,11.68,12.37,0,0
710.843,-7.286673,112.796018,0.42,0.333,-0.140,39.37,39.42,131.35,131.35,0.00,40.00,0,0.0,0.00,-0.01,0.97,5.06,0.00,-13.67,1920,0,11.71,12.35,0,0
710.943,-7.286674,112.796019,0.44,0.700,-0.084,39.43,39.54,132.81,132.81,0.00,40.00,0,0.0,0.00,0.01,0.98,6.04,-1.28,-13.91,1920,0,11.69,12.36,0,0
711.043,-7.286674,112.796019,0.44,0.488,-0.072,39.48,39.54,134.31,134.31,0.00,40.00,0,0.0,0.00,0.02,0.99,3.41,-1.34,-13.91,1920,0,11.66,12.36,0,0
711.143,-7.286674,112.796019,0.48,0.340,-0.059,39.48,39.77,135.84,135.84,0.00,40.00,0,0.0,0.00,0.02,0.99,-0.79,-1.15,-14.03,1920,0,11.80,12.26,0,0
711.243,-7.286674,112.796020,0.40,0.461,-0.291,39.66,39.54,137.38,137.38,0.00,40.00,0,0.0,0.01,0.01,1.00,-4.45,-0.54,-14.40,1920,0,11.73,12.36,0,0
711.343,-7.286674,112.796020,0.41,0.317,-0.213,39.54,39.60,138.92,138.92,0.00,40.00,0,0.0,0.00,0.00,0.99,-6.16,0.42,-14.22,1979,0,11.82,12.36,0,0
711.443,-7.286675,112.796021,0.58,0.686,-0.197,39.54,39.36,140.43,140.43,0.00,40.00,0,0.0,0.01,-0.01,0.99,-4.51,0.73,-14.16,1920,0,11.72,12.35,0,0
711.543,-7.286675,112.796021,0.45,0.476,-0.150,39.90,39.77,141.91,141.91,0.00,40.00,0,0.0,0.00,-0.02,0.98,-0.73,0.42,-13.85,1920,0,11.81,12.36,0,0
711.643,-7.286675,112.796021,0.49,0.331,-0.114,39.72,39.60,143.38,143.38,0.00,40.00,0,0.0,0.00,-0.02,0.98,3.11,-0.42,-13.73,1920,0,11.82,12.37,0,0
711.743,-7.286675,112.796021,0.44,0.229,-0.086,39.54,39.36,144.84,144.84,0.00,40.00,0,0.0,0.00,0.00,0.98,6.16,-1.34,-13.85,1920,0,11.69,12.37,0,0
711.843,-7.286676,112.796022,0.54,0.620,-0.154,39.72,39.89,146.32,146.32,0.00,40.00,0,0.0,0.00,0.01,0.99,5.18,-1.22,-13.79,1979,0,11.79,12.35,0,0
711.943,-7.286676,112.796022,0.56,0.431,-0.119,39.48,39.66,147.83,147.83,0.00,40.00,0,0.0,0.01,0.02,1.00,1.64,-0.91,-13.97,1920,0,11.58,12.32,0,0
712.043,-7.286676,112.796023,0.49,0.468,-0.376,39.48,39.48,149.34,149.34,0.00,40.00,0,0.0,0.01,0.01,1.00,-1.64,-0.12,-14.22,1920,0,11.60,12.32,0,0
712.143,-7.286676,112.796023,0.49,0.321,-0.272,39.66,40.19,150.86,150.86,0.00,40.00,0,0.0,0.00,0.00,0.99,-5.24,0.48,-14.09,1920,0,11.81,12.36,0,0
712.243,-7.286677,112.796024,0.48,0.668,-0.335,39.54,39.95,152.36,152.36,0.00,40.00,0,0.0,0.01,0.00,0.98,-5.43,0.42,-14.09,1920,0,11.61,12.31,0,0
712.343,-7.286677,112.796024,0.47,0.462,-0.246,39.43,39.66,153.85,153.85,0.00,40.00,0,0.0,0.00,0.00,0.97,-2.68,-0.12,-14.22,1920,0,11.54,12.32,0,0
712.443,-7.286677,112.796024,0.49,0.319,-0.181,39.37,39.60,155.31,155.31,0.00,40.00,0,0.0,0.00,-0.01,0.98,1.34,-0.79,-13.91,1920,0,11.73,12.30,0,0
712.543,-7.286677,112.796024,0.45,0.220,-0.132,39.66,39.48,156.78,156.78,0.00,40.00,0,0.0,0.00,-0.01,0.99,4.08,-1.40,-13.85,1920,0,11.68,12.31,0,0
712.643,-7.286678,112.796025,0.59,0.584,-0.280,39.43,39.54,158.25,158.25,0.00,40.00,0,0.0,0.01,0.00,1.00,4.94,-0.85,-13.85,1920,0,11.72,12.32,0,0
712.743,-7.286678,112.796025,0.59,0.404,-0.206,39.48,39.42,159.72,159.72,0.00,40.00,0,0.0,0.01,0.01,1.00,3.17,-0.06,-13.85,1920,0,11.76,12.36,0,0
712.843,-7.286679,112.796025,0.60,0.594,-0.044,39.54,39.36,161.21,161.21,0.00,40.00,0,0.0,0.01,0.01,1.00,0.00,0.48,-14.03,1920,0,11.80,12.32,0,0
712.943,-7.286679,112.796025,0.53,0.415,-0.042,39.43,39.60,162.71,162.71,0.00,40.00,0,0.0,0.00,0.01,0.98,-3.05,0.36,-13.91,1920,0,11.78,12.31,0,0
713.043,-7.286679,112.796025,0.42,0.290,-0.037,39.43,39.48,164.22,164.22,0.00,40.00,0,0.0,0.00,0.00,0.98,-3.54,-0.42,-14.28,1920,0,11.82,12.36,0,0
713.143,-7.286680,112.796026,0.56,0.607,-0.270,39.72,39.42,165.72,165.72,0.00,40.00,0,0.0,0.00,-0.01,0.98,-2.74,-0.79,-14.16,1920,0,11.81,12.35,0,0
713.243,-7.286680,112.796026,0.52,0.420,-0.200,39.37,39.66,167.21,167.21,0.00,40.00,0,0.0,0.00,0.00,0.99,-0.97,-0.85,-14.03,1979,0,11.73,12.37,0,0
713.343,-7.286680,112.796026,0.53,0.290,-0.147,39.48,39.48,168.70,168.70,0.00,40.00,0,0.0,0.01,-0.01,1.00,1.22,-0.54,-13.97,1920,0,11.60,12.30,0,0
713.443,-7.286681,112.796026,0.48,0.529,-0.051,39.66,39.48,170.17,170.17,0.00,40.00,0,0.0,0.00,0.00,0.99,2.62,0.00,-14.03,1920,0,11.79,12.37,0,0
713.543,-7.286681,112.796026,0.46,0.369,-0.046,39.60,39.54,171.65,171.65,0.00,40.00,0,0.0,0.00,0.00,0.99,2.31,0.00,-13.91,1920,0,11.60,12.36,0,0
713.643,-7.286682,112.796027,0.48,0.628,-0.327,39.78,39.89,173.13,173.13,0.00,40.00,0,0.0,0.00,0.00,0.98,1.03,-0.12,-13.85,1920,0,11.74,12.37,0,0
713.743,-7.286682,112.796027,0.50,0.434,-0.240,39.60,39.60,174.61,174.61,0.00,40.00,0,0.0,0.00,0.01,0.98,-0.18,-0.73,-14.09,1979,0,11.70,12.35,0,0
713.843,-7.286683,112.796027,0.55,0.632,-0.153,39.66,39.42,176.10,176.10,0.00,40.00,0,0.0,0.00,0.00,0.99,-1.70,-0.79,-14.03,1920,0,11.85,12.36,0,0
713.943,-7.286683,112.796027,0.52,0.439,-0.119,39.72,39.48,177.58,177.58,0.00,40.00,0,0.0,0.00,0.00,0.99,-2.31,-0.54,-13.91,1920,0,11.73,12.35,0,0
714.043,-7.286684,112.796027,0.64,0.639,-0.086,39.48,39.36,179.07,179.07,0.00,40.00,0,0.0,0.01,0.00,1.00,-0.79,-0.42,-14.22,1920,0,11.59,12.36,0,0
714.143,-7.286684,112.796027,0.46,0.446,-0.072,39.48,39.48,180.55,180.55,0.00,40.00,0,0.0,0.00,0.00,0.98,0.12,0.00,-14.16,1920,0,11.79,12.37,0,0
714.243,-7.286684,112.796028,0.49,0.299,-0.389,39.66,39.66,182.04,182.04,0.00,40.00,0,0.0,0.00,0.00,0.99,1.09,-0.24,-14.09,1920,0,11.81,12.37,0,0
714.343,-7.286685,112.796028,0.61,0.535,-0.298,39.60,39.66,183.52,183.52,0.00,40.00,0,0.0,0.00,0.00,0.99,1.15,-0.36,-13.97,1920,0,11.67,12.37,0,0
714.443,-7.286685,112.796028,0.41,0.369,-0.218,39.72,39.48,184.98,184.98,0.00,40.00,0,0.0,0.00,0.00,0.99,0.91,-0.18,-13.85,1920,0,11.68,12.37,0,0
714.543,-7.286686,112.796028,0.49,0.586,-0.197,39.25,39.95,186.45,186.45,0.00,40.00,0,0.0,0.01,0.01,1.00,0.36,0.06,-13.97,1920,0,11.86,12.36,0,0
714.643,-7.286686,112.796028,0.58,0.406,-0.148,39.60,39.77,187.93,187.93,0.00,40.00,0,0.0,0.00,0.00,0.98,-0.61,0.24,-14.03,1920,0,11.61,12.37,0,0
714.743,-7.286687,112.796028,0.47,0.611,-0.166,39.37,39.54,189.42,189.42,0.00,40.00,0,0.0,0.00,0.00,0.98,-1.52,-0.42,-14.22,1920,0,11.75,12.36,0,0
714.843,-7.286687,112.796028,0.48,0.424,-0.127,39.48,39.18,190.89,190.89,0.00,40.00,0,0.0,0.00,0.00,0.97,-1.64,-0.97,-14.03,1920,0,11.58,12.35,0,0
714.943,-7.286687,112.796029,0.57,0.224,-0.420,39.60,39.48,192.36,192.36,0.00,40.00,0,0.0,0.00,0.00,0.99,-0.73,-1.52,-13.91,1920,0,11.81,12.36,0,0
715.043,-7.286688,112.796029,0.51,0.473,-0.377,39.37,39.66,193.82,193.82,0.00,40.00,0,0.0,0.01,0.00,1.01,0.73,-1.03,-13.91,1920,0,11.88,12.42,0,0
715.143,-7.286688,112.796029,0.52,0.324,-0.272,39.48,39.24,195.27,195.27,0.00,40.00,0,0.0,0.01,0.00,1.00,2.07,0.18,-13.91,1979,0,11.77,12.26,0,0
715.243,-7.286689,112.796029,0.48,0.542,-0.293,39.54,39.48,196.74,196.74,0.00,40.00,0,0.0,0.01,0.00,1.00,2.50,0.79,-14.09,1920,0,11.74,12.32,0,0
715.343,-7.286689,112.796028,0.58,0.477,0.100,39.60,39.89,198.23,198.23,0.00,40.00,0,0.0,0.00,0.00,0.98,1.15,0.79,-14.03,1920,0,11.61,12.36,0,0
715.443,-7.286690,112.796028,0.55,0.650,-0.051,39.54,39.66,199.70,199.70,0.00,40.00,0,0.0,0.00,0.01,0.97,-1.28,-0.48,-13.85,1920,0,11.60,12.32,0,0
715.543,-7.286690,112.796029,0.38,0.334,-0.356,39.31,39.60,201.17,201.17,0.00,40.00,0,0.0,0.00,0.00,0.99,-2.92,-1.46,-13.91,1920,0,11.79,12.32,0,0
715.643,-7.286690,112.796029,0.50,0.228,-0.255,39.43,39.66,202.61,202.61,0.00,40.00,0,0.0,0.00,0.00,0.99,-2.86,-0.79,-13.79,1979,0,11.76,12.36,0,0
715.743,-7.286691,112.796028,0.51,0.594,-0.016,39.43,39.48,204.07,204.07,0.00,40.00,0,0.0,0.01,0.00,1.01,-0.73,0.06,-14.22,1920,0,11.82,12.35,0,0
715.843,-7.286691,112.796028,0.42,0.416,-0.022,39.72,39.54,205.54,205.54,0.00,40.00,0,0.0,0.00,0.00,0.99,1.15,0.73,-14.16,1920,0,11.79,12.39,0,0
715.943,-7.286692,112.796028,0.46,0.588,-0.174,39.01,39.54,207.00,207.00,0.00,40.00,0,0.0,0.00,0.00,0.98,2.13,0.00,-13.85,1920,0,11.85,12.36,0,0
716.043,-7.286692,112.796028,0.51,0.408,-0.132,39.66,39.42,208.43,208.43,0.00,40.00,0,0.0,0.00,0.00,0.98,1.89,-0.91,-13.54,1920,0,11.74,12.32,0,0
716.143,-7.286692,112.796028,0.38,0.283,-0.100,39.43,39.71,209.86,209.86,0.00,40.00,0,0.0,0.00,0.00,0.99,1.46,-1.40,-13.54,1920,0,11.70,12.36,0,0
716.243,-7.286693,112.796027,0.50,0.653,0.035,39.54,39.54,211.28,211.28,0.00,40.00,0,0.0,0.01,0.00,1.01,1.34,-0.73,-13.85,1920,0,11.69,12.30,0,0
716.343,-7.286693,112.796027,0.48,0.458,0.013,39.84,39.48,212.74,212.74,0.00,40.00,0,0.0,0.00,0.01,1.00,0.30,0.61,-13.91,1920,0,11.54,12.37,0,0
716.443,-7.286693,112.796027,0.49,0.321,0.001,39.66,39.48,214.22,214.22,0.00,40.00,0,0.0,0.00,0.01,0.99,-1.46,0.67,-13.97,1920,0,11.83,12.37,0,0
716.543,-7.286694,112.796027,0.49,0.495,-0.200,39.66,39.48,215.68,215.68,0.00,40.00,0,0.0,0.00,0.00,0.97,-3.41,-0.30,-13.79,1979,0,11.71,12.36,0,0
716.643,-7.286694,112.796027,0.49,0.343,-0.149,39.54,39.71,217.12,217.12,0.00,40.00,0,0.0,0.00,-0.01,0.98,-3.23,-1.09,-13.54,1920,0,11.63,12.36,0,0
716.743,-7.286695,112.796027,0.45,0.498,-0.318,39.48,39.54,218.54,218.54,0.00,40.00,0,0.0,0.01,0.00,1.01,-1.46,-0.79,-13.73,1920,0,11.68,12.36,0,0
716.843,-7.286696,112.796026,0.55,0.811,-0.192,39.60,39.77,219.99,219.99,0.00,40.00,0,0.0,0.01,0.00,1.01,1.52,0.36,-14.03,1920,0,11.68,12.36,0,0
716.943,-7.286696,112.796026,0.52,0.564,-0.149,39.48,39.60,221.47,221.47,0.00,3.95,0,0.0,0.00,0.00,0.99,3.90,0.85,-14.34,1920,0,11.72,12.43,0,0
717.043,-7.286696,112.796026,0.47,0.392,-0.114,35.74,35.56,222.94,222.94,0.00,0.32,0,0.0,0.00,0.00,0.97,3.29,0.00,-13.79,1979,0,11.82,12.07,0,0
717.143,-7.286697,112.796026,0.52,0.511,-0.320,9.56,9.78,224.35,224.35,0.00,0.40,0,0.0,0.00,-0.01,0.96,2.50,-1.64,-12.87,1920,0,11.82,12.36,0,0
717.243,-7.286697,112.796026,0.54,0.352,-0.232,1.58,0.93,225.67,225.67,0.00,22.09,0,0.0,0.00,0.00,0.99,3.60,-2.19,-11.90,1920,0,11.72,12.21,0,0
717.343,-7.286697,112.796026,0.39,0.243,-0.168,11.28,11.26,226.89,226.89,0.00,40.00,0,0.0,0.00,0.02,1.02,2.74,-0.91,-11.35,1920,0,11.74,12.30,0,0
717.443,-7.286698,112.796025,0.39,0.637,-0.148,30.50,32.11,228.11,228.11,0.00,2.17,0,0.0,0.00,0.03,1.01,-1.40,0.73,-11.47,1920,0,11.73,12.31,0,0
717.543,-7.286698,112.796025,0.46,0.443,-0.114,39.54,37.87,229.36,229.36,0.00,-0.80,0,0.0,0.00,0.02,0.99,-7.26,1.09,-11.96,1920,0,11.87,11.69,0,0
717.643,-7.286698,112.796025,0.55,0.309,-0.086,12.47,10.61,230.60,230.60,0.00,0.24,0,0.0,0.00,-0.01,0.96,-8.78,0.18,-11.29,1920,0,11.79,12.32,0,0
717.743,-7.286699,112.796025,0.43,0.421,-0.326,2.30,1.22,231.72,231.72,0.00,0.32,0,0.0,0.00,-0.04,0.97,-3.23,-1.28,-10.00,1920,0,11.67,12.32,0,0
717.843,-7.286699,112.796024,0.47,0.554,-0.033,-0.13,-0.49,232.71,232.71,0.00,6.45,0,0.0,0.00,-0.03,1.00,4.45,-1.34,-8.91,1920,0,11.80,12.36,0,0
717.943,-7.286699,112.796024,0.45,0.388,-0.030,6.64,7.16,233.65,233.65,0.00,-2.50,0,0.0,0.00,0.00,1.01,9.64,-0.24,-8.60,1920,0,11.86,12.12,0,0
718.043,-7.286700,112.796024,0.46,0.464,-0.297,0.51,0.33,234.60,234.60,0.00,0.32,0,0.0,0.00,0.02,1.01,8.78,0.54,-8.78,1920,0,11.77,12.24,0,0
718.143,-7.286700,112.796024,0.49,0.321,-0.213,0.51,-0.49,235.54,235.54,0.00,0.24,0,0.0,0.00,0.02,0.97,1.95,0.24,-8.05,1920,0,11.58,12.30,0,0
718.243,-7.286700,112.796023,0.50,0.498,0.031,-0.37,-0.73,236.38,236.38,0.00,12.90,0,0.0,0.00,0.02,0.96,-5.79,-1.15,-6.89,1920,0,11.66,12.31,0,0
718.343,-7.286700,112.796023,0.46,0.349,0.017,17.17,16.07,237.12,237.12,0.00,2.98,0,0.0,0.00,0.00,0.98,-10.07,-2.01,-6.10,1920,0,11.82,12.31,0,0
718.443,-7.286700,112.796023,0.37,0.244,0.009,6.46,5.68,237.82,237.82,0.00,0.24,0,0.0,0.00,-0.01,1.01,-8.72,-0.61,-6.16,1920,0,11.82,12.30,0,0
718.543,-7.286701,112.796022,0.57,0.628,-0.107,-0.25,0.81,238.50,238.50,0.00,0.40,0,0.0,0.00,-0.03,1.02,-2.74,1.09,-6.22,1920,0,11.73,12.32,0,0
718.643,-7.286701,112.796022,0.56,0.438,-0.080,-0.13,-0.31,239.18,239.18,0.00,0.40,0,0.0,0.00,-0.01,0.99,3.90,1.70,-6.04,1920,0,11.81,12.35,0,0
718.743,-7.286701,112.796022,0.47,0.306,-0.060,-0.19,-0.13,239.82,239.82,0.00,0.40,0,0.0,0.00,-0.01,0.95,6.95,0.42,-5.37,1920,0,11.62,12.32,0,0
718.843,-7.286702,112.796021,0.50,0.666,-0.170,-0.07,0.15,240.38,240.38,0.00,0.40,0,0.0,0.00,0.00,0.95,6.89,-1.52,-4.51,1920,0,11.75,12.30,0,0
718.943,-7.286702,112.796021,0.56,0.465,-0.123,-0.07,-0.37,240.88,240.88,0.00,0.24,0,0.0,0.00,0.01,0.98,4.15,-2.01,-3.78,1979,0,11.81,12.36,0,0
719.043,-7.286702,112.796021,0.36,0.325,-0.089,0.27,-0.37,241.36,241.36,0.00,0.32,0,0.0,0.01,0.03,1.02,0.06,-0.85,-3.78,1920,0,11.61,12.36,0,0
719.143,-7.286702,112.796020,0.46,0.519,0.092,-0.01,-0.49,241.85,241.85,0.00,0.24,0,0.0,0.00,0.02,1.02,-4.51,0.97,-4.27,1920,0,11.59,12.35,0,0
719.243,-7.286702,112.796020,0.37,0.364,0.061,0.16,-0.37,242.36,242.36,0.00,0.32,0,0.0,0.00,0.00,1.00,-8.23,1.52,-4.08,1920,0,11.74,12.39,0,0
719.343,-7.286703,112.796020,0.55,0.407,-0.256,-0.01,-0.37,242.84,242.84,0.00,-2.33,0,0.0,0.00,-0.01,0.96,-8.05,0.36,-3.84,1920,0,11.73,12.36,0,0
719.443,-7.286703,112.796019,0.48,0.579,-0.032,-1.38,-1.38,243.25,243.25,0.00,-10.40,0,0.0,0.00,-0.02,0.96,-3.66,-1.03,-3.05,1979,0,11.73,12.29,0,0
719.543,-7.286703,112.796019,0.50,0.405,-0.025,-5.61,-7.62,243.57,243.57,0.00,0.16,0,0.0,0.00,-0.03,0.98,3.23,-1.40,-2.31,1920,0,11.75,12.35,0,0
719.643,-7.286703,112.796019,0.57,0.284,-0.019,-1.08,-1.80,243.83,243.83,0.00,-1.04,0,0.0,0.00,-0.02,1.01,10.00,-0.48,-1.83,1920,0,11.60,12.36,0,0
719.743,-7.286704,112.796018,0.66,0.642,-0.170,-1.44,-1.02,244.11,244.11,0.00,-26.04,0,0.0,0.01,0.00,1.02,10.13,0.85,-2.13,1920,0,11.60,12.35,0,0
719.843,-7.286704,112.796018,0.48,0.449,-0.121,-6.62,-8.81,244.40,244.40,0.00,-26.12,0,0.0,0.00,0.02,0.98,3.47,1.15,-1.89,1979,0,11.73,12.02,0,0
719.943,-7.286704,112.796018,0.29,0.314,-0.086,-24.77,-24.84,244.64,244.64,0.00,0.24,0,0.0,0.00,0.01,0.96,-3.29,-0.06,-0.79,1920,0,11.68,12.31,0,0
720.043,-7.286704,112.796017,0.49,0.519,0.081,-10.43,-9.81,244.74,244.74,0.00,0.24,0,0.0,0.00,0.00,0.96,-7.26,-1.09,0.48,1920,0,11.79,11.98,0,0
720.143,-7.286704,112.796017,0.48,0.363,0.056,-0.25,0.81,244.78,244.78,0.00,-2.98,0,0.0,0.00,0.00,1.01,-7.93,-1.03,0.42,1920,0,11.74,12.26,0,0
720.243,-7.286705,112.796016,0.61,0.696,-0.122,-2.21,-2.03,244.82,244.82,0.00,-4.75,0,0.0,0.01,-0.01,1.02,-5.55,0.42,0.12,1920,0,11.68,12.19,0,0
720.343,-7.286705,112.796016,0.62,0.487,-0.086,-4.77,-4.47,244.90,244.90,0.00,0.32,0,0.0,0.01,-0.02,1.01,-0.91,1.46,-0.24,1920,0,11.67,12.43,0,0
720.443,-7.286705,112.796015,0.59,0.641,0.079,-0.19,2.35,245.00,245.00,0.00,-5.40,0,0.0,0.00,-0.03,0.97,1.77,1.09,-0.06,1859,0,11.60,12.36,0,0
720.543,-7.286705,112.796015,0.54,0.448,0.055,-3.52,-3.82,245.06,245.06,0.00,0.40,0,0.0,0.00,-0.03,0.96,2.92,-0.73,0.36,1920,0,11.66,12.30,0,0
720.643,-7.286706,112.796014,0.53,0.755,-0.124,0.39,0.09,245.05,245.05,0.00,0.24,0,0.0,0.00,-0.01,0.98,3.17,-2.01,0.97,1920,0,11.73,12.30,0,0
720.743,-7.286706,112.796014,0.66,0.528,-0.087,-0.13,-0.19,245.02,245.02,0.00,-0.32,0,0.0,0.01,0.01,1.01,2.07,-0.91,0.97,1920,0,11.80,12.36,0,0
720.843,-7.286706,112.796014,0.48,0.370,-0.061,-0.13,-0.43,245.01,245.01,0.00,-6.29,0,0.0,0.01,0.01,1.02,0.18,0.91,0.42,1859,0,11.59,12.32,0,0
720.943,-7.286706,112.796013,0.35,0.559,0.097,-4.54,-3.82,245.08,245.08,0.00,0.24,0,0.0,0.01,0.00,1.01,-2.56,1.89,-0.24,1859,0,11.68,12.18,0,0
721.043,-7.286706,112.796013,0.39,0.391,0.067,-1.02,0.45,245.16,245.16,0.00,0.24,0,0.0,0.00,0.00,0.96,-4.21,1.28,0.00,1859,0,11.75,12.15,0,0
721.143,-7.286706,112.796013,0.50,0.274,0.047,-0.49,-0.61,245.21,245.21,0.00,0.24,0,0.0,0.01,-0.03,0.95,-3.29,-0.73,0.36,1800,0,11.73,12.35,0,0
721.243,-7.286706,112.796012,0.47,0.492,0.171,0.16,-0.61,245.21,245.21,0.00,0.32,0,0.0,0.01,-0.03,0.98,0.00,-1.89,0.91,1620,0,11.63,12.32,0,0
721.343,-7.286707,112.796012,0.63,0.484,-0.183,-0.37,-0.43,245.19,245.19,0.00,0.40,0,0.0,0.02,-0.02,1.02,3.90,-0.91,0.73,1440,0,11.64,12.32,0,0
721.443,-7.286707,112.796011,0.46,0.639,0.011,-0.37,-0.55,245.22,245.22,0.00,0.32,0,0.0,0.02,0.00,1.03,4.88,0.91,0.00,1259,0,11.77,12.35,0,0
721.543,-7.286707,112.796011,0.48,0.448,0.007,-0.37,-0.31,245.33,245.33,0.00,0.32,0,0.0,0.01,0.01,1.00,1.22,1.52,-0.54,1020,0,11.75,12.39,0,0
721.643,-7.286707,112.796010,0.53,0.614,0.141,-0.43,-0.61,245.47,245.47,0.00,0.40,0,0.0,0.01,0.00,0.96,-3.84,0.36,-0.61,839,0,11.62,12.36,0,0
721.743,-7.286707,112.796010,0.41,0.430,0.098,-0.37,-0.55,245.58,245.58,0.00,0.32,0,0.0,0.01,-0.02,0.95,-6.22,-1.15,-0.18,660,0,11.76,12.36,0,0
721.843,-7.286707,112.796010,0.44,0.301,0.068,-0.01,-0.61,245.65,245.65,0.00,0.24,0,0.0,0.01,-0.03,0.99,-3.17,-1.52,0.06,480,0,11.67,12.36,0,0
721.943,-7.286707,112.796009,0.33,0.513,0.184,-0.37,-0.43,245.71,245.71,0.00,0.32,0,0.0,0.01,-0.03,1.02,2.62,-0.12,-0.06,300,0,11.79,12.38,0,0
722.043,-7.286707,112.796009,0.46,0.359,0.128,-0.37,-0.43,245.81,245.81,0.00,0.24,0,0.0,0.01,-0.01,1.02,6.10,1.46,-0.67,120,0,11.80,12.38,0,0
722.143,-7.286708,112.796008,0.57,0.690,-0.081,-0.37,-0.61,245.96,245.96,0.00,0.40,0,0.0,0.01,0.00,0.99,4.33,1.58,-0.97,0,0,11.72,12.39,0,0
722.243,-7.286708,112.796008,0.38,0.483,-0.058,-0.31,-0.55,246.14,246.14,0.00,0.32,0,0.0,0.00,0.00,0.96,-0.85,0.18,-1.03,0,0,11.60,12.36,0,0
722.343,-7.286708,112.796008,0.55,0.338,-0.042,-0.37,-0.25,246.30,246.30,0.00,-0.40,0,0.0,0.01,-0.01,0.96,-5.00,-1.34,-0.67,0,0,11.76,12.37,0,0
722.443,-7.286708,112.796007,0.49,0.540,0.103,-0.49,-0.49,246.42,246.42,0.00,-7.09,0,0.0,0.01,-0.02,0.99,-4.76,-1.64,-0.54,0,0,11.61,12.35,0,0
722.543,-7.286708,112.796007,0.40,0.378,0.071,-4.30,-5.60,246.54,246.54,0.00,0.24,0,0.0,0.01,-0.02,1.02,-1.28,-0.30,-0.67,0,0,11.82,12.30,0,0
722.643,-7.286708,112.796006,0.55,0.569,0.180,-2.04,-0.43,246.69,246.69,0.00,0.32,0,0.0,0.01,-0.01,1.02,2.25,1.09,-1.09,0,0,11.72,12.29,0,0
722.743,-7.286709,112.796006,0.57,0.529,-0.182,-0.07,-0.43,246.89,246.89,0.00,0.48,0,0.0,0.01,0.00,0.99,3.11,1.46,-1.52,0,0,11.31,12.83,0,0
722.843,-7.286709,112.796006,0.39,0.370,-0.129,-0.31,-0.37,247.12,247.12,0.00,-10.40,0,0.0,0.00,0.00,0.96,1.34,0.36,-1.52,0,0,11.56,12.32,0,0
722.943,-7.286709,112.796005,0.56,0.564,0.036,-6.44,-7.44,247.32,247.32,0.00,-2.01,0,0.0,0.00,-0.01,0.96,-0.97,-0.97,-1.15,0,0,11.80,12.29,0,0
723.043,-7.286709,112.796005,0.54,0.395,0.024,-1.02,-2.39,247.48,247.48,0.00,0.40,0,0.0,0.01,-0.02,0.99,-0.91,-1.40,-0.73,0,0,11.79,12.29,0,0
723.143,-7.286709,112.796004,0.43,0.582,0.142,0.10,-0.13,247.63,247.63,0.00,-8.14,0,0.0,0.01,-0.01,1.02,0.97,-0.12,-0.91,0,0,11.76,12.36,0,0
723.243,-7.286709,112.796004,0.37,0.408,0.098,-6.32,-6.55,247.82,247.82,0.00,0.40,0,0.0,0.01,0.00,1.02,2.07,1.22,-1.40,0,0,11.82,12.35,0,0
723.343,-7.286709,112.796004,0.42,0.286,0.068,-1.50,0.04,248.06,248.06,0.00,0.32,0,0.0,0.01,0.00,0.99,0.36,1.34,-1.77,0,0,11.72,12.30,0,0
723.443,-7.286709,112.796003,0.41,0.508,0.169,-0.55,-0.55,248.31,248.31,0.00,0.32,0,0.0,0.00,-0.01,0.96,-2.44,0.06,-1.58,0,0,11.70,12.36,0,0
723.543,-7.286710,112.796003,0.52,0.478,-0.194,-0.31,-0.43,248.52,248.52,0.00,0.40,0,0.0,0.00,-0.02,0.97,-3.72,-1.34,-1.03,0,0,11.73,12.33,0,0
723.643,-7.286710,112.796003,0.40,0.334,-0.137,-0.31,-0.55,248.70,248.70,0.00,0.40,0,0.0,0.01,-0.02,0.99,-1.89,-1.46,-0.97,0,0,11.80,12.36,0,0
723.743,-7.286710,112.796003,0.34,0.234,-0.096,-0.31,-0.49,248.87,248.87,0.00,0.32,0,0.0,0.01,-0.02,1.01,1.52,-0.30,-1.09,0,0,11.74,12.38,0,0
723.843,-7.286710,112.796002,0.43,0.472,0.050,-0.37,-0.49,249.07,249.07,0.00,0.32,0,0.0,0.01,-0.01,1.01,3.72,0.97,-1.40,0,0,11.59,12.35,0,0
723.943,-7.286710,112.796002,0.37,0.331,0.034,-0.19,-0.49,249.30,249.30,0.00,0.32,0,0.0,0.01,0.00,0.99,2.68,0.97,-1.64,0,0,11.76,12.79,0,0
724.043,-7.286710,112.796002,0.43,0.232,0.023,-0.19,-0.55,249.54,249.54,0.00,0.32,0,0.0,0.01,0.00,0.97,-0.54,0.30,-1.64,0,0,11.72,12.36,0,0
724.143,-7.286710,112.796001,0.43,0.473,0.129,-0.31,-0.31,249.79,249.79,0.00,0.32,0,0.0,0.01,-0.01,0.97,-3.05,-0.42,-1.52,0,0,11.75,12.37,0,0
724.243,-7.286710,112.796001,0.29,0.331,0.089,-0.13,-0.61,250.01,250.01,0.00,0.32,0,0.0,0.01,-0.02,0.99,-3.05,-0.67,-1.28,0,0,11.74,12.36,0,0
724.343,-7.286710,112.796001,0.24,0.232,0.062,-0.31,-0.13,250.21,250.21,0.00,0.40,0,0.0,0.01,-0.02,1.00,-0.67,0.00,-1.34,0,0,11.69,12.32,0,0
724.443,-7.286710,112.796001,0.28,0.163,0.043,-0.37,-0.61,250.42,250.42,0.00,0.32,0,0.0,0.01,-0.02,1.00,1.83,0.36,-1.34,0,0,11.75,12.29,0,0
724.543,-7.286710,112.796000,0.31,0.426,0.139,-0.37,-1.02,250.65,250.65,0.00,0.16,0,0.0,0.01,-0.01,0.99,2.74,0.54,-1.58,0,0,11.73,12.32,0,0
724.643,-7.286710,112.796000,0.32,0.299,0.096,-0.37,-0.13,250.89,250.89,0.00,0.24,0,0.0,0.01,0.00,0.98,1.70,0.06,-1.58,0,0,11.76,12.35,0,0
724.743,-7.286710,112.796000,0.24,0.209,0.066,-0.37,-0.49,251.13,251.13,0.00,0.32,0,0.0,0.01,-0.01,0.98,-0.18,-0.54,-1.46,0,0,11.76,12.36,0,0
724.843,-7.286710,112.796000,0.21,0.147,0.046,-0.25,-0.67,251.35,251.35,0.00,0.24,0,0.0,0.01,-0.01,0.98,-1.22,-0.67,-1.40,0,0,11.79,12.37,0,0
724.943,-7.286711,112.795999,0.33,0.522,-0.180,-0.43,-0.55,251.56,251.56,0.00,0.24,0,0.0,0.01,-0.01,1.00,-1.15,-0.36,-1.28,0,0,11.62,12.32,0,0
725.043,-7.286711,112.795999,0.19,0.365,-0.127,-0.13,-0.37,251.79,251.79,0.00,0.40,0,0.0,0.01,-0.01,1.00,-0.73,0.00,-1.58,0,0,11.69,12.35,0,0
725.143,-7.286710,112.795999,0.24,0.152,0.227,0.16,-0.49,252.04,252.04,0.00,0.24,0,0.0,0.01,-0.01,1.00,-0.79,0.36,-1.64,0,0,11.60,12.31,0,0
725.243,-7.286711,112.795999,0.32,0.209,-0.159,-0.31,-0.67,252.29,252.29,0.00,0.32,0,0.0,0.01,-0.01,0.99,-0.79,0.30,-1.70,0,0,11.75,12.37,0,0
725.343,-7.286711,112.795999,0.33,0.146,-0.112,-0.43,-0.61,252.54,252.54,0.00,0.40,0,0.0,0.01,-0.02,0.98,-0.12,0.00,-1.58,0,0,11.62,12.36,0,0
725.443,-7.286711,112.795998,0.27,0.418,0.019,-0.37,0.04,252.77,252.77,0.00,0.40,0,0.0,0.01,-0.01,0.99,0.91,0.00,-1.58,0,0,11.58,12.32,0,0
725.543,-7.286711,112.795998,0.41,0.292,0.012,-0.31,-0.43,253.03,253.03,0.00,0.32,0,0.0,0.01,-0.01,0.99,1.58,0.00,-1.64,0,0,11.86,12.59,0,0
725.643,-7.286711,112.795998,0.30,0.205,0.008,-0.37,-0.67,253.28,253.28,0.00,0.32,0,0.0,0.01,-0.01,0.99,1.15,0.00,-1.83,0,0,11.76,12.42,0,0
725.743,-7.286711,112.795997,0.33,0.461,0.098,-0.43,-0.07,253.56,253.56,0.00,0.40,0,0.0,0.01,-0.01,0.99,0.12,0.00,-1.83,0,0,11.71,12.37,0,0
725.843,-7.286711,112.795997,0.36,0.323,0.067,-0.37,-0.55,253.82,253.82,0.00,0.40,0,0.0,0.01,-0.01,0.98,-0.91,-0.18,-1.77,0,0,11.60,12.37,0,0
725.943,-7.286711,112.795997,0.29,0.226,0.046,-0.31,-0.55,254.08,254.08,0.00,0.32,0,0.0,0.01,-0.01,0.99,-1.58,-0.36,-1.64,0,0,11.67,12.35,0,0
726.043,-7.286711,112.795996,0.30,0.477,0.121,-0.31,-0.55,254.33,254.33,0.00,0.40,0,0.0,0.01,-0.01,0.99,-1.64,-0.18,-1.64,0,0,11.79,12.36,0,0
726.143,-7.286711,112.795996,0.29,0.334,0.083,-0.31,-0.55,254.57,254.57,0.00,0.32,0,0.0,0.01,-0.01,1.00,-0.79,0.18,-1.77,0,0,11.72,12.35,0,0
726.243,-7.286711,112.795996,0.24,0.234,0.057,-0.43,-0.49,254.83,254.83,0.00,0.32,0,0.0,0.01,-0.01,0.99,0.67,0.30,-1.83,0,0,11.66,12.35,0,0
726.343,-7.286712,112.795996,0.23,0.250,-0.283,-0.31,-0.49,255.11,255.11,0.00,0.40,0,0.0,0.01,-0.01,0.98,2.07,0.12,-1.95,0,0,11.80,12.36,0,0
726.443,-7.286712,112.795996,0.20,0.174,-0.199,-0.43,-0.55,255.39,255.39,0.00,0.32,0,0.0,0.01,-0.01,0.98,2.25,0.00,-2.07,0,0,11.67,12.36,0,0
726.543,-7.286712,112.795995,0.31,0.442,-0.058,-0.43,-0.85,255.69,255.69,0.00,0.32,0,0.0,0.01,0.00,0.99,1.03,-0.18,-1.95,0,0,11.68,12.36,0,0
726.643,-7.286712,112.795995,0.37,0.309,-0.042,-0.43,-0.55,255.97,255.97,0.00,0.32,0,0.0,0.01,0.00,0.99,-1.03,-0.24,-1.83,0,0,11.61,12.32,0,0
726.743,-7.286712,112.795995,0.31,0.216,-0.031,-0.43,-0.49,256.25,256.25,0.00,0.32,0,0.0,0.01,-0.01,0.99,-2.92,-0.12,-1.77,0,0,11.73,12.39,0,0
726.843,-7.286712,112.795995,0.15,0.151,-0.022,-0.37,-0.43,256.51,256.51,0.00,0.40,0,0.0,0.01,-0.01,0.99,-3.29,-0.12,-1.64,0,0,11.77,12.37,0,0
726.943,-7.286712,112.795995,0.24,0.106,-0.016,-0.37,0.04,256.76,256.76,0.00,0.32,0,0.0,0.01,-0.02,0.99,-1.89,0.06,-1.58,0,0,11.81,12.36,0,0
727.043,-7.286712,112.795994,0.29,0.396,0.063,-0.43,-0.55,257.00,257.00,0.00,0.32,0,0.0,0.01,-0.02,0.99,0.54,0.12,-1.46,0,0,11.73,12.30,0,0
727.143,-7.286712,112.795994,0.31,0.278,0.043,-0.55,-0.49,257.24,257.24,0.00,0.24,0,0.0,0.01,-0.02,0.99,2.80,0.12,-1.46,0,0,11.79,12.36,0,0
727.243,-7.286712,112.795994,0.22,0.194,0.029,-0.37,-0.49,257.49,257.49,0.00,0.24,0,0.0,0.01,-0.01,0.99,3.84,0.18,-1.52,0,0,11.80,12.37,0,0
727.343,-7.286712,112.795994,0.16,0.136,0.020,-0.43,-0.55,257.74,257.74,0.00,0.24,0,0.0,0.01,0.00,0.99,2.80,0.00,-1.64,0,0,11.63,12.36,0,0
727.443,-7.286712,112.795993,0.28,0.419,0.082,-0.37,-0.67,258.01,258.01,0.00,0.24,0,0.0,0.01,0.00,0.99,0.36,-0.18,-1.58,0,0,11.73,12.35,0,0
727.543,-7.286712,112.795993,0.28,0.294,0.056,-0.43,-0.55,258.29,258.29,0.00,0.32,0,0.0,0.03,0.02,1.00,-4.63,0.00,-2.44,0,0,11.82,12.36,0,0
727.643,-7.286712,112.795993,0.32,0.206,0.038,-0.37,-0.49,258.68,258.68,0.00,0.32,0,0.0,0.04,0.02,0.96,-9.21,-3.41,-3.54,0,0,11.79,12.39,0,0
727.743,-7.286712,112.795993,0.27,0.144,0.025,-0.25,-0.55,259.28,259.28,0.00,0.16,0,0.0,0.04,0.01,1.00,-17.82,-1.22,-6.71,0,0,11.68,12.36,0,0
727.843,-7.286711,112.795992,0.16,0.370,0.402,-0.31,-0.49,260.09,260.09,0.00,0.40,0,0.0,0.05,-0.06,1.00,-11.90,-0.36,-7.81,0,0,11.83,12.37,0,0
727.943,-7.286711,112.795992,0.18,0.263,0.277,-0.43,-0.43,260.98,260.98,0.00,0.32,0,0.0,0.06,-0.08,0.98,2.68,-0.30,-8.60,0,0,11.66,12.45,0,0
728.043,-7.286711,112.795992,0.13,0.188,0.191,-0.67,-0.43,261.95,261.95,0.00,0.32,0,0.0,0.04,-0.05,1.00,16.17,0.12,-9.82,0,0,11.68,12.36,0,0
728.143,-7.286711,112.795992,0.13,0.134,0.131,-0.37,-0.49,263.08,263.08,0.00,0.40,0,0.0,0.04,0.01,0.99,15.31,0.67,-11.77,0,0,11.72,12.32,0,0
728.243,-7.286711,112.795992,0.08,0.096,0.089,-0.25,-0.43,264.45,264.45,0.00,0.40,0,0.0,0.04,0.04,0.99,4.33,-0.18,-14.22,0,0,11.70,12.31,0,0
728.343,-7.286711,112.795992,0.12,0.069,0.061,0.10,-0.49,266.03,266.03,0.00,0.40,0,0.0,0.04,0.01,0.98,-6.40,-0.61,-15.68,0,0,11.78,12.55,0,0
728.443,-7.286711,112.795992,0.13,0.049,0.041,-0.25,-0.49,267.72,267.72,0.00,0.24,0,0.0,0.03,0.00,1.00,-10.92,0.00,-16.72,0,0,11.73,12.39,0,0
728.543,-7.286711,112.795992,0.16,0.035,0.028,-0.37,-0.55,269.47,269.47,0.00,0.24,0,0.0,0.03,-0.04,0.99,-7.56,0.73,-17.39,0,0,11.80,12.36,0,0
728.643,-7.286711,112.795992,0.11,0.025,0.019,-0.31,-0.49,271.26,271.26,0.00,0.32,0,0.0,0.03,-0.07,1.00,0.24,1.28,-17.15,0,0,11.60,12.39,0,0
728.743,-7.286711,112.795992,0.12,0.018,0.012,-0.55,-0.49,272.98,272.98,0.00,0.48,0,0.0,0.02,-0.06,0.98,8.91,1.22,-16.23,0,0,11.80,12.37,0,0
728.843,-7.286711,112.795992,0.09,0.013,0.008,-0.43,-0.49,274.65,274.65,0.00,0.40,0,0.0,0.01,-0.01,0.99,11.10,0.73,-15.80,0,0,11.73,12.21,0,0
728.943,-7.286711,112.795992,0.06,0.009,0.006,-0.43,-0.49,276.30,276.30,0.00,0.24,0,0.0,0.00,0.00,0.98,6.71,0.42,-15.74,0,0,11.75,12.37,0,0
729.043,-7.286711,112.795992,0.08,0.007,0.004,-0.31,-0.55,277.91,277.91,0.00,0.16,0,0.0,0.00,0.00,0.98,1.09,-0.36,-15.07,0,0,11.76,12.35,0,0
729.143,-7.286711,112.795992,0.06,0.005,0.002,-0.31,-0.67,279.44,279.44,0.00,0.24,0,0.0,0.00,-0.02,0.99,-2.68,-0.67,-14.22,0,0,11.59,12.36,0,0
729.243,-7.286711,112.795992,0.06,0.003,0.002,-0.43,-0.67,280.83,280.83,0.00,0.24,0,0.0,0.00,-0.03,0.97,-2.13,-1.52,-12.51,0,0,11.73,12.32,0,0
729.343,-7.286711,112.795992,0.09,0.002,0.001,-0.43,-0.49,282.07,282.07,0.00,0.24,0,0.0,0.00,-0.01,1.00,-2.25,-1.34,-11.29,0,0,11.75,12.36,0,0
729.443,-7.286711,112.795992,0.10,0.002,0.001,-0.31,-0.49,283.27,283.27,0.00,0.24,0,0.0,0.00,0.00,0.99,-6.28,-0.54,-11.16,0,0,11.79,12.43,0,0
729.543,-7.286711,112.795992,0.16,0.001,0.000,-0.61,-0.55,284.46,284.46,0.00,0.32,0,0.0,0.01,-0.02,0.99,-8.23,-0.18,-11.16,0,0,11.69,12.36,0,0
729.643,-7.286711,112.795992,0.08,0.001,0.000,-0.19,-0.13,285.68,285.68,0.00,0.24,0,0.0,0.01,-0.03,1.00,-7.81,0.61,-11.65,0,0,11.80,12.39,0,0
729.743,-7.286711,112.795992,0.08,0.001,0.000,-0.79,-0.49,286.98,286.98,0.00,0.40,0,0.0,0.01,-0.06,1.00,-3.35,1.40,-12.08,0,0,11.74,12.37,0,0
729.843,-7.286711,112.795991,0.22,0.315,-0.104,-0.01,-0.61,288.28,288.28,0.00,0.48,0,0.0,0.01,-0.07,0.99,5.67,1.46,-11.71,0,0,11.77,12.39,0,0
729.943,-7.286711,112.795991,0.17,0.219,-0.077,-0.43,-0.55,289.52,289.52,0.00,0.32,0,0.0,0.00,-0.05,0.98,12.57,0.79,-11.16,0,0,11.81,12.37,0,0
730.043,-7.286711,112.795991,0.16,0.152,-0.057,-0.31,-0.61,290.69,290.69,0.00,0.40,0,0.0,0.01,0.00,1.00,12.87,0.61,-10.55,0,0,11.75,12.36,0,0
730.143,-7.286711,112.795991,0.20,0.106,-0.042,-0.49,-0.96,291.83,291.83,0.00,0.40,0,0.0,0.01,0.00,0.98,5.31,0.36,-10.43,0,0,11.56,12.36,0,0
730.243,-7.286711,112.795991,0.19,0.073,-0.031,-1.08,-0.55,292.91,292.91,0.00,0.32,0,0.0,0.01,0.00,0.97,-2.86,-0.42,-9.64,0,0,11.73,12.37,0,0
730.343,-7.286711,112.795991,0.21,0.051,-0.023,-0.43,0.04,293.91,293.91,0.00,0.40,0,0.0,0.01,0.00,0.98,-8.78,-0.91,-8.91,0,0,11.76,12.36,0,0
730.443,-7.286711,112.795991,0.22,0.035,-0.016,-0.19,-0.49,294.85,294.85,0.00,0.40,0,0.0,0.01,-0.03,0.99,-9.58,-0.61,-8.17,0,0,11.61,12.37,0,0
730.543,-7.286711,112.795990,0.22,0.323,-0.156,-0.43,-0.49,295.74,295.74,0.00,0.24,0,0.0,0.01,-0.05,1.00,-5.06,0.00,-7.69,0,0,11.77,12.34,0,0
730.643,-7.286711,112.795990,0.20,0.224,-0.112,-0.31,-0.49,296.59,296.59,0.00,0.32,0,0.0,0.01,-0.05,0.99,1.64,0.24,-7.14,0,0,11.68,12.37,0,0
730.743,-7.286711,112.795990,0.20,0.156,-0.081,-0.13,-0.43,297.38,297.38,0.00,0.40,0,0.0,0.01,-0.04,0.99,7.08,0.00,-6.59,0,0,11.68,12.36,0,0
730.843,-7.286710,112.795990,0.20,0.266,0.236,-0.49,-0.73,298.12,298.12,0.00,0.32,0,0.0,0.01,-0.02,0.99,8.48,-0.24,-6.16,0,0,11.63,12.36,0,0
730.943,-7.286710,112.795990,0.21,0.188,0.163,-0.37,-0.61,298.82,298.82,0.00,0.16,0,0.0,0.01,0.00,0.99,5.73,-0.54,-6.04,0,0,11.68,12.32,0,0
731.043,-7.286711,112.795989,0.26,0.257,-0.341,-0.55,-0.37,299.49,299.49,0.00,0.32,0,0.0,0.01,0.00,0.99,0.30,-0.30,-5.79,0,0,11.62,12.37,0,0
731.143,-7.286711,112.795989,0.23,0.177,-0.240,-0.43,-0.61,300.14,300.14,0.00,0.40,0,0.0,0.01,0.00,0.99,-5.00,0.00,-5.61,0,0,11.87,12.30,0,0
731.243,-7.286711,112.795989,0.12,0.122,-0.170,-0.31,-0.55,300.77,300.77,0.00,0.32,0,0.0,0.01,-0.01,0.99,-7.32,0.18,-5.37,0,0,11.75,12.35,0,0
731.343,-7.286710,112.795989,0.22,0.258,0.165,-0.31,-0.43,301.38,301.38,0.00,0.16,0,0.0,0.01,-0.03,0.99,-5.79,0.18,-5.18,0,0,11.82,12.36,0,0
731.443,-7.286710,112.795988,0.21,0.462,-0.061,-0.25,-0.55,301.97,301.97,0.00,0.24,0,0.0,0.01,-0.03,0.99,-1.46,0.12,-4.94,0,0,11.69,12.39,0,0
731.543,-7.286710,112.795988,0.20,0.323,-0.046,0.10,0.15,302.54,302.54,0.00,0.32,0,0.0,0.00,-0.03,0.99,2.99,-0.06,-4.76,0,0,11.76,12.36,0,0
731.643,-7.286710,112.795988,0.22,0.226,-0.035,-0.25,-0.01,303.10,303.10,0.00,0.40,0,0.0,0.01,-0.02,0.99,5.55,-0.18,-4.51,0,0,11.68,12.36,0,0
731.743,-7.286710,112.795988,0.28,0.158,-0.026,-0.19,-0.49,303.64,303.64,0.00,0.24,0,0.0,0.01,-0.01,0.99,5.00,-0.24,-4.33,0,0,11.79,12.39,0,0
731.843,-7.286710,112.795988,0.23,0.110,-0.019,-0.31,-0.55,304.14,304.14,0.00,0.24,0,0.0,0.01,0.00,0.99,2.80,-0.18,-4.27,0,0,11.82,12.39,0,0
731.943,-7.286710,112.795988,0.13,0.077,-0.014,-0.25,-0.79,304.63,304.63,0.00,0.40,0,0.0,0.01,0.00,0.99,-1.89,-0.12,-4.02,0,0,11.79,12.38,0,0
732.043,-7.286710,112.795988,0.18,0.054,-0.010,-0.25,-0.49,305.10,305.10,0.00,0.40,0,0.0,0.01,0.00,0.99,-5.85,0.00,-4.08,0,0,11.78,12.36,0,0
732.143,-7.286710,112.795987,0.16,0.307,-0.200,-0.19,-0.37,305.62,305.62,0.00,0.32,0,0.0,0.01,-0.02,0.99,-4.02,-0.36,-4.51,0,0,11.73,12.32,0,0
732.243,-7.286710,112.795987,0.15,0.213,-0.142,-0.31,-0.43,306.13,306.13,0.00,0.32,0,0.0,0.02,-0.03,0.99,5.24,-0.48,-4.15,0,0,11.72,12.35,0,0
732.343,-7.286710,112.795987,0.13,0.149,-0.101,-0.49,-0.37,306.60,306.60,0.00,0.32,0,0.0,0.02,0.00,1.00,10.00,0.06,-3.72,0,0,11.80,12.37,0,0
732.443,-7.286710,112.795987,0.11,0.103,-0.071,-0.31,-0.43,307.04,307.04,0.00,0.24,0,0.0,0.02,0.03,0.98,5.12,-0.06,-3.90,0,0,11.73,12.37,0,0
732.543,-7.286710,112.795987,0.10,0.072,-0.050,-0.37,-0.49,307.49,307.49,0.00,0.24,0,0.0,0.02,0.03,0.98,-3.54,-0.06,-4.02,0,0,11.75,12.35,0,0
732.643,-7.286710,112.795987,0.13,0.050,-0.036,-0.43,-0.43,307.97,307.97,0.00,0.32,0,0.0,0.01,0.00,0.98,-11.59,-0.18,-4.21,0,0,11.63,12.39,0,0
732.743,-7.286710,112.795987,0.13,0.035,-0.025,-0.37,-0.49,308.44,308.44,0.00,0.40,0,0.0,0.00,-0.01,0.98,-4.63,-0.73,-3.90,0,0,11.78,12.36,0,0
732.843,-7.286710,112.795987,0.10,0.024,-0.018,-0.37,-0.49,308.95,308.95,0.00,0.32,0,0.0,0.00,-0.02,1.00,1.95,-0.91,-4.69,0,0,11.69,12.37,0,0
732.943,-7.286709,112.795987,0.09,0.229,0.245,-0.55,-0.55,309.46,309.46,0.00,0.24,0,0.0,0.02,-0.04,1.01,15.74,-0.42,-3.90,0,0,11.74,12.35,0,0
733.043,-7.286709,112.795987,0.06,0.161,0.170,-0.37,-0.61,309.85,309.85,0.00,0.32,0,0.0,0.02,0.04,1.00,11.84,0.54,-3.47,0,0,11.67,12.36,0,0
733.143,-7.286709,112.795987,0.13,0.114,0.118,-0.31,-0.31,310.21,310.21,0.00,0.32,0,0.0,0.01,0.05,0.99,-6.89,1.28,-3.41,0,0,11.82,12.37,0,0
733.243,-7.286709,112.795987,0.07,0.080,0.082,-0.31,-0.43,310.64,310.64,0.00,0.32,0,0.0,0.00,0.01,0.97,-26.55,1.34,-4.45,0,0,11.67,12.36,0,0
733.343,-7.286709,112.795987,0.08,0.057,0.057,-0.37,-0.55,311.16,311.16,0.00,0.32,0,0.0,0.00,-0.06,0.96,-22.76,0.06,-4.76,0,0,11.63,12.36,0,0
733.443,-7.286709,112.795987,0.11,0.040,0.040,-0.37,-0.55,311.72,311.72,0.00,0.24,0,0.0,0.02,-0.13,0.98,3.23,-2.13,-4.57,0,0,11.66,12.36,0,0
733.543,-7.286709,112.795987,0.12,0.028,0.027,-0.37,-0.49,312.18,312.18,0.00,0.24,0,0.0,0.02,-0.07,1.02,27.64,-1.28,-2.92,0,0,11.64,12.32,0,0
733.643,-7.286709,112.795987,0.07,0.020,0.019,-0.31,-0.43,312.52,312.52,0.00,0.32,0,0.0,0.02,0.00,1.02,5.73,1.15,-2.31,0,0,11.78,12.36,0,0
733.743,-7.286709,112.795987,0.10,0.014,0.013,-0.13,-0.31,312.78,312.78,0.00,0.24,0,0.0,0.02,0.00,0.97,-5.61,0.85,-2.01,0,0,11.48,12.36,0,0
733.843,-7.286709,112.795987,0.02,0.010,0.009,-0.55,-0.25,312.97,312.97,0.00,0.32,0,0.0,0.02,-0.05,0.98,-13.12,-0.24,-0.61,0,0,11.80,12.36,0,0
733.943,-7.286709,112.795987,0.07,0.007,0.006,-0.25,-0.49,313.04,313.04,0.00,0.32,0,0.0,0.01,-0.11,0.99,0.12,-0.42,0.48,0,0,11.62,12.32,0,0
734.043,-7.286709,112.795987,0.04,0.005,0.005,-0.25,-0.79,313.08,313.08,0.00,0.24,0,0.0,0.02,-0.05,0.99,14.95,-0.18,0.24,0,0,11.76,12.36,0,0
734.143,-7.286709,112.795987,0.13,0.003,0.003,-0.25,-0.07,313.14,313.14,0.00,0.32,0,0.0,0.03,0.04,0.99,8.17,0.00,0.06,0,0,11.67,12.32,0,0
734.243,-7.286709,112.795986,0.12,0.243,-0.225,-0.37,-0.43,313.26,313.26,0.00,0.24,0,0.0,0.00,0.01,0.98,-4.63,0.85,-1.28,0,0,11.81,12.37,0,0
734.343,-7.286709,112.795986,0.13,0.170,-0.158,-0.49,-0.61,313.48,313.48,0.00,0.32,0,0.0,0.00,0.00,0.97,3.66,0.30,-2.07,0,0,11.82,12.36,0,0
734.443,-7.286709,112.795986,0.15,0.118,-0.111,-0.31,-0.49,313.78,313.78,0.00,0.48,0,0.0,0.01,0.03,1.00,2.80,-0.24,-2.31,0,0,11.82,12.37,0,0
734.543,-7.286709,112.795986,0.10,0.082,-0.078,-0.37,-0.49,314.07,314.07,0.00,0.24,0,0.0,0.00,0.08,1.00,-17.51,0.00,-2.74,0,0,11.80,12.53,0,0
734.643,-7.286709,112.795986,0.12,0.057,-0.055,-0.37,-0.43,314.45,314.45,0.00,0.32,0,0.0,-0.01,-0.02,0.96,-34.79,-0.73,-3.29,0,0,11.81,12.37,0,0
734.743,-7.286709,112.795986,0.08,0.040,-0.039,-0.43,-0.55,314.94,314.94,0.00,0.32,0,0.0,0.01,-0.17,1.00,-1.40,-1.89,-3.66,0,0,11.72,12.36,0,0
734.843,-7.286709,112.795986,0.06,0.028,-0.027,-0.31,-0.49,315.35,315.35,0.00,0.40,0,0.0,0.02,-0.09,1.08,10.00,1.52,-1.89,0,0,11.73,12.36,0,0
734.943,-7.286710,112.795986,0.11,-0.219,-0.252,-0.31,-0.43,315.67,315.67,0.00,0.40,0,0.0,0.00,-0.06,1.03,-7.56,3.60,-1.28,0,0,11.80,12.37,0,0
735.043,-7.286710,112.795986,0.09,-0.154,-0.176,-0.25,-0.55,315.88,315.88,0.00,0.32,0,0.0,0.00,-0.15,0.97,-15.44,3.23,0.67,0,0,11.64,12.35,0,0
735.143,-7.286710,112.795986,0.08,-0.108,-0.123,-0.37,-0.55,315.90,315.90,0.00,0.24,0,0.0,0.00,-0.17,0.95,-4.76,-1.03,2.56,0,0,11.68,12.37,0,0
735.243,-7.286710,112.795986,0.04,-0.075,-0.087,-0.25,-0.49,315.69,315.69,0.00,0.16,0,0.0,0.01,-0.15,0.96,5.98,-5.73,4.63,0,0,11.82,12.30,0,0
735.343,-7.286710,112.795986,0.10,-0.052,-0.061,-0.25,-0.55,315.15,315.15,0.00,0.16,0,0.0,0.05,-0.12,1.01,-2.19,-9.27,8.05,0,0,11.77,12.35,0,0
735.443,-7.286710,112.795985,0.12,0.201,-0.274,-0.25,-0.43,314.32,314.32,0.00,0.32,0,0.0,0.06,-0.11,1.04,1.95,-10.80,9.27,0,0,11.67,12.32,0,0
735.543,-7.286710,112.795985,0.19,0.144,-0.190,-0.37,-0.55,313.41,313.41,0.00,0.24,0,0.0,0.08,-0.06,1.07,11.59,-9.46,10.07,0,0,11.83,12.35,0,0
735.643,-7.286710,112.795986,0.10,-0.141,0.092,-0.31,-0.43,312.47,312.47,0.00,0.32,0,0.0,0.09,-0.05,1.09,3.84,-3.90,9.39,0,0,11.59,12.36,0,0
735.743,-7.286710,112.795986,0.10,-0.100,0.063,-0.43,-0.55,311.69,311.69,0.00,0.40,0,0.0,0.06,-0.08,1.03,2.86,0.18,7.81,0,0,11.80,12.36,0,0
735.843,-7.286710,112.795985,0.12,0.179,-0.174,-0.31,-0.43,311.12,311.12,0.00,0.40,0,0.0,0.04,-0.03,0.97,10.37,1.46,5.49,0,0,11.76,12.39,0,0
735.943,-7.286710,112.795985,0.16,0.126,-0.121,-0.43,-0.49,310.85,310.85,0.00,0.32,0,0.0,0.04,0.08,0.93,0.73,2.86,2.25,0,0,11.57,12.35,0,0
736.043,-7.286710,112.795985,0.13,0.088,-0.085,-0.49,-0.73,310.84,310.84,0.00,0.32,0,0.0,0.03,-0.02,0.89,-11.04,4.21,0.00,0,0,11.55,12.35,0,0
736.143,-7.286710,112.795985,0.09,0.061,-0.060,-0.31,-0.31,311.09,311.09,0.00,0.24,0,0.0,0.01,-0.03,0.86,0.79,3.11,-2.50,0,0,11.74,12.35,0,0
736.243,-7.286711,112.795985,0.12,-0.179,-0.292,-0.67,-0.49,311.61,311.61,0.00,0.24,0,0.0,0.02,0.00,0.88,4.76,0.30,-5.18,0,0,11.69,12.32,0,0
736.343,-7.286711,112.795985,0.12,-0.128,-0.203,-0.25,-0.43,312.29,312.29,0.00,0.48,0,0.0,0.04,-0.01,0.94,-8.23,0.36,-5.79,0,0,11.54,12.36,0,0
736.443,-7.286711,112.795985,0.07,-0.091,-0.141,-0.43,-0.43,313.00,313.00,0.00,0.24,0,0.0,0.03,-0.09,0.97,-18.12,-0.12,-5.98,0,0,11.83,12.36,0,0
736.543,-7.286711,112.795985,0.03,-0.065,-0.098,-0.43,-0.37,313.68,313.68,0.00,0.32,0,0.0,0.02,-0.17,1.02,1.95,-3.47,-5.49,0,0,11.79,12.37,0,0
736.643,-7.286711,112.795985,0.02,-0.046,-0.068,-0.19,-0.55,314.26,314.26,0.00,0.32,0,0.0,0.04,-0.09,1.02,13.30,-5.85,-4.57,0,0,11.51,12.36,0,0
736.743,-7.286711,112.795985,0.02,-0.033,-0.047,-0.13,-0.55,314.67,314.67,0.00,0.48,0,0.0,0.06,-0.07,1.00,5.18,-4.39,-2.31,0,0,11.63,12.36,0,0
736.843,-7.286711,112.795985,0.02,-0.023,-0.033,-0.79,-0.43,314.78,314.78,0.00,0.24,0,0.0,0.05,-0.10,0.98,-3.23,-1.03,0.61,0,0,11.80,12.36,0,0
736.943,-7.286711,112.795985,0.01,-0.016,-0.023,-0.13,-0.31,314.65,314.65,0.00,0.32,0,0.0,0.05,-0.11,0.97,-2.56,0.42,2.56,0,0,11.72,12.39,0,0
737.043,-7.286710,112.795985,0.04,0.222,0.222,-0.25,-0.67,314.40,314.40,0.00,0.40,0,0.0,0.06,-0.12,0.99,-3.41,1.70,3.96,0,0,11.81,12.36,0,0
737.143,-7.286710,112.795985,0.06,0.155,0.157,0.16,-0.55,314.00,314.00,0.00,0.32,0,0.0,0.07,-0.13,0.99,-10.31,2.62,5.92,0,0,11.77,12.35,0,0
737.243,-7.286710,112.795985,0.04,0.107,0.111,-0.37,-0.49,313.49,313.49,0.00,0.24,0,0.0,0.06,-0.08,1.01,-1.46,2.44,6.59,0,0,11.75,12.35,0,0
737.343,-7.286710,112.795985,0.06,0.074,0.078,-0.31,-0.25,313.00,313.00,0.00,0.32,0,0.0,0.06,-0.07,0.96,0.85,2.07,6.16,0,0,11.64,12.37,0,0
737.443,-7.286710,112.795985,0.03,0.052,0.055,-0.07,-0.55,312.61,312.61,0.00,0.24,0,0.0,0.06,-0.05,0.95,-1.64,1.34,4.88,0,0,11.69,12.36,0,0
737.543,-7.286710,112.795985,0.04,0.036,0.039,-0.07,-0.31,312.36,312.36,0.00,0.32,0,0.0,0.05,-0.09,0.96,2.13,0.42,3.11,0,0,11.71,12.32,0,0
737.643,-7.286710,112.795985,0.02,0.025,0.027,-0.37,-0.55,312.28,312.28,0.00,0.32,0,0.0,0.06,-0.03,0.95,3.05,-0.36,1.40,0,0,11.72,12.35,0,0
737.743,-7.286710,112.795985,0.02,0.018,0.019,-0.25,-0.55,312.36,312.36,0.00,0.24,0,0.0,0.07,-0.02,0.94,-8.05,0.00,-0.61,0,0,11.78,12.32,0,0
737.843,-7.286710,112.795985,0.02,0.012,0.013,-0.07,-0.31,312.69,312.69,0.00,0.32,0,0.0,0.05,-0.02,0.91,-1.40,-0.36,-3.54,0,0,11.69,12.37,0,0
737.943,-7.286710,112.795985,0.03,0.009,0.009,-0.37,-0.55,313.33,313.33,0.00,0.40,0,0.0,0.05,-0.05,0.92,-0.91,-0.91,-6.83,0,0,11.58,12.36,0,0
738.043,-7.286710,112.795985,0.06,0.006,0.006,-0.37,-0.31,314.23,314.23,0.00,0.32,0,0.0,0.05,-0.04,0.94,1.28,-0.61,-9.52,0,0,11.80,12.36,0,0
738.143,-7.286710,112.795985,0.05,0.004,0.004,-0.25,-0.55,315.32,315.32,0.00,0.32,0,0.0,0.05,-0.13,0.97,-5.43,0.67,-10.92,0,0,11.73,12.36,0,0
738.243,-7.286710,112.795985,0.16,0.003,0.003,-0.19,-0.55,316.53,316.53,0.00,0.40,0,0.0,0.04,-0.13,1.02,2.13,0.85,-12.02,0,0,11.77,12.30,0,0
738.343,-7.286710,112.795985,0.22,0.002,0.002,-0.31,-0.90,317.83,317.83,0.00,0.32,0,0.0,0.05,-0.12,1.00,-2.01,0.00,-12.87,0,0,11.82,12.37,0,0
738.443,-7.286710,112.795985,0.25,0.002,0.001,-0.31,-0.43,319.20,319.20,0.00,0.40,0,0.0,0.06,-0.15,1.00,-8.60,-0.79,-13.73,0,0,11.78,12.35,0,0
738.543,-7.286710,112.795985,0.12,0.001,0.001,-0.25,-0.61,320.59,320.59,0.00,0.48,0,0.0,0.06,-0.23,1.04,-4.63,-0.54,-13.42,0,0,11.82,12.43,0,0
738.643,-7.286710,112.795985,0.12,0.001,0.001,-0.25,-0.55,321.93,321.93,0.00,0.40,0,0.0,0.07,-0.19,1.14,11.77,2.86,-12.08,0,0,11.73,12.37,0,0
738.743,-7.286710,112.795985,0.07,0.001,0.000,-0.25,-0.43,323.15,323.15,0.00,0.32,0,0.0,0.05,-0.11,1.08,10.37,7.87,-10.92,0,0,11.70,12.37,0,0
738.843,-7.286710,112.795985,0.09,0.000,0.000,-0.31,-0.49,324.36,324.36,0.00,0.32,0,0.0,0.03,-0.10,0.99,4.21,10.68,-10.80,0,0,11.61,13.37,0,0
738.943,-7.286710,112.795985,0.08,0.000,0.000,-0.25,-0.49,325.42,325.42,0.00,0.24,0,0.0,0.01,-0.10,0.94,-10.74,11.65,-8.17,0,0,11.69,12.35,0,0
739.043,-7.286710,112.795985,0.05,0.000,0.000,-0.31,-0.61,326.21,326.21,0.00,0.40,0,0.0,0.01,-0.16,0.95,-6.83,5.85,-5.24,0,0,11.67,12.42,0,0
739.143,-7.286710,112.795985,0.03,0.000,0.000,-0.25,-0.43,326.74,326.74,0.00,0.32,0,0.0,0.00,-0.16,0.97,8.54,0.48,-3.17,0,0,11.68,12.36,0,0
739.243,-7.286710,112.795985,0.03,0.000,0.000,-0.19,-0.55,327.04,327.04,0.00,0.32,0,0.0,0.01,-0.11,0.99,2.74,-1.28,-1.03,0,0,11.61,12.37,0,0
739.343,-7.286710,112.795985,0.04,0.000,0.000,-0.49,-0.49,327.13,327.13,0.00,0.24,0,0.0,0.01,-0.09,0.99,-5.85,-0.85,0.67,0,0,11.75,12.36,0,0
739.443,-7.286710,112.795985,0.01,0.000,0.000,-0.31,-0.43,327.10,327.10,0.00,0.40,0,0.0,0.00,-0.11,0.99,-5.00,-0.79,1.64,0,0,11.60,12.36,0,0
739.543,-7.286710,112.795985,0.03,0.000,0.000,-0.25,-0.49,327.03,327.03,0.00,0.32,0,0.0,0.00,-0.10,1.01,-6.40,-0.61,2.01,0,0,11.57,12.36,0,0
739.643,-7.286710,112.795985,0.00,0.000,0.000,-0.25,-0.43,326.93,326.93,0.00,0.32,0,0.0,0.00,-0.12,1.00,0.42,-0.24,2.44,0,0,11.72,12.36,0,0
739.743,-7.286710,112.795985,0.03,0.000,0.000,-0.31,-0.49,326.81,326.81,0.00,0.32,0,0.0,0.00,-0.10,0.99,-1.15,0.30,2.74,0,0,11.79,12.37,0,0
739.843,-7.286710,112.795985,0.02,0.000,0.000,-0.37,-0.13,326.62,326.62,0.00,0.32,0,0.0,0.00,-0.13,0.98,-0.73,0.54,3.47,0,0,11.78,12.38,0,0
739.943,-7.286710,112.795985,0.03,0.000,0.000,-0.19,-0.55,326.42,326.42,0.00,0.24,0,0.0,0.00,-0.11,0.98,-1.58,0.54,3.35,0,0,11.79,12.39,0,0
740.043,-7.286710,112.795985,0.02,0.000,0.000,-0.37,-0.90,326.25,326.25,0.00,0.40,0,0.0,0.00,-0.11,0.99,-7.93,0.48,2.99,0,0,11.74,12.37,0,0
740.143,-7.286710,112.795985,0.02,0.000,0.000,-0.37,-0.43,326.15,326.15,0.00,0.24,0,0.0,0.00,-0.18,0.97,-2.86,-0.12,2.19,0,0,11.68,12.37,0,0
740.243,-7.286710,112.795985,0.04,0.000,0.000,0.04,-0.49,326.07,326.07,0.00,0.32,0,0.0,0.00,-0.18,0.98,34.97,-1.09,2.25,0,0,11.73,12.38,0,0
740.343,-7.286710,112.795985,0.01,0.000,0.000,-0.25,-0.49,325.89,325.89,0.00,0.32,0,0.0,0.00,-0.06,0.99,54.38,-1.64,2.62,0,0,11.83,12.36,0,0
740.443,-7.286710,112.795985,0.03,0.000,0.000,-0.25,-0.43,325.61,325.61,0.00,0.40,0,0.0,0.01,0.07,0.99,43.27,-1.15,2.25,0,0,11.81,12.39,0,0
740.543,-7.286710,112.795985,0.09,0.000,0.000,-0.01,-0.43,325.29,325.29,0.00,0.24,0,0.0,0.01,0.15,0.98,10.43,-0.36,1.64,0,0,11.66,12.37,0,0
740.643,-7.286710,112.795985,0.05,0.000,0.000,-0.25,-0.61,325.01,325.01,0.00,0.40,0,0.0,0.01,0.14,0.98,-27.03,0.30,0.97,0,0,11.77,12.38,0,0
740.743,-7.286710,112.795985,0.04,0.000,0.000,-0.25,-0.43,324.81,324.81,0.00,0.32,0,0.0,0.01,0.04,0.98,-49.31,0.85,0.73,0,0,11.67,12.35,0,0
740.843,-7.286710,112.795984,0.03,0.191,-0.270,-0.25,-0.37,324.71,324.71,0.00,0.24,0,0.0,0.00,-0.08,0.99,-45.16,1.03,0.85,0,0,11.62,12.36,0,0
740.943,-7.286710,112.795984,0.05,0.134,-0.189,-0.31,-0.31,324.68,324.68,0.00,0.40,0,0.0,0.00,-0.17,0.99,-16.47,0.73,1.46,0,0,11.77,12.36,0,0
741.043,-7.286710,112.795984,0.09,0.094,-0.132,-0.31,-0.49,324.65,324.65,0.00,0.16,0,0.0,0.00,-0.18,0.98,20.56,0.00,2.13,0,0,11.51,12.36,0,0
741.143,-7.286710,112.795984,0.03,0.066,-0.092,-0.31,-0.43,324.54,324.54,0.00,0.32,0,0.0,0.00,-0.09,0.97,45.16,-0.79,2.50,0,0,11.67,12.32,0,0
741.243,-7.286710,112.795984,0.01,0.046,-0.065,-0.37,-0.01,324.29,324.29,0.00,0.32,0,0.0,0.00,0.02,0.98,44.06,-1.40,2.80,0,0,11.66,12.36,0,0
741.343,-7.286710,112.795984,0.05,0.033,-0.045,-0.25,-0.55,323.95,323.95,0.00,0.32,0,0.0,0.01,0.12,0.98,18.12,-1.03,2.68,0,0,11.68,12.35,0,0
741.443,-7.286710,112.795984,0.03,0.023,-0.031,-0.19,-0.67,323.61,323.61,0.00,0.32,0,0.0,0.01,0.13,0.99,-14.83,-0.12,2.07,0,0,11.81,12.38,0,0
741.543,-7.286710,112.795984,0.02,0.016,-0.022,-0.31,-0.43,323.34,323.34,0.00,0.24,0,0.0,0.01,0.06,0.99,-38.14,0.97,1.52,0,0,11.69,12.32,0,0
741.643,-7.286710,112.795984,0.03,0.011,-0.015,-0.37,-0.43,323.19,323.19,0.00,0.24,0,0.0,0.00,-0.04,0.99,-40.03,1.34,1.28,0,0,11.79,12.36,0,0
741.743,-7.286710,112.795984,0.03,0.008,-0.011,-0.07,-0.55,323.10,323.10,0.00,0.32,0,0.0,0.00,-0.12,0.99,-21.05,0.91,1.46,0,0,11.80,12.39,0,0
741.843,-7.286709,112.795984,0.14,0.272,0.193,-0.13,0.21,323.05,323.05,0.00,0.32,0,0.0,0.00,-0.14,0.99,6.89,0.18,1.95,0,0,11.77,12.39,0,0
741.943,-7.286709,112.795984,0.05,0.190,0.136,-0.37,-0.61,322.94,322.94,0.00,0.24,0,0.0,0.00,-0.10,0.98,29.47,-0.61,2.68,0,0,11.72,12.39,0,0
742.043,-7.286709,112.795984,0.07,0.133,0.095,-0.25,-0.55,322.73,322.73,0.00,0.32,0,0.0,0.00,-0.01,0.98,35.94,-0.85,2.86,0,0,11.62,12.36,0,0
742.143,-7.286709,112.795983,0.05,0.294,-0.195,-0.43,-0.43,322.44,322.44,0.00,0.24,0,0.0,0.01,0.06,0.99,23.43,-0.48,2.80,0,0,11.62,12.37,0,0
742.243,-7.286709,112.795983,0.06,0.207,-0.135,-0.31,-0.43,322.14,322.14,0.00,0.40,0,0.0,0.01,0.10,0.99,-0.48,0.18,2.25,0,0,11.55,12.37,0,0
742.343,-7.286709,112.795983,0.03,0.145,-0.094,-0.19,-0.61,321.87,321.87,0.00,0.40,0,0.0,0.01,0.07,0.98,-23.01,0.79,1.70,0,0,11.73,12.36,0,0
742.443,-7.286709,112.795983,0.03,0.102,-0.066,-0.19,-0.31,321.70,321.70,0.00,0.32,0,0.0,0.00,0.00,0.98,-32.53,0.73,1.46,0,0,11.61,12.36,0,0
742.543,-7.286709,112.795983,0.04,0.071,-0.046,-0.49,-0.49,321.61,321.61,0.00,0.32,0,0.0,0.00,-0.07,0.99,-25.14,0.67,1.28,0,0,11.69,12.29,0,0
742.643,-7.286709,112.795983,0.08,0.050,-0.032,-0.31,-0.43,321.56,321.56,0.00,0.48,0,0.0,0.00,-0.12,0.99,-3.84,0.30,1.52,0,0,11.68,12.35,0,0
742.743,-7.286709,112.795983,0.08,0.035,-0.022,-0.43,-0.73,321.51,321.51,0.00,0.24,0,0.0,0.00,-0.10,0.99,17.63,0.06,1.95,0,0,11.62,12.36,0,0
742.843,-7.286709,112.795983,0.08,0.025,-0.016,-0.31,-0.55,321.39,321.39,0.00,0.32,0,0.0,0.00,-0.04,0.99,28.50,-0.18,2.19,0,0,11.60,12.36,0,0
742.943,-7.286709,112.795983,0.01,0.017,-0.011,-0.31,-0.49,321.21,321.21,0.00,0.24,0,0.0,0.00,0.02,0.98,23.43,-0.42,2.31,0,0,11.74,12.32,0,0
743.043,-7.286709,112.795983,0.09,0.012,-0.008,-0.43,-0.55,320.98,320.98,0.00,0.32,0,0.0,0.01,0.07,0.98,6.16,-0.36,2.13,0,0,11.58,12.36,0,0
743.143,-7.286709,112.795983,0.03,0.008,-0.005,-0.19,-0.61,320.75,320.75,0.00,0.16,0,0.0,0.01,0.06,0.98,-12.93,0.00,1.77,0,0,11.55,12.36,0,0
743.243,-7.286709,112.795984,0.06,-0.204,0.252,-0.31,-0.49,320.59,320.59,0.00,0.32,0,0.0,0.01,0.01,0.99,-23.98,0.36,1.28,0,0,11.70,12.32,0,0
743.343,-7.286709,112.795983,0.03,0.067,-0.079,0.33,-0.55,320.52,320.52,0.00,0.24,0,0.0,0.00,-0.04,0.99,-21.48,0.36,1.03,0,0,11.64,12.30,0,0
743.443,-7.286709,112.795984,0.03,-0.163,0.200,-0.31,-0.49,320.48,320.48,0.00,0.24,0,0.0,0.00,-0.08,0.99,-8.60,0.12,1.09,0,0,11.82,12.37,0,0
743.543,-7.286709,112.795984,0.07,-0.114,0.140,-0.01,-0.19,320.45,320.45,0.00,0.24,0,0.0,0.00,-0.09,0.99,7.44,-0.30,1.70,0,0,11.82,12.36,0,0
743.643,-7.286709,112.795984,0.06,-0.080,0.098,-0.07,-0.19,320.35,320.35,0.00,0.40,0,0.0,0.00,-0.05,0.99,18.18,-0.30,2.07,0,0,11.76,12.36,0,0
743.743,-7.286709,112.795984,0.06,-0.056,0.068,-0.37,-0.49,320.19,320.19,0.00,0.16,0,0.0,0.01,0.00,0.99,19.10,-0.06,2.44,0,0,11.78,12.37,0,0
743.843,-7.286709,112.795984,0.05,-0.040,0.048,-0.25,-0.49,319.98,319.98,0.00,0.16,0,0.0,0.01,0.03,0.99,9.88,0.30,2.19,0,0,11.70,12.39,0,0
743.943,-7.286709,112.795984,0.03,-0.028,0.033,-0.31,-0.49,319.77,319.77,0.00,0.32,0,0.0,0.00,0.04,0.99,-3.60,0.48,2.01,0,0,11.64,12.37,0,0
744.043,-7.286709,112.795984,0.02,-0.020,0.023,-0.31,-0.43,319.59,319.59,0.00,0.48,0,0.0,0.00,0.02,0.99,-14.16,0.61,1.70,0,0,11.79,12.38,0,0
744.143,-7.286709,112.795984,0.03,-0.014,0.016,-0.07,-0.37,319.46,319.46,0.00,0.24,0,0.0,0.00,-0.01,0.99,-16.90,0.36,1.52,0,0,11.80,12.39,0,0
744.243,-7.286709,112.795984,0.03,-0.010,0.011,-0.37,-0.49,319.37,319.37,0.00,0.40,0,0.0,0.00,-0.05,0.99,-10.92,0.00,1.46,0,0,11.69,12.37,0,0
744.343,-7.286709,112.795984,0.02,-0.007,0.008,-0.25,-0.43,319.30,319.30,0.00,0.24,0,0.0,0.00,-0.07,0.99,0.06,-0.36,1.64,0,0,11.70,12.32,0,0
744.443,-7.286709,112.795984,0.05,-0.005,0.006,-0.31,0.04,319.20,319.20,0.00,0.32,0,0.0,0.00,-0.05,0.99,10.19,-0.73,2.01,0,0,11.82,12.36,0,0
744.543,-7.286709,112.795984,0.02,-0.003,0.004,-0.19,-0.37,319.07,319.07,0.00,0.40,0,0.0,0.00,-0.02,0.99,14.16,-0.54,2.19,0,0,11.72,12.36,0,0
744.643,-7.286709,112.795984,0.04,-0.002,0.003,-0.19,-0.55,318.89,318.89,0.00,0.32,0,0.0,0.01,0.01,0.99,10.74,-0.18,2.19,0,0,11.69,12.36,0,0
744.743,-7.286709,112.795984,0.04,-0.002,0.002,-0.25,-0.49,318.70,318.70,0.00,0.32,0,0.0,0.01,0.02,0.99,2.01,0.24,1.95,0,0,11.74,12.36,0,0
744.843,-7.286709,112.795984,0.02,-0.001,0.001,-0.49,-0.37,318.54,318.54,0.00,0.40,0,0.0,0.01,0.02,0.99,-6.89,0.61,1.64,0,0,11.80,12.37,0,0
744.943,-7.286709,112.795984,0.04,-0.001,0.001,-0.13,-0.31,318.41,318.41,0.00,0.32,0,0.0,0.00,0.00,0.99,-11.53,0.61,1.46,0,0,11.71,12.38,0,0
745.043,-7.286709,112.795984,0.01,-0.001,0.001,-0.31,-0.37,318.32,318.32,0.00,0.40,0,0.0,0.00,-0.03,0.99,-9.39,0.42,1.46,0,0,11.60,12.43,0,0
745.143,-7.286709,112.795984,0.00,-0.000,0.000,-0.25,-0.49,318.25,318.25,0.00,0.24,0,0.0,0.00,-0.05,0.99,-2.68,0.00,1.52,0,0,11.78,12.39,0,0
745.243,-7.286709,112.795984,0.02,-0.000,0.000,-0.31,-0.55,318.16,318.16,0.00,0.40,0,0.0,0.00,-0.04,0.99,4.39,-0.30,1.83,0,0,11.69,12.32,0,0
745.343,-7.286709,112.795984,0.01,-0.000,0.000,-0.31,-0.49,318.04,318.04,0.00,0.32,0,0.0,0.00,-0.02,0.99,7.99,-0.36,2.13,0,0,11.68,12.36,0,0
745.443,-7.286709,112.795984,0.02,-0.000,0.000,-0.61,-0.43,317.89,317.89,0.00,0.32,0,0.0,0.00,0.00,0.99,6.95,-0.36,2.19,0,0,11.74,12.38,0,0
745.543,-7.286708,112.795984,0.03,0.247,0.225,-0.43,-0.55,317.71,317.71,0.00,0.24,0,0.0,0.01,0.00,0.99,2.50,0.00,2.19,0,0,11.81,12.37,0,0
745.643,-7.286708,112.795984,0.01,0.172,0.158,-0.55,-0.01,317.54,317.54,0.00,0.40,0,0.0,0.01,0.00,0.99,-2.44,0.24,2.01,0,0,11.77,12.39,0,0
745.743,-7.286708,112.795984,0.01,0.120,0.111,-0.25,-0.49,317.40,317.40,0.00,0.32,0,0.0,0.00,0.00,0.99,-5.55,0.48,1.95,0,0,11.78,12.35,0,0
745.843,-7.286708,112.795984,0.01,0.084,0.078,-0.31,-0.13,317.26,317.26,0.00,0.24,0,0.0,0.00,-0.02,0.99,-5.67,0.54,1.83,0,0,11.62,12.36,0,0
745.943,-7.286708,112.795984,0.04,0.059,0.055,-0.25,-0.43,317.14,317.14,0.00,0.16,0,0.0,0.00,-0.03,0.98,-2.68,0.24,1.83,0,0,11.61,12.31,0,0
746.043,-7.286708,112.795984,0.00,0.041,0.038,-0.25,-0.49,317.03,317.03,0.00,0.24,0,0.0,0.00,-0.03,0.99,1.70,-0.12,1.77,0,0,11.76,12.36,0,0
746.143,-7.286708,112.795984,0.06,0.029,0.027,-0.25,-0.43,316.93,316.93,0.00,0.32,0,0.0,0.00,-0.02,0.99,4.69,-0.36,1.77,0,0,11.58,12.36,0,0
746.243,-7.286708,112.795984,0.02,0.020,0.019,-0.31,-0.55,316.80,316.80,0.00,0.24,0,0.0,0.00,-0.01,0.99,4.39,-0.48,1.95,0,0,11.72,12.39,0,0
746.343,-7.286708,112.795984,0.05,0.014,0.013,-0.31,-0.55,316.65,316.65,0.00,0.24,0,0.0,0.00,0.00,0.99,1.52,-0.30,2.07,0,0,11.59,12.36,0,0
746.443,-7.286708,112.795984,0.03,0.010,0.009,-0.25,-0.49,316.49,316.49,0.00,0.40,0,0.0,0.00,0.00,0.99,-1.58,0.06,2.13,0,0,11.72,12.36,0,0
746.543,-7.286708,112.795984,0.03,0.007,0.007,-0.31,-0.25,316.35,316.35,0.00,0.24,0,0.0,0.00,-0.01,0.99,-3.05,0.30,1.95,0,0,11.67,12.39,0,0
746.643,-7.286708,112.795984,0.06,0.005,0.005,-0.49,-0.49,316.22,316.22,0.00,0.32,0,0.0,0.00,-0.01,0.99,-0.48,0.54,1.70,0,0,11.64,12.36,0,0
746.743,-7.286708,112.795984,0.01,0.003,0.003,-0.31,-0.43,316.12,316.12,0.00,0.32,0,0.0,0.00,-0.02,0.99,5.67,0.42,1.28,0,0,11.73,12.39,0,0
746.843,-7.286708,112.795984,0.03,0.002,0.002,-0.31,-0.43,316.06,316.06,0.00,0.32,0,0.0,0.01,0.00,0.99,6.46,0.00,1.03,0,0,11.69,12.37,0,0
746.943,-7.286708,112.795984,0.03,0.002,0.002,-0.31,-0.49,316.03,316.03,0.00,0.24,0,0.0,0.02,0.01,0.99,7.69,-0.06,0.24,0,0,11.77,12.36,0,0
747.043,-7.286708,112.795984,0.05,0.001,0.001,-0.37,-0.61,316.08,316.08,0.00,0.16,0,0.0,0.02,0.03,0.98,3.78,-0.18,-0.61,0,0,11.77,12.37,0,0
747.143,-7.286708,112.795984,0.03,0.001,0.001,-0.43,-0.43,316.22,316.22,0.00,0.32,0,0.0,0.02,0.04,0.99,-3.54,-0.30,-1.64,0,0,11.70,12.32,0,0
747.243,-7.286708,112.795984,0.06,0.001,0.001,-0.31,-0.43,316.45,316.45,0.00,0.24,0,0.0,0.01,0.01,0.99,-9.27,-0.30,-2.25,0,0,11.75,12.32,0,0
747.343,-7.286708,112.795984,0.05,0.000,0.000,-0.31,-0.25,316.74,316.74,0.00,0.32,0,0.0,0.00,-0.01,0.99,-8.78,-0.24,-2.86,0,0,11.80,12.37,0,0
747.443,-7.286708,112.795984,0.03,0.000,0.000,-0.19,-0.67,317.09,317.09,0.00,0.40,0,0.0,0.00,-0.02,0.99,-1.15,-0.06,-3.23,0,0,11.69,12.37,0,0
747.543,-7.286708,112.795984,0.01,0.000,0.000,-0.61,-0.67,317.49,317.49,0.00,0.32,0,0.0,0.00,-0.01,0.99,4.57,-0.30,-3.47,0,0,11.67,12.36,0,0
747.643,-7.286708,112.795984,0.06,0.000,0.000,-0.25,-0.37,317.90,317.90,0.00,0.32,0,0.0,0.00,0.00,0.99,3.96,-0.24,-3.66,0,0,11.68,12.38,0,0
747.743,-7.286708,112.795984,0.06,0.000,0.000,-0.37,-0.55,318.32,318.32,0.00,0.40,0,0.0,0.00,0.01,0.99,-1.95,0.12,-3.66,0,0,11.83,12.39,0,0
747.843,-7.286708,112.795984,0.08,0.000,0.000,-0.43,-0.61,318.73,318.73,0.00,0.40,0,0.0,0.00,0.00,0.99,-7.81,0.36,-3.60,0,0,11.73,12.36,0,0
747.943,-7.286708,112.795984,0.06,0.000,0.000,-0.43,-0.90,319.15,319.15,0.00,0.40,0,0.0,0.00,-0.02,0.99,-7.32,0.24,-3.41,0,0,11.73,12.35,0,0
748.043,-7.286708,112.795984,0.01,0.000,0.000,-0.25,-0.43,319.56,319.56,0.00,0.48,0,0.0,0.00,-0.04,0.99,-3.54,0.12,-3.23,0,0,11.72,12.32,0,0
748.143,-7.286708,112.795984,0.05,0.000,0.000,-0.31,-0.31,319.96,319.96,0.00,0.32,0,0.0,0.00,-0.04,0.99,2.19,-0.06,-2.92,0,0,11.74,12.45,0,0
748.243,-7.286708,112.795984,0.06,0.000,0.000,-0.43,-0.55,320.32,320.32,0.00,0.40,0,0.0,0.00,-0.03,0.99,5.55,-0.30,-2.68,0,0,11.79,12.36,0,0
748.343,-7.286708,112.795984,0.00,0.000,0.000,-0.43,-0.37,320.64,320.64,0.00,0.32,0,0.0,0.00,-0.01,0.99,2.99,-0.12,-2.31,0,0,11.80,12.32,0,0
748.443,-7.286708,112.795984,0.06,0.000,0.000,-0.19,-0.37,320.92,320.92,0.00,0.48,0,0.0,0.00,0.00,0.99,-0.12,-0.06,-2.01,0,0,11.71,12.36,0,0
748.543,-7.286708,112.795984,0.05,0.000,0.000,-0.19,0.21,321.17,321.17,0.00,0.32,0,0.0,0.00,-0.01,0.99,-3.60,0.00,-1.70,0,0,11.80,12.36,0,0
748.643,-7.286708,112.795984,0.06,0.000,0.000,-0.37,-0.55,321.41,321.41,0.00,0.32,0,0.0,0.00,-0.02,0.99,-3.72,0.00,-1.52,0,0,11.73,12.36,0,0
748.743,-7.286708,112.795984,0.06,0.000,0.000,-0.25,-0.31,321.63,321.63,0.00,0.16,0,0.0,0.00,-0.03,0.99,-2.38,-0.06,-1.34,0,0,11.69,12.31,0,0
748.843,-7.286708,112.795984,0.04,0.000,0.000,-0.01,-0.49,321.84,321.84,0.00,0.32,0,0.0,0.00,-0.03,0.99,0.85,0.00,-1.15,0,0,11.68,12.35,0,0
748.943,-7.286708,112.795984,0.05,0.000,0.000,0.04,-0.43,322.05,322.05,0.00,0.40,0,0.0,0.00,-0.03,0.99,3.47,0.06,-1.09,0,0,11.54,12.35,0,0
749.043,-7.286708,112.795983,0.09,0.203,-0.262,-0.25,-0.49,322.22,322.22,0.00,0.32,0,0.0,0.00,-0.02,0.99,4.27,0.06,-0.91,0,0,11.76,12.36,0,0
749.143,-7.286708,112.795983,0.03,0.141,-0.183,-0.43,-0.37,322.37,322.37,0.00,0.40,0,0.0,0.00,-0.01,0.99,4.02,0.00,-0.79,0,0,11.62,12.37,0,0
749.243,-7.286708,112.795983,0.02,0.099,-0.129,-0.31,-0.55,322.52,322.52,0.00,0.24,0,0.0,0.00,0.00,0.99,1.77,-0.18,-0.73,0,0,11.58,12.36,0,0
749.343,-7.286708,112.795983,0.04,0.069,-0.090,-0.49,-0.37,322.64,322.64,0.00,0.32,0,0.0,0.00,0.00,0.99,-2.07,-0.24,-0.48,0,0,11.63,12.35,0,0
749.443,-7.286708,112.795983,0.06,0.048,-0.063,-0.37,-0.31,322.73,322.73,0.00,0.16,0,0.0,0.00,0.00,0.99,-5.79,-0.18,-0.36,0,0,11.67,12.37,0,0
749.543,-7.286708,112.795983,0.04,0.034,-0.044,-0.37,-0.43,322.82,322.82,0.00,0.40,0,0.0,0.00,-0.02,0.99,-7.81,0.06,0.00,0,0,11.80,12.37,0,0
749.643,-7.286708,112.795983,0.01,0.023,-0.031,-0.31,-0.49,322.90,322.90,0.00,0.32,0,0.0,0.00,-0.04,0.99,-5.00,0.30,0.12,0,0,11.77,12.39,0,0
749.743,-7.286708,112.795983,0.02,0.016,-0.022,-0.43,-0.55,322.98,322.98,0.00,0.32,0,0.0,0.00,-0.05,0.99,1.58,0.18,0.18,0,0,11.59,12.36,0,0
749.843,-7.286708,112.795983,0.02,0.011,-0.015,-0.43,-0.49,323.05,323.05,0.00,0.32,0,0.0,0.00,-0.03,0.99,5.73,0.06,0.36,0,0,11.67,12.37,0,0
749.943,-7.286708,112.795983,0.03,0.008,-0.011,-0.31,-0.31,323.08,323.08,0.00,0.32,0,0.0,0.00,-0.02,0.99,6.28,0.00,0.73,0,0,11.81,12.36,0,0
750.043,-7.286708,112.795983,0.04,0.006,-0.007,-0.43,-0.13,323.07,323.07,0.00,0.32,0,0.0,0.00,0.00,0.99,4.08,0.00,0.91,0,0,11.69,12.35,0,0
750.143,-7.286708,112.795983,0.03,0.004,-0.005,-0.31,-0.01,323.04,323.04,0.00,0.40,0,0.0,0.00,0.00,0.99,0.54,0.00,1.09,0,0,11.70,12.32,0,0
750.243,-7.286708,112.795982,0.04,0.202,-0.268,-0.37,-0.49,322.99,322.99,0.00,0.24,0,0.0,0.00,0.00,0.99,-1.83,0.00,1.03,0,0,11.74,12.32,0,0
750.343,-7.286709,112.795982,0.02,-0.125,-0.388,-0.43,-0.43,322.95,322.95,0.00,0.32,0,0.0,0.00,-0.01,0.99,-3.11,-0.12,1.03,0,0,11.69,12.39,0,0
750.443,-7.286708,112.795982,0.02,0.179,-0.071,-0.43,-0.43,322.93,322.93,0.00,0.32,0,0.0,0.00,-0.01,0.99,-2.19,-0.12,0.85,0,0,11.67,12.35,0,0
750.543,-7.286708,112.795982,0.01,0.125,-0.050,0.04,-0.49,322.91,322.91,0.00,0.24,0,0.0,0.00,-0.02,0.99,-0.48,-0.42,0.91,0,0,11.58,12.36,0,0
750.643,-7.286709,112.795982,0.04,-0.178,-0.236,-0.31,-0.55,322.90,322.90,0.00,0.32,0,0.0,0.00,-0.01,0.99,1.03,-0.30,0.73,0,0,11.60,12.36,0,0
750.743,-7.286709,112.795982,0.03,-0.125,-0.165,-0.25,-0.37,322.91,322.91,0.00,0.24,0,0.0,0.00,-0.01,0.99,1.09,0.00,0.61,0,0,11.81,12.36,0,0
750.843,-7.286709,112.795982,0.02,-0.087,-0.116,-0.25,-0.61,322.91,322.91,0.00,0.16,0,0.0,0.00,-0.01,0.99,0.36,0.18,0.61,0,0,11.68,12.32,0,0
750.943,-7.286709,112.795982,0.00,-0.061,-0.081,-0.37,-0.25,322.92,322.92,0.00,0.40,0,0.0,0.00,-0.01,0.99,0.85,0.48,0.42,0,0,11.64,12.36,0,0
751.043,-7.286709,112.795982,0.04,-0.043,-0.057,-0.25,-0.55,322.93,322.93,0.00,0.32,0,0.0,0.00,-0.01,0.99,2.31,0.30,0.54,0,0,11.79,12.37,0,0
751.143,-7.286709,112.795982,0.04,-0.030,-0.040,-0.31,-0.49,322.94,322.94,0.00,0.32,0,0.0,0.00,0.00,0.99,1.58,0.18,0.54,0,0,11.78,12.39,0,0
751.243,-7.286709,112.795982,0.01,-0.021,-0.028,-0.31,-0.49,322.94,322.94,0.00,0.32,0,0.0,0.00,0.00,0.99,-0.61,0.18,0.61,0,0,11.81,12.37,0,0
751.343,-7.286709,112.795982,0.02,-0.015,-0.019,-0.37,-0.43,322.93,322.93,0.00,0.32,0,0.0,0.00,0.00,0.99,-2.86,0.06,0.61,0,0,11.81,12.37,0,0
751.443,-7.286709,112.795982,0.02,-0.010,-0.014,-0.31,-0.07,322.93,322.93,0.00,0.32,0,0.0,0.00,-0.01,0.99,-2.13,-0.12,0.61,0,0,11.69,12.35,0,0
751.543,-7.286709,112.795982,0.03,-0.007,-0.010,-0.25,-0.55,322.95,322.95,0.00,0.32,0,0.0,0.00,-0.02,0.99,2.44,-0.30,0.30,0,0,11.92,12.37,0,0
751.643,-7.286709,112.795982,0.03,-0.005,-0.007,-0.37,-0.49,323.01,323.01,0.00,0.24,0,0.0,0.00,0.00,0.99,6.16,-0.48,-0.12,0,0,11.74,12.39,0,0
751.743,-7.286709,112.795983,0.04,-0.202,0.260,-0.43,-0.61,323.10,323.10,0.00,0.32,0,0.0,0.00,0.01,0.99,6.10,-0.36,-0.67,0,0,11.72,12.38,0,0
751.843,-7.286709,112.795983,0.05,-0.141,0.182,-0.37,-0.43,323.24,323.24,0.00,0.24,0,0.0,0.00,0.02,0.99,2.56,-0.12,-1.28,0,0,11.88,12.36,0,0
751.943,-7.286709,112.795983,0.01,-0.098,0.128,-0.37,-0.49,323.42,323.42,0.00,0.32,0,0.0,0.00,0.02,0.99,-1.89,0.00,-1.70,0,0,11.56,12.36,0,0
752.043,-7.286709,112.795983,0.02,-0.069,0.090,-0.37,-0.61,323.65,323.65,0.00,0.32,0,0.0,0.00,0.01,0.99,-4.88,0.06,-2.19,0,0,11.80,12.36,0,0
752.143,-7.286709,112.795983,0.03,-0.048,0.063,-0.19,-0.43,323.90,323.90,0.00,0.32,0,0.0,0.00,0.00,0.99,-5.79,0.00,-2.25,0,0,11.75,12.37,0,0
752.243,-7.286709,112.795983,0.01,-0.033,0.044,0.27,-0.49,324.19,324.19,0.00,0.32,0,0.0,0.00,-0.01,0.99,-4.27,0.00,-2.19,0,0,11.69,12.36,0,0
752.343,-7.286709,112.795983,0.00,-0.023,0.031,0.21,-0.43,324.45,324.45,0.00,0.40,0,0.0,0.00,-0.02,0.99,-4.76,0.12,-2.01,0,0,11.75,12.30,0,0
752.443,-7.286709,112.795983,0.03,-0.016,0.022,-0.31,-0.55,324.71,324.71,0.00,0.24,0,0.0,0.00,-0.03,0.99,-2.31,0.06,-1.77,0,0,11.80,12.36,0,0
752.543,-7.286709,112.795983,0.02,-0.011,0.015,-0.31,-0.43,324.95,324.95,0.00,0.40,0,0.0,0.00,-0.03,0.99,2.86,-0.06,-1.58,0,0,11.58,12.35,0,0
752.643,-7.286709,112.795983,0.02,-0.008,0.011,-0.25,-0.25,325.18,325.18,0.00,0.40,0,0.0,0.00,-0.01,0.99,4.51,-0.06,-1.40,0,0,11.82,12.37,0,0
752.743,-7.286709,112.795983,0.02,-0.005,0.008,-0.07,-0.43,325.38,325.38,0.00,0.24,0,0.0,0.00,0.00,0.99,3.47,0.00,-1.40,0,0,11.85,12.36,0,0
752.843,-7.286709,112.795983,0.01,-0.004,0.005,-0.31,-0.49,325.60,325.60,0.00,0.32,0,0.0,0.00,0.00,0.99,2.44,0.18,-1.64,0,0,11.60,12.36,0,0
752.943,-7.286709,112.795983,0.03,-0.003,0.004,0.10,-0.49,325.83,325.83,0.00,0.32,0,0.0,0.00,0.00,0.99,0.54,0.06,-1.89,0,0,11.73,12.35,0,0
753.043,-7.286709,112.795983,0.02,-0.002,0.003,-0.25,-0.49,326.07,326.07,0.00,0.32,0,0.0,0.01,0.00,0.99,1.34,0.00,-2.07,0,0,11.80,12.37,0,0
753.143,-7.286709,112.795983,0.00,-0.001,0.002,-0.25,-0.43,326.33,326.33,0.00,0.24,0,0.0,0.01,-0.01,0.99,6.65,-0.36,-2.07,0,0,11.73,12.37,0,0
753.243,-7.286709,112.795983,0.01,-0.001,0.001,0.10,-0.49,326.59,326.59,0.00,0.24,0,0.0,0.01,0.01,0.98,10.86,-0.48,-2.31,0,0,11.82,12.36,0,0
753.343,-7.286709,112.795983,0.02,-0.001,0.001,-0.37,-0.43,326.81,326.81,0.00,0.32,0,0.0,0.01,0.03,0.98,7.32,-0.48,-1.89,0,0,11.71,12.35,0,0
753.443,-7.286709,112.795983,0.03,-0.000,0.001,-0.43,-0.55,327.00,327.00,0.00,0.40,0,0.0,0.01,0.04,0.98,1.58,-0.79,-1.83,0,0,11.54,12.35,0,0
753.543,-7.286709,112.795984,0.04,-0.180,0.279,-0.37,-0.55,327.18,327.18,0.00,0.32,0,0.0,0.01,0.04,0.99,-3.66,-0.79,-1.89,0,0,11.74,12.38,0,0
753.643,-7.286709,112.795984,0.02,-0.125,0.195,-0.37,-0.43,327.36,327.36,0.00,0.32,0,0.0,0.01,0.03,0.99,-5.67,-0.42,-1.64,0,0,11.82,12.37,0,0
753.743,-7.286709,112.795984,0.02,-0.087,0.137,-0.37,-0.55,327.52,327.52,0.00,0.24,0,0.0,0.01,0.02,0.99,-6.59,0.12,-1.15,0,0,11.73,12.37,0,0
753.843,-7.286709,112.795984,0.04,-0.061,0.096,-0.43,-0.49,327.66,327.66,0.00,0.32,0,0.0,0.00,0.00,0.99,-4.76,0.48,-0.91,0,0,11.81,12.36,0,0
753.943,-7.286709,112.795984,0.02,-0.042,0.067,0.16,-0.31,327.77,327.77,0.00,0.32,0,0.0,0.00,0.00,0.99,-4.15,0.73,-0.42,0,0,11.82,12.32,0,0
754.043,-7.286709,112.795984,0.01,-0.030,0.047,-0.43,-0.43,327.86,327.86,0.00,0.40,0,0.0,0.00,0.00,0.99,-4.63,0.85,0.00,0,0,11.73,12.39,0,0
754.143,-7.286709,112.795984,0.04,-0.021,0.033,-0.25,-0.37,327.94,327.94,0.00,0.40,0,0.0,0.00,0.00,0.98,-6.34,0.61,0.12,0,0,11.78,12.39,0,0
754.243,-7.286709,112.795984,0.03,-0.014,0.023,-0.25,-0.49,328.00,328.00,0.00,0.24,0,0.0,0.00,-0.02,0.99,-7.32,0.42,0.54,0,0,11.78,12.38,0,0
754.343,-7.286709,112.795983,0.02,0.165,-0.265,0.21,-0.43,328.05,328.05,0.00,0.32,0,0.0,0.00,-0.03,0.99,-2.31,0.12,0.67,0,0,11.80,12.37,0,0
754.443,-7.286709,112.795983,0.04,0.115,-0.185,-0.13,-0.43,328.10,328.10,0.00,0.32,0,0.0,0.01,-0.02,0.99,-1.22,0.18,0.79,0,0,11.81,12.37,0,0
754.543,-7.286709,112.795983,0.02,0.081,-0.130,-0.55,-0.55,328.13,328.13,0.00,0.48,0,0.0,0.00,-0.03,0.98,-1.22,-0.24,0.79,0,0,11.63,12.35,0,0
754.643,-7.286709,112.795983,0.02,0.056,-0.091,-0.31,-0.61,328.17,328.17,0.00,-0.72,0,0.0,0.00,-0.03,0.99,3.66,-0.67,0.79,0,0,11.85,12.36,0,0
754.743,-7.286709,112.795983,0.02,0.039,-0.064,0.21,-0.19,328.22,328.22,0.00,0.40,0,0.0,0.00,-0.02,0.99,5.49,-1.09,0.48,0,0,11.82,12.35,0,0
754.843,-7.286709,112.795983,0.02,0.028,-0.045,-0.43,-0.73,328.27,328.27,0.00,0.24,0,0.0,0.00,-0.01,0.99,4.33,-0.79,0.30,0,0,11.62,12.57,0,0
754.943,-7.286709,112.795983,0.01,0.019,-0.031,-0.55,-0.43,328.33,328.33,0.00,0.32,0,0.0,0.00,0.00,1.00,2.19,-0.18,0.06,0,0,11.64,12.36,0,0
755.043,-7.286709,112.795983,0.03,0.013,-0.022,-0.31,-0.31,328.41,328.41,0.00,0.32,0,0.0,0.01,0.00,0.99,-0.06,0.42,-0.12,0,0,11.60,12.36,0,0
755.143,-7.286709,112.795983,0.02,0.009,-0.015,-0.31,-0.43,328.49,328.49,0.00,0.24,0,0.0,0.00,0.00,0.99,-1.22,0.48,0.00,0,0,11.67,12.31,0,0
755.243,-7.286709,112.795983,0.01,0.007,-0.011,-0.19,-0.43,328.55,328.55,0.00,0.32,0,0.0,0.00,-0.01,0.99,-1.77,0.30,0.24,0,0,11.54,12.36,0,0
755.343,-7.286709,112.795983,0.01,0.005,-0.008,-0.25,-0.49,328.58,328.58,0.00,0.32,0,0.0,0.00,-0.01,0.99,-0.48,0.00,0.48,0,0,11.64,12.36,0,0
755.443,-7.286709,112.795983,0.04,0.003,-0.005,-0.37,-0.49,328.58,328.58,0.00,0.40,0,0.0,0.00,-0.01,0.99,0.18,0.00,0.91,0,0,11.77,12.85,0,0
755.543,-7.286709,112.795983,0.00,0.002,-0.004,-0.31,-0.31,328.56,328.56,0.00,0.32,0,0.0,0.00,-0.01,0.99,-0.36,0.12,0.97,0,0,11.59,12.55,0,0
755.643,-7.286709,112.795982,0.04,0.174,-0.285,-0.43,-0.55,328.54,328.54,0.00,0.32,0,0.0,0.00,-0.01,0.99,-0.85,0.24,0.85,0,0,11.66,12.35,0,0
755.743,-7.286709,112.795982,0.01,0.122,-0.199,-0.31,-0.37,328.54,328.54,0.00,0.40,0,0.0,0.00,-0.01,0.99,-0.91,0.12,0.79,0,0,11.59,12.37,0,0
755.843,-7.286709,112.795982,0.06,0.085,-0.140,-0.67,-0.19,328.55,328.55,0.00,0.24,0,0.0,0.00,-0.01,0.99,-0.30,0.00,0.48,0,0,11.61,12.36,0,0
755.943,-7.286709,112.795982,0.00,0.060,-0.098,-0.31,-0.43,328.59,328.59,0.00,0.32,0,0.0,0.00,-0.01,0.99,-0.48,0.00,0.24,0,0,11.72,12.36,0,0
756.043,-7.286709,112.795982,0.05,0.042,-0.068,-0.31,-0.49,328.66,328.66,0.00,0.40,0,0.0,0.00,-0.01,0.99,-0.36,0.00,0.00,0,0,11.60,12.36,0,0
756.143,-7.286709,112.795982,0.02,0.029,-0.048,-0.31,-0.61,328.74,328.74,0.00,0.24,0,0.0,0.00,-0.01,0.99,0.06,-0.12,-0.18,0,0,11.63,12.36,0,0
756.243,-7.286709,112.795982,0.01,0.020,-0.034,-0.37,-0.49,328.85,328.85,0.00,0.40,0,0.0,0.00,-0.02,0.99,0.00,-0.12,-0.30,0,0,11.73,12.36,0,0
756.343,-7.286709,112.795982,0.02,0.014,-0.024,-0.25,-0.61,328.94,328.94,0.00,0.32,0,0.0,0.00,-0.02,0.99,-0.67,-0.18,-0.06,0,0,11.71,12.37,0,0
756.443,-7.286709,112.795982,0.04,0.010,-0.017,-0.31,-0.67,329.01,329.01,0.00,0.24,0,0.0,0.00,-0.02,0.99,-1.03,-0.18,0.00,0,0,11.75,12.37,0,0
756.543,-7.286709,112.795982,0.03,0.007,-0.012,-0.25,-0.49,329.06,329.06,0.00,0.32,0,0.0,0.00,-0.02,0.99,-0.48,0.06,0.12,0,0,11.59,12.35,0,0
756.643,-7.286709,112.795982,0.03,0.005,-0.008,-0.37,-0.31,329.10,329.10,0.00,0.24,0,0.0,0.00,-0.02,0.99,0.30,0.12,0.30,0,0,11.82,12.36,0,0
756.743,-7.286709,112.795982,0.05,0.003,-0.006,-0.25,-0.43,329.12,329.12,0.00,0.40,0,0.0,0.00,-0.02,0.99,0.79,0.12,0.24,0,0,11.66,12.37,0,0
756.843,-7.286709,112.795982,0.01,0.002,-0.004,-0.31,-0.49,329.16,329.16,0.00,0.24,0,0.0,0.00,-0.01,0.99,0.91,0.12,0.18,0,0,11.69,12.37,0,0
756.943,-7.286709,112.795982,0.01,0.002,-0.003,-0.43,-0.67,329.22,329.22,0.00,0.32,0,0.0,0.00,-0.01,0.99,-0.06,0.30,0.06,0,0,11.74,12.37,0,0
757.043,-7.286708,112.795982,0.07,0.288,0.168,-0.07,-0.37,329.29,329.29,0.00,0.24,0,0.0,0.00,-0.01,0.99,-1.09,0.12,-0.06,0,0,11.67,12.37,0,0
757.143,-7.286708,112.795982,0.04,0.202,0.118,-0.31,-0.73,329.38,329.38,0.00,0.40,0,0.0,0.00,-0.01,0.99,-5.18,0.18,0.00,0,0,11.59,12.37,0,0
757.243,-7.286708,112.795982,0.03,0.141,0.082,-0.31,-0.49,329.43,329.43,0.00,0.40,0,0.0,0.00,-0.03,0.99,-13.61,0.42,0.67,0,0,11.69,12.32,0,0
757.343,-7.286708,112.795982,0.02,0.099,0.058,-0.31,-0.25,329.44,329.44,0.00,0.40,0,0.0,0.00,-0.06,0.99,-15.68,0.48,1.40,0,0,11.73,12.35,0,0
757.443,-7.286708,112.795982,0.02,0.069,0.040,0.16,-0.49,329.40,329.40,0.00,0.40,0,0.0,0.00,-0.11,0.98,-7.62,0.00,2.25,0,0,11.62,12.36,0,0
757.543,-7.286708,112.795982,0.04,0.048,0.028,-0.07,-0.79,329.30,329.30,0.00,0.32,0,0.0,0.00,-0.11,0.99,5.61,-0.54,3.11,0,0,11.80,12.37,0,0
757.643,-7.286708,112.795982,0.05,0.034,0.020,-0.31,-0.49,329.10,329.10,0.00,0.40,0,0.0,0.00,-0.08,0.99,12.81,-0.85,3.96,0,0,11.73,12.42,0,0
757.743,-7.286708,112.795982,0.05,0.024,0.014,-0.49,-0.55,328.78,328.78,0.00,0.24,0,0.0,0.00,-0.05,0.99,12.20,-0.67,4.82,0,0,11.74,12.36,0,0
757.843,-7.286708,112.795982,0.05,0.016,0.010,-0.31,-0.49,328.37,328.37,0.00,0.24,0,0.0,0.00,-0.02,0.99,6.53,-0.24,5.24,0,0,11.60,12.37,0,0
757.943,-7.286708,112.795982,0.03,0.011,0.007,-0.37,-0.61,327.91,327.91,0.00,0.24,0,0.0,0.01,-0.01,0.99,2.13,0.18,5.31,0,0,11.80,12.37,0,0
758.043,-7.286708,112.795982,0.01,0.008,0.005,-0.37,-0.19,327.45,327.45,0.00,0.32,0,0.0,0.01,-0.01,0.99,-2.62,0.36,5.31,0,0,11.69,12.32,0,0
758.143,-7.286708,112.795982,0.05,0.006,0.004,-0.07,-0.43,326.99,326.99,0.00,0.32,0,0.0,0.01,-0.02,0.99,-6.59,0.30,5.37,0,0,11.80,12.38,0,0
758.243,-7.286708,112.795982,0.01,0.004,0.003,-0.13,-0.43,326.53,326.53,0.00,0.32,0,0.0,0.01,-0.05,0.99,-4.21,0.06,5.37,0,0,11.64,12.39,0,0
758.343,-7.286708,112.795983,0.05,-0.182,0.276,-0.31,-0.31,326.08,326.08,0.00,0.24,0,0.0,0.01,-0.05,0.99,2.31,-0.18,5.49,0,0,11.77,12.39,0,0
758.443,-7.286708,112.795983,0.04,-0.129,0.192,-0.19,-0.43,325.62,325.62,0.00,0.32,0,0.0,0.01,-0.04,0.99,6.28,-0.48,5.43,0,0,11.72,12.36,0,0
758.543,-7.286708,112.795983,0.02,-0.091,0.134,-0.43,-0.49,325.15,325.15,0.00,0.40,0,0.0,0.01,-0.02,0.99,6.77,-0.54,5.43,0,0,11.73,12.36,0,0
758.643,-7.286708,112.795983,0.03,-0.065,0.093,-0.25,-0.49,324.69,324.69,0.00,0.32,0,0.0,0.00,-0.01,0.99,7.14,-0.30,5.00,0,0,11.68,12.37,0,0
758.743,-7.286708,112.795983,0.03,-0.046,0.065,-0.25,-0.31,324.26,324.26,0.00,0.24,0,0.0,0.01,0.00,0.99,4.57,-0.06,4.51,0,0,11.68,12.39,0,0
758.843,-7.286708,112.795983,0.05,-0.032,0.045,-0.31,-0.43,323.86,323.86,0.00,0.32,0,0.0,0.00,0.00,0.99,0.79,0.18,4.08,0,0,11.81,12.42,0,0
758.943,-7.286708,112.795983,0.01,-0.023,0.032,-0.31,-0.37,323.50,323.50,0.00,0.40,0,0.0,0.00,0.00,0.99,-3.47,0.42,3.72,0,0,11.64,12.39,0,0
759.043,-7.286708,112.795983,0.07,-0.016,0.022,-0.25,-0.49,323.17,323.17,0.00,0.48,0,0.0,0.00,0.00,0.99,-3.84,0.42,3.35,0,0,11.73,12.36,0,0
759.143,-7.286708,112.795983,0.06,-0.011,0.015,-0.25,-0.43,322.89,322.89,0.00,0.24,0,0.0,0.00,-0.01,0.99,-1.34,0.30,3.17,0,0,11.72,12.32,0,0
759.243,-7.286708,112.795983,0.03,-0.008,0.011,-0.25,-0.43,322.63,322.63,0.00,0.24,0,0.0,0.00,-0.01,0.99,-1.03,0.30,3.11,0,0,11.64,12.31,0,0
759.343,-7.286708,112.795983,0.04,-0.006,0.007,-0.31,-0.55,322.36,322.36,0.00,0.32,0,0.0,0.00,-0.01,0.99,-2.31,0.24,3.11,0,0,11.73,12.37,0,0
759.443,-7.286708,112.795983,0.02,-0.004,0.005,-0.25,-0.43,322.10,322.10,0.00,0.40,0,0.0,0.00,-0.01,0.99,-1.83,0.00,3.11,0,0,11.76,12.36,0,0
759.543,-7.286708,112.795983,0.04,-0.003,0.004,0.10,-0.31,321.87,321.87,0.00,0.40,0,0.0,0.00,-0.02,0.99,-0.30,-0.30,2.92,0,0,11.67,12.39,0,0
759.643,-7.286708,112.795983,0.07,-0.002,0.003,-0.31,-0.43,321.64,321.64,0.00,0.32,0,0.0,0.00,-0.02,0.99,1.09,-0.42,2.74,0,0,11.79,12.55,0,0
759.743,-7.286708,112.795983,0.08,-0.001,0.002,-0.07,-0.31,321.43,321.43,0.00,0.24,0,0.0,0.00,-0.01,0.99,1.83,-0.12,2.68,0,0,11.82,12.36,0,0
759.843,-7.286708,112.795983,0.00,-0.001,0.001,-0.25,-0.49,321.22,321.22,0.00,0.16,0,0.0,0.01,-0.01,0.99,1.95,0.18,2.50,0,0,11.80,12.37,0,0
759.943,-7.286708,112.795984,0.04,-0.209,0.258,-0.01,-0.43,321.03,321.03,0.00,0.32,0,0.0,0.00,0.00,0.99,1.22,0.36,2.31,0,0,11.70,12.36,0,0
760.043,-7.286708,112.795984,0.10,-0.147,0.180,-0.25,-0.31,320.85,320.85,0.00,0.32,0,0.0,0.00,0.00,0.99,-0.06,0.24,2.19,0,0,11.69,12.32,0,0
760.143,-7.286708,112.795984,0.05,-0.103,0.126,-0.07,-0.43,320.67,320.67,0.00,0.24,0,0.0,0.00,0.00,0.99,-1.28,0.06,2.07,0,0,11.80,12.39,0,0
760.243,-7.286708,112.795984,0.04,-0.072,0.088,-0.19,-0.25,320.52,320.52,0.00,0.32,0,0.0,0.00,-0.01,0.99,-1.89,0.00,2.01,0,0,11.73,12.39,0,0
760.343,-7.286708,112.795984,0.03,-0.051,0.061,-0.31,-0.43,320.38,320.38,0.00,0.32,0,0.0,0.00,-0.01,0.99,-1.58,0.00,1.89,0,0,11.72,12.32,0,0
760.443,-7.286708,112.795984,0.05,-0.036,0.043,-0.19,-0.49,320.25,320.25,0.00,0.16,0,0.0,0.00,-0.02,0.99,-0.91,0.00,1.95,0,0,11.63,12.36,0,0
760.543,-7.286708,112.795984,0.05,-0.025,0.030,-0.07,-0.31,320.13,320.13,0.00,0.16,0,0.0,0.00,-0.02,0.99,-0.12,0.00,1.89,0,0,11.82,12.39,0,0
760.643,-7.286708,112.795984,0.02,-0.018,0.021,-0.49,-0.49,319.99,319.99,0.00,0.32,0,0.0,0.00,-0.02,0.99,0.61,-0.12,1.89,0,0,11.80,12.37,0,0
760.743,-7.286708,112.795984,0.04,-0.012,0.015,-0.31,-0.31,319.86,319.86,0.00,0.32,0,0.0,0.00,-0.01,0.99,1.28,-0.06,1.89,0,0,11.76,12.37,0,0
760.843,-7.286708,112.795984,0.03,-0.009,0.010,-0.25,-0.55,319.73,319.73,0.00,0.48,0,0.0,0.00,-0.01,0.99,1.52,0.00,1.83,0,0,11.60,12.31,0,0
760.943,-7.286708,112.795984,0.02,-0.006,0.007,-0.31,-0.43,319.61,319.61,0.00,0.24,0,0.0,0.00,-0.01,0.99,1.09,0.12,1.70,0,0,11.62,12.36,0,0
761.043,-7.286708,112.795984,0.05,-0.004,0.005,-0.37,-0.49,319.51,319.51,0.00,0.32,0,0.0,0.00,0.00,0.99,0.06,0.12,1.52,0,0,11.82,12.36,0,0
761.143,-7.286709,112.795984,0.01,-0.256,-0.214,-0.43,-0.79,319.42,319.42,0.00,0.40,0,0.0,0.00,0.00,0.99,-1.15,0.18,1.34,0,0,11.78,12.42,0,0
761.243,-7.286709,112.795984,0.01,-0.179,-0.150,-0.31,-0.37,319.35,319.35,0.00,0.40,0,0.0,0.00,-0.01,0.99,-2.07,0.18,1.28,0,0,11.79,12.35,0,0
761.343,-7.286709,112.795984,0.06,-0.125,-0.105,-0.37,-0.37,319.29,319.29,0.00,0.32,0,0.0,0.00,-0.01,0.99,-2.25,0.18,1.22,0,0,11.80,12.35,0,0
761.443,-7.286709,112.795984,0.06,-0.088,-0.074,-0.31,-0.43,319.21,319.21,0.00,0.32,0,0.0,0.00,-0.02,0.99,-1.46,0.06,1.40,0,0,11.71,12.33,0,0
761.543,-7.286709,112.795984,0.05,-0.061,-0.052,-0.31,-0.55,319.13,319.13,0.00,0.24,0,0.0,0.00,-0.02,0.99,0.18,-0.06,1.64,0,0,11.73,12.35,0,0
761.643,-7.286709,112.795984,0.05,-0.043,-0.036,-0.31,-0.85,319.04,319.04,0.00,0.32,0,0.0,0.00,-0.02,0.99,1.83,-0.42,1.52,0,0,11.75,12.35,0,0
761.743,-7.286709,112.795984,0.05,-0.030,-0.025,-0.31,-0.43,318.94,318.94,0.00,0.40,0,0.0,0.00,-0.01,0.99,2.80,-0.42,1.52,0,0,11.60,12.36,0,0
761.843,-7.286708,112.795984,0.10,0.230,0.202,-0.31,-0.43,318.86,318.86,0.00,0.40,0,0.0,0.00,0.00,0.99,2.25,-0.36,1.40,0,0,11.76,12.42,0,0
761.943,-7.286708,112.795984,0.04,0.161,0.141,-0.37,-0.55,318.79,318.79,0.00,0.40,0,0.0,0.01,0.00,0.99,0.54,0.00,0.97,0,0,11.70,12.36,0,0
762.043,-7.286708,112.795985,0.06,-0.106,0.348,-0.37,-0.43,318.75,318.75,0.00,0.32,0,0.0,0.01,0.00,0.99,-1.58,0.30,0.85,0,0,11.82,12.37,0,0
762.143,-7.286709,112.795984,0.04,-0.106,-0.225,0.10,-0.19,318.71,318.71,0.00,0.40,0,0.0,0.00,-0.01,0.99,-2.92,0.48,0.79,0,0,11.82,12.32,0,0
762.243,-7.286708,112.795985,0.04,-0.042,0.311,-0.43,-0.49,318.70,318.70,0.00,0.40,0,0.0,0.00,-0.02,0.99,-2.74,0.36,0.79,0,0,11.82,12.39,0,0
762.343,-7.286708,112.795985,0.05,-0.030,0.218,-0.31,-0.49,318.68,318.68,0.00,0.40,0,0.0,0.00,-0.02,0.99,-1.03,0.24,0.85,0,0,11.63,12.34,0,0
762.443,-7.286709,112.795985,0.03,-0.271,-0.068,-0.13,-0.37,318.65,318.65,0.00,0.32,0,0.0,0.00,-0.02,0.99,1.03,0.06,0.97,0,0,11.78,12.35,0,0
762.543,-7.286709,112.795985,0.02,-0.190,-0.048,-0.37,-0.49,318.62,318.62,0.00,0.24,0,0.0,0.00,-0.02,0.99,2.19,-0.24,1.09,0,0,11.67,12.36,0,0
762.643,-7.286709,112.795985,0.03,-0.133,-0.034,-0.13,-0.49,318.57,318.57,0.00,0.40,0,0.0,0.00,-0.01,0.99,2.01,-0.24,1.09,0,0,11.69,12.39,0,0
762.743,-7.286709,112.795985,0.03,-0.093,-0.024,-0.31,-0.49,318.51,318.51,0.00,0.32,0,0.0,0.00,0.00,0.99,0.79,-0.12,1.09,0,0,11.72,12.32,0,0
762.843,-7.286708,112.795985,0.06,0.185,0.205,-0.37,-0.67,318.46,318.46,0.00,0.40,0,0.0,0.00,0.00,0.99,-0.54,-0.12,0.97,0,0,11.78,12.36,0,0
762.943,-7.286708,112.795985,0.02,0.129,0.143,-0.13,-0.61,318.42,318.42,0.00,0.24,0,0.0,0.00,-0.01,0.99,-1.64,0.06,0.79,0,0,11.67,12.37,0,0
763.043,-7.286708,112.795985,0.07,0.090,0.100,-0.37,0.04,318.40,318.40,0.00,0.32,0,0.0,0.00,-0.01,0.99,-2.07,0.06,0.79,0,0,11.75,12.37,0,0
763.143,-7.286708,112.795985,0.06,0.063,0.070,0.16,-0.43,318.38,318.38,0.00,0.40,0,0.0,0.00,-0.02,0.99,-1.40,0.06,0.73,0,0,11.78,12.39,0,0
763.243,-7.286708,112.795985,0.04,0.044,0.049,-0.31,-0.49,318.36,318.36,0.00,0.24,0,0.0,0.00,-0.02,0.99,0.00,0.00,0.73,0,0,11.62,12.37,0,0
763.343,-7.286708,112.795985,0.04,0.031,0.034,-0.31,-0.37,318.35,318.35,0.00,0.32,0,0.0,0.00,-0.02,0.99,1.58,-0.06,0.73,0,0,11.80,12.36,0,0
763.443,-7.286708,112.795985,0.08,0.022,0.024,-0.37,-0.43,318.34,318.34,0.00,0.32,0,0.0,0.00,-0.01,0.99,2.31,-0.06,0.73,0,0,11.75,12.37,0,0
763.543,-7.286708,112.795985,0.03,0.015,0.017,-0.19,-0.43,318.32,318.32,0.00,0.40,0,0.0,0.00,-0.01,0.99,1.34,-0.12,0.73,0,0,11.70,12.32,0,0
763.643,-7.286708,112.795985,0.03,0.011,0.012,-0.31,-0.43,318.30,318.30,0.00,0.32,0,0.0,0.00,0.00,0.99,0.06,-0.18,0.73,0,0,11.53,12.39,0,0
763.743,-7.286708,112.795985,0.02,0.007,0.008,0.04,-0.43,318.29,318.29,0.00,0.32,0,0.0,0.00,0.00,0.99,-1.28,-0.18,0.67,0,0,11.73,12.39,0,0
763.843,-7.286708,112.795985,0.04,0.005,0.006,-0.49,-0.49,318.27,318.27,0.00,0.40,0,0.0,0.00,-0.01,0.99,-1.22,0.00,0.79,0,0,11.62,12.37,0,0
763.943,-7.286708,112.795985,0.06,0.004,0.004,-0.25,-0.49,318.25,318.25,0.00,0.32,0,0.0,0.00,-0.01,0.99,0.54,0.24,0.85,0,0,11.75,12.36,0,0
764.043,-7.286708,112.795985,0.06,0.003,0.003,-0.01,-0.43,318.20,318.20,0.00,0.40,0,0.0,0.00,-0.01,0.98,3.78,0.48,0.97,0,0,11.53,12.36,0,0
764.143,-7.286708,112.795984,0.05,0.223,-0.244,-0.01,-0.49,318.15,318.15,0.00,0.40,0,0.0,0.00,0.00,0.99,1.95,0.30,1.03,0,0,11.63,12.30,0,0
764.243,-7.286708,112.795985,0.08,-0.065,0.075,-0.31,-0.49,318.11,318.11,0.00,0.40,0,0.0,0.00,0.00,0.99,-1.34,0.36,0.97,0,0,11.81,12.37,0,0
764.343,-7.286708,112.795984,0.06,0.176,-0.193,-0.07,-0.67,318.07,318.07,0.00,0.32,0,0.0,0.01,0.00,0.99,-2.44,0.18,0.91,0,0,11.81,12.37,0,0
764.443,-7.286708,112.795984,0.10,0.123,-0.135,-0.43,-0.19,318.03,318.03,0.00,0.40,0,0.0,0.00,0.00,0.99,-4.39,-0.06,1.03,0,0,11.81,12.36,0,0
764.543,-7.286708,112.795985,0.07,-0.135,0.151,-0.25,-0.37,318.01,318.01,0.00,0.40,0,0.0,0.00,-0.02,0.99,-3.96,-0.06,0.79,0,0,11.63,12.37,0,0
764.643,-7.286708,112.795984,0.04,0.127,-0.140,-0.31,-0.43,318.00,318.00,0.00,0.24,0,0.0,0.00,-0.02,0.99,0.54,-0.12,0.91,0,0,11.79,12.36,0,0
764.743,-7.286708,112.795985,0.01,-0.133,0.148,-0.25,-0.43,317.98,317.98,0.00,0.16,0,0.0,0.01,-0.02,0.98,3.47,-0.36,1.03,0,0,11.75,12.35,0,0
764.843,-7.286708,112.795984,0.03,0.129,-0.142,-0.43,-0.43,317.94,317.94,0.00,0.32,0,0.0,0.00,0.00,0.98,5.85,-0.48,0.67,0,0,11.74,12.35,0,0
764.943,-7.286708,112.795985,0.02,-0.132,0.146,-0.19,-0.55,317.97,317.97,0.00,0.32,0,0.0,0.00,0.00,1.00,11.71,-0.36,0.18,0,0,11.78,12.32,0,0
765.043,-7.286708,112.795985,0.07,-0.092,0.102,-0.31,-0.31,317.98,317.98,0.00,0.40,0,0.0,0.01,0.02,1.00,7.62,-0.06,0.30,0,0,11.73,12.36,0,0
765.143,-7.286708,112.795985,0.08,-0.064,0.072,-0.25,-0.43,317.96,317.96,0.00,0.32,0,0.0,0.01,0.03,0.99,3.60,0.18,0.42,0,0,11.60,12.37,0,0
765.243,-7.286708,112.795985,0.12,-0.045,0.050,-0.67,-0.43,317.88,317.88,0.00,0.32,0,0.0,0.00,0.00,1.01,0.18,1.34,1.89,0,0,11.63,12.36,0,0
765.343,-7.286708,112.795985,0.08,-0.032,0.035,-0.31,-0.49,317.65,317.65,0.00,0.32,0,0.0,-0.01,0.00,1.01,7.87,1.52,2.56,0,0,11.57,12.37,0,0
765.443,-7.286708,112.795985,0.04,-0.022,0.024,-0.25,-0.49,317.41,317.41,0.00,0.24,0,0.0,0.00,0.03,0.97,18.61,0.48,2.07,0,0,11.67,12.39,0,0
765.543,-7.286707,112.795985,0.07,0.229,0.244,-0.43,-0.43,317.20,317.20,0.00,0.24,0,0.0,0.01,0.12,1.01,-1.46,0.61,1.64,0,0,11.78,12.36,0,0
765.643,-7.286707,112.795985,0.04,0.160,0.171,-0.43,-0.43,317.06,317.06,0.00,0.24,0,0.0,0.00,-0.05,1.05,4.51,1.22,1.03,0,0,11.61,12.43,0,0
765.743,-7.286707,112.795985,0.03,0.112,0.120,-0.43,-0.43,316.93,316.93,0.00,0.24,0,0.0,0.00,0.08,1.01,28.19,-0.12,0.79,0,0,11.68,12.37,0,0
765.843,-7.286707,112.795985,0.02,0.078,0.084,-0.31,-0.49,316.80,316.80,0.00,0.24,0,0.0,0.00,0.06,0.96,-4.33,-4.63,1.95,0,0,11.80,12.36,0,0
765.943,-7.286707,112.795985,0.07,0.054,0.059,-0.31,-0.13,316.39,316.39,0.00,0.40,0,0.0,0.03,0.00,0.95,-12.08,-10.19,6.59,0,0,11.81,12.37,0,0
766.043,-7.286707,112.795985,0.06,0.037,0.042,-0.37,-0.49,315.47,315.47,0.00,0.40,0,0.0,0.08,-0.04,1.01,-23.25,-12.63,12.69,0,0,11.72,12.35,0,0
766.143,-7.286708,112.795985,0.15,-0.206,-0.210,-0.07,-0.25,313.94,313.94,0.00,0.40,0,0.0,0.09,-0.01,1.08,-6.40,-12.20,18.43,0,0,11.63,12.32,0,0
766.243,-7.286708,112.795985,0.22,-0.139,-0.152,-0.37,-0.49,311.92,311.92,0.00,0.48,0,0.0,0.12,0.05,1.15,-31.00,-4.15,22.46,0,0,11.63,12.37,0,0
766.343,-7.286708,112.795985,0.25,-0.093,-0.110,-0.49,-0.55,309.52,309.52,0.00,0.40,0,0.0,0.10,-0.08,1.03,-25.26,1.34,27.03,0,0,11.74,12.36,0,0
766.443,-7.286708,112.795985,0.08,-0.061,-0.080,-0.25,-0.49,306.80,306.80,0.00,0.32,0,0.0,0.08,-0.02,0.90,-1.40,-1.03,29.90,0,0,11.67,12.37,0,0
766.543,-7.286708,112.795985,0.22,-0.040,-0.058,-0.37,-1.26,303.81,303.81,0.00,0.40,0,0.0,0.09,-0.09,0.89,2.86,-2.44,34.48,0,0,11.69,12.32,0,0
766.643,-7.286707,112.795985,0.09,0.142,0.246,-0.37,-0.55,300.15,300.15,0.00,0.40,0,0.0,0.08,-0.06,0.85,12.26,-2.92,41.62,0,0,11.81,12.37,0,0
766.743,-7.286707,112.795985,0.09,0.087,0.179,0.33,-0.49,295.95,295.95,0.00,0.32,0,0.0,0.03,0.00,0.89,-18.31,-1.95,45.34,0,0,11.70,12.36,0,0
766.843,-7.286708,112.795985,0.16,-0.072,-0.181,-0.43,-0.31,291.55,291.55,0.00,0.40,0,0.0,0.04,-0.15,0.93,-8.36,-3.96,46.81,0,0,11.68,12.37,0,0
766.943,-7.286707,112.795984,0.14,0.374,0.092,-0.25,-0.49,287.04,287.04,0.00,0.40,0,0.0,0.07,-0.08,1.00,8.85,-0.42,47.54,0,0,11.55,12.39,0,0
767.043,-7.286707,112.795984,0.18,0.256,0.085,-0.61,-0.31,282.56,282.56,0.00,0.24,0,0.0,0.09,-0.06,1.04,-3.72,3.17,46.63,0,0,11.70,12.35,0,0
767.143,-7.286707,112.795984,0.24,0.174,0.072,-0.19,-0.61,278.27,278.27,0.00,0.32,0,0.0,0.07,-0.05,1.06,-28.68,6.04,44.61,0,0,11.72,12.32,0,0
767.243,-7.286707,112.795984,0.21,0.118,0.059,-0.31,-1.56,274.39,274.39,0.00,0.32,0,0.0,0.07,-0.21,1.01,2.62,2.38,39.55,0,0,11.76,12.39,0,0
767.343,-7.286707,112.795984,0.23,0.080,0.046,-0.19,-0.37,270.99,270.99,0.00,0.24,0,0.0,0.09,-0.06,1.02,32.47,1.28,34.36,0,0,11.75,12.39,0,0
767.443,-7.286707,112.795983,0.21,0.385,0.046,-0.25,-0.13,268.05,268.05,0.00,0.32,0,0.0,0.09,-0.02,1.04,-0.85,2.68,30.09,0,0,11.82,12.36,0,0
767.543,-7.286707,112.795983,0.28,0.268,0.045,-0.31,-0.43,265.43,265.43,0.00,0.32,0,0.0,0.09,-0.12,1.06,-9.33,2.01,27.58,0,0,11.74,12.37,0,0
767.643,-7.286706,112.795983,0.23,0.145,0.370,-0.25,-0.25,263.02,263.02,0.00,0.16,0,0.0,0.10,-0.18,1.08,12.02,1.83,25.75,0,0,11.67,12.39,0,0
767.743,-7.286706,112.795983,0.15,0.092,0.263,-0.07,-0.31,260.81,260.81,0.00,0.32,0,0.0,0.12,-0.05,1.11,18.06,5.55,23.55,0,0,11.68,12.37,0,0
767.843,-7.286706,112.795983,0.04,0.058,0.186,-0.25,-0.43,258.84,258.84,0.00,0.24,0,0.0,0.09,0.00,1.08,-0.24,8.78,21.24,0,0,11.67,12.36,0,0
767.943,-7.286707,112.795983,0.09,0.111,-0.194,-0.37,-0.55,257.20,257.20,0.00,0.40,0,0.0,0.05,-0.03,1.07,-6.10,8.78,17.94,0,0,11.77,12.39,0,0
768.043,-7.286707,112.795983,0.11,0.081,-0.134,-0.31,-0.61,255.89,255.89,0.00,0.40,0,0.0,0.04,0.00,1.06,2.50,7.81,14.89,0,0,11.69,12.39,0,0
768.143,-7.286706,112.795982,0.27,0.291,0.315,-0.25,-0.55,254.91,254.91,0.00,0.24,0,0.0,0.02,0.04,1.03,-5.18,6.53,11.71,0,0,11.81,12.37,0,0
768.243,-7.286707,112.795982,0.09,0.291,-0.098,-0.07,-0.43,254.26,254.26,0.00,0.40,0,0.0,0.00,-0.03,0.99,16.90,4.21,8.48,0,0,11.60,12.32,0,0
768.343,-7.286706,112.795982,0.04,0.112,0.253,-0.13,-0.49,253.82,253.82,0.00,0.32,0,0.0,-0.03,0.00,0.91,33.99,2.44,6.77,0,0,11.74,12.36,0,0
768.443,-7.286706,112.795983,0.30,-0.240,0.084,0.27,-0.49,253.52,253.52,0.00,0.32,0,0.0,-0.04,0.00,0.87,24.84,1.15,6.46,0,0,11.82,12.36,0,0
768.543,-7.286706,112.795983,0.27,-0.169,0.058,-0.43,-0.49,253.12,253.12,0.00,0.32,0,0.0,-0.03,-0.02,0.88,30.02,0.97,8.48,0,0,11.59,12.36,0,0
768.643,-7.286706,112.795983,0.12,-0.118,0.039,-0.31,-0.25,252.48,252.48,0.00,0.32,0,0.0,-0.03,0.09,0.89,22.21,3.29,10.98,0,0,11.75,12.37,0,0
768.743,-7.286706,112.795982,0.08,0.231,0.131,-0.31,-1.20,251.52,251.52,0.00,0.32,0,0.0,-0.05,0.15,0.90,0.79,6.89,13.36,0,0,11.80,12.39,0,0
768.843,-7.286706,112.795983,0.13,-0.152,-0.016,0.39,-0.85,250.37,250.37,0.00,0.32,0,0.0,-0.07,0.18,0.93,-14.09,8.30,13.79,0,0,11.58,12.47,0,0
768.943,-7.286706,112.795983,0.06,-0.106,-0.014,-0.49,-0.55,249.14,249.14,0.00,0.32,0,0.0,-0.10,0.10,0.95,-8.30,9.09,14.03,0,0,11.76,12.37,0,0
769.043,-7.286706,112.795983,0.11,-0.074,-0.011,-0.31,-0.49,247.96,247.96,0.00,0.40,0,0.0,-0.11,0.13,0.96,24.84,9.82,13.06,0,0,11.66,12.37,0,0
769.143,-7.286706,112.795983,0.05,-0.052,-0.009,-0.37,-0.37,246.85,246.85,0.00,0.32,0,0.0,-0.11,0.25,0.94,20.14,11.16,11.71,0,0,11.58,12.32,0,0
769.243,-7.286706,112.795982,0.08,0.265,0.130,-0.49,-0.49,245.63,245.63,0.00,0.32,0,0.0,-0.12,0.24,0.86,-8.42,9.82,13.54,0,0,11.60,12.35,0,0
769.343,-7.286706,112.795982,0.11,0.184,0.095,-0.25,-0.43,244.31,244.31,0.00,0.32,0,0.0,-0.12,0.14,0.78,-14.34,4.02,14.70,0,0,11.78,12.35,0,0
769.443,-7.286706,112.795982,0.07,0.127,0.069,-0.07,-1.02,243.01,243.01,0.00,0.24,0,0.0,-0.11,0.11,0.84,-3.23,-2.38,15.86,0,0,11.78,12.32,0,0
769.543,-7.286706,112.795982,0.09,0.088,0.051,-0.31,-0.43,241.62,241.62,0.00,0.32,0,0.0,-0.10,0.15,0.90,-3.23,-5.73,17.76,0,0,11.77,12.36,0,0
769.643,-7.286706,112.795982,0.10,0.060,0.037,-0.19,-0.43,240.17,240.17,0.00,0.32,0,0.0,-0.09,0.20,0.95,-5.61,-6.95,17.88,0,0,11.60,12.37,0,0
769.743,-7.286706,112.795982,0.12,0.042,0.027,-0.25,-0.07,238.71,238.71,0.00,0.24,0,0.0,-0.07,0.22,0.97,-14.64,-6.34,17.15,0,0,11.74,12.37,0,0
769.843,-7.286706,112.795982,0.11,0.029,0.020,-0.31,-0.43,237.32,237.32,0.00,0.40,0,0.0,-0.06,0.18,0.97,-13.12,-5.98,14.83,0,0,11.77,12.36,0,0
769.943,-7.286707,112.795982,0.03,0.206,-0.263,-0.13,-0.43,236.16,236.16,0.00,0.16,0,0.0,-0.04,0.14,1.01,-9.70,-5.00,12.02,0,0,11.79,12.43,0,0
770.043,-7.286707,112.795982,0.01,0.147,-0.182,-0.19,-0.25,235.26,235.26,0.00,0.24,0,0.0,-0.01,0.12,1.04,-9.33,-3.11,9.21,0,0,11.80,12.35,0,0
770.143,-7.286707,112.795982,0.08,0.104,-0.126,-0.25,-0.07,234.48,234.48,0.00,0.40,0,0.0,0.00,0.08,1.03,-9.09,-0.79,8.54,0,0,11.76,12.36,0,0
770.243,-7.286707,112.795982,0.04,0.074,-0.087,-0.19,-0.43,233.70,233.70,0.00,0.40,0,0.0,0.00,0.08,1.00,-11.29,0.85,8.54,0,0,11.68,12.32,0,0
770.343,-7.286707,112.795982,0.07,0.053,-0.060,-0.31,-0.37,232.87,232.87,0.00,0.40,0,0.0,0.00,0.04,1.00,-10.31,2.25,8.91,0,0,11.81,12.37,0,0
770.443,-7.286707,112.795982,0.04,0.038,-0.042,-0.25,-0.37,231.93,231.93,0.00,0.24,0,0.0,-0.02,0.00,1.03,-3.90,3.11,10.68,0,0,11.61,12.35,0,0
770.543,-7.286706,112.795982,0.11,-0.184,0.230,-0.31,-0.43,230.72,230.72,0.00,0.24,0,0.0,-0.01,-0.06,0.97,15.31,2.99,14.22,0,0,11.82,12.30,0,0
770.643,-7.286706,112.795981,0.10,0.118,0.373,-0.31,-0.55,229.33,229.33,0.00,0.40,0,0.0,0.00,0.09,0.96,13.24,3.72,14.28,0,0,11.58,12.36,0,0
770.743,-7.286706,112.795981,0.10,0.077,0.263,-0.37,-0.37,228.14,228.14,0.00,0.40,0,0.0,0.05,0.10,0.91,-13.24,3.84,10.13,0,0,11.64,12.30,0,0
770.843,-7.286706,112.795981,0.07,0.052,0.185,-0.19,-0.90,227.44,227.44,0.00,0.24,0,0.0,0.04,0.05,0.94,-10.37,2.74,5.06,0,0,11.74,12.31,0,0
