timestamp (s),latitude (°),longitude (°),speedMps (m/s),u (m/s),v (m/s),Calc_deg_servo_1 (°),Calc_deg_servo_2 (°),yaw (°),heading_setpoint (°),heading_error (°),rudder_cmd (°),track_wp_index,distance_to_wp (m),accel_x (g),accel_y (g),accel_z (g),gyro_x (deg/s),gyro_y (deg/s),gyro_z (deg/s),rpm_prop_1 (rpm),rpm_prop_2 (rpm),battery_1 (V),battery_2 (V),mode_auto,mini_pc_link
1586.746,-7.286687,112.795957,0.01,0.035,-0.158,-2.45,-2.27,347.42,347.42,0.00,0.24,0,0.0,0.02,0.00,0.99,0.54,-0.06,0.00,0,0,11.44,12.07,0,1
1586.846,-7.286687,112.795957,0.01,0.025,-0.111,-2.04,-2.51,347.43,347.43,0.00,0.40,0,0.0,0.02,0.00,0.99,0.24,0.00,0.00,0,0,11.64,12.18,0,1
1586.946,-7.286687,112.795957,0.01,0.017,-0.078,-2.33,-2.69,347.44,347.44,0.00,0.40,0,0.0,0.02,0.00,0.99,-0.30,0.00,0.00,0,0,11.63,12.09,0,1
1587.046,-7.286687,112.795957,0.03,0.012,-0.054,-2.10,-2.21,347.45,347.45,0.00,0.40,0,0.0,0.02,0.00,0.99,-0.79,0.00,0.00,0,0,11.58,12.23,0,1
1587.146,-7.286687,112.795957,0.03,0.008,-0.038,-1.74,-2.27,347.47,347.47,0.00,0.32,0,0.0,0.02,0.00,0.99,-0.85,0.00,0.00,0,0,11.63,12.08,0,1
1587.246,-7.286687,112.795957,0.00,0.006,-0.027,-2.45,-2.33,347.48,347.48,0.00,0.24,0,0.0,0.02,0.00,0.99,-0.48,0.00,0.00,0,0,11.54,12.12,0,1
1587.346,-7.286687,112.795957,0.02,0.004,-0.019,-1.98,-2.75,347.49,347.49,0.00,0.32,0,0.0,0.02,0.00,0.99,0.06,0.00,0.00,0,0,11.60,12.05,0,1
1587.446,-7.286686,112.795956,0.02,0.400,-0.264,-2.21,-2.81,347.50,347.50,0.00,0.40,0,0.0,0.02,0.00,0.99,0.54,0.00,0.00,0,0,11.43,12.08,0,1
1587.546,-7.286686,112.795956,0.08,0.280,-0.185,-2.04,-2.81,347.51,347.51,0.00,0.40,0,0.0,0.02,0.00,0.99,0.91,-0.06,0.00,0,0,11.45,12.05,0,1
1587.646,-7.286686,112.795956,0.02,0.196,-0.129,-2.39,-2.75,347.52,347.52,0.00,0.40,0,0.0,0.02,0.00,0.99,0.48,-0.12,0.00,0,0,11.68,12.10,0,1
1587.746,-7.286686,112.795956,0.03,0.137,-0.091,-2.21,-2.69,347.53,347.53,0.00,0.40,0,0.0,0.02,0.00,0.99,0.00,0.00,0.00,0,0,11.51,12.01,0,1
1587.846,-7.286686,112.795956,0.02,0.096,-0.063,-2.04,-2.27,347.54,347.54,0.00,0.32,0,0.0,0.02,0.00,0.99,-0.85,0.00,0.00,0,0,11.48,12.12,0,1
1587.946,-7.286686,112.795956,0.06,0.067,-0.044,-2.16,-1.74,347.54,347.54,0.00,0.48,0,0.0,0.02,0.00,0.99,-0.97,0.12,0.00,0,0,11.56,12.15,0,1
1588.046,-7.286686,112.795956,0.03,0.047,-0.031,-2.21,-2.92,347.55,347.55,0.00,0.24,0,0.0,0.02,0.00,0.99,-0.73,0.12,0.00,0,0,11.55,11.99,0,1
1588.146,-7.286686,112.795956,0.06,0.033,-0.022,-2.27,-2.39,347.56,347.56,0.00,0.40,0,0.0,0.02,0.00,0.99,0.00,0.06,0.00,0,0,11.62,12.12,0,1
1588.246,-7.286686,112.795955,0.07,0.094,-0.338,-2.39,-2.51,347.56,347.56,0.00,0.40,0,0.0,0.02,0.00,0.99,0.54,-0.12,0.00,0,0,11.49,12.12,0,1
1588.346,-7.286686,112.795955,0.07,0.066,-0.237,-1.98,-2.45,347.57,347.57,0.00,0.32,0,0.0,0.02,0.00,0.99,0.85,-0.18,0.00,0,0,11.72,12.12,0,1
1588.446,-7.286686,112.795955,0.03,0.046,-0.166,-2.45,-2.45,347.57,347.57,0.00,0.40,0,0.0,0.02,0.00,0.99,0.54,-0.06,0.00,0,0,11.48,12.09,0,1
1588.546,-7.286686,112.795955,0.01,0.032,-0.116,-3.23,-2.87,347.58,347.58,0.00,0.32,0,0.0,0.02,0.00,0.99,-0.06,0.00,0.00,0,0,11.59,12.13,0,1
1588.646,-7.286686,112.795955,0.01,0.023,-0.081,-2.10,-2.15,347.59,347.59,0.00,0.40,0,0.0,0.02,0.00,0.99,-0.54,0.00,0.00,0,0,11.60,12.15,0,1
1588.746,-7.286686,112.795955,0.03,0.016,-0.057,-2.33,-2.27,347.59,347.59,0.00,0.24,0,0.0,0.02,0.00,0.99,-0.79,0.00,0.00,0,0,11.61,12.17,0,1
1588.846,-7.286686,112.795955,0.02,0.011,-0.040,-1.98,-2.63,347.60,347.60,0.00,0.32,0,0.0,0.02,0.00,0.99,-0.42,0.12,0.00,0,0,11.51,12.13,0,1
1588.946,-7.286686,112.795955,0.02,0.008,-0.028,-2.33,-1.74,347.60,347.60,0.00,0.32,0,0.0,0.02,0.00,0.99,-0.12,0.00,0.00,0,0,11.67,12.17,0,1
1589.046,-7.286686,112.795955,0.03,0.005,-0.020,-2.45,-2.81,347.60,347.60,0.00,0.40,0,0.0,0.02,0.00,0.99,0.12,-0.12,0.00,0,0,11.66,12.12,0,1
1589.146,-7.286686,112.795955,0.02,0.004,-0.014,-2.21,-2.33,347.61,347.61,0.00,0.32,0,0.0,0.02,0.00,0.99,0.30,-0.06,0.00,0,0,11.67,12.20,0,1
1589.246,-7.286686,112.795955,0.02,0.003,-0.010,-2.81,-3.04,347.61,347.61,0.00,0.32,0,0.0,0.02,0.00,0.99,0.36,-0.06,0.00,0,0,11.54,12.13,0,1
1589.346,-7.286686,112.795955,0.04,0.002,-0.007,-2.16,-2.69,347.61,347.61,0.00,0.40,0,0.0,0.02,0.00,0.99,0.24,0.06,0.00,0,0,11.51,12.17,0,1
1589.446,-7.286686,112.795954,0.00,0.072,-0.328,-2.51,-2.45,347.62,347.62,0.00,0.32,0,0.0,0.02,0.00,0.99,0.06,0.12,0.00,0,0,11.60,12.12,0,1
1589.546,-7.286686,112.795954,0.01,0.051,-0.230,-2.33,-2.51,347.62,347.62,0.00,0.32,0,0.0,0.02,0.00,0.99,-0.24,0.00,0.00,0,0,11.48,12.09,0,1
1589.646,-7.286686,112.795954,0.02,0.035,-0.161,-2.87,-2.69,347.62,347.62,0.00,0.40,0,0.0,0.02,0.00,0.99,-0.42,-0.12,0.00,0,0,11.56,12.17,0,1
1589.746,-7.286686,112.795954,0.05,0.025,-0.112,-2.10,-2.39,347.62,347.62,0.00,0.40,0,0.0,0.02,0.00,0.99,-0.42,-0.12,0.00,0,0,11.61,12.19,0,1
1589.846,-7.286686,112.795954,0.02,0.017,-0.079,-2.27,-2.75,347.63,347.63,0.00,0.48,0,0.0,0.02,0.00,0.99,-0.30,-0.06,0.00,0,0,11.48,12.01,0,1
1589.946,-7.286686,112.795954,0.02,0.012,-0.055,-2.45,-2.69,347.63,347.63,0.00,0.32,0,0.0,0.02,0.00,0.99,0.06,0.00,0.00,0,0,11.44,12.07,0,1
1590.046,-7.286686,112.795955,0.06,-0.062,0.285,-2.27,-2.45,347.63,347.63,0.00,0.32,0,0.0,0.02,0.00,0.99,0.30,0.00,0.00,0,0,11.48,12.05,0,1
1590.146,-7.286686,112.795954,0.05,0.027,-0.124,-2.10,-2.81,347.64,347.64,0.00,0.40,0,0.0,0.02,0.00,0.99,0.30,0.00,0.00,0,0,11.60,12.03,0,1
1590.246,-7.286686,112.795954,0.04,0.019,-0.087,-2.16,-2.63,347.64,347.64,0.00,0.40,0,0.0,0.02,0.00,0.99,0.24,-0.06,0.00,0,0,11.56,12.02,0,1
1590.346,-7.286686,112.795954,0.02,0.013,-0.061,-2.45,-2.63,347.64,347.64,0.00,0.32,0,0.0,0.02,0.00,0.99,-0.12,-0.06,0.00,0,0,11.64,12.23,0,1
1590.446,-7.286686,112.795954,0.01,0.009,-0.043,-2.75,-2.81,347.64,347.64,0.00,0.40,0,0.0,0.02,0.00,0.99,-0.48,0.00,0.00,0,0,11.56,12.14,0,1
1590.546,-7.286686,112.795954,0.02,0.007,-0.030,-2.27,-2.92,347.64,347.64,0.00,0.32,0,0.0,0.02,0.00,0.99,-0.61,0.06,0.00,0,0,11.67,12.09,0,1
1590.646,-7.286686,112.795954,0.02,0.005,-0.021,-2.39,-2.57,347.64,347.64,0.00,0.40,0,0.0,0.02,0.00,0.99,-0.36,0.06,0.00,0,0,11.56,12.02,0,1
1590.746,-7.286686,112.795954,0.02,0.003,-0.015,-2.51,-2.69,347.65,347.65,0.00,0.40,0,0.0,0.01,0.00,0.99,0.18,0.06,0.00,0,0,11.45,12.10,0,1
1590.846,-7.286686,112.795954,0.02,0.002,-0.010,-3.11,-2.33,347.65,347.65,0.00,3.87,0,0.0,0.02,0.00,0.99,0.48,-0.06,0.00,0,0,11.49,12.07,0,1
1590.946,-7.286686,112.795954,0.04,0.002,-0.007,1.58,0.51,347.65,347.65,0.00,5.16,0,0.0,0.02,0.00,0.99,0.48,-0.06,0.00,0,0,11.64,12.12,0,1
1591.046,-7.286686,112.795954,0.01,0.001,-0.005,1.64,1.40,347.65,347.65,0.00,8.06,0,0.0,0.02,0.00,0.99,0.12,-0.06,0.00,0,0,11.42,12.04,0,1
1591.146,-7.286686,112.795954,0.03,0.001,-0.004,5.87,5.08,347.65,347.65,0.00,9.43,0,0.0,0.02,0.00,0.99,-0.24,0.00,0.00,0,0,11.55,12.06,0,1
1591.246,-7.286686,112.795954,0.02,0.001,-0.002,6.64,6.09,347.65,347.65,0.00,10.40,0,0.0,0.02,0.00,0.99,-0.54,0.06,0.00,0,0,11.51,12.03,0,1
1591.346,-7.286686,112.795954,0.04,0.000,-0.002,7.12,7.04,347.65,347.65,0.00,10.24,0,0.0,0.02,0.00,0.99,-0.67,0.06,0.00,0,0,11.61,12.18,0,1
1591.446,-7.286686,112.795954,0.10,0.000,-0.001,7.24,6.93,347.65,347.65,0.00,10.16,0,0.0,0.02,0.00,0.99,-0.30,0.06,0.00,0,0,11.59,12.20,0,1
1591.546,-7.286686,112.795954,0.03,0.000,-0.001,7.47,6.81,347.65,347.65,0.00,10.32,0,0.0,0.01,0.00,0.99,0.12,-0.06,0.00,0,0,11.63,12.07,0,1
1591.646,-7.286686,112.795954,0.07,0.000,-0.001,7.24,6.99,347.65,347.65,0.00,10.32,0,0.0,0.02,0.00,0.99,0.48,-0.06,0.00,0,0,11.51,12.10,0,1
1591.746,-7.286686,112.795954,0.06,0.000,-0.000,7.06,7.52,347.65,347.65,0.00,10.32,0,0.0,0.02,0.00,0.99,0.61,-0.06,0.00,0,0,11.61,12.17,0,1
1591.846,-7.286686,112.795954,0.06,0.000,-0.000,7.71,6.81,347.66,347.66,0.00,10.48,0,0.0,0.02,0.00,0.99,0.42,0.00,0.00,0,0,11.53,12.01,0,1
1591.946,-7.286686,112.795955,0.13,-0.071,0.323,7.35,7.28,347.66,347.66,0.00,12.09,0,0.0,0.02,0.00,0.99,0.00,0.06,0.00,0,0,11.48,12.05,0,1
1592.046,-7.286686,112.795955,0.10,-0.049,0.226,9.62,9.24,347.66,347.66,0.00,13.87,0,0.0,0.02,0.00,0.99,-0.48,0.06,0.00,0,0,11.36,12.09,0,1
1592.146,-7.286686,112.795955,0.06,-0.035,0.158,11.46,10.43,347.66,347.66,0.00,16.20,0,0.0,0.02,0.00,0.99,-0.67,0.00,0.00,0,0,11.43,12.10,0,1
1592.246,-7.286686,112.795955,0.06,-0.024,0.111,13.42,12.98,347.66,347.66,0.00,18.14,0,0.0,0.02,0.00,0.99,-0.54,-0.06,0.00,0,0,11.45,12.01,0,1
1592.346,-7.286686,112.795955,0.08,-0.017,0.078,15.63,15.36,347.66,347.66,0.00,22.09,0,0.0,0.02,0.00,0.99,-0.30,-0.06,0.00,0,0,11.53,12.06,0,1
1592.446,-7.286686,112.795955,0.01,-0.012,0.054,19.25,19.22,347.66,347.66,0.00,32.82,0,0.0,0.02,0.00,0.99,0.00,0.00,0.00,0,0,11.63,12.12,0,1
1592.546,-7.286686,112.795955,0.02,-0.008,0.038,28.48,29.74,347.66,347.66,0.00,40.00,0,0.0,0.02,0.00,0.99,0.24,0.12,0.00,0,0,11.60,11.99,0,1
1592.646,-7.286686,112.795955,0.05,-0.006,0.027,37.64,37.81,347.66,347.66,0.00,40.00,0,0.0,0.02,0.00,0.99,0.48,0.06,0.00,0,0,11.67,12.07,0,1
1592.746,-7.286686,112.795955,0.03,-0.004,0.019,37.40,37.22,347.66,347.66,0.00,40.00,0,0.0,0.02,0.00,0.99,0.42,0.00,0.00,0,0,11.61,12.05,0,1
1592.846,-7.286686,112.795955,0.04,-0.003,0.013,37.46,37.28,347.66,347.66,0.00,40.00,0,0.0,0.02,0.00,0.99,0.00,0.00,0.00,0,0,11.42,12.06,0,1
1592.946,-7.286686,112.795955,0.05,-0.002,0.009,37.64,37.52,347.66,347.66,0.00,40.00,0,0.0,0.02,0.00,0.99,-0.42,-0.06,0.00,0,0,11.54,12.12,0,1
1593.046,-7.286686,112.795956,0.06,-0.072,0.330,37.52,37.64,347.66,347.66,0.00,40.00,0,0.0,0.02,0.00,0.99,-0.97,-0.06,0.00,0,0,11.44,12.06,0,1
1593.146,-7.286686,112.795956,0.05,-0.050,0.231,37.28,37.28,347.88,347.88,0.00,40.00,0,0.0,0.02,0.00,0.99,-1.09,-0.06,0.00,0,0,11.62,12.14,0,1
1593.246,-7.286686,112.795956,0.04,-0.033,0.162,37.52,37.70,348.57,348.57,0.00,40.00,0,0.0,0.02,0.00,0.99,-0.73,-0.12,0.00,0,0,11.61,12.05,0,1
1593.346,-7.286686,112.795955,0.08,0.040,-0.211,37.34,37.10,349.23,349.23,0.00,40.00,0,0.0,0.02,0.00,0.99,0.00,0.00,0.00,0,0,11.62,12.09,0,1
1593.446,-7.286686,112.795955,0.07,0.026,-0.148,37.28,37.16,349.87,349.87,0.00,40.00,0,0.0,0.02,0.00,0.99,0.91,0.06,0.00,0,0,11.51,12.00,0,1
1593.546,-7.286686,112.795955,0.13,0.017,-0.104,37.82,37.46,350.46,350.46,0.00,40.00,0,0.0,0.02,0.00,0.99,1.64,0.18,0.00,0,0,11.48,12.12,0,1
1593.646,-7.286686,112.795955,0.06,0.012,-0.073,37.28,36.86,351.03,351.03,0.00,40.00,0,0.0,0.02,0.00,0.99,1.46,0.24,0.00,0,0,11.47,12.09,0,1
1593.746,-7.286686,112.795955,0.03,0.008,-0.051,37.58,37.58,351.56,351.56,0.00,40.00,0,0.0,0.01,0.00,0.99,0.42,0.12,0.00,0,0,11.49,12.08,0,1
1593.846,-7.286686,112.795955,0.02,0.005,-0.036,37.46,37.28,352.07,352.07,0.00,40.00,0,0.0,0.01,0.00,0.98,-1.03,0.00,0.00,0,0,11.54,11.98,0,1
1593.946,-7.286686,112.795955,0.03,0.003,-0.025,37.58,37.34,352.57,352.57,0.00,22.17,0,0.0,0.01,0.00,0.99,-2.19,-0.18,0.00,0,0,11.67,12.07,0,1
1594.046,-7.286686,112.795955,0.03,0.002,-0.018,27.70,27.24,353.04,353.04,0.00,1.53,0,0.0,0.02,0.00,0.99,-2.31,-0.12,0.00,0,0,11.48,12.07,0,1
1594.146,-7.286686,112.795955,0.02,0.001,-0.012,8.96,8.17,353.50,353.50,0.00,0.32,0,0.0,0.02,0.00,0.99,-1.09,0.00,0.00,0,0,11.59,12.00,0,1
1594.246,-7.286686,112.795955,0.01,0.001,-0.009,-1.26,-1.68,353.95,353.95,0.00,0.32,0,0.0,0.02,0.00,0.99,0.73,0.00,0.00,0,0,11.64,12.00,0,1
1594.346,-7.286686,112.795955,0.02,0.001,-0.006,-2.63,-2.51,354.38,354.38,0.00,0.40,0,0.0,0.02,0.00,0.99,2.19,0.00,0.00,0,0,11.53,12.00,0,1
1594.446,-7.286686,112.795955,0.07,0.000,-0.004,-2.63,-2.69,354.75,354.75,0.00,0.40,0,0.0,0.02,0.00,0.99,2.56,0.00,0.18,0,0,11.54,12.17,0,1
1594.546,-7.286686,112.795955,0.07,0.000,-0.003,-2.75,-2.81,355.11,355.11,0.00,0.24,0,0.0,0.02,0.01,0.99,1.52,0.00,0.18,0,0,11.55,12.12,0,1
1594.646,-7.286686,112.795955,0.02,0.000,-0.002,-2.87,-2.51,355.46,355.46,0.00,0.32,0,0.0,0.02,0.01,0.99,-0.48,0.06,0.12,0,0,11.62,12.17,0,1
1594.746,-7.286686,112.795955,0.01,0.000,-0.001,-2.63,-2.69,355.79,355.79,0.00,0.40,0,0.0,0.01,0.00,0.99,-2.25,0.06,0.24,0,0,11.49,12.03,0,1
1594.846,-7.286686,112.795955,0.02,0.000,-0.001,-2.87,-2.81,356.11,356.11,0.00,0.32,0,0.0,0.02,0.00,0.99,-3.05,-0.06,0.30,0,0,11.54,12.00,0,1
1594.946,-7.286686,112.795955,0.03,0.000,-0.001,-2.57,-2.81,356.40,356.40,0.00,0.40,0,0.0,0.02,0.00,0.99,-2.13,0.00,0.36,0,0,11.63,12.05,0,1
1595.046,-7.286686,112.795955,0.01,0.000,-0.000,-2.81,-2.81,356.68,356.68,0.00,0.32,0,0.0,0.02,0.00,0.99,-0.06,0.00,0.54,0,0,11.62,12.04,0,1
1595.146,-7.286686,112.795955,0.03,0.000,-0.000,-2.27,-2.75,356.94,356.94,0.00,0.24,0,0.0,0.02,0.00,0.99,1.83,0.00,0.67,0,0,11.72,12.10,0,1
1595.246,-7.286686,112.795955,0.02,0.000,-0.000,-2.93,-2.33,357.18,357.18,0.00,0.40,0,0.0,0.01,0.00,0.99,2.62,0.00,0.73,0,0,11.47,12.04,0,1
1595.346,-7.286686,112.795955,0.03,0.000,-0.000,-3.23,-2.57,357.39,357.39,0.00,1.77,0,0.0,0.02,0.00,0.99,1.95,0.00,0.73,0,0,11.62,12.17,0,1
1595.446,-7.286686,112.795955,0.02,0.000,-0.000,-1.26,-0.49,357.58,357.58,0.00,15.40,0,0.0,0.02,0.01,0.99,0.18,0.00,0.97,0,0,11.48,12.04,0,1
1595.546,-7.286686,112.795955,0.04,0.000,-0.000,11.28,12.87,357.75,357.75,0.00,15.96,0,0.0,0.01,0.00,0.99,-1.64,0.00,0.79,0,0,11.54,12.06,0,1
1595.646,-7.286686,112.795955,0.07,0.000,-0.000,13.19,12.87,357.92,357.92,0.00,16.37,0,0.0,0.01,0.00,0.99,-2.62,0.06,1.03,0,0,11.51,11.99,0,1
1595.746,-7.286686,112.795955,0.04,0.000,-0.000,13.01,12.98,358.07,358.07,0.00,16.20,0,0.0,0.01,0.00,0.99,-2.01,0.12,1.03,0,0,11.43,12.04,0,1
1595.846,-7.286686,112.795955,0.01,0.000,-0.000,13.66,13.88,358.21,358.21,0.00,16.69,0,0.0,0.02,0.00,0.99,-0.42,0.18,1.22,0,0,11.63,12.10,0,1
1595.946,-7.286686,112.795955,0.05,0.000,-0.000,14.02,13.52,358.33,358.33,0.00,16.77,0,0.0,0.01,0.00,0.99,1.28,0.12,1.40,0,0,11.47,12.04,0,1
1596.046,-7.286686,112.795955,0.00,0.000,-0.000,13.54,13.94,358.42,358.42,0.00,17.25,0,0.0,0.01,0.00,0.99,2.19,0.00,1.52,0,0,11.51,12.11,0,1
1596.146,-7.286686,112.795955,0.02,0.000,-0.000,14.20,14.05,358.49,358.49,0.00,18.70,0,0.0,0.01,0.00,0.99,1.89,0.00,1.58,0,0,11.51,12.14,0,1
1596.246,-7.286686,112.795955,0.02,0.000,-0.000,15.80,15.84,358.54,358.54,0.00,21.20,0,0.0,0.01,0.00,0.99,0.48,0.00,1.64,0,0,11.68,12.09,0,1
1596.346,-7.286686,112.795955,0.04,0.000,-0.000,18.84,18.33,358.59,358.59,0.00,22.33,0,0.0,0.00,0.00,0.99,-1.03,0.24,1.58,120,0,11.48,11.97,0,1
1596.446,-7.286686,112.795955,0.01,0.000,-0.000,19.08,19.04,358.65,358.65,0.00,22.33,0,0.0,0.00,0.00,0.99,-1.95,0.85,1.40,360,0,11.53,12.02,0,1
1596.546,-7.286686,112.795955,0.03,0.000,-0.000,19.08,19.22,358.72,358.72,0.00,21.77,0,0.0,0.00,0.00,0.99,-1.58,0.24,1.34,539,0,11.58,11.99,0,1
1596.646,-7.286686,112.795955,0.03,0.000,-0.000,19.25,19.04,358.79,358.79,0.00,20.96,0,0.0,0.00,0.00,0.98,-1.15,0.06,1.34,720,0,11.46,12.04,0,1
1596.746,-7.286686,112.795955,0.05,0.000,-0.000,19.20,18.87,358.88,358.88,0.00,21.04,0,0.0,0.00,0.00,0.99,-0.36,-0.42,0.97,900,0,11.56,12.07,0,1
1596.846,-7.286686,112.795955,0.04,0.000,-0.000,18.66,19.34,359.00,359.00,0.00,21.37,0,0.0,0.00,0.00,0.99,0.85,-0.30,0.67,1139,0,11.55,12.13,0,1
1596.946,-7.286686,112.795955,0.07,0.000,-0.000,19.08,18.98,359.14,359.14,0.00,30.88,0,0.0,0.00,0.00,1.00,1.64,-0.18,0.24,1320,0,11.64,12.12,0,1
1597.046,-7.286686,112.795955,0.09,0.000,-0.000,27.11,26.65,359.31,359.31,0.00,40.00,0,0.0,0.01,0.00,0.99,1.03,0.12,0.06,1500,0,11.56,11.95,0,1
1597.146,-7.286686,112.795955,0.06,0.000,-0.000,36.63,36.98,359.51,359.51,0.00,40.00,0,0.0,0.01,0.00,0.99,-0.18,0.00,-0.36,1679,0,11.64,11.79,0,1
1597.246,-7.286686,112.795955,0.14,0.000,-0.000,37.64,37.28,359.75,359.75,0.00,40.00,0,0.0,0.00,0.00,0.99,-1.22,0.00,-0.73,1859,0,11.54,12.00,0,1
1597.346,-7.286686,112.795955,0.08,-0.000,-0.000,37.76,37.40,0.01,0.01,0.00,40.00,0,0.0,0.01,0.00,0.99,-1.28,-0.06,-1.22,1920,0,11.64,12.12,0,1
1597.446,-7.286685,112.795955,0.13,0.334,-0.002,37.64,37.10,0.32,0.32,0.00,40.00,0,0.0,0.00,0.00,0.98,-1.03,0.06,-1.52,1920,0,11.43,12.05,0,1
1597.546,-7.286685,112.795955,0.11,0.233,-0.003,37.22,36.80,0.66,0.66,0.00,40.00,0,0.0,0.01,0.00,0.99,0.00,0.00,-1.77,1920,0,11.48,12.02,0,1
1597.646,-7.286685,112.795955,0.15,0.163,-0.003,37.22,36.69,1.03,1.03,0.00,40.00,0,0.0,0.01,0.00,0.99,0.73,-0.12,-2.25,1920,0,11.48,12.06,0,1
1597.746,-7.286685,112.795955,0.13,0.114,-0.003,37.52,37.28,1.43,1.43,0.00,40.00,0,0.0,0.01,0.00,0.99,1.22,0.06,-2.44,1920,0,11.48,12.00,0,1
1597.846,-7.286685,112.795955,0.14,0.080,-0.003,37.05,37.10,1.85,1.85,0.00,40.00,0,0.0,0.00,0.00,0.99,1.28,-0.24,-2.92,1859,0,11.58,12.12,0,1
1597.946,-7.286685,112.795955,0.18,0.056,-0.002,37.64,36.86,2.31,2.31,0.00,40.00,0,0.0,0.01,0.00,0.99,0.30,-0.12,-3.35,1859,0,11.54,12.07,0,1
1598.046,-7.286685,112.795956,0.22,0.055,0.329,37.76,36.80,2.80,2.80,0.00,40.00,0,0.0,0.01,0.00,0.99,-0.61,-0.12,-3.60,1920,0,11.51,12.00,0,1
1598.146,-7.286685,112.795955,0.16,0.022,-0.101,37.28,37.04,3.32,3.32,0.00,40.00,0,0.0,0.01,0.00,0.99,-1.22,-0.12,-3.96,1920,0,11.72,12.11,0,1
1598.246,-7.286684,112.795955,0.13,0.347,-0.093,37.58,37.22,3.88,3.88,0.00,40.00,0,0.0,0.00,0.00,0.98,-0.48,-0.06,-4.21,1920,0,11.48,12.09,0,1
1598.346,-7.286684,112.795955,0.19,0.242,-0.068,37.58,36.86,4.47,4.47,0.00,40.00,0,0.0,0.01,0.00,0.99,0.12,0.00,-4.57,1920,0,11.42,12.04,0,1
1598.446,-7.286684,112.795956,0.16,0.198,0.280,37.22,37.40,5.08,5.08,0.00,40.00,0,0.0,0.01,0.00,0.99,0.54,-0.12,-4.82,1859,0,11.57,11.98,0,1
1598.546,-7.286684,112.795956,0.20,0.141,0.195,37.52,36.98,5.72,5.72,0.00,40.00,0,0.0,0.01,0.00,0.99,0.61,-0.18,-5.12,1920,0,11.54,12.09,0,1
1598.646,-7.286684,112.795956,0.19,0.100,0.135,37.70,37.10,6.39,6.39,0.00,40.00,0,0.0,0.01,0.00,0.99,0.12,-0.18,-5.43,1920,0,11.58,12.09,0,1
1598.746,-7.286683,112.795956,0.18,0.402,0.053,37.76,37.46,7.08,7.08,0.00,40.00,0,0.0,0.01,0.00,1.00,0.30,-0.42,-5.85,1920,0,11.62,12.05,0,1
1598.846,-7.286683,112.795956,0.22,0.282,0.033,37.34,37.40,7.80,7.80,0.00,40.00,0,0.0,0.01,0.00,0.98,-0.12,-0.06,-6.16,1920,0,11.66,12.07,0,1
1598.946,-7.286683,112.795956,0.23,0.198,0.021,37.28,37.16,8.56,8.56,0.00,40.00,0,0.0,0.01,0.01,0.99,-0.61,-0.12,-6.40,1920,0,11.60,12.15,0,1
1599.046,-7.286683,112.795956,0.19,0.139,0.013,37.94,36.92,9.34,9.34,0.00,40.00,0,0.0,0.01,0.00,0.99,-0.36,-0.30,-6.83,1859,0,11.67,12.14,0,1
1599.146,-7.286683,112.795956,0.17,0.097,0.007,37.40,37.34,10.16,10.16,0.00,40.00,0,0.0,0.01,0.00,0.98,0.00,0.00,-6.95,1920,0,11.67,12.13,0,1
1599.246,-7.286683,112.795956,0.34,0.068,0.004,36.93,37.16,11.00,11.00,0.00,40.00,0,0.0,0.01,0.00,0.99,0.06,-0.24,-7.20,1920,0,11.67,12.04,0,1
1599.346,-7.286682,112.795956,0.21,0.374,-0.066,37.40,36.57,11.85,11.85,0.00,40.00,0,0.0,0.01,0.00,0.98,0.79,-0.12,-7.32,1920,0,11.53,12.04,0,1
1599.446,-7.286682,112.795956,0.22,0.261,-0.050,37.46,37.22,12.73,12.73,0.00,40.00,0,0.0,0.01,0.00,0.99,0.54,-0.30,-7.50,1920,0,11.51,12.20,0,1
1599.546,-7.286682,112.795956,0.33,0.182,-0.038,37.64,37.28,13.62,13.62,0.00,40.00,0,0.0,0.01,0.00,0.99,0.30,-0.24,-7.75,1859,0,11.51,12.18,0,1
1599.646,-7.286682,112.795956,0.27,0.127,-0.029,37.70,37.16,14.52,14.52,0.00,40.00,0,0.0,0.01,0.00,0.98,-0.30,-0.24,-7.93,1920,0,11.63,12.17,0,1
1599.746,-7.286681,112.795957,0.31,0.498,0.209,37.46,37.28,15.44,15.44,0.00,40.00,0,0.0,0.01,0.01,0.98,-0.36,-0.24,-8.05,1920,0,11.47,12.10,0,1
1599.846,-7.286681,112.795957,0.26,0.351,0.140,37.70,37.40,16.39,16.39,0.00,40.00,0,0.0,0.01,0.00,1.00,-0.42,-0.54,-8.23,1920,0,11.56,12.17,0,1
1599.946,-7.286681,112.795957,0.33,0.247,0.094,37.52,37.52,17.34,17.34,0.00,40.00,0,0.0,0.01,0.00,0.99,-0.06,-0.12,-8.42,1920,0,11.60,12.13,0,1
1600.046,-7.286681,112.795957,0.22,0.174,0.063,37.40,37.52,18.32,18.32,0.00,40.00,0,0.0,0.01,0.00,0.99,0.36,-0.42,-8.72,1920,0,11.60,12.10,0,1
1600.146,-7.286680,112.795957,0.29,0.438,-0.068,37.28,37.04,19.31,19.31,0.00,40.00,0,0.0,0.01,0.01,0.99,-0.06,-0.24,-8.85,1859,0,11.63,12.04,0,1
1600.246,-7.286680,112.795957,0.31,0.305,-0.053,37.94,37.58,20.32,20.32,0.00,40.00,0,0.0,0.01,0.00,0.99,-0.06,-0.18,-8.91,1920,0,11.67,12.03,0,1
1600.346,-7.286680,112.795957,0.34,0.213,-0.041,37.52,37.34,21.34,21.34,0.00,40.00,0,0.0,0.01,0.00,0.99,0.42,-0.48,-9.09,1920,0,11.51,12.07,0,1
1600.446,-7.286680,112.795957,0.22,0.149,-0.031,37.52,37.22,22.37,22.37,0.00,40.00,0,0.0,0.01,0.01,0.98,-0.24,-0.36,-9.21,1920,0,11.58,12.09,0,1
1600.546,-7.286680,112.795958,0.23,0.235,0.280,37.40,37.28,23.42,23.42,0.00,40.00,0,0.0,0.01,0.01,0.99,0.18,-0.48,-9.39,1920,0,11.62,12.08,0,1
1600.646,-7.286679,112.795958,0.31,0.472,0.054,37.52,37.04,24.49,24.49,0.00,40.00,0,0.0,0.01,0.01,0.99,-0.42,-0.42,-9.58,1859,0,11.54,12.04,0,1
1600.746,-7.286679,112.795958,0.36,0.331,0.032,37.46,37.04,25.58,25.58,0.00,40.00,0,0.0,0.01,0.00,0.99,-0.42,-0.12,-9.64,1920,0,11.63,12.04,0,1
1600.846,-7.286679,112.795958,0.34,0.232,0.018,37.16,37.22,26.68,26.68,0.00,40.00,0,0.0,0.01,0.01,0.99,0.18,-0.36,-9.94,1920,0,11.62,12.05,0,1
1600.946,-7.286679,112.795958,0.23,0.163,0.009,37.46,37.28,27.80,27.80,0.00,40.00,0,0.0,0.01,0.00,0.99,0.30,-0.42,-10.13,1920,0,11.51,12.15,0,1
1601.046,-7.286678,112.795958,0.25,0.406,-0.157,37.40,37.52,28.93,28.93,0.00,40.00,0,0.0,0.01,0.00,0.99,0.12,-0.30,-10.00,1920,0,11.48,12.15,0,1
1601.146,-7.286678,112.795958,0.26,0.282,-0.116,37.64,36.80,30.08,30.08,0.00,40.00,0,0.0,0.01,0.02,0.99,0.42,-0.48,-10.31,1920,0,11.61,11.94,0,1
1601.246,-7.286678,112.795959,0.21,0.367,0.198,37.05,37.10,31.23,31.23,0.00,40.00,0,0.0,0.01,0.02,0.98,-0.42,-0.36,-10.43,1859,0,11.68,12.12,0,1
1601.346,-7.286678,112.795959,0.26,0.260,0.133,37.46,37.04,32.40,32.40,0.00,40.00,0,0.0,0.01,0.01,0.99,-0.30,-0.30,-10.49,1920,0,11.67,12.02,0,1
1601.446,-7.286678,112.795959,0.30,0.184,0.090,37.46,37.46,33.60,33.60,0.00,40.00,0,0.0,0.01,0.01,0.99,0.18,-0.61,-10.80,1920,0,11.62,11.99,0,1
1601.546,-7.286677,112.795959,0.27,0.404,-0.131,37.64,37.40,34.82,34.82,0.00,40.00,0,0.0,0.01,0.01,0.98,0.00,-0.54,-10.98,1920,0,11.59,12.12,0,1
1601.646,-7.286677,112.795959,0.24,0.281,-0.097,37.34,37.04,36.04,36.04,0.00,40.00,0,0.0,0.01,0.02,0.99,0.00,-0.48,-10.98,1920,0,11.60,12.14,0,1
1601.746,-7.286677,112.795959,0.23,0.195,-0.072,38.12,37.10,37.28,37.28,0.00,40.00,0,0.0,0.02,0.01,0.99,-0.18,-0.48,-11.10,1859,0,11.66,12.07,0,1
1601.846,-7.286677,112.795960,0.38,0.341,0.205,37.58,36.92,38.52,38.52,0.00,40.00,0,0.0,0.01,0.01,0.98,-0.30,-0.18,-11.23,1920,0,11.56,12.09,0,1
1601.946,-7.286676,112.795960,0.33,0.498,-0.075,37.34,36.80,39.79,39.79,0.00,40.00,0,0.0,0.01,0.01,0.98,-0.18,-0.36,-11.41,1920,0,11.67,11.98,0,1
1602.046,-7.286676,112.795960,0.29,0.348,-0.060,37.82,36.80,41.06,41.06,0.00,40.00,0,0.0,0.01,0.02,0.99,-0.48,-0.48,-11.41,1920,0,11.54,12.04,0,1
1602.146,-7.286676,112.795960,0.23,0.242,-0.048,37.58,37.22,42.35,42.35,0.00,40.00,0,0.0,0.01,0.01,0.98,-0.12,-0.30,-11.59,1920,0,11.44,12.12,0,1
1602.246,-7.286676,112.795960,0.33,0.169,-0.037,37.28,36.92,43.65,43.65,0.00,40.00,0,0.0,0.01,0.02,0.99,-0.18,-0.54,-11.71,1920,0,11.48,12.18,0,1
1602.346,-7.286675,112.795961,0.42,0.587,-0.031,37.34,37.28,44.98,44.98,0.00,40.00,0,0.0,0.01,0.01,0.99,0.24,-0.48,-11.96,1920,0,11.49,12.08,0,1
1602.446,-7.286675,112.795961,0.30,0.411,-0.031,37.46,37.04,46.31,46.31,0.00,40.00,0,0.0,0.01,0.01,0.99,0.18,-0.24,-11.96,1920,0,11.69,12.07,0,1
1602.546,-7.286675,112.795961,0.30,0.287,-0.028,37.22,36.74,47.66,47.66,0.00,40.00,0,0.0,0.01,0.01,0.99,-0.06,-0.48,-12.08,1920,0,11.58,12.07,0,1
1602.646,-7.286674,112.795961,0.41,0.419,-0.276,37.76,37.22,49.01,49.01,0.00,40.00,0,0.0,0.01,0.02,0.99,0.48,-0.73,-12.20,1920,0,11.48,12.00,0,1
1602.746,-7.286674,112.795962,0.52,0.544,0.011,37.88,36.92,50.37,50.37,0.00,40.00,0,0.0,0.01,0.01,0.99,0.00,-0.61,-12.26,1920,0,11.67,12.05,0,1
1602.846,-7.286674,112.795962,0.42,0.381,-0.002,37.40,37.16,51.74,51.74,0.00,40.00,0,0.0,0.01,0.03,0.99,-0.30,-0.73,-12.26,1859,0,11.48,12.14,0,1
1602.946,-7.286673,112.795962,0.54,0.467,-0.274,37.82,37.46,53.11,53.11,0.00,40.00,0,0.0,0.01,0.01,0.99,-0.42,-0.61,-12.32,1920,0,11.64,12.17,0,1
1603.046,-7.286673,112.795962,0.33,0.322,-0.200,37.52,36.92,54.49,54.49,0.00,40.00,0,0.0,0.01,0.00,0.98,-0.48,-0.54,-12.45,1920,0,11.67,12.15,0,1
1603.146,-7.286673,112.795962,0.38,0.222,-0.145,37.88,36.86,55.87,55.87,0.00,40.00,0,0.0,0.01,0.02,0.98,0.30,-0.61,-12.32,1920,0,11.58,12.14,0,1
1603.246,-7.286673,112.795963,0.39,0.431,0.074,37.64,37.46,57.24,57.24,0.00,40.00,0,0.0,0.01,0.01,0.99,0.12,-0.42,-12.39,1920,0,11.50,12.09,0,1
1603.346,-7.286672,112.795963,0.45,0.477,-0.240,37.52,37.34,58.62,58.62,0.00,40.00,0,0.0,0.01,0.01,0.99,0.00,-0.54,-12.26,1859,0,11.59,12.07,0,1
1603.446,-7.286672,112.795963,0.51,0.329,-0.176,37.70,37.28,60.00,60.00,0.00,40.00,0,0.0,0.01,0.02,0.98,0.48,-0.48,-12.39,1920,0,11.54,12.06,0,1
1603.546,-7.286672,112.795963,0.32,0.228,-0.129,37.40,37.16,61.38,61.38,0.00,40.00,0,0.0,0.01,0.02,0.98,-0.18,-0.67,-12.39,1920,0,11.68,12.12,0,1
1603.646,-7.286671,112.795963,0.42,0.310,-0.391,38.12,36.98,62.76,62.76,0.00,40.00,0,0.0,0.01,0.01,0.99,0.00,-0.73,-12.26,1920,0,11.51,12.12,0,1
1603.746,-7.286671,112.795964,0.46,0.508,-0.134,37.28,37.40,64.15,64.15,0.00,40.00,0,0.0,0.01,0.02,0.99,0.00,-0.67,-12.51,1920,0,11.55,12.13,0,1
1603.846,-7.286671,112.795964,0.34,0.353,-0.103,37.76,37.28,65.56,65.56,0.00,40.00,0,0.0,0.02,0.02,0.99,-0.42,-0.61,-12.51,1920,0,11.68,11.97,0,1
1603.946,-7.286671,112.795964,0.34,0.245,-0.078,37.58,37.34,66.97,66.97,0.00,36.61,0,0.0,0.02,0.02,0.99,-1.34,-0.30,-12.51,1859,0,11.60,12.12,0,1
1604.046,-7.286670,112.795964,0.30,0.293,-0.369,35.26,35.32,68.37,68.37,0.00,20.32,0,0.0,0.02,0.01,0.99,-0.61,-0.30,-12.69,1920,0,11.54,12.02,0,1
1604.146,-7.286670,112.795965,0.26,0.509,-0.149,24.43,23.44,69.79,69.79,0.00,2.25,0,0.0,0.01,0.00,0.99,0.12,-0.42,-12.51,1920,0,11.61,12.07,0,1
1604.246,-7.286670,112.795965,0.37,0.354,-0.113,10.75,8.65,71.18,71.18,0.00,0.72,0,0.0,0.01,0.01,0.98,3.05,-0.42,-11.90,1920,0,11.61,10.96,0,1
1604.346,-7.286670,112.795965,0.40,0.246,-0.085,-0.07,-1.38,72.48,72.48,0.00,-0.88,0,0.0,0.01,0.01,0.99,5.18,-1.03,-11.16,1920,0,11.68,12.12,0,1
1604.446,-7.286669,112.795966,0.42,0.582,-0.290,-2.57,-2.69,73.71,73.71,0.00,-13.54,0,0.0,0.01,0.02,0.99,4.57,-1.15,-10.37,1859,0,11.54,12.01,0,1
1604.546,-7.286669,112.795966,0.48,0.403,-0.211,-12.98,-12.61,74.88,74.88,0.00,-29.51,0,0.0,0.01,0.03,0.99,1.89,-1.09,-9.70,1920,0,11.50,12.04,0,1
1604.646,-7.286669,112.795967,0.39,0.600,-0.073,-20.72,-18.31,75.96,75.96,0.00,-39.91,0,0.0,0.01,0.03,0.98,-0.36,-0.85,-8.42,1920,0,11.72,11.31,0,1
1604.746,-7.286669,112.795967,0.46,0.419,-0.058,-37.56,-41.53,76.91,76.91,0.00,-39.67,0,0.0,0.02,0.03,0.99,-2.01,-0.61,-7.14,1920,0,11.54,12.08,0,1
1604.846,-7.286669,112.795968,0.55,0.616,0.026,-42.67,-43.14,77.72,77.72,0.00,-39.83,0,0.0,0.02,0.02,0.99,-3.17,-0.73,-5.85,1920,0,11.44,12.07,0,1
1604.946,-7.286668,112.795968,0.30,0.498,-0.314,-43.45,-43.02,78.43,78.43,0.00,-39.83,0,0.0,0.01,0.02,0.99,-2.99,-0.06,-4.69,1920,0,11.44,12.17,0,1
1605.046,-7.286668,112.795968,0.36,0.347,-0.224,-42.56,-42.90,79.04,79.04,0.00,-39.83,0,0.0,0.02,0.01,0.99,-1.40,0.00,-3.90,1920,0,11.62,12.17,0,1
1605.146,-7.286668,112.795968,0.40,0.241,-0.159,-42.85,-43.61,79.55,79.55,0.00,-39.83,0,0.0,0.01,0.00,0.98,-0.24,0.00,-2.68,1920,0,11.46,12.07,0,1
1605.246,-7.286668,112.795969,0.30,0.494,-0.055,-43.27,-43.14,79.95,79.95,0.00,-39.83,0,0.0,0.02,0.01,0.99,0.91,-0.24,-1.70,1920,0,11.68,12.04,0,1
1605.346,-7.286668,112.795968,0.12,0.019,-0.096,-42.91,-42.96,80.27,80.27,0.00,-39.83,0,0.0,0.01,0.02,0.98,1.34,-0.54,-1.03,1920,0,11.51,12.07,0,1
1605.446,-7.286668,112.795969,0.45,0.340,-0.013,-42.73,-43.49,80.53,80.53,0.00,-39.75,0,0.0,0.01,0.02,0.99,0.85,-0.18,-0.48,1920,0,11.47,12.05,0,1
1605.546,-7.286668,112.795969,0.29,0.238,-0.010,-42.97,-43.02,80.73,80.73,0.00,-39.91,0,0.0,0.02,0.02,0.99,-0.85,0.00,0.12,1859,0,11.49,12.06,0,1
1605.646,-7.286668,112.795970,0.41,0.493,0.045,-43.03,-42.78,80.89,80.89,0.00,-39.75,0,0.0,0.01,0.01,0.98,-2.25,0.30,0.48,1920,0,11.86,12.04,0,1
1605.746,-7.286668,112.795970,0.44,0.345,0.031,-42.73,-42.90,81.00,81.00,0.00,-39.91,0,0.0,0.02,0.01,0.99,-1.89,-0.18,0.73,1920,0,11.68,12.12,0,1
1605.846,-7.286668,112.795970,0.44,0.242,0.021,-42.67,-42.84,81.07,81.07,0.00,-39.75,0,0.0,0.01,0.00,0.99,-1.15,0.36,1.34,1920,0,11.68,12.09,0,1
1605.946,-7.286668,112.795971,0.48,0.496,0.066,-42.97,-43.08,81.10,81.10,0.00,-39.83,0,0.0,0.01,0.01,0.99,0.06,-0.06,1.64,1920,0,11.64,12.08,0,1
1606.046,-7.286667,112.795972,0.59,0.726,-0.232,-43.39,-43.14,81.10,81.10,0.00,-39.91,0,0.0,0.01,0.01,0.98,0.73,0.00,1.95,1859,0,11.43,12.07,0,1
1606.146,-7.286668,112.795972,0.32,0.456,0.167,-42.91,-42.96,81.05,81.05,0.00,-39.83,0,0.0,0.01,0.01,0.98,0.85,0.06,2.38,1920,0,11.55,12.07,0,1
1606.246,-7.286667,112.795972,0.22,0.372,-0.212,-42.14,-42.66,80.96,80.96,0.00,-39.83,0,0.0,0.02,0.01,0.99,0.97,-0.06,2.74,1920,0,11.61,12.02,0,1
1606.346,-7.286667,112.795973,0.28,0.587,-0.095,-42.97,-43.32,80.84,80.84,0.00,-39.83,0,0.0,0.01,0.02,0.99,-0.24,0.00,3.11,1920,0,11.48,12.08,0,1
1606.446,-7.286667,112.795973,0.37,0.411,-0.065,-42.67,-43.08,80.69,80.69,0.00,-39.83,0,0.0,0.01,0.02,0.99,-0.73,0.36,3.35,1920,0,11.60,12.03,0,1
1606.546,-7.286667,112.795974,0.44,0.614,0.010,-42.97,-43.20,80.49,80.49,0.00,-39.75,0,0.0,0.01,0.00,0.99,-1.77,0.18,3.78,1920,0,11.54,12.12,0,1
1606.646,-7.286667,112.795974,0.51,0.430,0.009,-43.27,-43.14,80.27,80.27,0.00,-39.83,0,0.0,0.01,0.00,0.98,-1.46,0.36,4.08,1920,0,11.45,12.10,0,1
1606.746,-7.286667,112.795975,0.44,0.627,0.065,-43.33,-43.02,80.00,80.00,0.00,-39.83,0,0.0,0.01,0.00,0.99,-0.67,0.06,4.39,1920,0,11.62,12.05,0,1
1606.846,-7.286667,112.795975,0.44,0.439,0.048,-43.09,-43.08,79.71,79.71,0.00,-39.75,0,0.0,0.01,0.00,0.99,0.67,0.00,4.76,1920,0,11.62,12.04,0,1
1606.946,-7.286667,112.795975,0.42,0.307,0.035,-43.09,-43.20,79.38,79.38,0.00,-39.75,0,0.0,0.01,0.00,0.98,1.15,0.00,5.18,1920,0,11.68,12.17,0,1
1607.046,-7.286667,112.795976,0.49,0.539,0.089,-43.09,-42.90,79.01,79.01,0.00,-39.75,0,0.0,0.01,0.01,0.99,1.15,0.00,5.43,1920,0,11.46,12.06,0,1
1607.146,-7.286667,112.795977,0.50,0.702,0.130,-43.09,-43.14,78.61,78.61,0.00,-39.83,0,0.0,0.01,0.01,0.98,0.18,0.36,5.73,1920,0,11.64,12.13,0,1
1607.246,-7.286667,112.795977,0.38,0.490,0.095,-43.45,-43.49,78.18,78.18,0.00,-39.91,0,0.0,0.01,0.02,0.99,-0.91,0.36,5.98,1920,0,11.48,12.12,0,1
1607.346,-7.286667,112.795977,0.32,0.343,0.069,-43.39,-43.08,77.72,77.72,0.00,-39.83,0,0.0,0.01,0.01,0.99,-1.64,0.42,6.22,1920,0,11.49,12.08,0,1
1607.446,-7.286667,112.795978,0.47,0.562,0.124,-43.03,-43.14,77.23,77.23,0.00,-39.83,0,0.0,0.01,0.00,0.99,-1.52,0.36,6.59,1920,0,11.54,11.97,0,1
1607.546,-7.286667,112.795979,0.52,0.715,0.166,-42.91,-43.26,76.71,76.71,0.00,-39.75,0,0.0,0.01,0.00,0.99,-0.12,0.06,6.77,1920,0,11.63,12.01,0,1
1607.646,-7.286667,112.795979,0.47,0.499,0.121,-43.15,-43.14,76.16,76.16,0.00,-39.75,0,0.0,0.01,0.00,0.99,0.85,0.36,7.08,1920,0,11.62,12.13,0,1
1607.746,-7.286667,112.795980,0.40,0.669,0.171,-43.15,-43.08,75.59,75.59,0.00,-39.83,0,0.0,0.02,0.00,0.98,1.28,0.24,7.32,1920,0,11.48,12.08,0,1
1607.846,-7.286666,112.795980,0.63,0.553,-0.198,-42.97,-43.08,74.98,74.98,0.00,-39.83,0,0.0,0.01,0.00,0.99,0.00,0.24,7.87,1920,0,11.57,12.12,0,1
1607.946,-7.286666,112.795981,0.54,0.708,-0.045,-43.27,-42.96,74.34,74.34,0.00,-39.83,0,0.0,0.01,0.00,0.99,-0.30,0.30,7.93,1920,0,11.56,12.10,0,1
1608.046,-7.286666,112.795981,0.34,0.496,-0.026,-43.15,-43.55,73.67,73.67,0.00,-39.91,0,0.0,0.01,0.00,0.99,-0.73,0.36,8.11,1920,0,11.69,12.15,0,1
1608.146,-7.286666,112.795982,0.48,0.664,0.083,-43.75,-43.26,72.99,72.99,0.00,-39.83,0,0.0,0.02,0.00,0.99,-0.61,0.18,8.17,1859,0,11.61,12.02,0,1
1608.246,-7.286666,112.795982,0.54,0.464,0.064,-43.27,-42.60,72.27,72.27,0.00,-39.75,0,0.0,0.01,0.00,0.99,-0.24,0.48,8.72,1920,0,11.61,12.09,0,1
1608.346,-7.286666,112.795983,0.51,0.638,0.154,-42.97,-42.96,71.52,71.52,0.00,-39.91,0,0.0,0.02,0.00,0.99,0.36,0.30,9.09,1920,0,11.54,11.97,0,1
1608.446,-7.286666,112.795984,0.66,0.757,0.223,-43.03,-43.32,70.74,70.74,0.00,-39.83,0,0.0,0.01,0.00,0.99,0.91,0.30,9.39,1920,0,11.43,12.08,0,1
1608.546,-7.286666,112.795984,0.51,0.528,0.164,-42.91,-43.26,69.91,69.91,0.00,-39.83,0,0.0,0.01,0.00,0.99,0.61,0.42,9.82,1920,0,11.48,12.02,0,1
1608.646,-7.286666,112.795985,0.52,0.677,0.238,-43.03,-42.96,69.06,69.06,0.00,-39.83,0,0.0,0.02,0.00,1.00,0.48,0.24,10.00,1859,0,11.48,12.04,0,1
1608.746,-7.286666,112.795985,0.54,0.471,0.174,-43.39,-43.08,68.18,68.18,0.00,-39.83,0,0.0,0.01,0.00,0.99,-0.06,0.67,10.31,1920,0,11.60,12.12,0,1
1608.846,-7.286666,112.795985,0.37,0.328,0.127,-42.91,-43.14,67.28,67.28,0.00,-39.83,0,0.0,0.02,0.00,0.99,-0.30,0.48,10.49,1920,0,11.54,12.07,0,1
1608.946,-7.286666,112.795986,0.48,0.531,0.225,-43.21,-43.20,66.34,66.34,0.00,-39.75,0,0.0,0.02,0.00,0.99,-0.85,0.48,10.80,1920,0,11.72,12.07,0,1
1609.046,-7.286665,112.795987,0.52,0.809,-0.001,-43.33,-42.37,65.37,65.37,0.00,-39.67,0,0.0,0.02,-0.01,0.99,-0.91,0.54,11.04,1920,0,11.62,12.15,0,1
1609.146,-7.286665,112.795987,0.62,0.566,0.009,-43.21,-42.66,64.37,64.37,0.00,-39.75,0,0.0,0.02,0.00,0.98,-0.48,0.54,11.41,1920,0,11.61,12.18,0,1
1609.246,-7.286665,112.795988,0.45,0.692,0.162,-42.91,-43.44,63.36,63.36,0.00,-39.91,0,0.0,0.02,0.00,0.98,0.54,0.24,11.53,1859,0,11.46,12.00,0,1
1609.346,-7.286665,112.795988,0.57,0.482,0.122,-43.15,-43.32,62.31,62.31,0.00,-39.91,0,0.0,0.02,0.00,0.98,0.67,0.61,11.84,1920,0,11.45,12.02,0,1
1609.446,-7.286665,112.795989,0.50,0.626,0.251,-43.45,-43.14,61.25,61.25,0.00,-39.83,0,0.0,0.02,0.00,0.98,0.79,0.42,11.77,1920,0,11.42,12.07,0,1
1609.546,-7.286665,112.795989,0.49,0.435,0.184,-43.15,-43.20,60.17,60.17,0.00,-39.91,0,0.0,0.02,0.00,0.99,0.12,0.61,12.08,1920,0,11.56,12.12,0,1
1609.646,-7.286665,112.795990,0.44,0.586,0.305,-42.91,-43.02,59.07,59.07,0.00,-39.83,0,0.0,0.01,0.00,0.99,0.00,0.79,12.32,1920,0,11.59,12.04,0,1
1609.746,-7.286665,112.795991,0.52,0.686,0.397,-43.27,-43.61,57.95,57.95,0.00,-39.67,0,0.0,0.02,0.00,0.99,-0.24,0.54,12.51,1859,0,11.53,12.10,0,1
1609.846,-7.286665,112.795991,0.64,0.475,0.287,-43.15,-43.20,56.81,56.81,0.00,-39.75,0,0.0,0.02,0.00,0.99,-0.97,0.54,12.69,1859,0,11.70,12.09,0,1
1609.946,-7.286665,112.795991,0.45,0.328,0.208,-42.79,-43.26,55.65,55.65,0.00,-39.83,0,0.0,0.01,0.00,0.99,-0.48,0.48,12.81,1920,0,11.49,12.09,0,1
1610.046,-7.286664,112.795992,0.52,0.690,0.071,-42.56,-43.20,54.48,54.48,0.00,-39.83,0,0.0,0.01,-0.01,0.98,-0.54,0.42,13.00,1920,0,11.48,12.07,0,1
1610.146,-7.286664,112.795992,0.59,0.482,0.060,-43.21,-43.26,53.30,53.30,0.00,-39.91,0,0.0,0.02,-0.01,1.00,0.48,0.48,13.18,1920,0,11.67,12.08,0,1
1610.246,-7.286664,112.795993,0.59,0.597,0.252,-43.27,-43.32,52.09,52.09,0.00,-39.83,0,0.0,0.01,-0.01,0.99,0.48,0.61,13.42,1920,0,11.50,12.15,0,1
1610.346,-7.286664,112.795993,0.44,0.414,0.185,-43.21,-43.26,50.86,50.86,0.00,-39.75,0,0.0,0.02,0.00,0.98,0.48,0.48,13.61,1859,0,11.55,12.25,0,1
1610.446,-7.286664,112.795994,0.52,0.539,0.350,-43.21,-43.08,49.61,49.61,0.00,-39.83,0,0.0,0.02,0.00,0.99,-0.24,0.61,13.79,1859,0,11.42,12.08,0,1
1610.546,-7.286664,112.795994,0.51,0.372,0.254,-43.21,-42.96,48.35,48.35,0.00,-39.67,0,0.0,0.02,0.00,0.98,-0.24,0.48,13.85,1920,0,11.62,12.16,0,1
1610.646,-7.286664,112.795995,0.48,0.499,0.409,-43.51,-43.14,47.08,47.08,0.00,-39.83,0,0.0,0.02,0.00,0.98,-0.79,0.54,13.79,1920,0,11.40,12.09,0,1
1610.746,-7.286664,112.795995,0.40,0.343,0.294,-43.33,-43.02,45.82,45.82,0.00,-39.83,0,0.0,0.02,0.00,0.99,-0.97,0.42,13.97,1920,0,11.59,12.07,0,1
1610.846,-7.286664,112.795996,0.56,0.467,0.447,-43.15,-42.19,44.54,44.54,0.00,-40.00,0,0.0,0.01,0.00,0.99,-1.03,0.54,13.97,1920,0,11.49,11.94,0,1
1610.946,-7.286663,112.795996,0.39,0.563,0.091,-43.33,-42.96,43.25,43.25,0.00,-39.91,0,0.0,0.01,-0.01,0.99,-0.48,0.54,14.09,1859,0,11.46,12.03,0,1
1611.046,-7.286663,112.795996,0.33,0.393,0.073,-43.09,-42.43,41.96,41.96,0.00,-39.91,0,0.0,0.02,-0.01,1.00,0.61,0.42,14.09,1859,0,11.45,12.06,0,1
1611.146,-7.286663,112.795996,0.27,0.274,0.057,-42.20,-42.84,40.66,40.66,0.00,-39.83,0,0.0,0.02,-0.01,0.99,0.48,0.42,14.22,1859,0,11.60,12.14,0,1
1611.246,-7.286663,112.795997,0.40,0.400,0.300,-43.33,-43.20,39.35,39.35,0.00,-39.75,0,0.0,0.02,0.00,0.99,0.48,0.36,14.22,1920,0,11.53,12.01,0,1
1611.346,-7.286662,112.795997,0.54,0.538,0.011,-43.09,-43.14,38.04,38.04,0.00,-39.75,0,0.0,0.01,0.00,0.99,-0.48,0.42,14.22,1920,0,11.51,11.99,0,1
1611.446,-7.286662,112.795997,0.50,0.376,0.016,-43.03,-43.02,36.72,36.72,0.00,-39.75,0,0.0,0.02,-0.01,1.00,-0.42,0.42,14.28,1920,0,11.51,12.07,0,1
1611.546,-7.286662,112.795998,0.48,0.455,0.287,-43.03,-43.55,35.41,35.41,0.00,-39.83,0,0.0,0.01,-0.01,0.99,-0.61,0.91,14.34,1859,0,11.68,12.07,0,1
1611.646,-7.286662,112.795998,0.55,0.314,0.208,-43.15,-42.78,34.09,34.09,0.00,-39.75,0,0.0,0.02,-0.01,0.99,-0.24,0.54,14.28,1859,0,11.43,12.04,0,1
1611.746,-7.286661,112.795999,0.67,0.676,0.248,-43.09,-43.14,32.77,32.77,0.00,-39.83,0,0.0,0.01,-0.01,0.99,0.24,0.54,14.46,1859,0,11.53,12.10,0,1
1611.846,-7.286661,112.795999,0.49,0.469,0.185,-43.15,-42.96,31.44,31.44,0.00,-39.83,0,0.0,0.01,0.00,0.99,1.03,0.42,14.34,1859,0,11.62,11.97,0,1
1611.946,-7.286661,112.795999,0.38,0.325,0.137,-42.91,-42.72,30.11,30.11,0.00,-39.75,0,0.0,0.02,-0.01,0.98,0.36,0.61,14.52,1920,0,11.51,12.07,0,1
1612.046,-7.286661,112.796000,0.42,0.385,0.391,-42.91,-43.38,28.78,28.78,0.00,-39.75,0,0.0,0.02,0.00,0.99,0.12,0.36,14.46,1920,0,11.51,12.02,0,1
1612.146,-7.286660,112.796000,0.55,0.559,0.126,-42.79,-43.20,27.44,27.44,0.00,-39.75,0,0.0,0.02,-0.01,0.99,-0.67,0.36,14.46,1920,0,11.40,12.17,0,1
1612.246,-7.286660,112.796001,0.52,0.535,0.395,-43.27,-42.90,26.10,26.10,0.00,-39.91,0,0.0,0.01,-0.01,0.99,-0.85,0.67,14.58,1859,0,11.60,11.99,0,1
1612.346,-7.286660,112.796001,0.40,0.368,0.285,-42.56,-42.96,24.76,24.76,0.00,-40.00,0,0.0,0.02,0.00,0.99,-0.06,0.36,14.70,1859,0,11.64,12.10,0,1
1612.446,-7.286659,112.796001,0.63,0.559,0.073,-43.03,-43.20,23.41,23.41,0.00,-39.91,0,0.0,0.02,-0.01,1.00,0.18,0.48,14.77,1859,0,11.53,12.14,0,1
1612.546,-7.286659,112.796001,0.37,0.390,0.060,-42.50,-42.60,22.04,22.04,0.00,-39.83,0,0.0,0.02,0.00,0.99,0.42,0.42,14.70,1920,0,11.54,12.09,0,1
1612.646,-7.286659,112.796002,0.47,0.389,0.358,-42.73,-43.08,20.69,20.69,0.00,-39.75,0,0.0,0.01,-0.01,0.99,0.06,0.61,14.77,1920,0,11.59,12.12,0,1
1612.746,-7.286658,112.796002,0.52,0.581,0.147,-42.97,-43.08,19.33,19.33,0.00,-39.83,0,0.0,0.02,-0.01,0.99,-0.36,0.30,14.77,1920,0,11.64,12.03,0,1
1612.846,-7.286658,112.796002,0.32,0.404,0.112,-43.21,-42.96,17.96,17.96,0.00,-39.75,0,0.0,0.02,-0.01,0.99,-0.54,0.48,14.89,1920,0,11.62,12.01,0,1
1612.946,-7.286658,112.796002,0.45,0.281,0.085,-43.15,-43.02,16.60,16.60,0.00,-39.83,0,0.0,0.02,-0.01,0.99,0.00,0.54,14.83,1859,0,11.51,12.17,0,1
1613.046,-7.286658,112.796003,0.50,0.282,0.384,-42.97,-43.26,15.22,15.22,0.00,-39.83,0,0.0,0.02,-0.01,0.99,0.12,0.30,14.89,1859,0,11.72,12.02,0,1
1613.146,-7.286657,112.796003,0.46,0.515,0.194,-42.97,-42.90,13.84,13.84,0.00,-39.83,0,0.0,0.01,0.00,0.99,0.06,0.48,14.95,1859,0,11.60,12.03,0,1
1613.246,-7.286657,112.796003,0.44,0.357,0.144,-43.15,-43.55,12.46,12.46,0.00,-39.83,0,0.0,0.01,0.00,0.99,0.00,0.54,15.01,1920,0,11.55,11.98,0,1
1613.346,-7.286656,112.796003,0.50,0.575,0.043,-43.15,-42.72,11.08,11.08,0.00,-39.91,0,0.0,0.02,-0.01,0.99,-0.18,0.67,15.13,1920,0,11.64,12.12,0,1
1613.446,-7.286656,112.796004,0.55,0.457,0.366,-42.85,-43.26,9.69,9.69,0.00,-39.83,0,0.0,0.01,0.00,0.99,0.18,0.30,15.01,1920,0,11.54,12.06,0,1
1613.546,-7.286656,112.796004,0.48,0.314,0.264,-43.33,-43.02,8.29,8.29,0.00,-39.75,0,0.0,0.02,-0.01,0.99,0.06,0.36,15.19,1859,0,11.60,12.04,0,1
1613.646,-7.286655,112.796004,0.53,0.546,0.150,-43.03,-42.72,6.89,6.89,0.00,-39.83,0,0.0,0.01,-0.01,0.99,0.30,0.30,15.19,1859,0,11.56,12.11,0,1
1613.746,-7.286655,112.796004,0.42,0.380,0.114,-42.85,-43.14,5.48,5.48,0.00,-39.83,0,0.0,0.01,-0.01,0.99,0.18,0.73,15.25,1859,0,11.61,12.04,0,1
1613.846,-7.286655,112.796004,0.42,0.264,0.087,-42.91,-42.90,4.08,4.08,0.00,-20.40,0,0.0,0.02,-0.01,0.99,0.36,0.54,15.13,1859,0,11.63,12.22,0,1
1613.946,-7.286654,112.796004,0.66,0.516,0.050,-31.55,-31.08,2.66,2.66,0.00,0.40,0,0.0,0.01,-0.01,0.99,-0.18,0.79,15.50,1920,0,11.62,12.00,0,1
1614.046,-7.286653,112.796005,0.61,0.701,0.367,-13.10,-11.60,1.25,1.25,0.00,0.32,0,0.0,0.01,0.00,0.99,-0.79,0.54,15.07,1920,0,11.67,12.07,0,1
1614.146,-7.286653,112.796005,0.48,0.485,0.268,-2.57,-2.92,359.91,359.91,0.00,0.40,0,0.0,0.01,0.00,0.98,-3.35,0.67,14.16,1920,0,11.54,12.03,0,1
1614.246,-7.286653,112.796005,0.44,0.335,0.195,-2.69,-2.51,358.63,358.63,0.00,0.40,0,0.0,0.01,-0.01,0.99,-4.02,0.42,13.67,1859,0,11.60,12.06,0,1
1614.346,-7.286652,112.796005,0.58,0.565,0.157,-2.21,-2.75,357.43,357.43,0.00,-2.01,0,0.0,0.01,-0.02,0.99,-2.50,0.30,13.12,1859,0,11.46,12.08,0,1
1614.446,-7.286652,112.796005,0.51,0.393,0.118,-2.39,-2.87,356.28,356.28,0.00,-8.70,0,0.0,0.01,-0.02,0.99,0.85,0.24,12.69,1859,0,11.45,12.00,0,1
1614.546,-7.286651,112.796006,0.51,0.578,0.445,-5.67,-8.09,355.17,355.17,0.00,0.32,0,0.0,0.01,-0.02,0.99,3.90,-0.18,12.26,1859,0,11.67,11.98,0,1
1614.646,-7.286651,112.796006,0.54,0.399,0.319,-3.82,-3.34,354.09,354.09,0.00,0.00,0,0.0,0.01,-0.01,0.99,5.49,0.06,12.02,1920,0,11.66,11.87,2,1
1614.746,-7.286651,112.796006,0.52,0.275,0.229,-2.33,-2.39,353.03,353.03,0.00,3.71,0,0.0,0.01,0.00,0.99,3.66,0.06,11.65,1920,0,11.62,12.12,2,1
1614.846,-7.286650,112.796006,0.38,0.520,0.210,1.05,0.39,352.00,352.00,0.00,6.10,0,0.0,0.01,0.00,0.99,0.06,0.42,11.04,1920,0,11.70,12.00,2,1
1614.946,-7.286650,112.796006,0.56,0.361,0.153,3.67,3.18,351.04,351.04,0.00,7.74,0,0.0,0.01,0.00,0.99,-3.11,0.48,10.49,1859,0,11.53,12.05,2,1
1615.046,-7.286649,112.796006,0.55,0.580,0.169,5.63,4.55,350.03,350.03,0.00,8.83,0,0.0,0.01,0.00,0.99,-4.76,0.42,9.94,1859,0,11.73,12.12,2,1
1615.146,-7.286649,112.796006,0.55,0.404,0.124,7.18,6.45,349.19,349.19,0.00,10.29,0,0.0,0.01,-0.02,0.99,-3.35,0.36,9.39,1859,0,11.56,11.95,2,1
1615.246,-7.286648,112.796006,0.51,0.608,0.158,7.53,7.28,348.40,348.40,0.00,10.55,0,0.0,0.01,-0.03,1.00,-0.79,0.06,8.85,1920,0,11.51,12.01,2,1
1615.346,-7.286648,112.796006,0.50,0.424,0.116,7.89,8.00,347.66,347.66,0.00,10.87,0,0.0,0.01,-0.02,0.99,2.19,0.00,8.60,1920,0,11.63,11.99,2,1
1615.446,-7.286647,112.796007,0.64,0.547,0.482,8.31,8.17,347.04,347.04,0.00,11.28,0,0.0,0.01,-0.02,0.99,3.96,-0.30,8.11,1920,0,11.45,12.01,2,1
1615.546,-7.286647,112.796006,0.48,0.457,0.020,8.25,8.53,346.37,346.37,0.00,10.95,0,0.0,0.01,0.00,0.99,4.45,0.00,7.56,1920,0,11.55,12.13,2,1
1615.646,-7.286646,112.796006,0.50,0.643,0.101,8.01,8.47,345.67,345.67,0.00,11.74,0,0.0,0.01,0.00,0.99,1.58,0.00,7.14,1859,0,11.64,12.07,2,1
1615.746,-7.286646,112.796007,0.52,0.364,0.395,9.32,8.77,345.09,345.09,0.00,12.78,0,0.0,0.01,0.00,0.99,-1.52,0.24,6.71,1859,0,11.57,11.99,2,1
1615.846,-7.286645,112.796006,0.56,0.662,0.049,10.21,9.48,344.54,344.54,0.00,12.80,0,0.0,0.01,0.00,0.99,-2.80,0.24,6.16,1920,0,11.46,12.07,2,1
1615.946,-7.286645,112.796007,0.51,0.372,0.356,9.44,9.60,344.04,344.04,0.00,13.10,0,0.0,0.01,-0.01,0.99,-3.23,0.30,5.92,1920,0,11.46,12.04,2,1
1616.046,-7.286645,112.796007,0.54,0.258,0.251,10.03,10.07,343.58,343.58,0.00,13.12,0,0.0,0.01,-0.02,0.99,-1.46,0.00,5.61,1920,0,11.51,11.99,2,1
1616.146,-7.286644,112.796007,0.47,0.499,0.274,9.79,9.96,343.15,343.15,0.00,13.21,0,0.0,0.01,-0.02,0.99,0.97,0.12,5.49,1920,0,11.54,12.17,2,1
1616.246,-7.286643,112.796007,0.58,0.666,0.293,9.85,10.07,342.75,342.75,0.00,13.32,0,0.0,0.01,-0.02,0.99,2.74,0.00,5.12,1859,0,11.47,11.97,2,1
1616.346,-7.286643,112.796007,0.51,0.465,0.208,10.09,9.72,342.36,342.36,0.00,13.48,0,0.0,0.01,-0.01,0.98,2.74,0.00,4.88,1920,0,11.60,12.01,2,1
1616.446,-7.286642,112.796007,0.55,0.642,0.251,10.63,10.61,342.00,342.00,0.00,13.71,0,0.0,0.01,0.00,0.99,1.95,-0.18,4.57,1920,0,11.48,11.99,2,1
1616.546,-7.286642,112.796007,0.62,0.448,0.178,10.21,10.67,341.66,341.66,0.00,0.00,0,0.0,0.01,0.00,0.99,0.06,0.00,4.39,1920,0,11.58,12.02,2,1
1616.646,-7.286641,112.796007,0.52,0.629,0.233,4.62,4.55,341.34,341.34,0.00,14.09,0,0.0,0.01,0.00,0.99,-1.40,0.06,4.02,1920,0,11.62,12.12,2,1
1616.746,-7.286641,112.796007,0.59,0.440,0.166,7.06,7.58,341.04,341.04,0.00,14.24,0,0.0,0.01,-0.01,0.99,-1.46,0.36,4.08,1920,0,11.54,11.87,2,1
1616.846,-7.286641,112.796007,0.59,0.307,0.118,12.06,11.86,340.75,340.75,0.00,0.00,0,0.0,0.01,0.00,0.98,-0.73,0.18,3.78,1859,0,11.67,12.07,2,1
1616.946,-7.286640,112.796007,0.63,0.529,0.195,6.46,4.91,340.49,340.49,0.00,14.63,0,0.0,0.01,-0.01,0.98,-0.54,0.00,3.72,1920,0,11.50,12.10,2,1
1617.046,-7.286639,112.796007,0.50,0.684,0.251,0.99,5.80,340.23,340.23,0.00,14.72,0,0.0,0.01,0.00,0.99,1.46,0.06,3.72,1920,0,11.62,12.08,2,1
1617.146,-7.286639,112.796007,0.55,0.478,0.178,11.94,16.01,339.96,339.96,0.00,14.90,0,0.0,0.01,0.00,0.99,1.46,-0.12,3.66,1920,0,11.60,11.82,2,1
1617.247,-7.286638,112.796006,0.68,0.757,-0.067,12.41,12.03,339.71,339.71,0.00,15.19,0,0.0,0.01,0.00,0.99,0.61,0.06,3.60,1920,0,11.61,12.14,2,1
1617.347,-7.286638,112.796006,0.52,0.530,-0.045,12.35,12.09,339.48,339.48,0.00,15.61,0,0.0,0.01,0.00,0.99,-0.48,0.12,3.35,1859,0,11.56,12.16,2,1
1617.447,-7.286637,112.796006,0.65,0.683,0.088,12.41,12.45,339.27,339.27,0.00,15.80,0,0.0,0.01,0.00,0.99,-1.46,0.18,3.05,1920,0,11.50,12.08,2,1
1617.547,-7.286636,112.796006,0.66,0.790,0.182,12.95,12.63,339.09,339.09,0.00,15.90,0,0.0,0.01,0.00,0.99,-1.40,0.18,2.74,1920,0,11.57,11.99,2,1
1617.647,-7.286636,112.796006,0.52,0.552,0.129,13.01,12.98,338.93,338.93,0.00,15.85,0,0.0,0.01,-0.01,0.99,-0.42,0.12,2.62,1920,0,11.60,12.04,2,1
1617.747,-7.286635,112.796006,0.66,0.698,0.212,13.30,13.10,338.80,338.80,0.00,15.81,0,0.0,0.01,0.00,0.99,0.73,0.12,2.38,1920,0,11.43,12.06,2,1
1617.847,-7.286635,112.796006,0.66,0.488,0.149,12.89,12.63,338.68,338.68,0.00,15.67,0,0.0,0.01,0.00,0.99,1.22,-0.06,2.38,1920,0,11.64,12.06,2,1
1617.947,-7.286634,112.796005,0.74,0.773,-0.081,12.83,12.98,338.57,338.57,0.00,15.65,0,0.0,0.01,0.00,0.99,1.22,-0.06,2.13,1920,0,11.67,12.07,2,1
1618.047,-7.286633,112.796005,0.60,0.851,0.067,13.36,13.58,338.47,338.47,0.00,15.80,0,0.0,0.01,0.00,0.99,0.36,0.06,2.01,1920,0,11.57,12.01,2,1
1618.147,-7.286633,112.796005,0.69,0.596,0.048,12.77,13.16,338.39,338.39,0.00,15.83,0,0.0,0.01,0.00,1.00,-0.18,-0.18,1.70,1920,0,11.58,11.97,2,1
1618.247,-7.286632,112.796004,0.63,0.849,-0.151,12.89,12.51,338.33,338.33,0.00,15.77,0,0.0,0.01,0.00,0.99,-1.52,0.06,1.64,1920,0,11.46,11.98,2,1
1618.347,-7.286632,112.796004,0.68,0.595,-0.105,13.07,13.76,338.29,338.29,0.00,15.86,0,0.0,0.01,0.00,0.99,-0.97,0.06,1.46,1920,0,11.35,12.15,2,1
1618.447,-7.286631,112.796005,0.60,0.604,0.358,13.07,13.22,338.26,338.26,0.00,15.79,0,0.0,0.01,-0.01,0.99,-0.48,0.00,1.34,1920,0,11.36,12.06,2,1
1618.547,-7.286631,112.796005,0.57,0.422,0.250,13.30,12.87,338.25,338.25,0.00,15.43,0,0.0,0.01,0.00,0.99,0.30,0.00,1.28,1920,0,11.43,12.01,2,1
1618.647,-7.286630,112.796005,0.59,0.606,0.299,12.89,12.98,338.25,338.25,0.00,15.17,0,0.0,0.01,0.00,0.99,0.79,0.12,1.15,1920,0,11.54,12.08,2,1
1618.747,-7.286629,112.796005,0.62,0.734,0.333,13.19,13.04,338.26,338.26,0.00,14.93,0,0.0,0.01,0.00,0.99,1.09,0.06,1.09,1920,0,11.49,12.06,2,1
1618.847,-7.286629,112.796005,0.62,0.514,0.233,13.13,13.10,338.28,338.28,0.00,14.69,0,0.0,0.01,0.00,0.99,0.54,-0.06,0.85,1920,0,11.55,12.02,2,1
1618.947,-7.286628,112.796004,0.69,0.792,-0.021,12.71,12.27,338.31,338.31,0.00,14.53,0,0.0,0.01,0.00,0.99,-0.48,0.00,0.79,1859,0,11.58,12.09,2,1
1619.047,-7.286628,112.796004,0.67,0.554,-0.016,15.74,13.16,338.36,338.36,0.00,14.51,0,0.0,0.01,0.00,0.99,-0.67,-0.24,0.48,1920,0,11.54,12.05,2,1
1619.147,-7.286627,112.796004,0.60,0.698,0.111,12.29,11.92,338.42,338.42,0.00,14.37,0,0.0,0.01,0.00,0.98,-1.22,0.06,0.42,1920,0,11.57,12.01,2,1
1619.247,-7.286626,112.796004,0.72,0.799,0.199,11.82,12.57,338.51,338.51,0.00,14.14,0,0.0,0.01,0.00,0.99,-0.30,0.00,0.24,1920,0,11.54,12.09,2,1
1619.347,-7.286626,112.796004,0.54,0.560,0.139,12.35,12.45,338.60,338.60,0.00,13.78,0,0.0,0.01,0.00,0.98,-0.30,0.00,0.12,1920,0,11.54,12.07,2,1
1619.447,-7.286625,112.796003,0.78,0.823,-0.091,12.41,11.80,338.70,338.70,0.00,13.47,0,0.0,0.01,0.00,0.99,0.48,0.00,0.24,1859,0,11.45,12.06,2,1
1619.547,-7.286624,112.796004,0.61,0.767,0.365,11.76,11.26,338.81,338.81,0.00,13.38,0,0.0,0.01,0.00,0.98,1.22,0.00,0.00,1920,0,11.59,11.99,2,1
1619.647,-7.286624,112.796004,0.67,0.538,0.254,11.88,11.26,338.93,338.93,0.00,12.92,0,0.0,0.01,0.00,0.99,0.36,0.00,0.00,1920,0,11.47,12.07,2,1
1619.747,-7.286623,112.796003,0.56,0.807,-0.013,11.58,11.02,339.06,339.06,0.00,12.55,0,0.0,0.01,0.00,0.99,0.00,0.00,-0.18,1920,0,11.48,12.04,2,1
1619.847,-7.286623,112.796003,0.56,0.565,-0.010,10.63,11.02,339.20,339.20,0.00,12.44,0,0.0,0.01,0.00,0.99,-0.42,0.00,-0.24,1920,0,11.54,12.02,2,1
1619.947,-7.286622,112.796003,0.61,0.707,0.109,10.27,10.31,339.35,339.35,0.00,12.22,0,0.0,0.01,0.00,0.98,-0.61,-0.06,-0.30,1920,0,11.54,12.12,2,1
1620.047,-7.286621,112.796003,0.77,0.808,0.192,10.39,10.25,339.49,339.49,0.00,11.88,0,0.0,0.01,0.00,0.99,0.00,0.00,-0.42,1920,0,11.55,12.08,2,1
1620.147,-7.286621,112.796002,0.69,0.681,-0.177,10.03,9.66,339.65,339.65,0.00,11.57,0,0.0,0.01,0.00,0.99,-0.12,0.06,-0.42,1920,0,11.68,12.12,2,1
1620.247,-7.286620,112.796002,0.72,0.789,-0.010,9.68,9.30,339.81,339.81,0.00,11.52,0,0.0,0.01,0.00,0.99,0.61,-0.06,-0.48,1920,0,11.45,12.01,2,1
1620.347,-7.286620,112.796002,0.64,0.553,-0.009,9.56,9.18,339.97,339.97,0.00,11.26,0,0.0,0.01,0.00,1.00,0.91,-0.12,-0.42,1920,0,11.61,12.06,2,1
1620.447,-7.286619,112.796002,0.74,0.700,0.106,9.62,9.54,340.13,340.13,0.00,11.06,0,0.0,0.01,0.00,0.99,0.73,0.12,-0.30,1920,0,11.49,12.12,2,1
1620.547,-7.286618,112.796002,0.66,0.805,0.185,9.02,8.89,340.29,340.29,0.00,10.79,0,0.0,0.02,0.00,0.99,0.00,0.06,-0.36,1920,0,11.49,12.02,2,1
1620.647,-7.286618,112.796002,0.80,0.564,0.128,8.49,8.17,340.45,340.45,0.00,10.50,0,0.0,0.01,0.00,0.99,-0.42,0.12,-0.42,1920,0,11.81,12.07,2,1
1620.747,-7.286617,112.796002,0.62,0.709,0.199,8.43,8.65,340.61,340.61,0.00,10.24,0,0.0,0.01,0.00,0.99,-0.06,-0.06,-0.42,1920,0,11.58,12.02,2,1
1620.847,-7.286617,112.796002,0.60,0.497,0.138,8.31,8.35,340.77,340.77,0.00,9.95,0,0.0,0.01,0.00,0.99,-0.12,-0.06,-0.42,1920,0,11.48,12.09,2,1
1620.947,-7.286616,112.796002,0.71,0.663,0.205,7.71,7.58,340.93,340.93,0.00,9.66,0,0.0,0.01,0.00,0.99,0.12,0.06,-0.42,1920,0,11.46,12.04,2,1
1621.047,-7.286615,112.796002,0.63,0.780,0.250,7.77,7.64,341.10,341.10,0.00,0.00,0,0.0,0.01,0.01,0.99,0.24,-0.06,-0.36,1859,0,11.60,12.04,2,1
1621.147,-7.286615,112.796002,0.67,0.547,0.173,2.06,0.99,341.26,341.26,0.00,9.05,0,0.0,0.01,0.00,0.99,0.97,-0.06,-0.42,1920,0,11.59,12.10,2,1
1621.247,-7.286614,112.796001,0.64,0.805,-0.087,3.67,4.91,341.40,341.40,0.00,8.81,0,0.0,0.01,0.00,0.99,1.22,-0.30,-0.18,1920,0,11.51,11.99,2,1
1621.347,-7.286613,112.796001,0.80,0.880,0.044,6.52,6.51,341.53,341.53,0.00,8.89,0,0.0,0.01,0.00,0.99,0.42,0.00,0.00,1920,0,11.66,12.07,2,1
1621.447,-7.286613,112.796001,0.62,0.616,0.029,6.16,6.15,341.66,341.66,0.00,8.85,0,0.0,0.02,0.01,0.99,-0.42,-0.06,-0.18,1920,0,11.55,12.00,2,1
1621.547,-7.286612,112.796001,0.81,0.748,0.124,6.22,6.33,341.80,341.80,0.00,8.75,0,0.0,0.01,0.00,0.98,-1.64,0.06,-0.12,1859,0,11.66,12.07,2,1
1621.647,-7.286612,112.796001,0.61,0.524,0.085,6.22,6.45,341.93,341.93,0.00,8.54,0,0.0,0.01,0.00,0.99,-1.15,-0.06,-0.06,1920,0,11.67,12.07,2,1
1621.747,-7.286611,112.796001,0.64,0.684,0.162,6.05,6.21,342.05,342.05,0.00,8.35,0,0.0,0.01,0.00,0.98,-0.73,0.06,0.00,1920,0,11.54,12.08,2,1
1621.847,-7.286610,112.796001,0.74,0.797,0.214,6.16,6.27,342.19,342.19,0.00,8.14,0,0.0,0.01,0.01,0.99,0.30,-0.06,0.00,1920,0,11.61,12.01,2,1
1621.947,-7.286610,112.796001,0.73,0.558,0.149,6.40,6.51,342.31,342.31,0.00,7.86,0,0.0,0.01,0.00,0.99,0.54,0.00,0.00,1920,0,11.46,12.10,2,1
1622.047,-7.286609,112.796001,0.65,0.709,0.204,6.88,7.16,342.44,342.44,0.00,7.68,0,0.0,0.01,0.00,0.98,0.48,0.06,0.00,1920,0,11.69,12.01,2,1
1622.147,-7.286608,112.796000,0.77,0.914,-0.074,5.63,5.26,342.57,342.57,0.00,7.44,0,0.0,0.01,0.00,1.00,0.97,-0.24,0.00,1920,0,11.58,12.19,2,1
1622.247,-7.286608,112.796000,0.72,0.640,-0.053,5.69,5.08,342.69,342.69,0.00,7.44,0,0.0,0.01,0.00,0.99,-0.18,0.00,0.00,1920,0,11.45,12.06,2,1
1622.347,-7.286607,112.796000,0.74,0.766,0.060,5.27,5.26,342.81,342.81,0.00,7.39,0,0.0,0.01,0.00,0.99,-0.54,-0.06,0.00,1920,0,11.48,12.12,2,1
1622.447,-7.286606,112.796000,0.77,0.855,0.139,5.45,5.44,342.93,342.93,0.00,7.19,0,0.0,0.01,0.00,0.99,-1.28,0.30,0.00,1920,0,11.67,11.95,2,1
1622.547,-7.286606,112.796000,0.74,0.599,0.096,5.51,4.91,343.06,343.06,0.00,6.98,0,0.0,0.01,0.00,0.99,-0.61,-0.06,0.00,1920,0,11.55,12.04,2,1
1622.647,-7.286605,112.796000,0.70,0.739,0.163,5.93,4.37,343.19,343.19,0.00,6.76,0,0.0,0.01,0.00,0.99,-0.18,-0.06,0.00,1920,0,11.48,12.17,2,1
1622.747,-7.286604,112.795999,0.68,0.932,-0.109,4.62,4.49,343.32,343.32,0.00,6.50,0,0.0,0.01,0.00,0.99,0.85,0.00,0.00,1920,0,11.46,12.02,2,1
1622.847,-7.286604,112.795999,0.79,0.652,-0.077,4.02,4.55,343.44,343.44,0.00,6.46,0,0.0,0.01,0.00,0.99,1.22,0.00,0.00,1920,0,11.60,12.08,2,1
1622.947,-7.286603,112.795999,0.67,0.776,0.039,4.08,4.07,343.55,343.55,0.00,6.43,0,0.0,0.01,0.01,0.98,1.03,0.00,0.12,1920,0,11.61,12.22,2,1
1623.047,-7.286602,112.795999,0.75,0.864,0.121,3.90,4.61,343.65,343.65,0.00,6.31,0,0.0,0.01,0.00,0.98,0.06,-0.12,0.12,1920,0,11.63,12.02,2,1
1623.147,-7.286602,112.795999,0.71,0.605,0.083,4.80,4.25,343.76,343.76,0.00,6.22,0,0.0,0.02,0.01,0.99,-0.42,-0.12,0.06,1920,0,11.37,12.07,2,1
1623.247,-7.286601,112.795999,0.80,0.744,0.150,3.61,3.36,343.86,343.86,0.00,6.07,0,0.0,0.02,0.00,0.98,-1.15,0.12,0.24,1920,0,11.61,12.02,2,1
1623.347,-7.286600,112.795999,0.68,0.841,0.196,3.73,3.84,343.97,343.97,0.00,5.87,0,0.0,0.01,0.00,0.99,-1.09,0.06,0.24,1920,0,11.62,12.07,2,1
1623.447,-7.286600,112.795999,0.77,0.589,0.136,3.90,3.84,344.06,344.06,0.00,5.63,0,0.0,0.01,0.00,0.98,0.00,0.00,0.30,1920,0,11.48,12.08,2,1
1623.547,-7.286599,112.795998,0.69,0.824,-0.132,3.61,3.42,344.16,344.16,0.00,5.48,0,0.0,0.02,0.00,0.99,0.30,0.12,0.48,1920,0,11.68,12.09,2,1
1623.647,-7.286598,112.795998,0.74,0.898,-0.003,3.67,3.30,344.26,344.26,0.00,5.57,0,0.0,0.02,0.00,0.99,0.85,-0.24,0.36,1920,0,11.60,12.07,2,1
1623.747,-7.286598,112.795998,0.78,0.628,-0.003,3.78,2.95,344.34,344.34,0.00,5.52,0,0.0,0.01,0.00,0.99,0.79,-0.06,0.36,1920,0,11.64,11.99,2,1
1623.847,-7.286597,112.795998,0.66,0.761,0.087,3.49,3.18,344.43,344.43,0.00,0.00,0,0.0,0.02,0.00,0.99,0.18,-0.06,0.36,1920,0,11.61,12.07,2,1
1623.947,-7.286596,112.795997,0.79,0.943,-0.170,-0.31,0.21,344.50,344.50,0.00,5.35,0,0.0,0.02,0.00,0.99,-0.42,0.12,0.48,1920,0,11.60,11.88,2,1
1624.047,-7.286596,112.795997,0.81,0.660,-0.120,1.23,2.00,344.57,344.57,0.00,5.51,0,0.0,0.01,0.01,0.99,-0.30,0.00,0.48,1920,0,11.54,11.98,2,1
1624.147,-7.286595,112.795997,0.83,0.783,0.004,2.18,2.47,344.63,344.63,0.00,5.61,0,0.0,0.01,0.00,0.99,-0.91,0.00,0.73,1920,0,11.51,12.09,2,1
1624.247,-7.286594,112.795997,0.69,0.870,0.090,2.77,2.77,344.69,344.69,0.00,5.58,0,0.0,0.01,0.00,0.99,-0.36,0.00,0.73,1920,0,11.50,12.09,2,1
1624.347,-7.286594,112.795997,0.81,0.609,0.063,2.83,2.71,344.74,344.74,0.00,5.50,0,0.0,0.01,0.00,0.99,-0.24,0.06,0.73,1920,0,11.49,12.37,2,1
1624.447,-7.286593,112.795997,0.71,0.748,0.131,2.65,2.65,344.78,344.78,0.00,5.46,0,0.0,0.02,0.00,0.99,0.06,0.00,0.85,1920,0,11.67,12.06,2,1
1624.547,-7.286592,112.795997,0.80,0.846,0.179,3.37,2.95,344.82,344.82,0.00,5.38,0,0.0,0.01,0.00,0.99,0.00,0.00,0.79,1979,0,11.67,12.00,2,1
1624.647,-7.286592,112.795997,0.82,0.592,0.125,3.13,2.83,344.86,344.86,0.00,5.26,0,0.0,0.02,0.00,0.99,0.06,0.00,0.85,1920,0,11.54,11.98,2,1
1624.747,-7.286591,112.795996,0.70,0.823,-0.146,2.54,2.35,344.90,344.90,0.00,5.20,0,0.0,0.01,0.00,0.99,0.00,0.12,0.91,1920,0,11.43,12.08,2,1
1624.847,-7.286590,112.795996,0.82,0.898,-0.015,3.13,2.53,344.93,344.93,0.00,5.39,0,0.0,0.02,0.00,0.99,-0.18,0.00,1.03,1920,0,11.47,12.13,2,1
1624.947,-7.286590,112.795996,0.81,0.629,-0.011,2.65,2.35,344.94,344.94,0.00,5.47,0,0.0,0.02,0.00,0.98,-0.24,0.18,1.03,1920,0,11.57,12.25,2,1
1625.047,-7.286589,112.795996,0.74,0.762,0.079,2.71,2.71,344.95,344.95,0.00,5.56,0,0.0,0.01,0.00,0.98,0.24,0.00,0.97,1979,0,11.60,12.14,2,1
1625.147,-7.286588,112.795996,0.82,0.856,0.142,2.83,2.71,344.97,344.97,0.00,5.61,0,0.0,0.01,0.00,0.98,0.00,0.24,1.09,1920,0,11.67,12.09,2,1
1625.247,-7.286588,112.795996,0.70,0.599,0.099,2.54,2.47,344.99,344.99,0.00,5.44,0,0.0,0.01,0.00,0.98,0.24,0.00,1.03,1920,0,11.45,12.02,2,1
1625.347,-7.286587,112.795996,0.71,0.742,0.155,2.95,2.71,345.01,345.01,0.00,5.35,0,0.0,0.02,0.00,0.99,0.00,0.00,1.03,1920,0,11.58,11.98,2,1
1625.447,-7.286586,112.795996,0.87,0.841,0.195,2.59,2.29,345.02,345.02,0.00,5.26,0,0.0,0.01,0.00,0.98,0.12,0.12,1.15,1920,0,11.51,12.07,2,1
1625.547,-7.286585,112.795996,0.76,0.911,0.222,2.71,2.41,345.03,345.03,0.00,5.18,0,0.0,0.02,0.00,0.98,0.48,0.00,1.22,1920,0,11.75,12.17,2,1
1625.647,-7.286585,112.795996,0.81,0.638,0.156,2.89,2.59,345.04,345.04,0.00,5.07,0,0.0,0.02,0.01,0.98,-0.12,0.00,1.28,1920,0,11.68,12.17,2,1
1625.747,-7.286584,112.795996,0.73,0.769,0.195,2.89,2.65,345.04,345.04,0.00,5.04,0,0.0,0.02,0.00,0.99,-0.24,0.00,1.22,1920,0,11.62,12.17,2,1
1625.847,-7.286583,112.795996,0.85,0.860,0.223,3.25,2.29,345.04,345.04,0.00,4.96,0,0.0,0.02,0.00,0.99,-0.36,0.06,1.28,1920,0,11.66,12.10,2,1
1625.947,-7.286583,112.795995,0.75,0.688,-0.164,2.59,2.41,345.04,345.04,0.00,4.89,0,0.0,0.02,0.00,0.99,-0.24,0.00,1.28,1920,0,11.55,12.14,2,1
1626.047,-7.286582,112.795996,0.81,0.718,0.291,2.83,2.77,345.04,345.04,0.00,5.18,0,0.0,0.02,0.00,0.99,-0.24,0.00,1.46,1920,0,11.69,12.09,2,1
1626.147,-7.286581,112.795995,0.73,0.910,-0.030,2.59,2.41,345.03,345.03,0.00,4.92,0,0.0,0.01,0.00,0.99,0.00,-0.24,1.40,1920,0,11.59,12.18,2,1
1626.247,-7.286580,112.795995,0.83,0.960,0.066,3.55,2.71,345.02,345.02,0.00,5.13,0,0.0,0.01,0.00,0.99,0.00,0.06,1.40,1920,0,11.46,12.05,2,1
1626.347,-7.286580,112.795995,0.68,0.672,0.046,3.13,2.65,345.00,345.00,0.00,5.20,0,0.0,0.02,0.00,1.00,-0.12,0.00,1.46,1920,0,11.51,12.04,2,1
1626.447,-7.286579,112.795995,0.69,0.792,0.119,2.54,2.41,344.99,344.99,0.00,5.22,0,0.0,0.01,0.00,0.99,-0.06,0.24,1.52,1920,0,11.49,12.00,2,1
1626.547,-7.286579,112.795995,0.70,0.555,0.083,3.13,2.83,344.97,344.97,0.00,5.19,0,0.0,0.02,0.00,0.99,0.00,0.00,1.58,1920,0,11.71,12.15,2,1
1626.647,-7.286578,112.795995,0.77,0.710,0.145,2.89,2.53,344.94,344.94,0.00,5.23,0,0.0,0.01,0.00,0.99,-0.42,0.18,1.58,1920,0,11.61,12.14,2,1
1626.747,-7.286577,112.795995,0.78,0.819,0.189,3.01,2.47,344.92,344.92,0.00,5.20,0,0.0,0.01,0.00,0.99,0.12,-0.12,1.58,1920,0,11.43,12.07,2,1
1626.847,-7.286576,112.795994,0.83,0.982,-0.100,2.77,2.59,344.89,344.89,0.00,5.12,0,0.0,0.01,0.00,0.99,0.00,-0.06,1.52,1920,0,11.73,12.12,2,1
1626.947,-7.286576,112.795994,0.81,0.687,-0.070,2.95,2.53,344.87,344.87,0.00,5.41,0,0.0,0.02,0.00,0.99,0.12,0.06,1.52,1920,0,11.62,12.13,2,1
1627.047,-7.286575,112.795994,0.79,0.803,0.039,4.02,2.35,344.84,344.84,0.00,5.53,0,0.0,0.02,0.00,0.99,0.00,0.00,1.58,1920,0,11.64,12.08,2,1
1627.147,-7.286575,112.795994,0.74,0.562,0.027,3.25,2.47,344.81,344.81,0.00,5.57,0,0.0,0.01,0.00,0.99,-0.18,0.00,1.64,1920,0,11.62,12.03,2,1
1627.247,-7.286574,112.795994,0.83,0.715,0.107,3.01,2.77,344.77,344.77,0.00,5.65,0,0.0,0.01,0.00,0.99,-0.12,0.00,1.64,1920,0,11.53,12.07,2,1
1627.347,-7.286573,112.795994,0.77,0.823,0.163,2.71,1.88,344.74,344.74,0.00,0.00,0,0.0,0.02,0.00,0.99,-0.36,0.00,1.77,1920,0,11.61,12.17,2,1
1627.447,-7.286572,112.795994,0.76,0.897,0.203,-0.01,-0.73,344.69,344.69,0.00,5.62,0,0.0,0.01,0.00,0.99,0.00,0.12,1.83,1920,0,11.54,11.94,2,1
1627.547,-7.286572,112.795994,0.84,0.628,0.143,2.30,2.00,344.63,344.63,0.00,5.63,0,0.0,0.02,0.00,1.00,0.79,-0.06,2.01,1920,0,11.63,12.05,2,1
1627.647,-7.286571,112.795994,0.79,0.761,0.189,2.89,2.83,344.55,344.55,0.00,5.75,0,0.0,0.01,0.00,0.98,0.48,0.00,2.01,1920,0,11.58,12.20,2,1
1627.747,-7.286570,112.795993,0.85,0.943,-0.096,3.25,2.65,344.48,344.48,0.00,5.85,0,0.0,0.02,0.01,0.99,0.36,-0.06,1.83,1920,0,11.64,12.01,2,1
1627.847,-7.286570,112.795993,0.85,0.660,-0.067,3.31,2.59,344.41,344.41,0.00,6.24,0,0.0,0.02,0.00,0.99,-0.54,0.12,2.01,1920,0,11.44,12.07,2,1
1627.947,-7.286569,112.795993,0.82,0.783,0.044,3.07,2.95,344.33,344.33,0.00,6.51,0,0.0,0.01,0.00,0.98,-0.73,0.18,2.01,1920,0,11.38,12.07,2,1
1628.047,-7.286568,112.795993,0.81,0.869,0.122,3.01,4.02,344.26,344.26,0.00,6.58,0,0.0,0.02,0.00,0.98,-0.54,0.06,1.95,1920,0,11.51,12.12,2,1
1628.147,-7.286567,112.795993,0.81,0.929,0.177,3.13,3.36,344.19,344.19,0.00,0.00,0,0.0,0.01,0.00,0.99,-0.36,0.12,2.13,1920,0,11.60,12.06,2,1
1628.247,-7.286567,112.795993,0.77,0.650,0.125,-0.25,0.21,344.11,344.11,0.00,6.59,0,0.0,0.02,0.00,1.00,0.00,0.00,2.13,1920,0,11.67,12.05,2,1
1628.347,-7.286566,112.795992,0.83,0.867,-0.138,2.83,1.82,344.03,344.03,0.00,6.61,0,0.0,0.01,0.00,0.99,0.54,0.06,2.31,1920,0,11.57,12.12,2,1
1628.447,-7.286565,112.795992,0.78,0.928,-0.003,3.90,3.66,343.93,343.93,0.00,7.09,0,0.0,0.02,0.00,0.99,0.91,-0.06,2.25,1920,0,11.48,12.05,2,1
1628.547,-7.286564,112.795992,0.81,0.970,0.092,4.92,4.13,343.83,343.83,0.00,7.34,0,0.0,0.02,0.00,0.99,-0.12,-0.06,2.19,1920,0,11.65,12.01,2,1
1628.647,-7.286564,112.795992,0.81,0.679,0.065,4.14,4.07,343.74,343.74,0.00,7.48,0,0.0,0.02,0.00,0.99,-0.54,0.12,2.19,1920,0,11.63,12.17,2,1
1628.747,-7.286563,112.795992,0.81,0.795,0.140,4.02,4.07,343.65,343.65,0.00,7.58,0,0.0,0.01,0.00,0.99,-1.28,0.24,2.19,1920,0,11.61,12.09,2,1
1628.847,-7.286562,112.795991,0.77,0.970,-0.124,5.15,4.43,343.57,343.57,0.00,7.57,0,0.0,0.01,0.00,0.99,-1.22,0.18,2.13,1920,0,11.67,12.07,2,1
1628.947,-7.286561,112.795991,0.88,0.999,0.009,5.15,4.67,343.49,343.49,0.00,7.90,0,0.0,0.01,0.00,0.99,-0.36,0.06,2.13,1979,0,11.64,12.09,2,1
1629.047,-7.286561,112.795991,0.69,0.699,0.007,4.56,4.91,343.41,343.41,0.00,8.03,0,0.0,0.02,0.00,0.99,0.06,-0.06,2.13,1920,0,11.53,12.17,2,1
1629.147,-7.286560,112.795991,0.89,0.809,0.101,5.27,5.20,343.34,343.34,0.00,0.00,0,0.0,0.01,0.00,0.99,0.85,0.00,2.13,1920,0,11.54,12.00,2,1
1629.247,-7.286559,112.795991,0.74,0.886,0.168,1.29,1.82,343.27,343.27,0.00,8.09,0,0.0,0.02,0.00,0.99,1.15,-0.18,2.07,1920,0,11.58,11.80,2,1
1629.347,-7.286559,112.795991,0.79,0.620,0.118,3.43,3.12,343.20,343.20,0.00,8.00,0,0.0,0.02,0.00,0.99,0.91,0.00,2.07,1920,0,11.67,11.94,2,1
1629.447,-7.286558,112.795991,0.75,0.753,0.180,5.57,5.50,343.12,343.12,0.00,8.04,0,0.0,0.02,0.00,0.99,0.18,0.00,1.95,1979,0,11.48,12.03,2,1
1629.547,-7.286557,112.795991,0.84,0.846,0.224,5.75,5.44,343.04,343.04,0.00,8.10,0,0.0,0.01,0.00,0.99,-1.34,0.00,1.95,1920,0,11.59,12.19,2,1
1629.647,-7.286557,112.795991,0.73,0.592,0.158,5.57,5.20,342.97,342.97,0.00,8.06,0,0.0,0.02,0.00,0.99,-1.46,0.18,1.95,1920,0,11.68,12.12,2,1
1629.747,-7.286556,112.795990,0.82,0.830,-0.107,5.51,5.44,342.91,342.91,0.00,8.06,0,0.0,0.02,0.00,0.99,-0.85,0.18,1.83,1920,0,11.72,12.08,2,1
1629.847,-7.286555,112.795990,0.79,0.900,0.024,5.51,5.08,342.84,342.84,0.00,8.39,0,0.0,0.02,-0.01,0.99,0.00,0.00,1.77,1920,0,11.70,12.11,2,1
1629.947,-7.286554,112.795990,0.79,0.949,0.116,5.27,5.62,342.77,342.77,0.00,8.52,0,0.0,0.01,0.00,0.98,0.85,0.00,2.01,1920,0,11.62,12.15,2,1
1630.047,-7.286554,112.795990,0.83,0.664,0.082,5.51,5.62,342.71,342.71,0.00,8.53,0,0.0,0.02,0.00,0.99,1.46,-0.24,1.89,1920,0,11.53,12.07,2,1
1630.147,-7.286553,112.795990,0.87,0.783,0.157,5.93,5.68,342.66,342.66,0.00,8.55,0,0.0,0.02,0.00,0.99,0.91,-0.12,1.83,1920,0,11.68,12.00,2,1
1630.247,-7.286552,112.795990,0.79,0.866,0.210,5.87,5.86,342.60,342.60,0.00,8.46,0,0.0,0.02,0.00,0.99,0.06,-0.06,1.70,1920,0,11.60,12.10,2,1
1630.347,-7.286551,112.795989,0.77,1.024,-0.068,5.51,5.62,342.54,342.54,0.00,8.39,0,0.0,0.02,0.00,0.98,-1.09,0.12,1.83,1920,0,11.48,12.08,2,1
1630.447,-7.286551,112.795989,0.86,0.717,-0.047,5.45,5.14,342.48,342.48,0.00,8.76,0,0.0,0.02,0.00,0.99,-0.91,0.06,1.77,1920,0,11.56,12.11,2,1
1630.547,-7.286550,112.795989,0.80,0.820,0.069,6.34,6.03,342.43,342.43,0.00,8.95,0,0.0,0.02,0.00,0.98,-0.91,0.24,1.77,1920,0,11.67,12.08,2,1
1630.647,-7.286549,112.795989,0.76,0.892,0.149,5.63,5.80,342.39,342.39,0.00,8.93,0,0.0,0.01,0.00,0.98,-0.24,0.06,1.83,1920,0,11.58,12.18,2,1
1630.747,-7.286548,112.795989,0.83,0.942,0.206,5.75,6.03,342.35,342.35,0.00,0.00,0,0.0,0.02,0.00,0.99,0.12,0.00,1.70,1920,0,11.67,12.08,2,1
1630.847,-7.286548,112.795989,0.83,0.659,0.145,2.59,1.94,342.30,342.30,0.00,8.70,0,0.0,0.02,0.00,0.98,0.54,0.00,1.89,1920,0,11.46,11.81,2,1
1630.947,-7.286547,112.795988,0.83,0.880,-0.111,3.49,3.78,342.24,342.24,0.00,8.71,0,0.0,0.02,0.00,0.99,1.40,-0.24,1.89,1920,0,11.70,12.04,2,1
1631.047,-7.286546,112.795988,0.81,0.934,0.025,5.99,6.15,342.18,342.18,0.00,9.20,0,0.0,0.02,0.00,0.99,0.30,0.00,1.95,1920,0,11.43,12.07,2,1
1631.147,-7.286546,112.795988,0.76,0.654,0.018,6.40,6.09,342.11,342.11,0.00,9.37,0,0.0,0.02,0.01,0.99,-0.42,0.12,1.77,1920,0,11.60,12.06,2,1
1631.247,-7.286545,112.795988,0.79,0.775,0.116,6.46,5.98,342.05,342.05,0.00,9.54,0,0.0,0.02,0.00,0.98,-1.46,0.30,1.70,1920,0,11.51,12.12,2,1
1631.347,-7.286544,112.795988,0.77,0.860,0.185,6.76,6.09,342.01,342.01,0.00,9.49,0,0.0,0.01,0.00,0.99,-1.28,0.18,1.64,1920,0,11.67,12.12,2,1
1631.447,-7.286543,112.795988,0.81,0.919,0.233,6.64,6.21,341.97,341.97,0.00,9.32,0,0.0,0.02,0.00,0.99,-0.97,0.00,1.77,1920,0,11.67,12.12,2,1
1631.547,-7.286543,112.795987,0.77,0.746,-0.151,6.46,6.39,341.94,341.94,0.00,9.12,0,0.0,0.02,-0.01,0.99,0.18,0.06,1.58,1920,0,11.49,12.10,2,1
1631.647,-7.286542,112.795987,0.83,0.839,-0.002,6.46,6.21,341.92,341.92,0.00,9.51,0,0.0,0.02,0.00,0.99,0.91,0.00,1.58,1920,0,11.54,11.97,2,1
1631.747,-7.286541,112.795987,0.78,0.904,0.102,6.82,6.21,341.89,341.89,0.00,9.54,0,0.0,0.01,0.00,0.99,1.40,-0.06,1.52,1920,0,11.69,12.08,2,1
1631.847,-7.286540,112.795987,0.81,0.950,0.176,6.52,6.51,341.86,341.86,0.00,9.49,0,0.0,0.02,0.00,0.99,0.97,0.06,1.46,1979,0,11.61,12.19,2,1
1631.947,-7.286540,112.795986,0.79,0.768,-0.191,7.30,5.86,341.83,341.83,0.00,9.38,0,0.0,0.02,0.00,0.99,0.30,0.00,1.40,1920,0,11.60,11.84,2,1
1632.047,-7.286539,112.795986,0.81,0.855,-0.029,6.94,6.03,341.81,341.81,0.00,9.91,0,0.0,0.02,0.00,0.99,-0.79,0.18,1.34,1920,0,11.63,12.18,2,1
1632.147,-7.286538,112.795986,0.85,0.915,0.084,6.94,6.99,341.79,341.79,0.00,10.00,0,0.0,0.02,0.00,0.99,-0.85,0.12,1.40,1920,0,11.58,12.18,2,1
1632.247,-7.286538,112.795986,0.76,0.641,0.059,7.41,7.10,341.77,341.77,0.00,9.89,0,0.0,0.02,0.00,0.98,-0.85,0.12,1.40,1920,0,11.67,12.08,2,1
1632.347,-7.286537,112.795986,0.81,0.765,0.146,7.41,6.99,341.76,341.76,0.00,9.87,0,0.0,0.01,0.01,0.98,-0.67,0.12,1.52,1979,0,11.59,12.01,2,1
1632.447,-7.286536,112.795986,0.81,0.852,0.206,7.18,7.10,341.76,341.76,0.00,9.72,0,0.0,0.02,0.00,0.99,0.12,0.00,1.28,1920,0,11.62,12.02,2,1
1632.547,-7.286535,112.795985,0.82,1.017,-0.065,7.59,7.04,341.76,341.76,0.00,9.46,0,0.0,0.02,0.00,0.99,1.03,0.00,1.15,1920,0,11.63,12.06,2,1
1632.647,-7.286535,112.795985,0.75,0.712,-0.046,6.82,7.04,341.77,341.77,0.00,9.78,0,0.0,0.02,0.00,0.99,0.91,0.06,1.15,1920,0,11.48,11.99,2,1
1632.747,-7.286534,112.795985,0.80,0.815,0.072,7.24,6.81,341.77,341.77,0.00,9.89,0,0.0,0.02,0.00,0.99,0.18,0.12,1.15,1920,0,11.64,12.13,2,1
1632.847,-7.286533,112.795985,0.81,0.888,0.155,7.12,7.04,341.79,341.79,0.00,9.82,0,0.0,0.02,0.01,0.99,-0.61,0.00,1.09,1920,0,11.46,11.99,2,1
1632.947,-7.286533,112.795985,0.76,0.621,0.108,7.18,7.28,341.80,341.80,0.00,9.62,0,0.0,0.01,0.00,0.98,-1.22,0.06,1.09,1920,0,11.46,12.07,2,1
1633.047,-7.286532,112.795985,0.82,0.752,0.180,7.18,7.22,341.81,341.81,0.00,9.51,0,0.0,0.01,0.00,0.99,-0.85,0.00,1.09,1920,0,11.69,11.58,2,1
1633.147,-7.286531,112.795985,0.85,0.843,0.230,7.41,7.28,341.83,341.83,0.00,9.30,0,0.0,0.02,0.00,0.99,-0.54,0.00,1.03,1920,0,11.66,12.13,2,1
1633.247,-7.286530,112.795985,0.81,0.907,0.264,7.41,7.28,341.86,341.86,0.00,9.02,0,0.0,0.02,0.00,0.99,0.36,0.00,1.03,1920,0,11.62,12.17,2,1
1633.347,-7.286530,112.795984,0.78,0.738,-0.130,7.71,7.34,341.88,341.88,0.00,8.74,0,0.0,0.02,0.00,0.99,0.61,0.06,0.91,1920,0,11.48,12.06,2,1
1633.447,-7.286529,112.795984,0.81,0.834,0.013,6.28,7.76,341.91,341.91,0.00,9.16,0,0.0,0.01,0.00,0.99,0.67,-0.12,0.85,1920,0,11.44,12.07,2,1
1633.547,-7.286528,112.795984,0.79,0.901,0.112,6.58,6.27,341.94,341.94,0.00,9.21,0,0.0,0.02,0.00,0.99,0.30,0.12,0.91,1920,0,11.51,12.01,2,1
1633.647,-7.286528,112.795984,0.77,0.631,0.078,7.06,6.57,341.97,341.97,0.00,9.08,0,0.0,0.02,0.00,0.99,0.00,0.00,0.91,1920,0,11.57,12.07,2,1
1633.747,-7.286527,112.795984,0.76,0.759,0.157,6.16,5.92,342.00,342.00,0.00,9.00,0,0.0,0.02,0.00,0.99,-0.85,0.00,0.91,1920,0,11.63,12.15,2,1
1633.847,-7.286527,112.795984,0.76,0.531,0.110,6.34,6.27,342.04,342.04,0.00,8.76,0,0.0,0.02,0.00,0.99,-0.18,-0.36,0.79,1920,0,11.57,12.18,2,1
1633.947,-7.286526,112.795984,0.71,0.689,0.179,6.76,6.45,342.08,342.08,0.00,8.59,0,0.0,0.01,0.00,0.99,-0.06,0.18,0.85,1920,0,11.72,12.10,2,1
1634.047,-7.286525,112.795983,0.79,0.902,-0.087,6.46,7.10,342.13,342.13,0.00,8.30,0,0.0,0.02,0.00,0.99,0.42,-0.12,0.79,1920,0,11.63,12.07,2,1
1634.147,-7.286524,112.795983,0.77,0.949,0.040,6.28,6.93,342.17,342.17,0.00,8.64,0,0.0,0.02,0.00,0.98,0.30,-0.06,0.73,1920,0,11.58,12.06,2,1
1634.247,-7.286524,112.795983,0.81,0.664,0.028,6.52,6.69,342.21,342.21,0.00,8.64,0,0.0,0.01,0.00,0.98,0.24,0.00,0.79,1920,0,11.53,12.08,2,1
1634.347,-7.286523,112.795983,0.84,0.783,0.121,6.94,6.69,342.26,342.26,0.00,8.60,0,0.0,0.02,0.00,0.99,0.12,0.00,0.67,1920,0,11.45,12.10,2,1
1634.447,-7.286522,112.795983,0.82,0.866,0.186,6.34,6.69,342.29,342.29,0.00,8.41,0,0.0,0.02,0.00,0.98,-0.42,0.12,0.91,1920,0,11.67,12.08,2,1
1634.547,-7.286521,112.795983,0.80,0.924,0.231,6.88,6.45,342.32,342.32,0.00,8.22,0,0.0,0.02,0.00,0.99,-0.48,0.06,0.79,1920,0,11.49,12.07,2,1
1634.647,-7.286521,112.795983,0.82,0.647,0.161,6.40,6.27,342.34,342.34,0.00,7.99,0,0.0,0.02,0.00,0.98,-0.48,0.00,0.79,1920,0,11.49,12.06,2,1
1634.747,-7.286520,112.795982,0.88,0.871,-0.101,6.40,6.33,342.36,342.36,0.00,7.90,0,0.0,0.02,0.00,0.99,0.24,-0.12,0.85,1979,0,11.68,12.22,2,1
1634.847,-7.286520,112.795982,0.88,0.610,-0.071,6.22,5.86,342.37,342.37,0.00,8.43,0,0.0,0.02,0.00,0.99,0.12,-0.12,0.85,1920,0,11.37,12.05,2,1
1634.947,-7.286518,112.795982,0.86,1.063,0.152,5.81,5.92,342.37,342.37,0.00,0.00,0,0.0,0.02,0.00,0.99,0.18,0.06,0.79,1920,0,11.49,12.05,2,1
1635.047,-7.286518,112.795982,0.78,0.744,0.107,-2.57,-1.74,342.37,342.37,0.00,8.57,0,0.0,0.01,0.00,0.99,0.00,0.06,0.91,1920,0,11.22,11.51,2,1
1635.147,-7.286517,112.795982,0.89,0.839,0.176,3.49,3.48,342.37,342.37,0.00,8.57,0,0.0,0.02,0.00,0.99,0.48,0.06,1.03,1920,0,11.54,12.04,2,1
1635.247,-7.286516,112.795981,0.76,1.005,-0.092,5.81,6.57,342.40,342.40,0.00,8.37,0,0.0,0.02,0.00,0.99,0.00,0.00,1.15,1979,0,11.45,12.07,2,1
1635.347,-7.286516,112.795981,0.77,0.704,-0.065,5.87,5.62,342.43,342.43,0.00,8.64,0,0.0,0.02,0.00,0.99,-0.79,0.00,0.91,1920,0,11.47,12.07,2,1
1635.447,-7.286515,112.795981,0.74,0.811,0.055,6.11,6.57,342.47,342.47,0.00,8.77,0,0.0,0.01,0.00,0.99,-1.22,0.18,1.09,1920,0,11.58,12.03,2,1
1635.547,-7.286514,112.795981,0.79,0.886,0.138,5.63,5.14,342.50,342.50,0.00,8.63,0,0.0,0.02,0.00,0.99,-0.61,-0.12,1.03,1920,0,11.46,12.10,2,1
1635.647,-7.286513,112.795981,0.79,0.938,0.197,5.87,5.92,342.54,342.54,0.00,8.37,0,0.0,0.01,0.00,0.99,-0.42,0.12,1.03,1920,0,11.60,12.12,2,1
1635.747,-7.286513,112.795981,0.85,0.657,0.137,6.40,5.98,342.57,342.57,0.00,8.01,0,0.0,0.02,0.00,0.99,0.30,-0.12,1.03,1920,0,11.68,12.10,2,1
1635.847,-7.286513,112.795981,0.85,0.460,0.096,6.28,5.56,342.59,342.59,0.00,7.89,0,0.0,0.02,0.00,0.99,0.24,0.06,1.22,1920,0,11.54,12.12,2,1
1635.947,-7.286511,112.795980,0.87,1.057,-0.049,6.22,6.15,342.61,342.61,0.00,7.85,0,0.0,0.02,0.00,0.99,0.67,0.00,1.09,1920,0,11.45,12.09,2,1
1636.047,-7.286510,112.795980,0.85,1.059,0.065,5.63,5.56,342.64,342.64,0.00,8.28,0,0.0,0.02,0.00,0.99,0.48,0.00,0.97,1920,0,11.49,12.15,2,1
1636.147,-7.286510,112.795980,0.81,0.741,0.045,6.34,5.62,342.67,342.67,0.00,8.27,0,0.0,0.02,0.00,0.99,0.36,0.00,1.03,1920,0,11.69,12.08,2,1
1636.247,-7.286509,112.795980,0.74,0.837,0.130,5.99,5.92,342.70,342.70,0.00,8.25,0,0.0,0.01,0.00,0.99,-0.61,0.00,0.91,1920,0,11.58,12.19,2,1
1636.347,-7.286508,112.795980,0.89,0.905,0.190,6.05,5.68,342.74,342.74,0.00,7.99,0,0.0,0.02,0.00,0.99,-0.06,-0.12,0.97,1920,0,11.60,12.06,2,1
1636.447,-7.286507,112.795980,0.78,0.952,0.231,6.05,6.33,342.77,342.77,0.00,7.61,0,0.0,0.01,0.00,0.99,-0.18,0.00,0.97,1920,0,11.60,12.06,2,1
1636.547,-7.286507,112.795980,0.80,0.666,0.161,5.87,6.27,342.81,342.81,0.00,7.23,0,0.0,0.02,0.00,0.99,0.06,0.00,0.85,1920,0,11.58,12.15,2,1
1636.647,-7.286506,112.795980,0.83,0.785,0.211,7.06,6.51,342.86,342.86,0.00,6.99,0,0.0,0.01,0.00,0.98,-0.18,0.06,0.91,1920,0,11.62,11.98,2,1
1636.747,-7.286505,112.795980,0.81,0.869,0.245,5.09,4.55,342.90,342.90,0.00,6.58,0,0.0,0.02,0.00,0.99,0.36,-0.12,0.85,1920,0,11.50,12.09,2,1
1636.847,-7.286505,112.795980,0.81,0.608,0.171,5.09,4.37,342.94,342.94,0.00,6.13,0,0.0,0.01,0.00,0.99,0.42,0.00,0.97,1920,0,11.63,12.01,2,1
1636.947,-7.286504,112.795979,0.84,0.842,-0.099,3.73,4.07,342.98,342.98,0.00,5.89,0,0.0,0.02,0.00,0.99,0.67,-0.18,0.91,1920,0,11.60,12.18,2,1
1637.047,-7.286503,112.795979,0.81,0.908,0.028,3.84,3.90,343.01,343.01,0.00,6.60,0,0.0,0.02,0.00,0.98,0.12,0.18,0.91,1920,0,11.60,12.10,2,1
1637.147,-7.286502,112.795979,0.77,0.955,0.116,3.55,3.60,343.04,343.04,0.00,6.68,0,0.0,0.01,0.00,1.00,0.18,0.06,0.97,1979,0,11.48,12.03,2,1
1637.247,-7.286501,112.795979,0.82,0.988,0.178,3.96,4.02,343.07,343.07,0.00,6.50,0,0.0,0.02,0.00,0.99,-0.61,0.18,0.97,1920,0,11.51,12.06,2,1
1637.347,-7.286501,112.795979,0.76,0.691,0.124,4.08,3.90,343.10,343.10,0.00,6.09,0,0.0,0.02,0.00,0.99,-0.73,0.00,1.09,1979,0,11.82,12.06,2,1
1637.447,-7.286500,112.795979,0.79,0.803,0.184,3.96,3.84,343.12,343.12,0.00,5.92,0,0.0,0.02,0.00,0.99,-0.30,-0.06,1.03,1979,0,11.60,12.07,2,1
1637.547,-7.286499,112.795978,0.80,0.977,-0.092,4.32,3.78,343.15,343.15,0.00,5.59,0,0.0,0.02,0.00,0.99,0.00,0.00,1.03,1979,0,11.60,12.12,2,1
1637.647,-7.286499,112.795978,0.84,0.684,-0.064,3.31,3.66,343.18,343.18,0.00,6.27,0,0.0,0.02,0.00,0.99,0.36,-0.06,1.09,1979,0,11.54,12.00,2,1
1637.747,-7.286498,112.795978,0.84,0.798,0.051,3.25,3.54,343.20,343.20,0.00,6.53,0,0.0,0.02,0.00,0.99,0.73,-0.12,1.09,1920,0,11.60,12.06,2,1
1637.847,-7.286498,112.795978,0.84,0.559,0.036,3.43,3.30,343.20,343.20,0.00,6.48,0,0.0,0.02,0.00,0.99,0.06,0.00,1.34,1979,0,11.46,12.09,2,1
1637.947,-7.286496,112.795978,0.78,1.030,0.218,3.49,3.60,343.21,343.21,0.00,6.53,0,0.0,0.02,0.00,0.99,-0.18,-0.12,1.28,1979,0,11.46,12.04,2,1
1638.047,-7.286496,112.795978,0.85,0.721,0.152,3.49,3.48,343.21,343.21,0.00,5.95,0,0.0,0.02,0.00,0.99,-0.73,0.06,1.22,1979,0,11.61,12.09,2,1
1638.147,-7.286495,112.795978,0.83,0.824,0.203,3.43,3.42,343.20,343.20,0.00,5.72,0,0.0,0.02,0.00,0.99,-0.30,0.00,1.28,1920,0,11.51,12.07,2,1
1638.247,-7.286494,112.795977,0.80,0.992,-0.078,3.78,3.48,343.20,343.20,0.00,0.00,0,0.0,0.02,0.00,0.99,-0.30,0.18,1.46,1920,0,11.49,12.07,2,1
1638.347,-7.286493,112.795977,0.83,1.014,0.042,0.57,0.27,343.18,343.18,0.00,6.18,0,0.0,0.01,0.00,0.98,0.36,0.00,1.64,1920,0,11.64,12.10,2,1
1638.447,-7.286493,112.795977,0.81,0.709,0.030,4.26,3.48,343.15,343.15,0.00,6.67,0,0.0,0.02,0.00,0.98,1.28,-0.12,1.58,1920,0,11.58,11.72,2,1
1638.547,-7.286492,112.795977,0.81,0.816,0.118,4.02,3.96,343.11,343.11,0.00,7.03,0,0.0,0.02,0.00,0.98,0.79,0.00,1.64,1920,0,11.45,12.07,2,1
1638.647,-7.286491,112.795977,0.83,0.890,0.180,3.67,3.72,343.07,343.07,0.00,7.19,0,0.0,0.02,0.00,0.99,0.06,0.00,1.58,1920,0,11.60,12.04,2,1
1638.747,-7.286490,112.795977,0.83,0.942,0.224,4.26,4.49,343.03,343.03,0.00,7.32,0,0.0,0.02,0.01,0.99,-1.03,0.06,1.70,1920,0,11.60,12.14,2,1
1638.847,-7.286490,112.795977,0.83,0.659,0.157,4.92,4.61,342.98,342.98,0.00,7.37,0,0.0,0.02,0.00,0.99,-1.58,0.06,1.70,1920,0,11.60,12.12,2,1
1638.947,-7.286489,112.795977,0.77,0.780,0.208,4.38,4.49,342.93,342.93,0.00,7.46,0,0.0,0.02,0.00,0.98,-0.73,0.06,1.77,1920,0,11.42,12.06,2,1
1639.047,-7.286488,112.795976,0.81,0.962,-0.072,4.38,4.25,342.88,342.88,0.00,7.47,0,0.0,0.02,0.00,0.98,0.00,0.30,1.77,1920,0,11.61,12.10,2,1
1639.147,-7.286488,112.795976,0.80,0.674,-0.050,4.32,3.90,342.83,342.83,0.00,7.68,0,0.0,0.02,0.00,0.99,1.09,-0.06,1.83,1920,0,11.60,12.10,2,1
1639.247,-7.286487,112.795976,0.79,0.790,0.064,4.80,5.08,342.78,342.78,0.00,7.82,0,0.0,0.02,0.00,0.99,1.09,0.00,1.89,1920,0,11.49,12.05,2,1
1639.347,-7.286486,112.795976,0.81,0.872,0.145,5.63,4.79,342.73,342.73,0.00,7.88,0,0.0,0.02,0.01,0.99,0.79,0.12,1.77,1920,0,11.53,12.03,2,1
1639.447,-7.286486,112.795976,0.82,0.610,0.102,4.97,4.67,342.68,342.68,0.00,7.94,0,0.0,0.02,0.00,0.98,0.06,0.00,1.89,1920,0,11.51,11.99,2,1
1639.547,-7.286485,112.795976,0.80,0.745,0.171,4.80,5.03,342.61,342.61,0.00,8.01,0,0.0,0.02,0.00,0.98,-1.15,0.18,1.95,1920,0,11.54,12.10,2,1
1639.647,-7.286484,112.795976,0.81,0.840,0.220,5.39,5.68,342.56,342.56,0.00,8.08,0,0.0,0.02,0.00,0.99,-1.52,0.00,1.77,1920,0,11.58,12.07,2,1
1639.747,-7.286483,112.795976,0.83,0.906,0.255,4.92,5.44,342.50,342.50,0.00,8.07,0,0.0,0.02,0.00,0.99,-1.46,0.18,1.95,1920,0,11.58,12.14,2,1
1639.847,-7.286482,112.795976,0.77,0.952,0.280,5.75,5.32,342.45,342.45,0.00,8.07,0,0.0,0.02,0.00,0.99,-0.30,-0.06,1.83,1920,0,11.48,12.12,2,1
1639.947,-7.286482,112.795976,0.83,0.666,0.196,5.15,5.74,342.40,342.40,0.00,8.06,0,0.0,0.02,0.00,0.98,0.36,-0.06,1.83,1920,0,11.58,12.01,2,1
1640.047,-7.286481,112.795976,0.85,0.784,0.239,5.03,5.38,342.35,342.35,0.00,8.06,0,0.0,0.02,0.00,0.99,1.22,-0.06,1.77,1920,0,11.49,12.02,2,1
1640.147,-7.286480,112.795976,0.76,0.867,0.269,5.33,5.20,342.30,342.30,0.00,8.04,0,0.0,0.02,0.00,0.99,1.03,-0.06,1.70,1920,0,11.63,12.07,2,1
1640.247,-7.286480,112.795975,0.82,0.707,-0.126,5.33,4.79,342.25,342.25,0.00,8.03,0,0.0,0.02,0.00,0.99,0.18,0.24,1.83,1920,0,11.53,12.13,2,1
1640.347,-7.286479,112.795975,0.77,0.813,0.014,5.33,5.38,342.19,342.19,0.00,8.29,0,0.0,0.02,0.00,0.99,-0.48,0.18,1.83,1920,0,11.51,12.05,2,1
1640.447,-7.286478,112.795975,0.87,0.886,0.113,5.51,5.56,342.13,342.13,0.00,8.45,0,0.0,0.02,0.00,0.99,-1.03,0.12,1.77,1920,0,11.51,12.08,2,1
1640.547,-7.286477,112.795975,0.73,0.938,0.182,5.03,5.74,342.07,342.07,0.00,8.49,0,0.0,0.01,0.00,0.98,-1.15,0.18,1.83,1920,0,11.54,12.05,2,1
1640.647,-7.286477,112.795975,0.79,0.656,0.128,6.40,5.50,342.02,342.02,0.00,8.54,0,0.0,0.02,0.00,0.99,-0.54,0.00,1.77,1920,0,11.62,12.12,2,1
1640.747,-7.286476,112.795975,0.85,0.777,0.193,5.57,5.92,341.97,341.97,0.00,8.53,0,0.0,0.02,0.00,0.99,-0.24,0.12,1.89,1920,0,11.72,12.16,2,1
1640.847,-7.286476,112.795975,0.85,0.543,0.136,5.57,5.80,341.92,341.92,0.00,8.55,0,0.0,0.02,0.00,0.99,0.67,-0.06,1.77,1920,0,11.68,12.07,2,1
1640.947,-7.286474,112.795974,0.86,1.117,-0.012,5.57,5.38,341.88,341.88,0.00,8.53,0,0.0,0.01,0.00,0.98,0.48,0.06,1.77,1920,0,11.48,12.06,2,1
1641.047,-7.286474,112.795974,0.83,0.782,-0.007,5.99,5.20,341.82,341.82,0.00,8.66,0,0.0,0.02,0.00,0.99,0.42,-0.06,1.70,1920,0,11.70,12.13,2,1
1641.147,-7.286473,112.795974,0.78,0.864,0.100,5.63,5.50,341.78,341.78,0.00,8.83,0,0.0,0.02,0.00,0.99,-0.54,-0.06,1.77,1920,0,11.49,12.04,2,1
1641.247,-7.286472,112.795974,0.85,0.922,0.175,6.34,5.98,341.74,341.74,0.00,8.83,0,0.0,0.01,0.00,0.99,-0.67,0.06,1.58,1979,0,11.55,12.09,2,1
1641.347,-7.286471,112.795974,0.81,0.962,0.227,5.63,5.92,341.70,341.70,0.00,8.81,0,0.0,0.02,0.00,0.99,-1.15,0.06,1.70,1920,0,11.61,12.18,2,1
1641.447,-7.286471,112.795974,0.82,0.673,0.160,5.63,5.98,341.66,341.66,0.00,8.74,0,0.0,0.02,0.00,0.99,-0.67,0.06,1.70,1920,0,11.70,12.17,2,1
1641.547,-7.286470,112.795974,0.79,0.788,0.217,6.22,6.09,341.62,341.62,0.00,8.74,0,0.0,0.02,0.00,0.99,0.24,0.24,1.64,1920,0,11.46,12.14,2,1
1641.647,-7.286469,112.795973,0.80,0.972,-0.056,5.99,5.98,341.59,341.59,0.00,8.72,0,0.0,0.02,0.00,0.99,0.61,0.00,1.64,1920,0,11.60,12.02,2,1
1641.747,-7.286469,112.795973,0.80,0.681,-0.039,6.22,5.98,341.55,341.55,0.00,8.85,0,0.0,0.02,0.00,0.99,0.73,0.00,1.64,1920,0,11.58,12.12,2,1
1641.847,-7.286469,112.795973,0.80,0.476,-0.027,6.70,6.03,341.52,341.52,0.00,0.00,0,0.0,0.01,0.00,0.99,0.36,0.00,1.58,1920,0,11.64,12.20,2,1
1641.947,-7.286467,112.795973,0.86,0.966,0.193,4.20,2.29,341.49,341.49,0.00,9.04,0,0.0,0.02,0.00,1.00,0.00,-0.12,1.40,1920,0,11.66,11.75,2,1
1642.047,-7.286467,112.795973,0.78,0.676,0.136,3.84,4.49,341.46,341.46,0.00,8.92,0,0.0,0.02,0.00,0.99,-0.18,0.06,1.70,1920,0,11.51,12.10,2,1
1642.147,-7.286466,112.795973,0.82,0.790,0.201,6.94,6.69,341.42,341.42,0.00,8.95,0,0.0,0.02,0.00,0.99,-0.42,0.00,1.58,1920,0,11.63,12.14,2,1
1642.247,-7.286465,112.795973,0.80,0.869,0.248,7.24,6.75,341.39,341.39,0.00,8.97,0,0.0,0.01,0.00,0.98,-0.79,0.36,1.58,1859,0,11.58,12.09,2,1
1642.347,-7.286464,112.795973,0.78,0.924,0.280,6.88,7.64,341.36,341.36,0.00,8.93,0,0.0,0.02,0.00,0.99,-0.54,-0.06,1.52,1920,0,11.67,12.12,2,1
1642.447,-7.286464,112.795972,0.82,0.753,-0.117,7.06,7.04,341.33,341.33,0.00,8.89,0,0.0,0.02,0.00,0.99,-0.18,0.06,1.46,1920,0,11.61,12.21,2,1
1642.547,-7.286463,112.795972,0.83,0.843,0.025,6.94,6.99,341.32,341.32,0.00,9.03,0,0.0,0.02,0.00,0.99,-0.18,0.12,1.40,1920,0,11.63,12.22,2,1
1642.647,-7.286462,112.795972,0.83,0.906,0.125,7.30,6.63,341.30,341.30,0.00,9.02,0,0.0,0.02,0.00,0.99,0.42,0.12,1.46,1920,0,11.67,12.12,2,1
1642.747,-7.286461,112.795972,0.81,0.950,0.194,6.88,7.04,341.29,341.29,0.00,8.97,0,0.0,0.02,0.00,1.00,0.42,0.12,1.40,1920,0,11.48,12.12,2,1
1642.847,-7.286461,112.795972,0.81,0.665,0.136,7.00,7.16,341.28,341.28,0.00,8.91,0,0.0,0.02,0.00,0.99,0.24,0.00,1.34,1920,0,11.66,12.08,2,1
1642.947,-7.286460,112.795971,0.71,0.888,-0.111,7.53,7.22,341.27,341.27,0.00,8.82,0,0.0,0.02,0.00,0.99,-0.30,0.00,1.22,1920,0,11.66,12.12,2,1
1643.047,-7.286459,112.795971,0.83,0.937,0.030,6.94,6.75,341.27,341.27,0.00,8.95,0,0.0,0.02,0.00,0.98,-0.85,0.06,1.28,1920,0,11.55,12.09,2,1
1643.147,-7.286459,112.795971,0.82,0.656,0.021,6.94,6.81,341.27,341.27,0.00,8.93,0,0.0,0.02,0.00,0.99,-0.54,-0.24,1.15,1920,0,11.67,11.88,2,1
1643.247,-7.286458,112.795971,0.77,0.775,0.121,7.18,6.75,341.28,341.28,0.00,8.92,0,0.0,0.02,0.00,0.99,-0.61,0.06,1.34,1920,0,11.60,12.11,2,1
1643.347,-7.286457,112.795971,0.81,0.859,0.192,7.00,6.93,341.29,341.29,0.00,8.83,0,0.0,0.02,0.00,0.99,0.24,0.12,1.28,1920,0,11.62,12.07,2,1
1643.447,-7.286457,112.795971,0.78,0.601,0.134,6.94,6.81,341.29,341.29,0.00,8.72,0,0.0,0.01,0.00,0.99,0.00,0.00,1.22,1920,0,11.54,12.19,2,1
1643.547,-7.286456,112.795971,0.87,0.737,0.201,7.12,6.93,341.30,341.30,0.00,8.68,0,0.0,0.02,0.00,0.99,0.54,0.12,1.09,1920,0,11.54,12.07,2,1
1643.647,-7.286455,112.795971,0.79,0.832,0.248,7.35,6.93,341.30,341.30,0.00,8.59,0,0.0,0.02,0.00,0.99,0.48,-0.06,1.09,1920,0,11.68,12.06,2,1
1643.747,-7.286454,112.795971,0.84,0.898,0.280,6.58,6.93,341.31,341.31,0.00,8.50,0,0.0,0.02,0.00,0.99,-0.24,0.06,1.28,1920,0,11.59,12.07,2,1
1643.847,-7.286454,112.795971,0.84,0.629,0.196,7.00,6.57,341.31,341.31,0.00,8.39,0,0.0,0.02,0.00,0.99,-0.42,0.06,1.22,1920,0,11.63,12.07,2,1
1643.947,-7.286453,112.795970,0.82,0.862,-0.069,7.30,6.57,341.32,341.32,0.00,8.35,0,0.0,0.02,0.00,0.99,0.00,-0.24,1.22,1920,0,11.68,12.15,2,1
1644.047,-7.286452,112.795970,0.81,0.920,0.058,7.24,6.75,341.34,341.34,0.00,8.45,0,0.0,0.02,0.00,0.99,-0.12,-0.06,1.03,1920,0,11.68,12.10,2,1
1644.147,-7.286451,112.795970,0.81,0.960,0.147,6.94,6.39,341.36,341.36,0.00,8.39,0,0.0,0.02,0.00,0.99,0.00,-0.06,1.09,1920,0,11.58,12.13,2,1
1644.247,-7.286451,112.795970,0.82,0.672,0.103,6.82,6.87,341.37,341.37,0.00,8.31,0,0.0,0.01,0.00,0.98,-0.18,0.18,1.15,1920,0,11.54,12.15,2,1
1644.347,-7.286450,112.795970,0.82,0.786,0.178,8.01,6.99,341.38,341.38,0.00,8.26,0,0.0,0.02,0.00,0.99,0.24,0.00,1.15,1920,0,11.63,12.04,2,1
1644.447,-7.286449,112.795970,0.75,0.867,0.231,6.34,6.57,341.40,341.40,0.00,8.21,0,0.0,0.01,0.00,0.98,-0.12,0.06,1.09,1920,0,11.60,12.20,2,1
1644.547,-7.286448,112.795969,0.86,1.028,-0.046,6.70,6.57,341.42,341.42,0.00,8.08,0,0.0,0.02,0.00,0.99,-0.24,-0.06,1.03,1920,0,11.61,12.10,2,1
1644.647,-7.286448,112.795969,0.85,0.720,-0.032,6.64,6.81,341.43,341.43,0.00,8.18,0,0.0,0.02,0.00,0.98,-0.24,0.00,1.03,1920,0,11.48,12.12,2,1
1644.747,-7.286447,112.795969,0.80,0.820,0.083,6.76,6.45,341.46,341.46,0.00,8.22,0,0.0,0.01,0.00,0.98,-0.06,0.18,1.15,1979,0,11.58,12.12,2,1
1644.847,-7.286447,112.795969,0.80,0.574,0.058,6.70,6.63,341.48,341.48,0.00,8.13,0,0.0,0.02,0.00,0.99,0.42,0.12,1.03,1920,0,11.69,12.13,2,1
1644.947,-7.286446,112.795969,0.83,0.718,0.146,6.34,6.99,341.51,341.51,0.00,8.07,0,0.0,0.02,0.00,0.99,0.42,0.00,0.91,1920,0,11.54,11.97,2,1
1645.047,-7.286445,112.795969,0.82,0.819,0.208,6.58,6.69,341.53,341.53,0.00,7.93,0,0.0,0.02,0.00,0.99,0.42,0.00,0.97,1920,0,11.56,12.07,2,1
1645.147,-7.286444,112.795968,0.80,0.995,-0.063,6.52,6.45,341.57,341.57,0.00,7.80,0,0.0,0.02,0.00,0.98,0.36,0.06,0.91,1920,0,11.48,12.17,2,1
1645.247,-7.286443,112.795968,0.85,1.013,0.061,6.88,8.17,341.60,341.60,0.00,7.85,0,0.0,0.02,0.00,0.99,-0.54,0.00,0.91,1979,0,11.60,11.81,2,1
1645.347,-7.286443,112.795968,0.80,0.709,0.042,6.11,5.98,341.63,341.63,0.00,7.76,0,0.0,0.02,0.00,0.99,-0.36,0.00,0.91,1920,0,11.71,12.12,2,1
1645.447,-7.286442,112.795968,0.79,0.813,0.134,6.34,5.92,341.65,341.65,0.00,7.77,0,0.0,0.02,0.00,0.99,-0.12,0.06,0.97,1920,0,11.45,12.10,2,1
1645.547,-7.286441,112.795968,0.84,0.886,0.199,6.46,5.86,341.68,341.68,0.00,7.73,0,0.0,0.02,0.00,0.99,0.30,0.12,1.22,1920,0,11.62,12.18,2,1
1645.647,-7.286441,112.795968,0.80,0.620,0.139,6.16,6.33,341.69,341.69,0.00,7.63,0,0.0,0.02,0.00,0.98,0.36,0.06,1.15,1920,0,11.62,12.18,2,1
1645.747,-7.286440,112.795968,0.75,0.751,0.202,6.64,5.86,341.70,341.70,0.00,7.62,0,0.0,0.02,0.00,0.98,0.42,0.00,1.22,1920,0,11.42,12.09,2,1
1645.847,-7.286440,112.795968,0.75,0.526,0.141,6.64,6.27,341.71,341.71,0.00,7.58,0,0.0,0.02,0.00,1.00,0.00,0.00,1.09,1920,0,11.62,12.13,2,1
1645.947,-7.286438,112.795967,0.79,1.105,-0.006,6.40,6.21,341.73,341.73,0.00,7.55,0,0.0,0.02,0.00,0.99,-0.79,0.12,1.03,1920,0,11.60,12.06,2,1
1646.047,-7.286438,112.795967,0.79,0.774,-0.005,6.58,6.03,341.74,341.74,0.00,7.62,0,0.0,0.02,0.00,0.99,-0.54,-0.12,1.09,1920,0,11.72,12.12,2,1
1646.147,-7.286437,112.795967,0.81,0.858,0.101,6.34,5.86,341.75,341.75,0.00,7.68,0,0.0,0.02,0.00,0.99,-0.67,0.12,1.15,1920,0,11.62,12.14,2,1
1646.247,-7.286436,112.795967,0.79,0.918,0.175,6.46,5.86,341.76,341.76,0.00,7.64,0,0.0,0.02,0.00,0.99,-0.06,0.12,1.09,1920,0,11.68,12.16,2,1
1646.347,-7.286436,112.795967,0.80,0.642,0.123,6.64,6.03,341.76,341.76,0.00,7.55,0,0.0,0.02,0.00,0.99,0.12,0.18,1.15,1920,0,11.51,12.08,2,1
1646.447,-7.286435,112.795967,0.87,0.767,0.190,6.46,5.86,341.77,341.77,0.00,7.58,0,0.0,0.02,0.00,0.99,0.42,0.12,1.22,1920,0,11.61,12.08,2,1
1646.547,-7.286434,112.795967,0.80,0.853,0.237,6.22,5.98,341.77,341.77,0.00,7.50,0,0.0,0.02,0.00,0.99,0.42,-0.12,1.46,1920,0,11.60,12.10,2,1
1646.647,-7.286433,112.795966,0.79,1.018,-0.044,6.58,6.09,341.77,341.77,0.00,7.43,0,0.0,0.01,0.00,0.99,0.00,0.06,1.28,1920,0,11.63,12.20,2,1
1646.747,-7.286433,112.795966,0.83,0.712,-0.031,6.28,5.68,341.77,341.77,0.00,7.55,0,0.0,0.01,0.00,0.98,-0.30,0.00,1.28,1920,0,11.56,12.06,2,1
1646.847,-7.286433,112.795966,0.83,0.499,-0.021,5.63,5.62,341.77,341.77,0.00,7.65,0,0.0,0.02,0.00,1.00,-0.54,-0.18,1.03,1920,0,11.61,12.25,2,1
1646.947,-7.286431,112.795966,0.76,0.983,0.193,5.51,5.80,341.79,341.79,0.00,7.69,0,0.0,0.02,0.00,0.99,-0.42,0.24,1.15,1920,0,11.60,12.12,2,1
1647.047,-7.286430,112.795966,0.86,1.005,0.239,5.27,5.26,341.81,341.81,0.00,7.47,0,0.0,0.02,0.00,0.99,-0.24,0.30,1.03,1920,0,11.62,12.08,2,1
1647.147,-7.286430,112.795966,0.76,0.703,0.167,5.45,5.32,341.82,341.82,0.00,7.25,0,0.0,0.01,0.00,0.98,-0.36,0.30,1.15,1920,0,11.45,12.10,2,1
1647.247,-7.286429,112.795965,0.85,0.913,-0.093,5.45,5.44,341.82,341.82,0.00,7.21,0,0.0,0.01,0.00,0.99,0.42,-0.06,1.34,1920,0,11.54,12.06,2,1
1647.347,-7.286428,112.795965,0.80,0.956,0.039,5.69,5.38,341.82,341.82,0.00,7.46,0,0.0,0.02,0.00,0.99,0.36,-0.24,1.22,1920,0,11.51,12.09,2,1
1647.447,-7.286428,112.795965,0.79,0.669,0.027,5.21,5.44,341.82,341.82,0.00,7.55,0,0.0,0.02,0.00,0.99,0.00,-0.12,1.34,1920,0,11.62,12.06,2,1
1647.547,-7.286427,112.795965,0.85,0.785,0.123,5.51,5.62,341.82,341.82,0.00,7.56,0,0.0,0.02,0.00,0.99,0.24,0.06,1.22,1920,0,11.55,12.08,2,1
1647.647,-7.286426,112.795965,0.77,0.867,0.190,5.57,5.50,341.81,341.81,0.00,7.50,0,0.0,0.02,0.00,0.99,0.36,0.12,1.15,1920,0,11.73,12.07,2,1
1647.747,-7.286425,112.795965,0.81,0.924,0.237,5.69,5.62,341.82,341.82,0.00,7.44,0,0.0,0.02,0.00,0.99,0.54,0.30,1.09,1920,0,11.60,12.13,2,1
1647.847,-7.286425,112.795965,0.81,0.647,0.166,5.87,5.86,341.83,341.83,0.00,7.24,0,0.0,0.02,0.00,0.98,0.06,0.00,1.09,1920,0,11.61,12.19,2,1
1647.947,-7.286424,112.795964,0.88,0.873,-0.094,5.27,5.86,341.85,341.85,0.00,7.14,0,0.0,0.02,0.00,0.99,-0.85,0.00,1.09,1920,0,11.56,12.04,2,1
1648.047,-7.286423,112.795964,0.83,0.928,0.037,5.63,5.98,341.87,341.87,0.00,7.25,0,0.0,0.02,0.00,1.00,-0.61,-0.24,1.09,1920,0,11.60,12.10,2,1
1648.147,-7.286423,112.795964,0.79,0.650,0.026,6.05,5.86,341.88,341.88,0.00,7.23,0,0.0,0.02,0.00,0.99,-0.67,0.18,1.09,1920,0,11.62,12.13,2,1
1648.247,-7.286422,112.795964,0.83,0.772,0.122,5.87,5.03,341.91,341.91,0.00,7.21,0,0.0,0.02,0.00,0.99,0.24,0.12,0.91,1920,0,11.56,12.20,2,1
1648.347,-7.286421,112.795964,0.85,0.857,0.188,6.16,5.26,341.93,341.93,0.00,7.07,0,0.0,0.01,0.00,0.98,0.42,0.18,1.03,1920,0,11.54,12.17,2,1
1648.447,-7.286420,112.795964,0.80,0.917,0.235,5.21,5.14,341.95,341.95,0.00,6.92,0,0.0,0.02,0.00,0.99,0.85,0.06,1.03,1920,0,11.64,12.10,2,1
1648.547,-7.286420,112.795964,0.81,0.642,0.164,4.80,5.26,341.97,341.97,0.00,6.77,0,0.0,0.02,0.00,0.99,0.48,-0.12,1.03,1920,0,11.47,12.08,2,1
1648.647,-7.286419,112.795963,0.78,0.869,-0.097,4.97,4.91,341.98,341.98,0.00,6.72,0,0.0,0.02,0.00,0.98,0.00,0.00,1.22,1920,0,11.49,12.14,2,1
1648.747,-7.286418,112.795963,0.84,0.926,0.035,5.39,5.08,342.00,342.00,0.00,6.91,0,0.0,0.02,0.00,0.98,-0.85,0.00,1.03,1920,0,11.67,12.20,2,1
1648.847,-7.286418,112.795963,0.84,0.648,0.024,5.33,4.91,342.02,342.02,0.00,6.91,0,0.0,0.02,0.00,0.99,-0.36,-0.06,1.03,1920,0,11.62,12.13,2,1
1648.947,-7.286417,112.795963,0.79,0.771,0.120,4.80,5.38,342.05,342.05,0.00,6.86,0,0.0,0.02,0.00,0.98,0.00,0.24,0.97,1920,0,11.59,12.07,2,1
1649.047,-7.286416,112.795963,0.84,0.857,0.186,5.09,5.56,342.09,342.09,0.00,6.67,0,0.0,0.02,0.01,0.99,0.67,0.00,0.85,1920,0,11.53,12.10,2,1
1649.147,-7.286415,112.795963,0.74,0.918,0.232,5.33,4.97,342.13,342.13,0.00,6.49,0,0.0,0.02,0.00,0.99,0.67,0.06,0.85,1979,0,11.68,12.07,2,1
1649.247,-7.286415,112.795963,0.83,0.642,0.162,5.09,4.55,342.16,342.16,0.00,6.26,0,0.0,0.02,0.00,0.98,0.73,-0.12,0.79,1920,0,11.50,12.12,2,1
1649.347,-7.286414,112.795963,0.78,0.767,0.215,4.74,4.43,342.19,342.19,0.00,6.17,0,0.0,0.02,0.01,0.98,0.00,0.00,0.91,1920,0,11.42,12.12,2,1
1649.447,-7.286413,112.795962,0.85,0.956,-0.063,4.02,4.61,342.22,342.22,0.00,6.03,0,0.0,0.02,0.01,0.99,-0.67,0.00,0.91,1920,0,11.62,12.13,2,1
1649.547,-7.286412,112.795962,0.83,0.987,0.057,4.38,4.49,342.25,342.25,0.00,6.20,0,0.0,0.02,0.00,0.99,-0.73,0.24,0.97,1920,0,11.55,12.12,2,1
1649.647,-7.286412,112.795962,0.78,0.691,0.040,4.26,4.49,342.27,342.27,0.00,6.19,0,0.0,0.01,0.00,0.98,-0.73,0.24,1.03,1979,0,11.68,12.12,2,1
1649.747,-7.286411,112.795962,0.83,0.801,0.129,4.50,4.19,342.30,342.30,0.00,6.17,0,0.0,0.02,0.00,0.99,0.18,-0.06,0.97,1920,0,11.67,12.20,2,1
1649.847,-7.286411,112.795962,0.83,0.561,0.090,4.97,4.37,342.32,342.32,0.00,6.09,0,0.0,0.02,0.00,0.98,-0.06,0.00,1.15,1920,0,11.59,12.10,2,1
1649.947,-7.286409,112.795962,0.84,1.028,0.266,4.20,4.07,342.33,342.33,0.00,6.04,0,0.0,0.02,0.01,0.99,0.42,0.00,1.03,1920,0,11.57,12.04,2,1
1650.047,-7.286409,112.795962,0.82,0.720,0.186,4.26,4.49,342.36,342.36,0.00,5.90,0,0.0,0.01,0.00,0.99,0.30,0.00,1.03,1920,0,11.70,12.05,2,1
1650.147,-7.286408,112.795962,0.77,0.822,0.231,4.20,4.25,342.37,342.37,0.00,5.77,0,0.0,0.01,0.00,0.99,0.00,0.18,1.22,1920,0,11.67,12.19,2,1
1650.247,-7.286407,112.795961,0.84,0.993,-0.053,3.78,4.02,342.39,342.39,0.00,5.66,0,0.0,0.02,0.00,0.99,-0.54,0.06,1.22,1920,0,11.67,12.12,2,1
1650.347,-7.286407,112.795961,0.81,0.695,-0.037,3.61,4.02,342.41,342.41,0.00,5.83,0,0.0,0.02,0.00,0.99,-0.73,0.12,1.03,1920,0,11.54,12.17,2,1
1650.447,-7.286406,112.795961,0.78,0.805,0.074,3.61,3.90,342.43,342.43,0.00,5.89,0,0.0,0.02,0.00,0.99,-0.48,0.18,0.97,1920,0,11.69,12.12,2,1
1650.547,-7.286405,112.795961,0.84,0.881,0.152,3.61,4.07,342.46,342.46,0.00,5.79,0,0.0,0.02,0.00,0.99,-0.12,-0.12,1.03,1920,0,11.47,12.07,2,1
1650.647,-7.286404,112.795961,0.81,0.935,0.207,4.08,3.90,342.47,342.47,0.00,5.62,0,0.0,0.01,0.00,0.98,0.06,0.12,1.15,1920,0,11.59,12.01,2,1
1650.747,-7.286404,112.795961,0.81,0.655,0.145,3.49,3.60,342.48,342.48,0.00,5.51,0,0.0,0.02,0.00,0.99,0.36,-0.12,1.22,1920,0,11.54,12.12,2,1
1650.847,-7.286404,112.795961,0.81,0.458,0.101,3.84,3.54,342.47,342.47,0.00,5.53,0,0.0,0.01,0.00,0.99,0.24,0.00,1.40,1920,0,11.46,12.12,2,1
1650.947,-7.286402,112.795961,0.82,0.957,0.272,3.43,3.96,342.46,342.46,0.00,5.64,0,0.0,0.02,0.00,0.99,0.18,-0.06,1.22,1920,0,11.68,12.05,2,1
1651.047,-7.286402,112.795960,0.79,0.770,-0.125,3.84,3.96,342.46,342.46,0.00,5.50,0,0.0,0.02,0.00,0.99,-0.54,0.18,1.28,1920,0,11.59,12.06,2,1
1651.147,-7.286401,112.795960,0.82,0.857,0.013,3.61,4.07,342.46,342.46,0.00,5.72,0,0.0,0.02,0.00,0.98,-0.79,0.18,1.40,1920,0,11.56,12.16,2,1
1651.247,-7.286400,112.795960,0.82,0.918,0.110,3.61,3.66,342.44,342.44,0.00,5.78,0,0.0,0.02,0.00,0.98,-0.36,0.00,1.40,1920,0,11.46,12.09,2,1
1651.347,-7.286399,112.795960,0.81,0.960,0.178,3.61,3.84,342.43,342.43,0.00,5.78,0,0.0,0.02,0.00,0.99,0.61,-0.18,1.34,1920,0,11.66,12.20,2,1
1651.447,-7.286399,112.795960,0.85,0.672,0.125,3.55,4.07,342.42,342.42,0.00,5.73,0,0.0,0.02,0.00,0.98,0.91,0.00,1.28,1920,0,11.53,12.08,2,1
1651.547,-7.286398,112.795959,0.81,0.889,-0.127,3.67,3.78,342.41,342.41,0.00,5.68,0,0.0,0.02,0.00,0.99,0.54,0.00,1.34,1920,0,11.55,12.14,2,1
1651.647,-7.286397,112.795959,0.85,0.940,0.012,3.96,3.60,342.38,342.38,0.00,5.92,0,0.0,0.02,0.00,0.99,-0.42,0.42,1.52,1859,0,11.82,12.23,2,1
1651.747,-7.286397,112.795959,0.79,0.658,0.009,3.49,4.02,342.35,342.35,0.00,6.03,0,0.0,0.01,0.00,0.98,-0.48,0.18,1.58,1920,0,11.62,12.18,2,1
1651.847,-7.286397,112.795959,0.79,0.461,0.007,3.31,3.72,342.31,342.31,0.00,6.18,0,0.0,0.02,0.00,0.97,-0.48,0.00,1.58,1920,0,11.54,12.12,2,1
1651.947,-7.286395,112.795959,0.86,0.958,0.208,3.67,3.84,342.27,342.27,0.00,6.31,0,0.0,0.02,0.00,0.99,-0.06,0.00,1.77,1920,0,11.46,12.09,2,1
1652.047,-7.286394,112.795959,0.81,0.988,0.248,3.78,3.30,342.24,342.24,0.00,6.23,0,0.0,0.02,0.00,1.00,0.18,0.06,1.70,1920,0,11.54,12.00,2,1
1652.147,-7.286393,112.795959,0.80,1.009,0.276,4.14,4.02,342.20,342.20,0.00,6.09,0,0.0,0.02,0.00,0.99,-0.12,0.24,1.70,1859,0,11.63,12.07,2,1
1652.247,-7.286393,112.795958,0.80,0.808,-0.121,3.67,3.84,342.16,342.16,0.00,6.00,0,0.0,0.02,0.00,0.99,0.00,-0.12,1.83,1920,0,11.61,12.10,2,1
1652.347,-7.286392,112.795958,0.84,0.883,0.018,3.67,3.90,342.11,342.11,0.00,6.37,0,0.0,0.02,0.00,0.99,-0.48,-0.18,1.77,1920,0,11.69,12.07,2,1
1652.447,-7.286391,112.795958,0.83,0.935,0.116,3.55,3.72,342.05,342.05,0.00,6.52,0,0.0,0.02,0.00,0.99,-0.18,0.00,1.70,1920,0,11.48,12.08,2,1
1652.547,-7.286391,112.795958,0.80,0.655,0.082,3.73,3.60,342.01,342.01,0.00,6.59,0,0.0,0.02,0.00,0.99,-0.42,0.12,1.77,1920,0,11.62,12.06,2,1
1652.647,-7.286390,112.795958,0.81,0.775,0.161,3.67,4.49,341.96,341.96,0.00,6.58,0,0.0,0.01,0.00,0.99,-0.12,0.24,1.83,1920,0,11.68,12.13,2,1
1652.747,-7.286389,112.795958,0.79,0.860,0.217,3.49,3.72,341.91,341.91,0.00,6.59,0,0.0,0.01,0.00,0.99,0.18,0.24,1.77,1920,0,11.70,12.11,2,1
1652.847,-7.286388,112.795958,0.81,0.919,0.256,3.78,3.54,341.85,341.85,0.00,6.50,0,0.0,0.02,0.00,0.99,0.18,0.06,1.77,1920,0,11.68,12.09,2,1
1652.947,-7.286388,112.795958,0.80,0.643,0.180,3.49,3.60,341.80,341.80,0.00,6.44,0,0.0,0.01,0.00,0.99,0.30,0.12,1.83,1920,0,11.64,12.02,2,1
1653.047,-7.286387,112.795958,0.85,0.767,0.231,3.78,3.60,341.74,341.74,0.00,6.45,0,0.0,0.02,0.00,0.99,0.30,-0.18,1.95,1920,0,11.58,12.04,2,1
1653.147,-7.286386,112.795958,0.82,0.853,0.267,3.31,3.66,341.68,341.68,0.00,6.40,0,0.0,0.02,0.00,0.99,-0.06,0.00,1.83,1920,0,11.54,12.12,2,1
1653.247,-7.286386,112.795957,0.83,0.701,-0.126,3.84,3.90,341.62,341.62,0.00,6.35,0,0.0,0.02,0.00,0.99,0.06,0.24,1.70,1920,0,11.61,12.02,2,1
1653.347,-7.286385,112.795957,0.81,0.808,0.017,4.50,3.78,341.57,341.57,0.00,6.74,0,0.0,0.02,0.00,0.99,-0.06,0.18,1.70,1920,0,11.60,12.10,2,1
1653.447,-7.286384,112.795957,0.81,0.882,0.118,4.26,4.85,341.52,341.52,0.00,6.84,0,0.0,0.01,0.00,0.99,-0.12,0.12,1.77,1920,0,11.58,11.97,2,1
1653.547,-7.286384,112.795957,0.78,0.617,0.084,4.38,3.78,341.46,341.46,0.00,6.78,0,0.0,0.02,0.00,0.99,0.00,0.00,1.83,1920,0,11.58,12.21,2,1
1653.647,-7.286383,112.795957,0.82,0.748,0.165,4.38,3.72,341.40,341.40,0.00,6.84,0,0.0,0.02,0.00,0.98,-0.48,0.00,2.01,1920,0,11.49,12.12,2,1
1653.747,-7.286382,112.795957,0.82,0.840,0.223,4.14,3.78,341.33,341.33,0.00,6.87,0,0.0,0.02,0.00,0.99,0.06,0.00,1.95,1920,0,11.54,12.17,2,1
1653.847,-7.286382,112.795957,0.82,0.587,0.157,4.02,3.60,341.27,341.27,0.00,6.80,0,0.0,0.02,0.00,0.99,0.73,0.00,1.89,1920,0,11.73,12.12,2,1
1653.947,-7.286381,112.795956,0.84,0.834,-0.095,4.56,4.19,341.20,341.20,0.00,6.85,0,0.0,0.02,0.00,0.98,0.42,0.18,1.95,1920,0,11.60,12.07,2,1
1654.047,-7.286380,112.795956,0.81,0.899,0.042,4.08,3.66,341.13,341.13,0.00,7.21,0,0.0,0.02,0.01,0.98,0.36,0.00,1.83,1920,0,11.59,12.10,2,1
1654.147,-7.286379,112.795956,0.84,0.945,0.138,5.33,4.67,341.06,341.06,0.00,7.35,0,0.0,0.02,0.00,0.99,-0.18,0.06,1.89,1920,0,11.51,12.02,2,1
1654.247,-7.286378,112.795956,0.81,0.977,0.206,4.50,4.85,340.99,340.99,0.00,7.37,0,0.0,0.02,0.00,0.98,-0.30,0.18,1.89,1920,0,11.67,12.18,2,1
1654.347,-7.286378,112.795956,0.77,0.684,0.145,4.97,4.43,340.93,340.93,0.00,7.29,0,0.0,0.02,0.00,0.99,-0.06,0.00,1.89,1920,0,11.64,12.07,2,1
1654.447,-7.286377,112.795956,0.83,0.794,0.211,4.32,4.67,340.87,340.87,0.00,7.25,0,0.0,0.02,0.01,0.98,-0.48,0.06,1.95,1920,0,11.60,12.12,2,1
1654.547,-7.286376,112.795956,0.78,0.870,0.258,4.92,4.55,340.82,340.82,0.00,7.17,0,0.0,0.02,0.00,0.99,0.00,0.00,1.77,1920,0,11.67,12.08,2,1
1654.647,-7.286376,112.795956,0.83,0.609,0.181,4.86,4.85,340.77,340.77,0.00,7.02,0,0.0,0.02,0.00,0.99,-0.06,0.12,1.77,1920,0,11.58,12.03,2,1
1654.747,-7.286375,112.795956,0.81,0.741,0.237,4.44,5.03,340.73,340.73,0.00,6.92,0,0.0,0.02,0.00,0.99,0.54,0.00,1.70,1920,0,11.55,12.01,2,1
1654.847,-7.286375,112.795956,0.81,0.519,0.166,4.97,4.55,340.69,340.69,0.00,6.79,0,0.0,0.02,0.00,0.99,0.06,0.00,1.70,1920,0,11.49,12.08,2,1
1654.947,-7.286373,112.795955,0.87,1.102,0.026,4.56,4.73,340.64,340.64,0.00,6.75,0,0.0,0.02,0.00,0.98,0.06,-0.18,1.64,1920,0,11.68,12.12,2,1
1655.047,-7.286373,112.795955,0.78,0.771,0.019,4.14,4.43,340.60,340.60,0.00,6.96,0,0.0,0.02,0.00,0.99,-0.42,0.00,1.64,1920,0,11.53,12.17,2,1
1655.147,-7.286372,112.795955,0.82,0.855,0.125,5.09,4.67,340.55,340.55,0.00,7.09,0,0.0,0.02,0.00,1.00,-0.36,0.06,1.70,1920,0,11.54,12.08,2,1
1655.247,-7.286371,112.795954,0.83,1.023,-0.113,4.56,4.79,340.52,340.52,0.00,7.06,0,0.0,0.02,0.00,0.99,-0.48,0.24,1.70,1920,0,11.68,12.07,2,1
1655.347,-7.286371,112.795954,0.78,0.716,-0.079,4.68,4.49,340.48,340.48,0.00,7.32,0,0.0,0.02,0.00,0.99,0.06,-0.06,1.77,1920,0,11.76,12.15,2,1
1655.447,-7.286370,112.795954,0.85,0.816,0.057,5.03,4.49,340.43,340.43,0.00,7.54,0,0.0,0.01,0.00,0.99,0.06,0.00,1.89,1920,0,11.69,12.42,2,1
1655.547,-7.286369,112.795954,0.80,0.885,0.152,5.15,4.43,340.38,340.38,0.00,7.59,0,0.0,0.02,0.00,0.99,0.79,0.00,1.77,1920,0,11.62,12.14,2,1
1655.647,-7.286369,112.795954,0.81,0.619,0.107,5.03,4.73,340.32,340.32,0.00,7.53,0,0.0,0.02,0.00,1.00,0.48,0.00,1.77,1920,0,11.68,12.12,2,1
1655.747,-7.286368,112.795954,0.75,0.748,0.188,5.33,4.79,340.26,340.26,0.00,7.62,0,0.0,0.02,0.00,0.98,0.18,0.12,1.83,1920,0,11.61,12.14,2,1
1655.847,-7.286367,112.795954,0.83,0.837,0.245,4.68,4.73,340.21,340.21,0.00,7.54,0,0.0,0.02,0.00,0.98,-0.36,0.12,1.64,1920,0,11.59,12.17,2,1
1655.947,-7.286367,112.795954,0.77,0.586,0.172,4.92,4.73,340.15,340.15,0.00,7.42,0,0.0,0.02,0.00,0.99,-0.54,0.06,1.83,1920,0,11.60,12.17,2,1
1656.047,-7.286366,112.795954,0.82,0.724,0.234,4.74,4.43,340.10,340.10,0.00,7.40,0,0.0,0.02,0.00,0.98,-0.36,0.06,1.70,1920,0,11.51,12.01,2,1
1656.147,-7.286365,112.795954,0.79,0.820,0.278,4.86,5.03,340.06,340.06,0.00,7.26,0,0.0,0.02,0.00,0.99,0.06,0.18,1.77,1920,0,11.73,12.07,2,1
1656.247,-7.286364,112.795953,0.83,1.000,-0.002,4.97,4.55,340.02,340.02,0.00,7.06,0,0.0,0.02,0.00,0.98,0.00,0.24,1.70,1920,0,11.64,12.12,2,1
1656.347,-7.286364,112.795953,0.82,0.700,-0.001,4.86,4.85,339.98,339.98,0.00,7.33,0,0.0,0.02,0.00,0.99,0.36,0.00,1.64,1920,0,11.72,12.12,2,1
1656.447,-7.286363,112.795953,0.78,0.804,0.114,5.33,4.61,339.93,339.93,0.00,7.45,0,0.0,0.02,0.00,0.98,0.06,0.18,1.64,1920,0,11.60,12.13,2,1
1656.547,-7.286362,112.795953,0.85,0.876,0.195,4.74,4.79,339.89,339.89,0.00,7.44,0,0.0,0.02,0.01,0.99,0.18,-0.06,1.77,1920,0,11.55,12.12,2,1
1656.647,-7.286362,112.795953,0.84,0.613,0.137,4.68,4.67,339.84,339.84,0.00,7.33,0,0.0,0.02,0.00,0.99,-0.42,-0.06,1.58,1920,0,11.48,12.10,2,1
1656.747,-7.286361,112.795953,0.77,0.742,0.211,4.80,4.85,339.80,339.80,0.00,7.34,0,0.0,0.02,0.00,0.99,-0.24,0.24,1.83,1920,0,11.55,12.13,2,1
1656.847,-7.286361,112.795953,0.77,0.519,0.148,4.92,4.79,339.75,339.75,0.00,7.21,0,0.0,0.02,0.00,0.99,0.24,0.18,1.77,1920,0,11.60,12.00,2,1
1656.947,-7.286359,112.795952,0.93,1.104,0.025,4.74,4.97,339.70,339.70,0.00,7.21,0,0.0,0.02,0.00,0.98,-0.30,0.12,1.70,1920,0,11.51,12.12,2,1
1657.047,-7.286359,112.795952,0.81,0.773,0.018,4.74,4.79,339.66,339.66,0.00,7.43,0,0.0,0.02,0.00,0.99,0.00,0.00,1.77,1920,0,11.43,12.06,2,1
1657.147,-7.286358,112.795952,0.78,0.854,0.129,4.80,4.43,339.62,339.62,0.00,7.56,0,0.0,0.02,0.00,0.99,-0.24,0.00,1.77,1920,0,11.53,12.01,2,1
1657.247,-7.286357,112.795952,0.83,0.910,0.207,5.03,4.79,339.58,339.58,0.00,7.50,0,0.0,0.02,0.00,0.99,-0.12,0.00,1.70,1920,0,11.61,12.17,2,1
1657.347,-7.286357,112.795952,0.79,0.637,0.146,4.44,4.73,339.54,339.54,0.00,7.31,0,0.0,0.02,0.00,0.99,-0.61,0.00,1.83,1920,0,11.58,12.02,2,1
1657.447,-7.286356,112.795951,0.80,0.874,-0.091,5.15,4.79,339.50,339.50,0.00,7.26,0,0.0,0.01,0.00,0.99,-0.48,-0.06,1.64,1920,0,11.72,12.09,2,1
1657.547,-7.286355,112.795951,0.87,0.924,0.054,4.38,4.55,339.46,339.46,0.00,7.63,0,0.0,0.01,0.00,0.99,0.00,0.00,1.70,1920,0,11.67,12.10,2,1
1657.647,-7.286355,112.795951,0.81,0.647,0.038,4.74,4.55,339.42,339.42,0.00,7.72,0,0.0,0.02,0.00,1.00,0.36,0.12,1.58,1920,0,11.62,12.07,2,1
1657.747,-7.286354,112.795951,0.86,0.765,0.144,4.86,5.38,339.38,339.38,0.00,7.75,0,0.0,0.02,0.00,0.99,0.24,0.12,1.70,1920,0,11.55,12.10,2,1
1657.847,-7.286353,112.795951,0.81,0.848,0.219,4.68,4.73,339.35,339.35,0.00,7.64,0,0.0,0.02,0.00,0.99,-0.12,0.00,1.64,1920,0,11.57,12.04,2,1
1657.947,-7.286352,112.795951,0.72,0.905,0.272,5.21,5.03,339.30,339.30,0.00,7.42,0,0.0,0.01,0.00,0.98,-0.18,0.06,1.83,1920,0,11.62,12.07,2,1
1658.047,-7.286352,112.795951,0.83,0.634,0.191,4.92,4.67,339.26,339.26,0.00,7.25,0,0.0,0.01,0.00,0.99,-0.06,-0.24,1.77,1920,0,11.68,12.09,2,1
1658.147,-7.286351,112.795951,0.81,0.755,0.252,4.92,4.49,339.21,339.21,0.00,7.20,0,0.0,0.02,0.00,0.99,0.06,0.00,1.77,1920,0,11.45,12.07,2,1
1658.247,-7.286350,112.795951,0.81,0.840,0.296,4.68,4.91,339.16,339.16,0.00,7.05,0,0.0,0.02,0.00,0.99,0.67,0.12,1.70,1920,0,11.54,12.07,2,1
1658.347,-7.286349,112.795950,0.80,1.018,0.017,4.92,4.49,339.12,339.12,0.00,6.86,0,0.0,0.02,-0.01,1.00,0.00,0.00,1.77,1920,0,11.49,12.08,2,1
1658.447,-7.286349,112.795950,0.82,0.712,0.013,4.80,4.97,339.06,339.06,0.00,7.21,0,0.0,0.02,0.00,0.99,0.00,0.00,1.89,1920,0,11.45,12.08,2,1
1658.547,-7.286348,112.795950,0.86,0.810,0.129,4.86,4.07,339.00,339.00,0.00,7.45,0,0.0,0.01,0.00,0.99,-0.12,-0.06,1.95,1920,0,11.68,12.15,2,1
1658.647,-7.286347,112.795950,0.78,0.878,0.211,4.68,4.67,338.93,338.93,0.00,7.46,0,0.0,0.02,0.00,0.99,-0.36,0.00,1.95,1920,0,11.63,12.09,2,1
1658.747,-7.286347,112.795950,0.79,0.615,0.148,4.97,4.55,338.88,338.88,0.00,7.37,0,0.0,0.02,0.00,0.99,-0.12,0.12,1.89,1920,0,11.54,12.12,2,1
1658.847,-7.286347,112.795950,0.79,0.430,0.104,5.21,4.61,338.82,338.82,0.00,7.30,0,0.0,0.02,0.00,0.99,0.30,-0.06,1.77,1920,0,11.51,12.01,2,1
1658.947,-7.286345,112.795950,0.77,0.923,0.315,4.56,4.31,338.77,338.77,0.00,7.31,0,0.0,0.02,0.00,0.98,0.42,0.24,1.83,1920,0,11.73,12.07,2,1
1659.047,-7.286344,112.795949,0.82,1.077,0.034,4.32,4.67,338.71,338.71,0.00,6.96,0,0.0,0.02,0.00,0.99,0.48,-0.12,1.70,1920,0,11.60,12.12,2,1
1659.147,-7.286344,112.795949,0.78,0.754,0.024,4.50,4.55,338.65,338.65,0.00,7.30,0,0.0,0.01,0.00,0.99,0.00,0.06,1.83,1920,0,11.50,12.02,2,1
1659.247,-7.286343,112.795949,0.81,0.838,0.139,4.62,4.37,338.60,338.60,0.00,7.47,0,0.0,0.01,0.00,0.99,0.12,0.06,1.83,1920,0,11.60,12.08,2,1
1659.347,-7.286342,112.795949,0.75,0.897,0.220,4.80,4.73,338.53,338.53,0.00,7.39,0,0.0,0.02,0.00,0.99,0.06,-0.06,1.89,1920,0,11.54,12.04,2,1
1659.447,-7.286342,112.795949,0.84,0.628,0.155,2.54,4.67,338.46,338.46,0.00,7.27,0,0.0,0.02,0.00,0.99,0.06,0.18,1.95,1920,0,11.70,12.00,2,1
1659.547,-7.286341,112.795949,0.80,0.749,0.232,4.44,4.55,338.39,338.39,0.00,7.30,0,0.0,0.02,0.00,0.99,0.00,0.12,2.07,1920,0,11.60,11.98,2,1
1659.647,-7.286340,112.795948,0.82,0.957,-0.021,5.09,4.55,338.32,338.32,0.00,7.15,0,0.0,0.02,0.00,0.99,-0.48,0.12,1.95,1920,0,11.51,12.06,2,1
1659.747,-7.286340,112.795948,0.77,0.670,-0.014,5.09,4.61,338.27,338.27,0.00,7.55,0,0.0,0.02,0.00,1.00,-0.18,0.12,1.83,1920,0,11.60,12.04,2,1
1659.847,-7.286340,112.795948,0.77,0.469,-0.010,4.68,4.49,338.22,338.22,0.00,7.70,0,0.0,0.02,0.00,0.99,-0.30,0.00,1.77,1920,0,11.49,12.08,2,1
1659.947,-7.286338,112.795948,0.85,0.947,0.242,5.09,4.49,338.17,338.17,0.00,7.78,0,0.0,0.02,0.00,0.99,-0.48,0.00,1.70,1920,0,11.51,12.07,2,1
1660.047,-7.286337,112.795948,0.75,0.973,0.294,4.97,4.43,338.12,338.12,0.00,7.41,0,0.0,0.01,0.00,0.99,-0.06,-0.06,1.83,1920,0,11.47,12.07,2,1
1660.147,-7.286336,112.795948,0.84,0.990,0.331,5.39,4.61,338.07,338.07,0.00,7.04,0,0.0,0.02,0.00,0.99,0.61,-0.06,1.77,1920,0,11.46,12.18,2,1
1660.247,-7.286336,112.795948,0.78,0.693,0.232,4.26,4.19,338.02,338.02,0.00,6.67,0,0.0,0.02,0.00,0.99,0.42,0.00,1.77,1920,0,11.66,12.20,2,1
1660.347,-7.286335,112.795947,0.87,0.918,-0.019,4.44,4.97,337.97,337.97,0.00,6.56,0,0.0,0.02,0.00,0.99,0.06,0.06,1.77,1920,0,11.68,12.14,2,1
1660.447,-7.286334,112.795947,0.74,0.952,0.113,4.50,5.03,337.92,337.92,0.00,6.99,0,0.0,0.02,0.00,0.99,-0.30,0.36,1.70,1920,0,11.47,12.08,2,1
1660.547,-7.286334,112.795947,0.77,0.666,0.079,4.92,4.07,337.89,337.89,0.00,6.96,0,0.0,0.02,0.00,0.99,-0.36,0.00,1.58,1920,0,11.63,12.06,2,1
1660.647,-7.286333,112.795947,0.83,0.775,0.182,4.74,4.85,337.85,337.85,0.00,6.93,0,0.0,0.01,0.00,0.99,-0.48,0.00,1.64,1920,0,11.48,12.10,2,1
1660.747,-7.286332,112.795947,0.81,0.852,0.254,4.80,4.73,337.81,337.81,0.00,6.69,0,0.0,0.02,0.00,0.99,-0.18,0.06,1.58,1920,0,11.54,12.17,2,1
1660.947,-7.286331,112.795946,0.81,0.813,0.088,4.92,4.61,337.76,337.76,0.00,6.10,0,0.0,0.01,0.00,0.99,0.30,0.24,1.52,1920,0,11.36,12.00,2,1
1661.047,-7.286330,112.795946,0.77,0.878,0.188,5.15,5.80,337.74,337.74,0.00,6.55,0,0.0,0.02,0.00,0.99,0.73,0.00,1.46,1920,0,11.69,11.80,2,1
1661.147,-7.286329,112.795946,0.85,0.923,0.259,3.96,4.31,337.71,337.71,0.00,6.47,0,0.0,0.02,0.00,0.98,0.67,0.00,1.46,1920,0,11.58,12.05,2,1
1661.247,-7.286329,112.795946,0.77,0.646,0.181,4.08,4.19,337.68,337.68,0.00,6.20,0,0.0,0.02,0.00,0.99,0.54,0.00,1.52,1920,0,11.55,12.17,2,1
1661.347,-7.286328,112.795945,0.78,0.886,-0.052,3.73,3.78,337.65,337.65,0.00,6.10,0,0.0,0.02,0.00,0.99,0.06,-0.06,1.46,1920,0,11.61,12.17,2,1
1661.447,-7.286327,112.795945,0.81,0.929,0.091,3.78,4.19,337.62,337.62,0.00,6.63,0,0.0,0.02,0.00,0.99,-0.42,0.06,1.46,1920,0,11.56,12.23,2,1
1661.547,-7.286327,112.795945,0.78,0.650,0.064,4.14,4.07,337.59,337.59,0.00,6.64,0,0.0,0.02,0.00,0.99,-0.61,0.00,1.58,1920,0,11.54,12.06,2,1
1661.647,-7.286326,112.795944,0.82,0.890,-0.133,4.38,4.31,337.56,337.56,0.00,6.67,0,0.0,0.02,0.00,0.99,-0.73,0.18,1.46,1920,0,11.53,12.35,2,1
1661.747,-7.286325,112.795944,0.74,0.931,0.034,4.14,4.02,337.54,337.54,0.00,7.26,0,0.0,0.01,0.00,0.99,-0.54,0.18,1.46,1920,0,11.59,12.00,2,1
1661.847,-7.286325,112.795944,0.79,0.652,0.024,3.84,3.90,337.52,337.52,0.00,7.23,0,0.0,0.02,0.00,0.99,0.12,-0.12,1.46,1920,0,11.79,11.82,2,1
1661.947,-7.286324,112.795944,0.79,0.764,0.145,3.84,4.19,337.49,337.49,0.00,7.22,0,0.0,0.02,0.00,0.99,0.42,0.00,1.70,1920,0,11.59,12.04,2,1
1662.047,-7.286323,112.795943,0.77,0.970,-0.076,3.90,3.96,337.46,337.46,0.00,6.96,0,0.0,0.02,0.00,1.00,1.03,-0.18,1.52,1920,0,11.46,12.12,2,1
1662.147,-7.286323,112.795943,0.76,0.679,-0.053,4.02,3.90,337.42,337.42,0.00,7.53,0,0.0,0.01,0.00,0.99,0.30,0.00,1.64,1920,0,11.67,12.06,2,1
1662.247,-7.286322,112.795943,0.82,0.783,0.092,5.39,5.26,337.39,337.39,0.00,7.83,0,0.0,0.02,0.00,0.99,0.12,0.00,1.70,1920,0,11.55,11.87,2,1
1662.347,-7.286321,112.795942,0.79,0.984,-0.112,4.62,5.03,337.35,337.35,0.00,7.70,0,0.0,0.02,0.00,0.99,-0.67,0.06,1.52,1920,0,11.68,12.12,2,1
1662.447,-7.286321,112.795942,0.74,0.689,-0.078,5.15,4.91,337.32,337.32,0.00,8.35,0,0.0,0.02,0.00,0.99,-1.15,0.18,1.34,1920,0,11.62,12.13,2,1
1662.547,-7.286320,112.795942,0.81,0.790,0.074,6.22,5.68,337.31,337.31,0.00,8.62,0,0.0,0.02,-0.01,0.99,-1.03,0.12,1.46,1920,0,11.64,12.01,2,1
1662.847,-7.286318,112.795941,0.77,0.801,0.036,5.87,5.98,337.29,337.29,0.00,8.32,0,0.0,0.02,0.00,0.99,0.67,-0.18,1.22,1920,0,11.53,12.06,2,1
1662.947,-7.286317,112.795941,0.82,0.868,0.154,5.93,5.74,337.29,337.29,0.00,8.55,0,0.0,0.02,0.00,0.98,0.42,0.12,1.28,1920,0,11.51,12.18,2,1
1663.047,-7.286316,112.795941,0.79,0.915,0.237,5.75,5.62,337.29,337.29,0.00,8.27,0,0.0,0.02,0.00,0.99,0.42,0.06,1.15,1920,0,11.50,12.02,2,1
1663.147,-7.286316,112.795940,0.79,0.768,-0.140,5.75,5.56,337.30,337.30,0.00,7.71,0,0.0,0.02,0.00,0.98,-0.24,0.06,1.22,1979,0,11.49,12.13,2,1
1663.247,-7.286315,112.795940,0.81,0.846,0.031,5.63,5.38,337.31,337.31,0.00,8.60,0,0.0,0.02,0.01,0.99,-0.73,0.00,1.22,1920,0,11.57,12.16,2,1
1663.347,-7.286314,112.795940,0.79,0.900,0.150,5.63,5.32,337.32,337.32,0.00,8.68,0,0.0,0.02,0.00,0.99,-0.85,-0.06,1.09,1920,0,11.60,12.04,2,1
1663.447,-7.286313,112.795940,0.78,0.938,0.233,5.63,5.26,337.33,337.33,0.00,8.28,0,0.0,0.02,0.00,0.99,-0.42,0.12,1.15,1920,0,11.55,12.00,2,1
1663.547,-7.286313,112.795939,0.83,0.784,-0.142,5.87,5.62,337.35,337.35,0.00,7.65,0,0.0,0.02,0.00,0.99,0.18,-0.24,0.97,1920,0,11.62,12.04,2,1
1663.647,-7.286312,112.795939,0.78,0.857,0.028,5.81,5.86,337.39,337.39,0.00,8.60,0,0.0,0.02,0.00,0.99,0.61,0.00,0.85,1920,0,11.55,12.12,2,1
1663.747,-7.286311,112.795939,0.83,0.908,0.148,5.63,5.92,337.42,337.42,0.00,8.55,0,0.0,0.02,0.01,0.99,0.06,0.00,0.85,1920,0,11.64,12.15,2,1
1663.847,-7.286311,112.795939,0.83,0.635,0.103,5.63,6.27,337.46,337.46,0.00,38.55,0,0.0,0.02,0.01,0.98,0.18,0.30,0.91,1920,0,11.51,12.12,2,1
1663.947,-7.286310,112.795939,0.78,0.753,0.200,19.91,19.52,337.48,337.48,0.00,40.00,0,0.0,0.02,0.00,0.99,-0.54,-0.06,0.91,1920,0,11.67,11.50,2,1
1664.047,-7.286309,112.795938,0.83,0.962,-0.039,37.05,36.86,337.54,337.54,0.00,40.00,0,0.0,0.02,0.01,0.99,-2.44,0.18,0.36,1920,0,11.60,11.51,2,1
1664.147,-7.286309,112.795938,0.75,0.673,-0.029,37.70,37.64,337.68,337.68,0.00,40.00,0,0.0,0.02,0.00,0.99,-4.02,0.18,-0.48,1920,0,11.49,12.12,2,1
1664.247,-7.286308,112.795938,0.77,0.780,0.103,37.64,37.75,337.91,337.91,0.00,40.00,0,0.0,0.02,-0.01,0.98,-2.50,0.12,-1.09,1920,0,11.54,12.06,2,1
1664.347,-7.286307,112.795938,0.87,0.856,0.194,38.00,37.40,338.19,338.19,0.00,40.00,0,0.0,0.02,0.00,0.99,0.54,-0.18,-1.58,1920,0,11.68,12.09,2,1
1664.447,-7.286306,112.795937,0.79,1.032,-0.054,38.53,37.75,338.52,338.52,0.00,40.00,0,0.0,0.02,0.00,0.99,3.11,0.06,-2.25,1920,0,11.53,12.05,2,1
1664.547,-7.286306,112.795937,0.80,0.722,-0.042,38.12,38.23,338.90,338.90,0.00,40.00,0,0.0,0.02,0.00,0.99,4.02,-0.24,-2.74,1920,0,11.54,12.02,2,1
1664.647,-7.286305,112.795937,0.78,0.817,0.084,37.82,37.58,339.32,339.32,0.00,40.00,0,0.0,0.02,0.00,0.98,2.74,-0.12,-3.29,1920,0,11.53,12.09,2,1
1664.747,-7.286304,112.795937,0.76,0.886,0.170,37.82,37.58,339.79,339.79,0.00,40.00,0,0.0,0.02,0.02,0.99,0.79,0.00,-3.90,1920,0,11.58,12.01,2,1
1664.847,-7.286304,112.795937,0.76,0.621,0.113,37.94,37.52,340.32,340.32,0.00,40.00,0,0.0,0.02,0.01,0.98,-1.95,0.00,-4.33,1920,0,11.55,12.06,2,1
1664.947,-7.286303,112.795936,0.80,0.859,-0.129,38.00,37.75,340.90,340.90,0.00,40.00,0,0.0,0.02,0.02,0.99,-2.74,-0.12,-5.06,1920,0,11.48,12.07,2,1
1665.047,-7.286302,112.795936,0.80,0.917,0.009,37.76,37.40,341.54,341.54,0.00,40.00,0,0.0,0.02,0.01,0.99,-2.74,0.12,-5.43,1920,0,11.61,12.09,2,1
1665.147,-7.286302,112.795936,0.75,0.642,-0.002,37.70,37.28,342.23,342.23,0.00,40.00,0,0.0,0.02,0.00,0.98,-0.30,0.00,-5.85,1920,0,11.54,12.08,2,1
1665.347,-7.286300,112.795935,0.78,0.816,-0.078,38.06,37.46,343.74,343.74,0.00,40.00,0,0.0,0.02,0.01,0.99,2.86,-0.30,-6.71,1920,0,11.51,12.03,2,1
1665.447,-7.286299,112.795935,0.81,0.892,0.026,37.34,38.29,344.56,344.56,0.00,40.00,0,0.0,0.02,0.02,0.99,2.74,-0.54,-7.14,1920,0,11.69,12.07,2,1
1665.547,-7.286299,112.795935,0.75,0.624,0.009,38.12,37.99,345.41,345.41,0.00,40.00,0,0.0,0.02,0.02,0.98,0.79,-0.36,-7.56,1920,0,11.49,12.09,2,1
1665.647,-7.286298,112.795935,0.75,0.761,0.078,38.00,37.81,346.31,346.31,0.00,40.00,0,0.0,0.02,0.02,0.99,-0.48,-0.42,-8.11,1920,0,11.66,12.18,2,1
1665.747,-7.286297,112.795935,0.80,0.859,0.120,37.82,37.64,347.25,347.25,0.00,40.00,0,0.0,0.02,0.01,0.99,-1.83,-0.18,-8.60,1920,0,11.60,12.03,2,1
1665.847,-7.286297,112.795935,0.80,0.603,0.073,37.58,37.52,348.23,348.23,0.00,40.00,0,0.0,0.02,0.00,0.99,-1.58,-0.18,-8.97,1920,0,11.51,12.02,2,1
1665.947,-7.286296,112.795935,0.70,0.750,0.106,37.70,37.58,349.26,349.26,0.00,40.00,0,0.0,0.02,0.00,0.99,-0.73,-0.18,-9.21,1920,0,11.68,12.17,2,1
1666.047,-7.286295,112.795934,0.76,0.911,-0.205,37.70,37.81,350.31,350.31,0.00,40.00,0,0.0,0.02,0.01,0.98,1.09,-0.24,-9.46,1920,0,11.51,12.07,2,1
1666.147,-7.286294,112.795934,0.78,0.965,-0.106,37.94,37.64,351.37,351.37,0.00,40.00,0,0.0,0.02,0.01,0.98,1.89,-0.30,-9.64,1920,0,11.56,11.98,2,1
1666.247,-7.286294,112.795934,0.74,0.674,-0.087,38.41,37.58,352.46,352.46,0.00,40.00,0,0.0,0.02,0.02,1.00,1.52,-0.67,-9.88,1920,0,11.49,12.10,2,1
1666.347,-7.286293,112.795934,0.73,0.802,-0.033,37.58,37.81,353.58,353.58,0.00,40.00,0,0.0,0.02,0.02,0.99,0.91,-0.42,-10.31,1920,0,11.72,12.10,2,1
1666.447,-7.286292,112.795934,0.80,0.893,-0.003,37.64,37.70,354.73,354.73,0.00,40.00,0,0.0,0.02,0.01,0.99,-0.48,-0.42,-10.55,1920,0,11.61,12.17,2,1
1666.547,-7.286292,112.795934,0.66,0.625,-0.015,38.06,37.28,355.90,355.90,0.00,40.00,0,0.0,0.02,0.03,0.98,-1.22,-0.42,-10.80,1920,0,11.64,12.07,2,1
1666.647,-7.286291,112.795934,0.79,0.770,-0.003,37.58,37.87,357.11,357.11,0.00,40.00,0,0.0,0.02,0.02,0.98,-1.95,-0.24,-11.04,1920,0,11.61,12.04,2,1
1666.747,-7.286291,112.795934,0.69,0.539,-0.014,37.88,37.58,358.34,358.34,0.00,40.00,0,0.0,0.02,0.02,0.99,-1.03,-0.36,-11.23,1920,0,11.51,12.06,2,1
1666.847,-7.286290,112.795934,0.69,0.711,-0.015,37.94,37.40,359.59,359.59,0.00,40.00,0,0.0,0.02,0.01,0.99,0.24,-0.48,-11.47,1920,0,11.68,12.18,2,1
1666.947,-7.286289,112.795934,0.75,0.831,-0.027,37.76,37.52,0.86,0.86,0.00,40.00,0,0.0,0.02,0.01,0.99,1.15,-0.67,-11.71,1920,0,11.56,12.17,2,1
1667.047,-7.286289,112.795934,0.70,0.581,-0.032,37.88,37.40,2.14,2.14,0.00,40.00,0,0.0,0.02,0.02,0.99,1.22,-0.48,-11.71,1920,0,11.56,12.09,2,1
1667.147,-7.286288,112.795934,0.70,0.739,-0.051,37.58,37.46,3.44,3.44,0.00,40.00,0,0.0,0.02,0.03,0.99,1.34,-0.61,-11.90,1920,0,11.49,12.00,2,1
1667.247,-7.286287,112.795934,0.75,0.849,-0.076,38.24,37.87,4.76,4.76,0.00,40.00,0,0.0,0.02,0.02,0.99,0.54,-0.54,-12.26,1920,0,11.68,12.08,2,1
1667.347,-7.286287,112.795934,0.72,0.593,-0.067,37.58,37.75,6.10,6.10,0.00,40.00,0,0.0,0.02,0.03,0.98,-0.36,-0.54,-12.51,1920,0,11.55,11.99,2,1
1667.447,-7.286286,112.795934,0.68,0.744,-0.100,38.18,37.58,7.45,7.45,0.00,40.00,0,0.0,0.02,0.03,0.98,-1.46,-0.48,-12.57,1920,0,11.62,12.09,2,1
1667.547,-7.286285,112.795934,0.72,0.849,-0.133,38.06,37.40,8.82,8.82,0.00,40.00,0,0.0,0.02,0.02,0.99,-1.70,-0.48,-12.63,1920,0,11.67,12.10,2,1
1667.647,-7.286285,112.795934,0.69,0.592,-0.108,37.58,37.46,10.21,10.21,0.00,40.00,0,0.0,0.02,0.02,0.99,-1.46,-0.54,-12.69,1920,0,11.58,12.07,2,1
1667.747,-7.286284,112.795934,0.68,0.739,-0.153,37.64,37.46,11.61,11.61,0.00,40.00,0,0.0,0.02,0.01,0.98,0.00,-0.42,-12.75,1920,0,11.54,11.99,2,1
1667.847,-7.286283,112.795934,0.68,0.840,-0.195,37.64,37.58,13.02,13.02,0.00,40.00,0,0.0,0.02,0.02,0.98,0.91,-0.67,-12.81,1920,0,11.51,12.17,2,1
1667.947,-7.286283,112.795934,0.72,0.584,-0.151,37.94,37.52,14.44,14.44,0.00,40.00,0,0.0,0.02,0.02,0.99,1.46,-0.67,-13.06,1920,0,11.73,12.06,2,1
1668.047,-7.286282,112.795934,0.68,0.727,-0.207,37.94,37.46,15.86,15.86,0.00,40.00,0,0.0,0.02,0.02,0.99,1.28,-0.73,-13.18,1920,0,11.46,12.04,2,1
1668.147,-7.286282,112.795934,0.61,0.505,-0.158,37.76,37.22,17.30,17.30,0.00,40.00,0,0.0,0.02,0.03,0.98,0.24,-0.61,-13.18,1920,0,11.61,12.02,2,1
1668.247,-7.286281,112.795934,0.73,0.667,-0.226,37.46,37.28,18.75,18.75,0.00,40.00,0,0.0,0.02,0.03,0.99,-1.15,-0.79,-13.30,1920,0,11.53,12.18,2,1
1668.347,-7.286280,112.795934,0.66,0.776,-0.285,37.46,37.70,20.20,20.20,0.00,40.00,0,0.0,0.02,0.02,0.99,-1.40,-0.48,-13.36,1920,0,11.59,12.10,2,1
1668.447,-7.286280,112.795934,0.59,0.538,-0.214,37.94,37.52,21.67,21.67,0.00,40.00,0,0.0,0.02,0.02,0.99,-1.58,-0.54,-13.48,1920,0,11.61,12.06,2,1
1668.547,-7.286279,112.795935,0.70,0.809,0.014,37.58,37.52,23.14,23.14,0.00,40.00,0,0.0,0.02,0.03,0.99,-0.30,-0.54,-13.54,1920,0,11.54,12.11,2,1
1668.647,-7.286279,112.795935,0.69,0.566,-0.005,37.82,37.46,24.62,24.62,0.00,40.00,0,0.0,0.02,0.01,0.99,0.30,-0.42,-13.42,1859,0,11.45,12.00,2,1
1668.747,-7.286278,112.795935,0.58,0.696,-0.160,37.64,37.34,26.10,26.10,0.00,40.00,0,0.0,0.02,0.02,0.99,1.58,-0.85,-13.54,1920,0,11.54,12.02,2,1
1668.847,-7.286278,112.795935,0.66,0.484,-0.125,37.64,37.87,27.58,27.58,0.00,40.00,0,0.0,0.02,0.02,0.98,1.03,-0.85,-13.61,1920,0,11.61,12.08,2,1
1668.947,-7.286277,112.795935,0.70,0.628,-0.258,37.82,38.17,29.06,29.06,0.00,40.00,0,0.0,0.02,0.03,0.99,0.24,-0.48,-13.61,1920,0,11.62,12.15,2,1
1669.047,-7.286277,112.795936,0.57,0.603,0.093,37.16,37.16,30.55,30.55,0.00,40.00,0,0.0,0.02,0.03,0.98,-0.54,-0.85,-13.73,1920,0,11.62,12.01,2,1
1669.147,-7.286276,112.795936,0.64,0.706,-0.123,37.76,37.34,32.05,32.05,0.00,40.00,0,0.0,0.02,0.02,0.98,-1.34,-0.67,-13.79,1859,0,11.60,12.00,2,1
1669.247,-7.286275,112.795936,0.65,0.770,-0.283,37.70,37.40,33.55,33.55,0.00,40.00,0,0.0,0.02,0.02,0.98,-1.34,-0.42,-13.61,1920,0,11.58,12.05,2,1
1669.347,-7.286275,112.795936,0.60,0.534,-0.213,38.00,37.46,35.06,35.06,0.00,40.00,0,0.0,0.02,0.02,0.99,0.00,-0.79,-13.79,1920,0,11.48,12.07,2,1
1669.447,-7.286274,112.795937,0.61,0.835,-0.092,37.76,37.28,36.59,36.59,0.00,40.00,0,0.0,0.02,0.02,0.99,-0.30,-0.54,-13.85,1920,0,11.48,12.00,2,1
1669.547,-7.286274,112.795937,0.57,0.582,-0.080,37.64,37.34,38.12,38.12,0.00,40.00,0,0.0,0.02,0.03,0.98,0.00,-0.30,-13.85,1920,0,11.66,12.10,2,1
1669.647,-7.286273,112.795937,0.63,0.663,-0.280,37.22,37.28,39.65,39.65,0.00,40.00,0,0.0,0.02,0.03,0.99,0.73,-0.79,-13.91,1920,0,11.54,11.96,2,1
1669.747,-7.286273,112.795938,0.61,0.676,0.041,37.52,37.64,41.18,41.18,0.00,40.00,0,0.0,0.02,0.01,0.99,0.00,-0.67,-13.73,1920,0,11.67,12.00,2,1
1669.847,-7.286273,112.795938,0.59,0.474,0.016,37.94,37.46,42.70,42.70,0.00,40.00,0,0.0,0.02,0.03,0.99,0.12,-0.91,-13.79,1920,0,11.68,12.07,2,1
1670.047,-7.286272,112.795939,0.55,0.567,-0.010,37.58,37.34,45.75,45.75,0.00,40.00,0,0.0,0.02,0.01,0.98,-1.03,-0.67,-13.79,1920,0,11.56,11.99,2,1
1670.147,-7.286271,112.795939,0.51,0.623,-0.263,37.94,37.52,47.29,47.29,0.00,40.00,0,0.0,0.02,0.03,0.99,0.06,-0.73,-13.85,1920,0,11.60,12.26,2,1
1670.247,-7.286271,112.795940,0.56,0.680,0.022,37.64,37.28,48.82,48.82,0.00,40.00,0,0.0,0.02,0.03,0.99,-0.67,-0.54,-13.91,1859,0,11.49,12.07,2,1
1670.347,-7.286271,112.795940,0.49,0.476,0.003,37.52,37.70,50.37,50.37,0.00,39.31,0,0.0,0.02,0.01,0.99,-0.30,-0.67,-13.91,1920,0,11.66,12.14,2,1
1670.447,-7.286270,112.795940,0.66,0.539,-0.270,37.16,37.28,51.90,51.90,0.00,37.41,0,0.0,0.02,0.01,1.00,0.24,-0.79,-13.79,1920,0,11.56,12.09,2,1
1670.547,-7.286270,112.795940,0.56,0.372,-0.199,36.57,35.97,53.43,53.43,0.00,35.78,0,0.0,0.02,0.02,0.98,0.30,-0.48,-13.67,1920,0,11.55,12.13,2,1
1670.647,-7.286269,112.795941,0.56,0.719,-0.229,35.32,34.49,54.95,54.95,0.00,33.98,0,0.0,0.02,0.03,0.99,-0.18,-0.73,-13.61,1920,0,11.62,12.04,2,1
1670.747,-7.286269,112.795941,0.56,0.499,-0.173,33.30,33.06,56.45,56.45,0.00,32.46,0,0.0,0.02,0.02,0.99,0.12,-0.61,-13.48,1859,0,11.43,12.00,2,1
1670.847,-7.286269,112.795941,0.43,0.346,-0.131,32.52,31.64,57.95,57.95,0.00,30.79,0,0.0,0.02,0.02,0.98,-0.48,-0.42,-13.42,1920,0,11.49,12.04,2,1
1670.947,-7.286268,112.795942,0.56,0.694,-0.217,30.44,29.32,59.45,59.45,0.00,29.02,0,0.0,0.02,0.02,0.99,-0.18,-0.67,-13.30,1920,0,11.62,12.12,2,1
1671.047,-7.286268,112.795942,0.53,0.482,-0.164,28.36,28.67,60.93,60.93,0.00,27.45,0,0.0,0.02,0.02,0.99,-0.06,-0.48,-13.12,1920,0,11.56,12.13,2,1
1671.147,-7.286267,112.795943,0.51,0.782,-0.266,26.22,26.35,62.40,62.40,0.00,25.77,0,0.0,0.02,0.01,0.99,0.79,-0.79,-12.93,1920,0,11.64,12.01,2,1
1671.247,-7.286267,112.795943,0.58,0.543,-0.200,25.03,24.33,63.85,63.85,0.00,24.34,0,0.0,0.02,0.03,0.99,0.91,-0.79,-12.75,1920,0,11.48,12.04,2,1
1671.347,-7.286267,112.795944,0.57,0.677,-0.011,23.42,23.26,65.27,65.27,0.00,22.77,0,0.0,0.02,0.02,0.99,-0.30,-0.61,-12.45,1920,0,11.46,11.89,2,1
1671.447,-7.286266,112.795944,0.54,0.606,-0.326,21.58,21.36,66.67,66.67,0.00,21.23,0,0.0,0.01,0.02,0.99,-0.73,-0.67,-12.26,1920,0,11.69,11.98,2,1
1671.547,-7.286266,112.795945,0.59,0.725,-0.114,21.46,19.82,68.04,68.04,0.00,19.94,0,0.0,0.02,0.02,0.99,-0.61,-0.79,-11.96,1920,0,11.63,12.01,2,1
1671.647,-7.286266,112.795945,0.50,0.506,-0.092,19.14,18.63,69.40,69.40,0.00,18.57,0,0.0,0.02,0.02,0.99,-0.18,-0.54,-11.77,1920,0,11.58,12.13,2,1
1671.747,-7.286266,112.795946,0.52,0.665,0.037,18.54,16.85,70.72,70.72,0.00,17.12,0,0.0,0.01,0.02,0.99,-0.12,-0.67,-11.47,1920,0,11.60,12.07,2,1
1671.847,-7.286266,112.795946,0.52,0.466,0.015,16.70,15.95,72.03,72.03,0.00,15.68,0,0.0,0.02,0.02,0.99,0.24,-0.67,-11.16,1859,0,11.67,12.05,2,1
1671.947,-7.286265,112.795947,0.62,0.739,-0.221,14.97,14.23,73.30,73.30,0.00,14.27,0,0.0,0.01,0.02,0.99,0.36,-0.54,-10.92,1920,0,11.60,11.93,2,1
1672.047,-7.286265,112.795947,0.62,0.514,-0.166,13.84,12.98,74.55,74.55,0.00,13.17,0,0.0,0.01,0.01,0.99,0.61,-0.42,-10.55,1920,0,11.57,11.88,2,1
1672.147,-7.286265,112.795948,0.48,0.678,-0.042,12.11,11.38,75.76,75.76,0.00,11.95,0,0.0,0.01,0.02,0.99,0.24,-0.67,-10.19,1920,0,11.46,11.94,2,1
1672.247,-7.286264,112.795948,0.54,0.549,-0.364,11.10,10.37,76.93,76.93,0.00,10.80,0,0.0,0.01,0.02,0.98,-0.06,-0.67,-9.88,1920,0,11.64,12.01,2,1
1672.347,-7.286264,112.795949,0.53,0.703,-0.194,9.44,9.12,78.07,78.07,0.00,9.89,0,0.0,0.02,0.03,0.99,-0.85,-0.85,-9.58,1859,0,11.68,12.00,2,1
1672.447,-7.286264,112.795949,0.58,0.489,-0.145,8.01,7.70,79.18,79.18,0.00,8.91,0,0.0,0.02,0.02,0.99,-1.22,-0.42,-9.21,1920,0,11.69,12.12,2,1
1672.547,-7.286264,112.795950,0.56,0.667,-0.052,7.77,6.99,80.27,80.27,0.00,7.88,0,0.0,0.01,0.01,0.98,-0.79,-0.36,-8.91,1920,0,11.54,11.88,2,1
1672.647,-7.286264,112.795950,0.50,0.466,-0.045,6.58,6.15,81.31,81.31,0.00,6.83,0,0.0,0.01,0.02,0.98,0.06,-0.30,-8.60,1920,0,11.69,11.99,2,1
1672.747,-7.286263,112.795951,0.57,0.698,-0.324,4.74,4.67,82.33,82.33,0.00,5.84,0,0.0,0.01,0.01,0.99,0.61,-0.48,-8.17,1920,0,11.57,12.09,2,1
1672.847,-7.286263,112.795951,0.58,0.485,-0.235,5.27,4.13,83.30,83.30,0.00,5.13,0,0.0,0.01,0.01,0.99,0.97,-0.36,-7.75,1920,0,11.61,12.07,2,1
1672.947,-7.286263,112.795952,0.54,0.666,-0.137,3.67,3.66,84.24,84.24,0.00,4.36,0,0.0,0.01,0.02,0.98,0.97,-0.48,-7.56,1859,0,11.66,12.01,2,1
1673.047,-7.286263,112.795952,0.65,0.464,-0.103,1.82,2.35,85.15,85.15,0.00,3.60,0,0.0,0.01,0.02,0.98,-0.42,-0.30,-7.08,1920,0,11.57,12.04,2,1
1673.147,-7.286263,112.795953,0.45,0.654,-0.054,4.14,2.65,86.03,86.03,0.00,2.81,0,0.0,0.01,0.02,0.99,-1.03,-0.24,-6.89,1920,0,11.67,11.97,2,1
1673.247,-7.286263,112.795953,0.62,0.457,-0.045,0.75,0.63,86.88,86.88,0.00,2.01,0,0.0,0.01,0.02,1.00,-0.67,-0.36,-6.59,1920,0,11.58,11.97,2,1
1673.347,-7.286262,112.795954,0.54,0.664,-0.356,-0.49,-0.61,87.70,87.70,0.00,1.22,0,0.0,0.01,0.02,0.99,-0.79,-0.30,-6.16,1920,0,11.63,12.01,2,1
1673.447,-7.286262,112.795954,0.54,0.461,-0.255,0.16,-0.67,88.48,88.48,0.00,0.77,0,0.0,0.01,0.02,0.99,-0.30,-0.42,-5.92,1859,0,11.56,12.06,2,1
1673.547,-7.286262,112.795955,0.58,0.651,-0.179,-1.56,-1.86,89.23,89.23,0.00,0.22,0,0.0,0.01,0.02,0.99,0.42,-0.18,-5.61,1920,0,11.67,12.07,2,1
1673.647,-7.286262,112.795956,0.49,0.785,-0.131,-2.04,-1.80,89.96,89.96,0.00,-0.30,0,0.0,0.01,0.02,0.99,1.03,-0.30,-5.43,1920,0,11.53,12.02,2,1
1673.747,-7.286262,112.795956,0.52,0.548,-0.098,-2.39,-2.75,90.67,90.67,0.00,-0.90,0,0.0,0.01,0.02,0.99,0.54,-0.30,-5.12,1920,0,11.66,11.98,2,1
1673.847,-7.286262,112.795957,0.54,0.714,-0.081,-2.99,-2.81,91.35,91.35,0.00,-1.57,0,0.0,0.01,0.02,0.99,0.12,-0.12,-4.94,1920,0,11.53,12.17,2,1
1673.947,-7.286262,112.795957,0.49,0.499,-0.062,-3.88,-3.70,91.99,91.99,0.00,-2.17,0,0.0,0.01,0.02,0.99,-0.36,-0.18,-4.63,1920,0,11.44,12.06,2,1
1674.047,-7.286262,112.795958,0.58,0.679,-0.062,-3.46,-3.99,92.60,92.60,0.00,-2.66,0,0.0,0.01,0.01,0.99,-1.22,-0.12,-4.33,1920,0,11.55,12.02,2,1
1674.147,-7.286262,112.795958,0.49,0.475,-0.049,-4.83,-4.47,93.20,93.20,0.00,-3.12,0,0.0,0.01,0.02,0.98,-0.79,-0.18,-4.02,1920,0,11.67,12.00,2,1
1674.247,-7.286262,112.795959,0.61,0.662,-0.059,-5.55,-5.48,93.76,93.76,0.00,-3.62,0,0.0,0.01,0.02,0.99,0.00,-0.54,-3.78,1920,0,11.60,12.00,2,1
1674.347,-7.286262,112.795959,0.62,0.463,-0.046,-5.61,-5.95,94.31,94.31,0.00,-4.06,0,0.0,0.01,0.01,0.98,1.09,-0.30,-3.60,1920,0,11.68,12.00,2,1
1674.447,-7.286262,112.795960,0.57,0.654,-0.063,-6.62,-6.61,94.83,94.83,0.00,-4.51,0,0.0,0.02,0.01,0.99,1.34,-0.24,-3.41,1920,0,11.51,12.13,2,1
1674.547,-7.286262,112.795960,0.57,0.457,-0.048,-6.38,-6.73,95.32,95.32,0.00,-4.92,0,0.0,0.01,0.01,0.98,0.06,0.00,-3.05,1920,0,11.66,11.97,2,1
1674.647,-7.286261,112.795961,0.59,0.615,-0.402,-6.44,-6.96,95.80,95.80,0.00,-5.29,0,0.0,0.01,0.03,0.99,0.12,-0.18,-2.86,1920,0,11.50,11.89,2,1
1674.747,-7.286261,112.795962,0.55,0.757,-0.320,-7.81,-8.03,96.25,96.25,0.00,-5.35,0,0.0,0.01,0.02,0.98,-1.03,0.18,-2.62,1920,0,11.44,12.01,2,1
1674.847,-7.286261,112.795962,0.55,0.528,-0.228,-7.33,-7.44,96.67,96.67,0.00,-5.53,0,0.0,0.01,0.02,0.99,-1.40,-0.18,-2.50,1920,0,11.55,11.98,2,1
1674.947,-7.286262,112.795963,0.55,0.738,0.128,-6.74,-7.44,97.09,97.09,0.00,-5.77,0,0.0,0.01,0.02,0.99,-1.09,-0.12,-2.44,1920,0,11.47,12.12,2,1
1675.047,-7.286262,112.795963,0.60,0.517,0.086,-7.99,-8.33,97.48,97.48,0.00,-6.37,0,0.0,0.01,0.00,0.99,-0.61,0.00,-2.01,1920,0,11.58,12.21,2,1
1675.147,-7.286262,112.795963,0.54,0.363,0.058,-8.05,-8.03,97.86,97.86,0.00,-6.76,0,0.0,0.01,0.02,0.99,0.67,-0.12,-2.01,1920,0,11.63,12.01,2,1
1675.247,-7.286262,112.795964,0.64,0.582,-0.008,-9.30,-9.16,98.21,98.21,0.00,-7.14,0,0.0,0.01,0.01,0.99,0.61,0.00,-1.77,1920,0,11.68,12.08,2,1
1675.347,-7.286262,112.795965,0.61,0.734,-0.057,-9.41,-9.22,98.54,98.54,0.00,-7.37,0,0.0,0.01,0.01,0.98,0.79,-0.06,-1.58,1920,0,11.82,12.07,2,1
1675.447,-7.286262,112.795965,0.62,0.514,-0.043,-9.59,-9.28,98.84,98.84,0.00,-7.55,0,0.0,0.01,0.02,0.98,0.00,-0.18,-1.28,1920,0,11.57,12.02,2,1
1675.547,-7.286262,112.795966,0.63,0.686,-0.084,-10.01,-9.64,99.12,99.12,0.00,-7.67,0,0.0,0.01,0.02,0.99,-0.61,0.00,-1.09,1920,0,11.62,12.09,2,1
1675.647,-7.286262,112.795967,0.67,0.807,-0.115,-9.35,-10.29,99.39,99.39,0.00,-7.76,0,0.0,0.02,0.02,0.99,-1.03,-0.24,-0.85,1920,0,11.49,12.07,2,1
1675.747,-7.286262,112.795967,0.61,0.564,-0.083,-9.53,-9.99,99.63,99.63,0.00,-7.86,0,0.0,0.01,0.02,0.99,-0.79,0.18,-0.79,1920,0,11.55,12.17,2,1
1675.847,-7.286262,112.795968,0.60,0.721,-0.116,-9.95,-10.11,99.84,99.84,0.00,-7.95,0,0.0,0.01,0.01,0.99,-1.28,-0.06,-0.48,1920,0,11.72,12.10,2,1
1675.947,-7.286262,112.795968,0.65,0.504,-0.083,-10.37,-10.11,100.04,100.04,0.00,-7.93,0,0.0,0.01,0.00,0.99,-0.97,0.06,-0.30,1920,0,11.60,12.18,2,1
1676.047,-7.286262,112.795969,0.59,0.678,-0.118,-9.53,-10.35,100.21,100.21,0.00,-7.96,0,0.0,0.01,0.00,0.99,0.24,-0.24,-0.12,1920,0,11.72,12.09,2,1
1676.147,-7.286262,112.795970,0.64,0.800,-0.143,-10.60,-10.94,100.37,100.37,0.00,-7.90,0,0.0,0.01,0.01,0.99,1.09,-0.24,0.00,1920,0,11.59,12.09,2,1
1676.247,-7.286262,112.795970,0.60,0.560,-0.102,-10.49,-10.77,100.52,100.52,0.00,-7.88,0,0.0,0.01,0.01,0.98,1.34,-0.18,0.06,1920,0,11.45,12.04,2,1
1676.347,-7.286262,112.795971,0.64,0.717,-0.133,-10.37,-10.82,100.66,100.66,0.00,-7.91,0,0.0,0.01,0.02,0.99,0.42,0.12,0.24,1920,0,11.59,12.04,2,1
1676.447,-7.286263,112.795971,0.64,0.564,0.233,-10.54,-10.59,100.78,100.78,0.00,-7.93,0,0.0,0.01,0.02,0.99,-0.48,0.18,0.48,1920,0,11.68,12.09,2,1
1676.547,-7.286263,112.795972,0.66,0.720,0.100,-10.13,-10.47,100.88,100.88,0.00,-8.22,0,0.0,0.01,0.01,0.99,-0.97,0.12,0.67,1920,0,11.61,12.02,2,1
1676.647,-7.286263,112.795973,0.62,0.829,0.007,-10.37,-10.88,100.95,100.95,0.00,-8.28,0,0.0,0.01,0.01,0.99,-1.46,0.00,0.91,1920,0,11.48,11.93,2,1
1676.747,-7.286263,112.795973,0.52,0.580,0.004,-11.26,-10.05,101.01,101.01,0.00,-8.14,0,0.0,0.01,0.01,0.99,-0.73,-0.18,0.91,1920,0,11.62,12.15,2,1
1676.847,-7.286263,112.795974,0.58,0.731,-0.061,-10.78,-10.41,101.05,101.05,0.00,-8.06,0,0.0,0.01,0.00,0.99,0.12,-0.06,1.09,1920,0,11.60,12.15,2,1
1676.947,-7.286263,112.795974,0.65,0.512,-0.043,-10.96,-10.47,101.07,101.07,0.00,-7.89,0,0.0,0.02,0.00,1.00,0.91,-0.06,1.28,1920,0,11.61,12.06,2,1
1677.047,-7.286263,112.795975,0.65,0.683,-0.094,-10.37,-10.41,101.08,101.08,0.00,-7.72,0,0.0,0.01,0.00,0.99,0.61,0.00,1.46,1920,0,11.67,12.08,2,1
1677.147,-7.286264,112.795976,0.66,0.867,0.198,-10.66,-10.77,101.08,101.08,0.00,-7.55,0,0.0,0.01,0.02,0.99,0.85,-0.18,1.52,1920,0,11.60,12.09,2,1
1677.247,-7.286264,112.795976,0.60,0.607,0.139,-10.84,-10.71,101.07,101.07,0.00,-7.70,0,0.0,0.01,0.01,0.98,-0.24,0.00,1.64,1920,0,11.56,12.02,2,1
1677.347,-7.286264,112.795977,0.64,0.749,0.034,-11.02,-10.59,101.05,101.05,0.00,-7.69,0,0.0,0.01,0.01,0.98,-0.79,-0.06,1.70,1920,0,11.43,12.00,2,1
1677.447,-7.286264,112.795978,0.68,0.849,-0.039,-10.72,-10.59,101.01,101.01,0.00,-7.58,0,0.0,0.01,0.01,0.99,-1.22,0.06,1.83,1920,0,11.67,12.07,2,1
1677.547,-7.286264,112.795978,0.63,0.595,-0.027,-10.31,-9.93,100.95,100.95,0.00,-7.38,0,0.0,0.01,0.00,0.99,-1.09,0.24,2.13,1920,0,11.55,12.09,2,1
1677.647,-7.286264,112.795979,0.69,0.741,-0.081,-10.31,-10.41,100.89,100.89,0.00,-7.13,0,0.0,0.01,0.01,0.99,-0.48,0.06,2.07,1920,0,11.46,12.06,2,1
1677.847,-7.286265,112.795980,0.64,0.713,0.078,-8.46,-10.17,100.72,100.72,0.00,-6.64,0,0.0,0.01,0.00,0.99,1.15,0.06,2.38,1920,0,11.60,12.14,2,1
1677.947,-7.286265,112.795981,0.62,0.824,-0.005,-9.47,-9.76,100.61,100.61,0.00,-6.67,0,0.0,0.01,0.00,0.99,0.97,0.00,2.50,1920,0,11.64,12.06,2,1
1678.047,-7.286265,112.795981,0.58,0.577,-0.003,-9.53,-9.40,100.50,100.50,0.00,-6.51,0,0.0,0.02,0.00,0.99,0.42,0.12,2.44,1920,0,11.54,12.07,2,1
1678.147,-7.286265,112.795982,0.60,0.729,-0.061,-9.53,-10.11,100.38,100.38,0.00,-6.33,0,0.0,0.01,0.00,0.99,-0.61,0.24,2.56,1920,0,11.67,12.12,2,1
1678.247,-7.286265,112.795982,0.68,0.511,-0.041,-9.35,-9.70,100.25,100.25,0.00,-6.06,0,0.0,0.01,0.01,0.99,-0.91,0.12,2.74,1920,0,11.67,12.10,2,1
1678.347,-7.286265,112.795983,0.63,0.683,-0.086,-9.89,-9.34,100.11,100.11,0.00,-5.78,0,0.0,0.01,0.00,0.98,-1.09,0.06,2.86,1920,0,11.51,12.14,2,1
1678.447,-7.286265,112.795984,0.70,0.804,-0.116,-9.06,-9.10,99.95,99.95,0.00,-5.45,0,0.0,0.01,0.00,0.99,-0.42,0.00,2.86,1920,0,11.62,12.04,2,1
1678.547,-7.286265,112.795984,0.47,0.563,-0.080,-9.12,-9.04,99.78,99.78,0.00,-5.06,0,0.0,0.01,0.00,0.98,0.00,0.12,2.99,1920,0,11.68,12.07,2,1
1678.647,-7.286266,112.795985,0.67,0.776,0.219,-8.40,-8.63,99.61,99.61,0.00,-4.71,0,0.0,0.01,0.00,0.99,0.67,0.00,3.11,1920,0,11.56,12.12,2,1
1678.747,-7.286266,112.795986,0.65,0.869,0.101,-7.75,-7.80,99.43,99.43,0.00,-4.69,0,0.0,0.02,0.00,0.99,0.61,0.06,3.11,1920,0,11.57,12.12,2,1
1678.847,-7.286266,112.795986,0.65,0.608,0.073,-8.05,-8.15,99.25,99.25,0.00,-4.53,0,0.0,0.01,0.01,0.99,0.48,0.24,3.23,1920,0,11.62,12.07,2,1
1678.947,-7.286266,112.795987,0.66,0.752,0.000,-7.99,-7.80,99.05,99.05,0.00,-4.26,0,0.0,0.01,0.01,0.99,-0.06,0.18,3.29,1920,0,11.59,12.20,2,1
1679.047,-7.286266,112.795988,0.73,0.854,-0.049,-8.11,-8.03,98.84,98.84,0.00,-3.94,0,0.0,0.01,0.00,0.98,-1.03,0.18,3.47,1920,0,11.37,12.07,2,1
1679.147,-7.286266,112.795988,0.68,0.598,-0.032,-6.74,-7.85,98.62,98.62,0.00,-3.51,0,0.0,0.01,0.00,0.99,-0.61,-0.06,3.60,1920,0,11.60,12.01,2,1
1679.247,-7.286266,112.795989,0.73,0.746,-0.069,-7.15,-6.61,98.38,98.38,0.00,-3.06,0,0.0,0.01,0.00,0.99,-0.24,0.12,3.66,1920,0,11.45,12.06,2,1
1679.347,-7.286267,112.795990,0.72,0.897,0.237,-6.26,-6.49,98.14,98.14,0.00,-2.58,0,0.0,0.02,0.00,0.99,0.61,0.18,3.66,1920,0,11.64,12.17,2,1
1679.447,-7.286267,112.795990,0.69,0.627,0.169,-5.96,-6.25,97.89,97.89,0.00,-2.49,0,0.0,0.01,0.00,0.99,-0.12,0.30,3.90,1920,0,11.72,12.06,2,1
1679.547,-7.286267,112.795991,0.69,0.766,0.076,-5.73,-5.48,97.62,97.62,0.00,-2.20,0,0.0,0.01,0.00,0.99,0.00,0.30,4.15,1920,0,11.48,12.03,2,1
1679.647,-7.286267,112.795991,0.58,0.536,0.056,-5.55,-5.42,97.34,97.34,0.00,-1.76,0,0.0,0.01,0.00,0.99,-0.06,0.00,4.02,1920,0,11.51,12.08,2,1
1679.747,-7.286267,112.795992,0.82,0.704,0.000,-5.07,-4.53,97.06,97.06,0.00,-1.28,0,0.0,0.02,0.00,0.98,0.12,-0.30,3.90,1920,0,11.44,11.79,2,1
1679.847,-7.286267,112.795992,0.82,0.492,0.003,-4.42,-4.71,96.80,96.80,0.00,-0.87,0,0.0,0.01,0.00,0.99,-0.12,0.00,3.96,1920,0,11.60,12.06,2,1
1679.947,-7.286267,112.795994,0.78,1.002,-0.072,-4.12,-4.53,96.53,96.53,0.00,-0.52,0,0.0,0.01,0.00,1.00,-0.42,0.06,4.02,1920,0,11.54,12.06,2,1
1680.047,-7.286267,112.795994,0.82,0.702,-0.047,-3.70,-3.99,96.23,96.23,0.00,-0.13,0,0.0,0.01,0.00,0.99,-0.85,0.48,4.39,1859,0,11.60,12.18,2,1
1680.147,-7.286268,112.795995,0.75,0.855,0.268,-2.93,-3.22,95.92,95.92,0.00,0.43,0,0.0,0.01,0.00,0.98,-0.24,0.36,4.39,1920,0,11.58,11.75,2,1
1680.347,-7.286268,112.795996,0.77,0.761,0.178,-2.33,-2.45,95.32,95.32,0.00,0.91,0,0.0,0.01,0.00,0.98,0.42,0.06,4.08,1920,0,11.48,12.05,2,1
1680.447,-7.286268,112.795997,0.78,0.862,0.098,-1.62,-1.26,95.04,95.04,0.00,1.23,0,0.0,0.02,0.00,0.99,0.73,-0.30,4.21,1920,0,11.55,12.13,2,1
1680.547,-7.286268,112.795997,0.70,0.603,0.072,-2.39,-2.33,94.75,94.75,0.00,1.53,0,0.0,0.02,0.00,0.99,-0.18,0.12,4.15,1859,0,11.61,12.22,2,1
1680.647,-7.286268,112.795998,0.76,0.752,0.027,-1.92,-2.15,94.47,94.47,0.00,1.88,0,0.0,0.02,0.01,1.00,-0.85,0.36,3.96,1920,0,11.62,12.14,2,1
1680.747,-7.286268,112.795999,0.74,0.856,-0.003,-1.02,-1.44,94.19,94.19,0.00,2.26,0,0.0,0.01,0.00,0.99,-1.22,0.30,3.96,1920,0,11.67,12.08,2,1
1680.847,-7.286268,112.795999,0.74,0.599,0.001,-0.79,-1.02,93.90,93.90,0.00,0.00,0,0.0,0.01,0.00,0.99,-0.85,0.30,4.02,1920,0,11.47,12.09,2,1
1680.947,-7.286269,112.796000,0.78,0.771,0.315,-0.13,-0.55,93.61,93.61,0.00,3.03,0,0.0,0.02,0.00,0.99,-0.12,0.00,4.15,1920,0,11.44,12.05,2,1
1681.047,-7.286269,112.796001,0.81,0.869,0.204,0.04,0.15,93.33,93.33,0.00,3.09,0,0.0,0.01,0.00,0.99,0.30,0.00,3.96,1979,0,11.67,12.07,2,1
1681.147,-7.286269,112.796002,0.74,0.938,0.128,0.39,0.39,93.05,93.05,0.00,3.26,0,0.0,0.01,0.00,0.98,0.48,0.12,3.90,1920,0,11.54,12.14,2,1
1681.247,-7.286269,112.796002,0.80,0.656,0.093,-0.07,-0.43,92.79,92.79,0.00,3.53,0,0.0,0.02,0.00,1.00,0.18,-0.06,3.96,1920,0,11.63,12.12,2,1
1681.347,-7.286269,112.796003,0.74,0.790,0.052,0.27,0.69,92.52,92.52,0.00,0.00,0,0.0,0.01,0.00,0.99,-0.48,0.12,3.84,1920,0,11.60,12.15,2,1
1681.447,-7.286269,112.796004,0.72,0.883,0.026,-1.44,-0.79,92.26,92.26,0.00,4.14,0,0.0,0.02,0.00,0.99,-0.61,0.24,3.66,1920,0,11.64,12.08,2,1
1681.547,-7.286270,112.796004,0.78,0.630,0.354,0.87,0.69,92.01,92.01,0.00,4.44,0,0.0,0.01,-0.01,0.99,-0.73,0.06,3.72,1979,0,11.63,12.13,2,1
1681.647,-7.286270,112.796005,0.70,0.770,0.240,2.42,1.76,91.75,91.75,0.00,4.28,0,0.0,0.01,0.00,0.99,-0.06,-0.06,3.60,1920,0,11.63,12.15,2,1
1681.747,-7.286270,112.796006,0.82,0.869,0.162,1.82,1.46,91.51,91.51,0.00,0.00,0,0.0,0.02,0.00,0.99,0.54,0.06,3.60,1920,0,11.43,12.06,2,1
1681.847,-7.286270,112.796007,0.74,0.939,0.108,-0.01,-0.67,91.27,91.27,0.00,4.65,0,0.0,0.02,-0.01,0.99,0.73,0.06,3.35,1920,0,11.57,12.12,2,1
1681.947,-7.286270,112.796007,0.69,0.657,0.078,1.40,1.82,91.04,91.04,0.00,4.88,0,0.0,0.01,-0.01,0.99,0.48,0.12,3.66,1920,0,11.61,11.92,2,1
1682.047,-7.286270,112.796008,0.80,0.790,0.052,2.24,2.89,90.80,90.80,0.00,5.15,0,0.0,0.02,0.00,0.99,0.61,-0.24,3.54,1859,0,11.54,12.00,2,1
1682.147,-7.286270,112.796009,0.82,0.884,0.035,2.42,3.30,90.57,90.57,0.00,5.47,0,0.0,0.01,0.00,0.99,0.00,0.06,3.47,1920,0,11.67,12.13,2,1
1682.247,-7.286270,112.796009,0.70,0.619,0.027,3.13,3.18,90.34,90.34,0.00,5.77,0,0.0,0.02,0.00,0.99,-0.67,-0.06,3.35,1920,0,11.56,12.13,2,1
1682.347,-7.286270,112.796010,0.73,0.764,0.020,2.54,2.29,90.12,90.12,0.00,6.07,0,0.0,0.01,0.00,0.99,-1.22,0.18,3.47,1920,0,11.54,12.02,2,1
1682.447,-7.286270,112.796011,0.68,0.866,0.017,2.54,3.24,89.89,89.89,0.00,6.35,0,0.0,0.02,0.00,0.99,-0.54,0.12,3.47,1920,0,11.58,12.22,2,1
1682.547,-7.286270,112.796011,0.67,0.606,0.014,3.61,3.42,89.65,89.65,0.00,6.70,0,0.0,0.01,0.00,0.99,0.00,0.24,3.41,1920,0,11.48,12.08,2,1
1682.647,-7.286270,112.796012,0.72,0.755,0.015,4.38,3.66,89.43,89.43,0.00,7.04,0,0.0,0.01,0.00,0.99,0.91,0.12,3.41,1920,0,11.60,12.19,2,1
1682.747,-7.286271,112.796013,0.77,0.855,0.351,3.37,4.07,89.21,89.21,0.00,7.33,0,0.0,0.02,0.00,0.99,0.91,0.00,3.17,1920,0,11.56,12.14,2,1
1682.847,-7.286271,112.796013,0.77,0.597,0.248,4.26,3.78,89.01,89.01,0.00,7.13,0,0.0,0.01,0.00,0.99,0.85,0.30,3.23,1920,0,11.72,12.13,2,1
1682.947,-7.286271,112.796014,0.80,0.748,0.182,4.68,4.31,88.80,88.80,0.00,7.14,0,0.0,0.01,0.00,0.98,0.18,0.06,3.23,1920,0,11.51,12.04,2,1
1683.047,-7.286271,112.796015,0.79,0.854,0.137,4.20,4.67,88.60,88.60,0.00,7.31,0,0.0,0.01,0.00,0.99,-0.67,0.12,3.17,1979,0,11.58,12.13,2,1
1683.147,-7.286271,112.796016,0.77,0.928,0.107,4.20,4.31,88.41,88.41,0.00,7.49,0,0.0,0.02,0.00,0.99,-0.48,0.06,2.92,1920,0,11.46,12.07,2,1
1683.247,-7.286271,112.796016,0.75,0.650,0.077,3.73,4.19,88.23,88.23,0.00,0.00,0,0.0,0.02,0.00,0.99,-0.18,0.00,2.86,1920,0,11.63,12.18,2,1
1683.347,-7.286271,112.796017,0.72,0.785,0.066,9.26,3.01,88.06,88.06,0.00,7.80,0,0.0,0.02,0.00,0.99,0.06,0.06,2.86,1920,0,11.68,11.87,2,1
1683.447,-7.286271,112.796018,0.87,0.880,0.061,2.42,2.47,87.87,87.87,0.00,8.00,0,0.0,0.01,0.00,0.99,0.42,0.06,3.11,1920,0,11.55,12.12,2,1
1683.547,-7.286271,112.796019,0.70,0.947,0.058,5.45,5.80,87.69,87.69,0.00,8.27,0,0.0,0.01,0.00,0.99,0.42,0.18,2.99,1920,0,11.63,12.03,2,1
1683.647,-7.286271,112.796019,0.76,0.663,0.042,5.69,5.44,87.52,87.52,0.00,8.55,0,0.0,0.01,0.00,0.99,0.30,0.12,2.92,1920,0,11.68,12.07,2,1
1683.747,-7.286271,112.796020,0.76,0.794,0.046,5.81,5.56,87.35,87.35,0.00,8.77,0,0.0,0.02,0.00,0.99,0.18,-0.12,2.74,1920,0,11.73,12.09,2,1
1683.847,-7.286271,112.796021,0.76,0.886,0.050,6.28,5.86,87.19,87.19,0.00,8.97,0,0.0,0.02,0.00,0.99,-0.06,0.06,2.80,1920,0,11.56,12.12,2,1
1683.947,-7.286271,112.796021,0.75,0.620,0.037,6.28,6.99,87.05,87.05,0.00,9.10,0,0.0,0.02,0.00,1.00,-0.97,0.18,2.62,1920,0,11.67,12.07,2,1
1684.047,-7.286272,112.796022,0.82,0.747,0.378,6.34,7.52,86.90,86.90,0.00,9.22,0,0.0,0.01,0.00,0.99,-1.15,0.36,2.68,1920,0,11.70,12.12,2,1
1684.147,-7.286272,112.796023,0.70,0.852,0.284,6.46,6.51,86.77,86.77,0.00,0.00,0,0.0,0.01,0.00,0.99,0.06,0.18,2.56,1920,0,11.67,12.02,2,1
1684.247,-7.286272,112.796023,0.76,0.596,0.201,2.12,3.06,86.62,86.62,0.00,8.80,0,0.0,0.01,0.00,0.99,0.48,0.06,2.56,1920,0,11.57,11.86,2,1
1684.347,-7.286272,112.796024,0.84,0.747,0.162,1.76,3.90,86.48,86.48,0.00,8.89,0,0.0,0.02,0.00,0.99,1.77,-0.18,2.68,1920,0,11.51,12.12,2,1
1684.447,-7.286272,112.796025,0.72,0.853,0.136,6.82,6.69,86.33,86.33,0.00,9.06,0,0.0,0.01,0.00,0.99,0.85,0.06,2.74,1920,0,11.72,12.06,2,1
1684.547,-7.286272,112.796025,0.77,0.597,0.096,6.94,6.63,86.19,86.19,0.00,9.32,0,0.0,0.02,0.00,0.99,-0.18,0.06,2.56,1920,0,11.45,12.18,2,1
1684.647,-7.286272,112.796026,0.86,0.748,0.091,6.46,7.10,86.06,86.06,0.00,9.43,0,0.0,0.01,0.00,0.99,-1.09,0.18,2.62,1920,0,11.63,12.12,2,1
1684.747,-7.286272,112.796027,0.69,0.853,0.089,6.88,6.81,85.92,85.92,0.00,9.58,0,0.0,0.02,0.00,0.99,-1.34,0.06,2.56,1920,0,11.55,12.12,2,1
1684.847,-7.286272,112.796027,0.69,0.597,0.063,6.82,6.69,85.79,85.79,0.00,9.76,0,0.0,0.01,-0.01,0.99,-0.97,0.12,2.50,1920,0,11.70,12.08,2,1
1684.947,-7.286272,112.796028,0.68,0.748,0.070,7.12,7.64,85.67,85.67,0.00,9.93,0,0.0,0.02,0.00,0.99,0.30,-0.18,2.38,1920,0,11.63,12.13,2,1
1685.047,-7.286272,112.796029,0.76,0.853,0.076,7.41,7.46,85.55,85.55,0.00,0.00,0,0.0,0.02,0.00,0.99,0.91,0.06,2.50,1920,0,11.46,12.10,2,1
1685.147,-7.286272,112.796030,0.74,0.927,0.081,2.83,1.70,85.41,85.41,0.00,10.22,0,0.0,0.02,0.00,0.99,1.22,0.36,2.56,1920,0,11.68,12.01,2,1
1685.247,-7.286272,112.796030,0.82,0.649,0.058,4.92,5.80,85.27,85.27,0.00,10.51,0,0.0,0.02,0.00,0.99,1.64,0.18,2.62,1920,0,11.48,12.11,2,1
1685.347,-7.286272,112.796031,0.77,0.784,0.070,8.31,8.77,85.13,85.13,0.00,10.78,0,0.0,0.01,0.01,0.98,0.73,0.30,2.56,1920,0,11.54,12.15,2,1
1685.447,-7.286272,112.796032,0.77,0.878,0.079,8.60,7.76,85.00,85.00,0.00,10.99,0,0.0,0.02,0.01,0.98,-0.30,-0.06,2.44,1920,0,11.55,12.12,2,1
1685.547,-7.286272,112.796032,0.70,0.615,0.057,8.25,9.36,84.88,84.88,0.00,11.13,0,0.0,0.02,0.01,0.99,-1.95,0.06,2.38,1920,0,11.70,12.14,2,1
1685.647,-7.286272,112.796033,0.84,0.760,0.071,8.13,8.35,84.78,84.78,0.00,11.25,0,0.0,0.02,0.00,1.00,-1.95,0.00,2.25,1920,0,11.54,12.19,2,1
1685.747,-7.286272,112.796034,0.76,0.861,0.081,8.49,8.77,84.67,84.67,0.00,11.30,0,0.0,0.02,0.00,0.98,-0.48,0.06,2.19,1920,0,11.51,12.18,2,1
1685.847,-7.286272,112.796034,0.76,0.603,0.058,8.37,9.54,84.57,84.57,0.00,11.42,0,0.0,0.02,0.00,0.99,0.42,0.18,2.07,1920,0,11.68,12.12,2,1
1685.947,-7.286272,112.796036,0.74,1.081,0.105,8.78,9.00,84.49,84.49,0.00,11.52,0,0.0,0.02,0.00,0.99,1.28,0.06,2.01,1920,0,11.56,12.17,2,1
1686.047,-7.286272,112.796036,0.83,0.756,0.074,9.02,8.77,84.41,84.41,0.00,11.60,0,0.0,0.02,0.00,0.99,1.46,-0.06,1.89,1920,0,11.82,12.08,2,1
1686.147,-7.286272,112.796037,0.80,0.859,0.085,8.66,9.36,84.34,84.34,0.00,11.63,0,0.0,0.01,0.00,0.98,0.85,0.00,1.77,1920,0,11.54,12.13,2,1
1686.247,-7.286272,112.796038,0.77,0.930,0.093,8.72,9.12,84.29,84.29,0.00,0.00,0,0.0,0.02,0.00,0.99,-0.30,-0.12,1.70,1920,0,11.54,12.12,2,1
1686.347,-7.286272,112.796038,0.73,0.651,0.066,3.25,2.41,84.25,84.25,0.00,11.66,0,0.0,0.02,0.00,0.99,-1.34,0.30,1.58,1920,0,11.54,12.01,2,1
1686.447,-7.286272,112.796039,0.87,0.785,0.080,10.98,9.30,84.21,84.21,0.00,11.58,0,0.0,0.02,0.00,1.00,-0.54,0.12,1.70,1920,0,11.67,11.79,2,1
1686.547,-7.286272,112.796040,0.78,0.879,0.090,9.20,9.18,84.17,84.17,0.00,11.60,0,0.0,0.01,-0.01,0.98,-0.30,0.18,1.77,1920,0,11.64,12.11,2,1
1686.647,-7.286272,112.796041,0.79,0.944,0.097,9.02,9.06,84.12,84.12,0.00,11.70,0,0.0,0.01,0.00,0.99,0.00,-0.06,1.58,1920,0,11.58,12.15,2,1
1686.847,-7.286272,112.796042,0.79,0.825,0.086,9.68,9.00,84.08,84.08,0.00,11.78,0,0.0,0.02,0.00,0.99,-0.24,-0.12,1.22,1920,0,11.54,12.08,2,1
1687.047,-7.286272,112.796044,0.78,0.907,0.094,8.96,9.00,84.10,84.10,0.00,11.65,0,0.0,0.02,0.00,0.99,1.03,-0.06,1.09,1920,0,11.60,12.15,2,1
1687.147,-7.286272,112.796044,0.74,0.635,0.065,9.02,9.42,84.13,84.13,0.00,0.00,0,0.0,0.02,0.00,0.99,0.30,0.00,0.79,1920,0,11.67,12.06,2,1
1687.247,-7.286272,112.796045,0.81,0.774,0.079,5.21,2.53,84.18,84.18,0.00,11.32,0,0.0,0.01,0.01,0.98,0.48,0.00,0.61,1920,0,11.49,11.82,2,1
1687.347,-7.286272,112.796046,0.77,0.871,0.088,4.38,5.20,84.23,84.23,0.00,11.19,0,0.0,0.01,0.00,0.98,0.42,-0.18,0.73,1920,0,11.45,12.31,2,1
1687.447,-7.286272,112.796047,0.78,0.939,0.094,8.54,9.06,84.28,84.28,0.00,11.05,0,0.0,0.02,0.00,0.99,-0.36,0.06,0.79,1920,0,11.56,12.13,2,1
1687.547,-7.286272,112.796047,0.78,0.657,0.065,8.96,9.30,84.33,84.33,0.00,11.03,0,0.0,0.02,0.00,0.98,-0.67,-0.06,0.48,1920,0,11.59,12.15,2,1
1687.647,-7.286272,112.796048,0.82,0.789,0.077,9.02,8.95,84.40,84.40,0.00,10.98,0,0.0,0.01,0.00,0.98,-1.22,0.12,0.61,1920,0,11.71,12.17,2,1
1687.747,-7.286272,112.796049,0.79,0.882,0.086,8.84,8.77,84.46,84.46,0.00,10.84,0,0.0,0.02,0.00,1.00,-0.54,0.06,0.36,1920,0,11.69,12.17,2,1
1687.847,-7.286272,112.796050,0.76,0.947,0.091,9.02,8.89,84.54,84.54,0.00,10.78,0,0.0,0.02,0.00,0.99,0.00,0.12,0.36,1920,0,11.51,12.07,2,1
1687.947,-7.286272,112.796051,0.80,0.992,0.093,8.90,8.83,84.62,84.62,0.00,10.66,0,0.0,0.01,0.01,0.98,0.73,0.06,0.42,1920,0,11.69,12.13,2,1
1688.047,-7.286272,112.796051,0.80,0.695,0.064,8.66,8.83,84.72,84.72,0.00,10.56,0,0.0,0.02,0.00,0.98,0.97,0.00,0.12,1920,0,11.50,12.05,2,1
1688.147,-7.286272,112.796052,0.75,0.816,0.074,8.49,8.59,84.83,84.83,0.00,10.38,0,0.0,0.01,0.00,0.98,1.46,-0.24,0.12,1920,0,11.66,12.08,2,1
1688.247,-7.286272,112.796053,0.70,0.901,0.080,8.49,9.00,84.94,84.94,0.00,10.14,0,0.0,0.02,0.01,0.98,0.67,0.00,-0.06,1920,0,11.79,12.07,2,1
1688.347,-7.286272,112.796053,0.83,0.631,0.054,7.77,8.17,85.07,85.07,0.00,0.00,0,0.0,0.02,0.01,0.98,-0.36,0.00,0.06,1920,0,11.58,12.10,2,1
1688.447,-7.286272,112.796054,0.78,0.771,0.065,2.48,1.70,85.19,85.19,0.00,9.75,0,0.0,0.02,0.01,0.99,-1.15,0.00,0.00,1979,0,11.62,11.96,2,1
1688.547,-7.286272,112.796055,0.78,0.870,0.071,4.68,3.78,85.31,85.31,0.00,9.63,0,0.0,0.01,0.00,0.98,-0.06,0.00,0.00,1920,0,11.54,12.07,2,1
1688.647,-7.286272,112.796056,0.81,0.939,0.075,7.65,7.58,85.42,85.42,0.00,9.54,0,0.0,0.02,0.00,0.99,0.42,-0.12,0.24,1920,0,11.47,12.00,2,1
1688.747,-7.286272,112.796057,0.74,0.987,0.077,7.35,7.58,85.53,85.53,0.00,9.50,0,0.0,0.02,0.01,0.99,0.00,0.06,0.24,1920,0,11.49,12.08,2,1
1688.847,-7.286272,112.796057,0.74,0.691,0.053,7.95,7.40,85.64,85.64,0.00,9.49,0,0.0,0.02,0.01,0.99,-0.24,0.18,0.12,1920,0,11.59,12.07,2,1
1688.947,-7.286272,112.796058,0.79,0.814,0.060,7.71,7.40,85.77,85.77,0.00,9.41,0,0.0,0.02,0.00,0.99,-0.54,0.12,0.12,1979,0,11.55,12.00,2,1
1689.047,-7.286272,112.796059,0.77,0.900,0.065,7.59,7.82,85.89,85.89,0.00,9.27,0,0.0,0.01,0.00,0.99,-0.18,0.06,0.00,1920,0,11.67,12.17,2,1
1689.147,-7.286272,112.796059,0.74,0.630,0.044,8.13,7.52,86.01,86.01,0.00,9.18,0,0.0,0.02,0.00,0.99,-0.06,0.00,0.00,1920,0,11.73,12.07,2,1
1689.347,-7.286272,112.796061,0.77,0.771,0.050,8.37,7.52,86.26,86.26,0.00,8.93,0,0.0,0.01,0.00,0.99,0.12,-0.18,0.00,1920,0,11.60,12.04,2,1
1689.447,-7.286272,112.796061,0.78,0.540,0.034,7.18,7.88,86.39,86.39,0.00,0.00,0,0.0,0.02,0.00,1.00,0.36,-0.36,0.00,1920,0,11.60,12.06,2,1
1689.547,-7.286272,112.796062,0.72,0.708,0.043,1.70,1.94,86.51,86.51,0.00,8.72,0,0.0,0.01,0.00,0.99,0.12,0.00,0.00,1920,0,11.58,12.00,2,1
1689.647,-7.286272,112.796063,0.84,0.826,0.049,3.49,3.54,86.63,86.63,0.00,8.64,0,0.0,0.02,0.01,0.99,0.97,-0.06,0.00,1920,0,11.68,12.01,2,1
1689.847,-7.286272,112.796064,0.78,0.744,0.040,6.46,5.86,86.89,86.89,0.00,8.53,0,0.0,0.02,0.00,0.99,-0.12,0.00,0.00,1920,0,11.63,12.09,2,1
1689.947,-7.286272,112.796065,0.69,0.851,0.044,6.34,6.21,87.02,87.02,0.00,8.39,0,0.0,0.02,0.00,0.99,-0.61,0.06,0.00,1920,0,11.56,12.07,2,1
1690.047,-7.286272,112.796066,0.76,0.926,0.046,6.76,6.27,87.15,87.15,0.00,8.34,0,0.0,0.02,0.00,0.99,-0.91,0.00,0.00,1920,0,11.54,12.13,2,1
1690.147,-7.286272,112.796066,0.76,0.648,0.031,6.16,6.09,87.28,87.28,0.00,8.26,0,0.0,0.02,0.00,0.99,-0.79,0.00,0.00,1920,0,11.68,12.07,2,1
1690.347,-7.286272,112.796068,0.77,0.785,0.034,6.64,6.69,87.54,87.54,0.00,8.09,0,0.0,0.02,0.00,0.98,0.12,0.00,0.00,1920,0,11.66,12.14,2,1
1690.447,-7.286272,112.796069,0.75,0.880,0.036,6.46,6.03,87.67,87.67,0.00,8.04,0,0.0,0.02,0.01,0.99,0.61,0.00,0.00,1920,0,11.44,12.08,2,1
1690.547,-7.286272,112.796070,0.80,0.947,0.036,6.05,6.03,87.80,87.80,0.00,8.02,0,0.0,0.02,0.01,0.99,1.15,0.00,0.00,1920,0,11.62,12.06,2,1
1690.647,-7.286272,112.796070,0.75,0.663,0.024,6.40,6.09,87.93,87.93,0.00,8.05,0,0.0,0.02,0.01,0.99,0.91,0.00,0.00,1920,0,11.54,12.05,2,1
1690.747,-7.286272,112.796071,0.77,0.795,0.027,6.58,6.21,88.06,88.06,0.00,7.94,0,0.0,0.02,0.01,0.99,-0.36,0.12,0.00,1920,0,11.68,12.08,2,1
1690.847,-7.286272,112.796072,0.70,0.887,0.028,5.99,6.15,88.19,88.19,0.00,7.89,0,0.0,0.02,0.01,0.99,-0.97,0.06,0.00,1979,0,11.62,12.06,2,1
1690.947,-7.286272,112.796072,0.75,0.621,0.018,6.11,5.56,88.33,88.33,0.00,7.89,0,0.0,0.02,0.00,0.99,-1.40,0.06,0.00,1920,0,11.60,12.13,2,1
1691.047,-7.286272,112.796073,0.74,0.765,0.021,6.05,5.74,88.46,88.46,0.00,7.76,0,0.0,0.02,0.00,0.98,-1.28,0.00,0.00,1920,0,11.79,12.12,2,1
1691.147,-7.286272,112.796074,0.79,0.867,0.021,6.34,5.80,88.59,88.59,0.00,7.75,0,0.0,0.02,0.00,0.99,0.18,-0.12,0.00,1920,0,11.53,12.07,2,1
1691.247,-7.286273,112.796075,0.75,0.930,0.354,6.16,5.86,88.75,88.75,0.00,7.77,0,0.0,0.02,0.00,0.98,0.91,0.06,-0.18,1920,0,11.54,12.04,2,1
1691.347,-7.286272,112.796075,0.81,0.658,-0.088,6.64,6.03,88.91,88.91,0.00,6.31,0,0.0,0.02,0.00,0.99,1.58,-0.18,-0.36,1979,0,11.68,12.10,2,1
1691.447,-7.286273,112.796076,0.74,0.786,0.276,5.51,6.03,89.07,89.07,0.00,6.83,0,0.0,0.02,0.00,0.98,0.67,-0.18,-0.36,1920,0,11.61,11.97,2,1
1691.547,-7.286273,112.796077,0.77,0.882,0.196,4.26,4.31,89.24,89.24,0.00,5.67,0,0.0,0.02,0.01,0.99,0.30,0.12,-0.36,1920,0,11.48,12.01,2,1
1691.647,-7.286273,112.796077,0.79,0.618,0.135,4.80,4.19,89.41,89.41,0.00,5.07,0,0.0,0.02,0.00,0.99,-0.24,0.12,-0.24,1920,0,11.49,12.12,2,1
1691.747,-7.286273,112.796078,0.77,0.763,0.096,3.37,2.83,89.56,89.56,0.00,4.69,0,0.0,0.02,0.01,0.98,-0.48,0.00,-0.12,1920,0,11.63,12.03,2,1
1691.847,-7.286273,112.796079,0.76,0.865,0.068,2.59,2.29,89.70,89.70,0.00,4.63,0,0.0,0.02,0.01,0.98,-0.73,-0.06,-0.12,1920,0,11.67,12.13,2,1
1691.947,-7.286273,112.796080,0.78,0.937,0.047,2.42,2.53,89.84,89.84,0.00,0.00,0,0.0,0.02,0.00,0.98,-0.24,-0.06,0.00,1920,0,11.48,12.05,2,1
1692.047,-7.286273,112.796081,0.78,0.987,0.031,-0.37,-0.43,89.98,89.98,0.00,40.00,0,0.0,0.02,0.01,0.98,0.30,0.00,-0.06,1920,0,11.53,12.18,2,1
1692.147,-7.286273,112.796081,0.80,0.691,0.020,12.83,10.73,90.13,90.13,0.00,40.00,0,0.0,0.02,0.01,0.99,0.61,0.00,0.00,1920,0,11.64,11.40,2,1
1692.247,-7.286273,112.796082,0.80,0.814,0.011,26.81,27.66,90.27,90.27,0.00,40.00,0,0.0,0.02,0.02,0.99,-0.67,0.18,0.00,1920,0,11.61,12.08,2,1
1692.347,-7.286273,112.796083,0.75,0.901,0.003,38.95,38.17,90.48,90.48,0.00,40.00,0,0.0,0.02,0.02,0.99,-3.78,0.12,-1.03,1920,0,11.55,12.06,2,1
1692.447,-7.286273,112.796083,0.80,0.631,-0.001,37.76,37.87,90.76,90.76,0.00,40.00,0,0.0,0.02,0.00,0.99,-4.57,-0.12,-1.95,1920,0,11.61,12.12,2,1
1692.547,-7.286273,112.796084,0.74,0.772,-0.010,37.58,37.99,91.12,91.12,0.00,40.00,0,0.0,0.02,0.00,1.00,-3.17,-0.12,-2.44,1920,0,11.46,12.10,2,1
1692.647,-7.286273,112.796085,0.77,0.871,-0.020,38.00,37.75,91.53,91.53,0.00,40.00,0,0.0,0.02,-0.01,0.99,0.67,-0.18,-3.17,1920,0,11.45,12.07,2,1
1692.747,-7.286273,112.796086,0.72,0.940,-0.030,38.18,38.11,92.01,92.01,0.00,40.00,0,0.0,0.02,-0.01,0.99,3.41,-0.06,-3.72,1920,0,11.60,12.04,2,1
1692.847,-7.286273,112.796086,0.82,0.658,-0.027,37.58,37.99,92.54,92.54,0.00,40.00,0,0.0,0.02,0.00,0.99,4.69,-0.30,-4.33,1920,0,11.61,12.13,2,1
1692.947,-7.286274,112.796087,0.78,0.809,0.291,37.88,37.75,93.13,93.13,0.00,40.00,0,0.0,0.02,0.01,0.98,2.68,-0.12,-4.76,1920,0,11.68,12.10,2,1
1693.047,-7.286274,112.796088,0.77,0.899,0.176,38.18,37.99,93.77,93.77,0.00,40.00,0,0.0,0.02,0.02,0.99,-0.18,-0.36,-5.55,1920,0,11.51,12.12,2,1
1693.147,-7.286274,112.796088,0.75,0.631,0.115,39.19,37.64,94.48,94.48,0.00,0.00,0,0.0,0.02,0.02,0.98,-3.11,-0.12,-6.04,1920,0,11.64,12.17,2,1
1693.247,-7.286274,112.796089,0.76,0.772,0.044,36.87,35.50,95.25,95.25,0.00,40.00,0,0.0,0.02,0.02,0.98,-3.47,0.00,-6.71,1920,0,11.64,11.36,2,1
1693.347,-7.286274,112.796090,0.77,0.870,-0.011,33.53,32.05,96.06,96.06,0.00,40.00,0,0.0,0.02,0.00,0.98,-1.83,-0.06,-6.95,1920,0,11.82,11.34,2,1
1693.447,-7.286274,112.796091,0.75,0.937,-0.057,38.35,39.30,96.90,96.90,0.00,40.00,0,0.0,0.02,0.01,0.98,0.06,-0.06,-7.32,1920,0,11.67,11.92,2,1
1693.547,-7.286274,112.796091,0.76,0.655,-0.050,38.06,37.99,97.79,97.79,0.00,40.00,0,0.0,0.02,0.01,0.99,1.34,-0.30,-7.87,1920,0,11.68,12.09,2,1
1693.647,-7.286274,112.796092,0.70,0.785,-0.093,38.18,38.05,98.72,98.72,0.00,40.00,0,0.0,0.02,0.00,0.99,2.01,-0.24,-8.36,1920,0,11.59,12.10,2,1
1693.747,-7.286274,112.796093,0.79,0.875,-0.130,38.65,38.17,99.71,99.71,0.00,40.00,0,0.0,0.02,0.02,0.99,2.25,-0.54,-8.78,1920,0,11.51,12.07,2,1
1693.847,-7.286274,112.796093,0.67,0.610,-0.102,37.88,37.99,100.73,100.73,0.00,40.00,0,0.0,0.02,0.01,0.99,0.91,-0.30,-9.15,1920,0,11.64,12.13,2,1
1693.947,-7.286274,112.796094,0.80,0.750,-0.147,37.94,37.81,101.79,101.79,0.00,40.00,0,0.0,0.02,0.02,0.98,-0.42,-0.12,-9.52,1920,0,11.51,12.08,2,1
1694.047,-7.286275,112.796095,0.73,0.920,0.139,38.35,37.93,102.89,102.89,0.00,40.00,0,0.0,0.02,0.02,0.98,-1.64,-0.36,-9.88,1920,0,11.64,12.08,2,1
1694.147,-7.286275,112.796095,0.71,0.646,0.084,38.00,37.87,104.04,104.04,0.00,40.00,0,0.0,0.02,0.01,0.99,-1.95,-0.30,-10.37,1920,0,11.68,12.09,2,1
1694.247,-7.286275,112.796096,0.67,0.772,-0.037,38.06,37.87,105.21,105.21,0.00,40.00,0,0.0,0.02,0.01,0.99,-1.58,-0.24,-10.49,1920,0,11.48,12.09,2,1
1694.347,-7.286275,112.796097,0.77,0.857,-0.131,37.88,38.05,106.39,106.39,0.00,40.00,0,0.0,0.02,0.00,0.99,-0.06,-0.06,-10.62,1920,0,11.51,12.07,2,1
1694.447,-7.286275,112.796098,0.70,0.914,-0.204,38.24,37.99,107.60,107.60,0.00,40.00,0,0.0,0.02,0.01,0.99,1.46,-0.42,-10.92,1920,0,11.48,12.07,2,1
1694.647,-7.286275,112.796099,0.78,0.788,-0.227,38.18,38.05,110.08,110.08,0.00,0.00,0,0.0,0.02,0.02,0.98,1.89,-0.48,-11.29,1920,0,11.60,12.21,2,1
1694.747,-7.286276,112.796100,0.65,0.978,0.019,37.94,35.08,111.37,111.37,0.00,40.00,0,0.0,0.02,0.03,0.99,0.42,-0.61,-11.65,1920,0,11.59,11.53,2,1
1694.847,-7.286276,112.796100,0.65,0.684,-0.002,34.25,34.13,112.67,112.67,0.00,40.00,0,0.0,0.02,0.02,0.99,-0.36,-0.18,-11.47,1920,0,11.55,11.10,2,1
1694.947,-7.286276,112.796101,0.75,0.781,-0.147,36.99,38.70,113.97,113.97,0.00,40.00,0,0.0,0.02,0.02,0.98,-1.34,-0.18,-11.77,1920,0,11.73,11.77,2,1
1695.047,-7.286276,112.796102,0.72,0.844,-0.257,38.06,37.87,115.30,115.30,0.00,40.00,0,0.0,0.02,0.02,0.99,-2.68,-0.54,-12.02,1920,0,11.72,12.12,2,1
1695.147,-7.286276,112.796102,0.65,0.586,-0.194,38.06,37.81,116.65,116.65,0.00,40.00,0,0.0,0.02,0.01,0.98,-2.19,-0.42,-12.14,1920,0,11.68,12.07,2,1
1695.247,-7.286277,112.796103,0.71,0.856,-0.007,38.18,37.81,118.03,118.03,0.00,40.00,0,0.0,0.02,0.01,0.99,0.00,-0.48,-12.32,1920,0,11.64,12.17,2,1
1695.347,-7.286277,112.796103,0.66,0.599,-0.019,38.18,37.93,119.42,119.42,0.00,40.00,0,0.0,0.02,0.01,0.99,0.91,-0.36,-12.63,1920,0,11.49,12.06,2,1
1695.447,-7.286277,112.796104,0.70,0.703,-0.193,38.00,37.93,120.83,120.83,0.00,40.00,0,0.0,0.02,0.02,0.99,2.07,-0.48,-12.81,1920,0,11.48,12.12,2,1
1695.547,-7.286277,112.796105,0.70,0.768,-0.324,38.41,38.11,122.26,122.26,0.00,40.00,0,0.0,0.02,0.03,0.99,1.46,-0.61,-12.93,1920,0,11.56,12.10,2,1
1695.647,-7.286278,112.796105,0.69,0.717,0.037,38.12,37.81,123.70,123.70,0.00,40.00,0,0.0,0.02,0.02,0.99,0.18,-0.30,-12.93,1920,0,11.56,12.12,2,1
1695.747,-7.286278,112.796106,0.65,0.773,-0.177,38.12,37.93,125.16,125.16,0.00,40.00,0,0.0,0.02,0.02,0.99,-0.30,-0.54,-13.18,1920,0,11.63,12.07,2,1
1695.847,-7.286278,112.796107,0.65,0.803,-0.335,38.06,37.99,126.63,126.63,0.00,40.00,0,0.0,0.02,0.02,0.98,-1.64,-0.54,-13.30,1920,0,11.68,12.08,2,1
1695.947,-7.286278,112.796107,0.66,0.556,-0.249,37.82,37.75,128.11,128.11,0.00,40.00,0,0.0,0.02,0.02,0.99,-1.58,-0.36,-13.36,1920,0,11.48,12.09,2,1
1696.047,-7.286279,112.796108,0.66,0.852,-0.139,38.24,37.93,129.61,129.61,0.00,40.00,0,0.0,0.02,0.01,0.99,-1.28,-0.67,-13.67,1920,0,11.61,12.05,2,1
1696.147,-7.286279,112.796109,0.62,0.843,-0.330,38.00,37.58,131.11,131.11,0.00,40.00,0,0.0,0.02,0.01,0.98,-0.61,-0.42,-13.61,1920,0,11.72,11.99,2,1
1696.247,-7.286279,112.796109,0.64,0.584,-0.246,38.24,37.93,132.60,132.60,0.00,40.00,0,0.0,0.02,0.01,0.99,-0.06,-0.24,-13.54,1920,0,11.71,12.15,2,1
1696.347,-7.286280,112.796110,0.68,0.874,-0.174,37.94,37.75,134.10,134.10,0.00,40.00,0,0.0,0.02,0.01,1.00,1.28,-0.54,-13.61,1920,0,11.68,12.05,2,1
1696.447,-7.286280,112.796110,0.58,0.608,-0.138,37.94,37.81,135.60,135.60,0.00,40.00,0,0.0,0.02,0.01,0.98,0.91,-0.54,-13.61,1920,0,11.51,12.10,2,1
1696.547,-7.286280,112.796111,0.63,0.648,-0.350,37.76,37.87,137.11,137.11,0.00,40.00,0,0.0,0.02,0.03,0.98,0.36,-0.54,-13.54,1920,0,11.60,12.07,2,1
1696.647,-7.286281,112.796111,0.61,0.698,-0.037,37.82,37.70,138.64,138.64,0.00,40.00,0,0.0,0.02,0.03,0.99,-0.79,-0.67,-13.97,1920,0,11.48,12.04,2,1
1696.747,-7.286281,112.796112,0.64,0.699,-0.293,38.12,39.06,140.18,140.18,0.00,0.00,0,0.0,0.02,0.01,0.99,-1.46,-0.30,-13.79,1920,0,11.48,11.94,2,1
1696.847,-7.286281,112.796112,0.64,0.484,-0.218,38.06,34.78,141.72,141.72,0.00,40.00,0,0.0,0.02,0.02,0.99,-0.79,-0.48,-14.03,1920,0,11.69,11.38,2,1
1696.947,-7.286282,112.796113,0.59,0.800,-0.227,34.78,33.83,143.25,143.25,0.00,40.00,0,0.0,0.02,0.01,0.98,0.36,-0.30,-13.61,1920,0,11.59,11.05,2,1
1697.047,-7.286283,112.796113,0.60,0.828,0.019,36.81,37.87,144.75,144.75,0.00,39.95,0,0.0,0.02,0.02,0.99,1.09,-0.54,-13.42,1920,0,11.50,12.06,2,1
1697.147,-7.286283,112.796114,0.62,0.763,-0.277,37.88,37.93,146.26,146.26,0.00,38.37,0,0.0,0.02,0.01,0.99,0.42,-0.79,-13.67,1920,0,11.62,12.05,2,1
1697.247,-7.286283,112.796114,0.56,0.529,-0.208,38.35,37.99,147.78,147.78,0.00,36.74,0,0.0,0.02,0.02,0.99,-0.24,-0.36,-13.73,1920,0,11.54,11.92,2,1
1697.347,-7.286284,112.796114,0.57,0.653,0.015,35.86,35.97,149.29,149.29,0.00,34.81,0,0.0,0.02,0.02,0.99,-1.70,-0.30,-13.61,1859,0,11.54,11.99,2,1
1697.447,-7.286284,112.796115,0.63,0.619,-0.290,34.19,34.07,150.80,150.80,0.00,32.91,0,0.0,0.02,0.01,0.99,-1.09,-0.48,-13.67,1920,0,11.68,12.02,2,1
1697.547,-7.286284,112.796115,0.55,0.428,-0.215,32.11,31.76,152.30,152.30,0.00,31.19,0,0.0,0.02,0.00,0.98,-0.42,-0.18,-13.54,1920,0,11.62,12.04,2,1
1697.647,-7.286285,112.796116,0.51,0.741,-0.307,30.86,29.50,153.79,153.79,0.00,29.37,0,0.0,0.02,0.01,0.99,0.42,-0.48,-13.36,1920,0,11.60,11.95,2,1
1697.747,-7.286285,112.796116,0.63,0.513,-0.229,27.17,28.73,155.27,155.27,0.00,27.77,0,0.0,0.02,0.02,0.99,0.85,-0.73,-13.36,1920,0,11.69,12.03,2,1
1697.847,-7.286286,112.796116,0.55,0.661,-0.037,26.51,26.71,156.74,156.74,0.00,26.04,0,0.0,0.01,0.01,0.99,0.85,-0.42,-13.18,1859,0,11.69,11.94,2,1
1697.947,-7.286286,112.796117,0.54,0.585,-0.345,24.85,25.10,158.20,158.20,0.00,24.22,0,0.0,0.02,0.01,1.00,0.06,-0.79,-12.93,1920,0,11.56,12.06,2,1
1698.047,-7.286287,112.796117,0.59,0.716,-0.136,23.48,23.14,159.64,159.64,0.00,22.68,0,0.0,0.02,0.01,0.98,0.00,-0.30,-12.81,1920,0,11.46,12.10,2,1
1698.147,-7.286287,112.796118,0.55,0.606,-0.420,21.58,22.25,161.06,161.06,0.00,21.00,0,0.0,0.02,0.02,0.99,-0.85,-0.48,-12.45,1920,0,11.49,11.72,2,1
1698.247,-7.286288,112.796118,0.61,0.735,-0.204,20.39,19.82,162.44,162.44,0.00,19.62,0,0.0,0.01,0.01,0.99,-0.91,-0.30,-12.20,1920,0,11.60,12.06,2,1
1698.347,-7.286288,112.796118,0.53,0.511,-0.155,18.54,18.98,163.80,163.80,0.00,18.20,0,0.0,0.01,0.00,0.98,-0.48,-0.48,-11.90,1920,0,11.61,11.88,2,1
1698.447,-7.286289,112.796119,0.66,0.763,-0.351,19.14,16.73,165.11,165.11,0.00,16.76,0,0.0,0.01,0.01,0.99,0.79,-0.85,-11.47,1920,0,11.54,11.98,2,1
1698.547,-7.286289,112.796119,0.60,0.528,-0.257,16.16,16.19,166.40,166.40,0.00,15.64,0,0.0,0.01,0.01,0.98,1.03,-0.54,-11.23,1920,0,11.54,11.97,2,1
1698.647,-7.286290,112.796119,0.54,0.692,-0.117,14.26,14.17,167.65,167.65,0.00,14.37,0,0.0,0.01,0.02,0.99,1.15,-0.54,-10.74,1920,0,11.46,12.04,2,1
1698.747,-7.286290,112.796119,0.54,0.482,-0.092,13.13,13.34,168.88,168.88,0.00,13.11,0,0.0,0.02,0.02,0.99,1.15,-0.61,-10.62,1920,0,11.67,12.05,2,1
1698.847,-7.286291,112.796119,0.54,0.665,-0.014,12.53,11.92,170.07,170.07,0.00,11.75,0,0.0,0.01,0.01,0.98,0.06,-0.24,-10.19,1920,0,11.72,12.01,2,1
1698.947,-7.286291,112.796120,0.53,0.515,-0.346,11.10,11.86,171.23,171.23,0.00,10.51,0,0.0,0.02,0.01,0.99,-0.91,-0.42,-9.76,1920,0,11.48,12.07,2,1
1699.047,-7.286292,112.796120,0.61,0.687,-0.205,10.15,9.72,172.35,172.35,0.00,9.57,0,0.0,0.02,0.01,0.99,-1.15,-0.36,-9.46,1920,0,11.72,12.05,2,1
1699.147,-7.286292,112.796120,0.57,0.478,-0.153,8.66,8.65,173.43,173.43,0.00,8.59,0,0.0,0.01,0.01,0.99,-0.85,-0.36,-8.97,1920,0,11.66,12.04,2,1
1699.247,-7.286293,112.796120,0.64,0.665,-0.081,6.64,6.81,174.47,174.47,0.00,7.61,0,0.0,0.02,0.00,0.99,-0.54,-0.42,-8.72,1920,0,11.69,12.09,2,1
1699.347,-7.286293,112.796120,0.57,0.464,-0.064,7.59,5.98,175.46,175.46,0.00,6.67,0,0.0,0.01,0.01,0.98,0.67,-0.30,-8.17,1920,0,11.62,12.04,2,1
1699.447,-7.286294,112.796120,0.59,0.657,-0.030,5.63,5.44,176.40,176.40,0.00,5.81,0,0.0,0.01,0.02,0.99,1.28,-0.48,-7.75,1920,0,11.48,11.99,2,1
1699.547,-7.286294,112.796120,0.61,0.460,-0.028,4.62,4.25,177.32,177.32,0.00,5.04,0,0.0,0.01,0.02,0.98,0.85,-0.30,-7.44,1920,0,11.59,12.07,2,1
1699.647,-7.286295,112.796121,0.58,0.665,-0.345,3.49,3.54,178.20,178.20,0.00,4.17,0,0.0,0.01,0.02,0.99,0.36,-0.36,-7.08,1920,0,11.63,12.18,2,1
1699.747,-7.286296,112.796121,0.60,0.795,-0.243,2.95,2.47,179.06,179.06,0.00,3.67,0,0.0,0.01,0.02,0.99,-0.48,-0.48,-6.95,1920,0,11.67,12.03,2,1
1699.847,-7.286296,112.796121,0.60,0.554,-0.178,4.20,2.71,179.88,179.88,0.00,3.05,0,0.0,0.01,0.01,0.99,-1.28,-0.18,-6.46,1920,0,11.66,12.02,2,1
1699.947,-7.286297,112.796121,0.55,0.720,-0.134,1.52,1.82,180.66,180.66,0.00,2.33,0,0.0,0.02,0.01,0.99,-0.91,-0.24,-6.10,1920,0,11.58,12.15,2,1
1700.047,-7.286297,112.796121,0.59,0.503,-0.100,0.93,0.93,181.39,181.39,0.00,1.74,0,0.0,0.01,0.00,0.98,-0.91,-0.12,-5.67,1920,0,11.73,11.97,2,1
1700.147,-7.286298,112.796121,0.60,0.684,-0.086,0.27,0.45,182.08,182.08,0.00,1.23,0,0.0,0.01,0.01,0.98,0.00,-0.18,-5.24,1920,0,11.58,12.14,2,1
1700.247,-7.286298,112.796121,0.58,0.478,-0.066,0.21,0.33,182.75,182.75,0.00,0.78,0,0.0,0.01,0.01,0.99,0.18,-0.54,-5.12,1920,0,11.53,12.02,2,1
1700.347,-7.286299,112.796121,0.60,0.667,-0.070,-0.85,-1.62,183.39,183.39,0.00,0.00,0,0.0,0.01,0.01,0.99,0.61,-0.48,-4.82,1920,0,11.68,12.11,2,1
1700.447,-7.286300,112.796121,0.64,0.799,-0.077,-1.50,-1.86,184.01,184.01,0.00,-0.27,0,0.0,0.02,0.01,1.00,0.54,-0.30,-4.51,1920,0,11.68,12.09,2,1
1700.547,-7.286300,112.796121,0.61,0.559,-0.060,-2.16,-2.09,184.58,184.58,0.00,-0.76,0,0.0,0.01,0.00,0.99,0.30,0.12,-4.15,1920,0,11.54,12.12,2,1
1700.647,-7.286301,112.796121,0.62,0.723,-0.075,-1.98,-2.69,185.14,185.14,0.00,-1.16,0,0.0,0.01,0.01,0.99,-0.24,0.00,-3.96,1920,0,11.62,12.06,2,1
1700.747,-7.286301,112.796121,0.57,0.506,-0.057,-3.11,-2.75,185.66,185.66,0.00,-1.59,0,0.0,0.01,0.00,0.98,-0.91,0.00,-3.60,1920,0,11.69,12.18,2,1
1700.847,-7.286302,112.796121,0.64,0.685,-0.079,-3.17,-3.46,186.16,186.16,0.00,-1.96,0,0.0,0.01,0.01,0.99,-0.54,-0.36,-3.41,1920,0,11.69,12.10,2,1
1700.947,-7.286303,112.796121,0.61,0.811,-0.097,-3.82,-3.82,186.61,186.61,0.00,-2.31,0,0.0,0.01,0.01,0.99,-0.85,-0.12,-3.11,1859,0,11.72,12.09,2,1
1701.047,-7.286303,112.796121,0.62,0.567,-0.073,-3.94,-4.53,187.05,187.05,0.00,-2.48,0,0.0,0.01,0.00,0.99,-0.73,-0.12,-2.80,1920,0,11.80,12.06,2,1
1701.147,-7.286304,112.796121,0.58,0.727,-0.097,-4.06,-4.29,187.46,187.46,0.00,-2.74,0,0.0,0.01,0.00,0.98,0.30,0.06,-2.74,1920,0,11.51,12.10,2,1
1701.247,-7.286304,112.796121,0.72,0.509,-0.071,-3.64,-4.53,187.85,187.85,0.00,-2.98,0,0.0,0.01,0.00,0.99,1.15,0.00,-2.50,1920,0,11.57,12.02,2,1
1701.347,-7.286305,112.796121,0.58,0.686,-0.100,-4.71,-4.88,188.22,188.22,0.00,-3.24,0,0.0,0.01,0.01,0.98,0.91,-0.06,-2.13,1920,0,11.54,12.06,2,1
1701.447,-7.286306,112.796121,0.62,0.810,-0.122,-4.83,-5.06,188.56,188.56,0.00,-3.44,0,0.0,0.01,0.02,0.99,0.42,-0.06,-1.77,1859,0,11.69,12.08,2,1
1701.547,-7.286306,112.796121,0.65,0.566,-0.089,-4.42,-5.54,188.88,188.88,0.00,-3.56,0,0.0,0.02,0.01,0.99,-0.24,-0.18,-1.46,1920,0,11.56,11.97,2,1
1701.647,-7.286307,112.796121,0.66,0.725,-0.117,-5.37,-5.78,189.16,189.16,0.00,-3.71,0,0.0,0.01,0.02,0.99,-0.48,-0.06,-1.34,1920,0,11.62,12.17,2,1
1701.747,-7.286308,112.796121,0.62,0.836,-0.139,-5.25,-5.30,189.42,189.42,0.00,-3.73,0,0.0,0.01,0.01,0.99,-1.52,0.00,-1.03,1920,0,11.53,12.12,2,1
1701.847,-7.286308,112.796121,0.66,0.585,-0.100,-5.25,-5.30,189.65,189.65,0.00,-3.70,0,0.0,0.01,0.01,0.99,-1.64,0.18,-0.79,1920,0,11.55,12.12,2,1
1701.947,-7.286309,112.796120,0.61,0.795,0.198,-5.37,-5.54,189.86,189.86,0.00,-3.68,0,0.0,0.01,0.00,0.99,-0.73,-0.06,-0.61,1920,0,11.51,12.06,2,1
1702.047,-7.286309,112.796120,0.73,0.557,0.137,-5.55,-5.42,190.04,190.04,0.00,-3.92,0,0.0,0.01,0.00,0.99,0.36,0.00,-0.36,1920,0,11.64,12.18,2,1
1702.147,-7.286310,112.796120,0.64,0.718,0.036,-5.90,-5.89,190.19,190.19,0.00,-4.03,0,0.0,0.01,0.00,1.00,1.46,-0.12,-0.06,1920,0,11.71,12.06,2,1
1702.247,-7.286310,112.796120,0.64,0.503,0.024,-5.49,-5.89,190.33,190.33,0.00,-3.96,0,0.0,0.01,0.00,0.99,0.79,-0.06,0.12,1920,0,11.64,12.08,2,1
1702.347,-7.286311,112.796120,0.66,0.680,-0.045,-6.02,-6.13,190.45,190.45,0.00,-3.93,0,0.0,0.01,0.01,0.98,-0.12,-0.12,0.30,1920,0,11.64,12.17,2,1
1702.447,-7.286312,112.796120,0.66,0.804,-0.093,-5.90,-6.01,190.55,190.55,0.00,-3.84,0,0.0,0.01,0.00,0.99,-1.77,0.12,0.54,1920,0,11.67,12.06,2,1
1702.547,-7.286312,112.796120,0.68,0.563,-0.066,-6.14,-6.07,190.63,190.63,0.00,-3.68,0,0.0,0.01,0.00,0.99,-2.80,0.06,0.61,1920,0,11.58,12.17,2,1
1702.647,-7.286313,112.796120,0.67,0.722,-0.109,-5.96,-5.78,190.70,190.70,0.00,-3.56,0,0.0,0.01,0.00,0.99,-3.47,0.36,0.67,1920,0,11.58,12.04,2,1
1702.747,-7.286314,112.796120,0.66,0.833,-0.138,-5.78,-5.95,190.73,190.73,0.00,0.00,0,0.0,0.01,0.00,0.99,-2.01,0.00,0.85,1920,0,11.67,12.08,2,1
1702.847,-7.286314,112.796119,0.72,0.645,0.228,-1.98,-1.74,190.76,190.76,0.00,-3.10,0,0.0,0.01,-0.01,0.98,0.30,0.18,1.15,1920,0,11.56,12.03,2,1
1702.947,-7.286315,112.796119,0.62,0.779,0.097,-3.23,-2.98,190.75,190.75,0.00,-3.23,0,0.0,0.01,-0.01,0.99,2.99,-0.18,1.40,1920,0,11.54,11.82,2,1
1703.047,-7.286316,112.796119,0.71,0.873,0.007,-5.07,-5.54,190.71,190.71,0.00,-3.06,0,0.0,0.01,0.00,0.99,4.15,0.06,1.70,1920,0,11.63,12.17,2,1
1703.147,-7.286316,112.796119,0.65,0.611,0.005,-4.95,-5.30,190.66,190.66,0.00,-2.68,0,0.0,0.01,0.01,0.99,3.78,0.06,1.95,1920,0,11.61,12.06,2,1
1703.247,-7.286317,112.796119,0.69,0.756,-0.057,-5.25,-5.24,190.58,190.58,0.00,-2.35,0,0.0,0.01,0.01,0.99,0.67,0.00,2.25,1920,0,11.59,12.15,2,1
1703.347,-7.286317,112.796119,0.69,0.529,-0.039,-4.95,-4.71,190.49,190.49,0.00,-1.95,0,0.0,0.01,0.00,0.98,-2.19,0.06,2.56,1920,0,11.68,11.94,2,1
1703.447,-7.286318,112.796118,0.66,0.758,0.239,-3.46,-4.11,190.37,190.37,0.00,-1.59,0,0.0,0.01,0.00,0.99,-4.08,0.30,2.68,1920,0,11.61,12.00,2,1
1703.547,-7.286319,112.796118,0.75,0.859,0.109,-4.12,-4.47,190.23,190.23,0.00,-1.50,0,0.0,0.01,0.00,0.99,-3.60,0.30,2.80,1920,0,11.53,12.06,2,1
1703.647,-7.286319,112.796118,0.70,0.601,0.078,-4.24,-4.35,190.08,190.08,0.00,-1.15,0,0.0,0.01,-0.01,0.99,-1.09,0.24,2.80,1920,0,11.58,12.12,2,1
1703.747,-7.286320,112.796118,0.66,0.749,-0.002,-3.94,-3.99,189.91,189.91,0.00,-0.77,0,0.0,0.01,-0.01,0.99,1.77,-0.06,3.05,1920,0,11.56,11.96,2,1
1703.847,-7.286321,112.796118,0.69,0.853,-0.056,-3.76,-3.76,189.73,189.73,0.00,-0.31,0,0.0,0.01,0.00,0.99,3.84,-0.24,3.11,1920,0,11.69,12.20,2,1
1703.947,-7.286321,112.796117,0.73,0.652,0.289,-3.29,-3.04,189.54,189.54,0.00,0.17,0,0.0,0.01,0.00,0.99,1.28,0.12,3.35,1920,0,11.61,12.06,2,1
1704.047,-7.286322,112.796117,0.73,0.785,0.150,-2.93,-2.92,189.34,189.34,0.00,0.24,0,0.0,0.02,0.00,0.99,-1.95,0.24,3.29,1920,0,11.62,12.18,2,1
1704.147,-7.286322,112.796117,0.62,0.549,0.107,-2.93,-1.68,189.15,189.15,0.00,0.47,0,0.0,0.01,-0.01,0.98,-3.05,0.61,3.35,1920,0,11.56,12.12,2,1
1704.247,-7.286323,112.796117,0.76,0.714,0.024,-1.98,-2.09,188.94,188.94,0.00,0.76,0,0.0,0.01,-0.01,0.99,-2.13,0.06,3.35,1920,0,11.45,12.10,2,1
1704.347,-7.286324,112.796117,0.76,0.829,-0.031,-1.98,-2.15,188.71,188.71,0.00,1.14,0,0.0,0.01,-0.01,0.99,-1.28,0.06,3.60,1920,0,11.70,12.17,2,1
1704.447,-7.286324,112.796117,0.71,0.581,-0.020,-2.04,-1.86,188.46,188.46,0.00,1.72,0,0.0,0.01,-0.01,0.99,0.06,0.06,3.90,1920,0,11.59,12.12,2,1
1704.547,-7.286325,112.796116,0.66,0.784,0.268,-0.31,-0.79,188.19,188.19,0.00,2.32,0,0.0,0.01,-0.01,0.99,0.67,0.18,3.96,1920,0,11.66,12.01,2,1
1704.647,-7.286326,112.796116,0.76,0.878,0.144,-0.13,-0.55,187.92,187.92,0.00,2.58,0,0.0,0.01,0.00,0.98,0.06,0.00,3.96,1920,0,11.60,12.15,2,1
1704.747,-7.286326,112.796116,0.72,0.614,0.104,-0.31,-0.13,187.65,187.65,0.00,3.00,0,0.0,0.01,-0.01,0.98,-1.52,0.18,3.84,1920,0,11.63,12.09,2,1
1704.847,-7.286327,112.796116,0.74,0.760,0.032,0.45,0.63,187.38,187.38,0.00,3.35,0,0.0,0.02,-0.01,0.99,-1.89,0.18,3.72,1920,0,11.69,12.18,2,1
1704.947,-7.286328,112.796116,0.71,0.863,-0.016,0.75,0.75,187.11,187.11,0.00,3.78,0,0.0,0.01,-0.03,0.99,-1.28,0.00,3.84,1920,0,11.68,12.12,2,1
1705.047,-7.286328,112.796116,0.67,0.604,-0.009,1.46,1.40,186.83,186.83,0.00,4.23,0,0.0,0.01,-0.02,0.99,1.46,-0.12,3.96,1920,0,11.54,11.97,2,1
1705.147,-7.286329,112.796116,0.84,0.754,-0.042,1.76,1.70,186.55,186.55,0.00,4.73,0,0.0,0.01,-0.02,0.99,2.80,0.00,3.78,1920,0,11.57,12.07,2,1
1705.247,-7.286330,112.796116,0.66,0.860,-0.064,2.30,2.11,186.29,186.29,0.00,5.19,0,0.0,0.01,-0.01,0.99,2.62,0.12,3.84,1920,0,11.72,12.14,2,1
1705.347,-7.286330,112.796115,0.74,0.637,0.287,2.12,2.59,186.03,186.03,0.00,5.59,0,0.0,0.02,-0.01,0.99,0.85,0.18,3.90,1920,0,11.67,12.08,2,1
1705.447,-7.286331,112.796115,0.73,0.777,0.170,3.01,3.12,185.77,185.77,0.00,0.00,0,0.0,0.01,0.00,0.99,-1.09,0.00,3.96,1920,0,11.51,12.00,2,1
1705.547,-7.286332,112.796115,0.68,0.875,0.089,1.29,0.45,185.51,185.51,0.00,5.76,0,0.0,0.01,-0.01,0.99,-2.68,0.00,4.02,1920,0,11.68,11.99,2,1
1705.647,-7.286332,112.796115,0.71,0.612,0.065,3.19,2.53,185.24,185.24,0.00,6.15,0,0.0,0.01,-0.01,0.99,-2.19,0.06,4.02,1920,0,11.56,12.09,2,1
1705.747,-7.286333,112.796115,0.75,0.761,0.019,3.61,3.60,184.94,184.94,0.00,6.57,0,0.0,0.02,-0.02,0.98,-1.22,0.18,4.21,1920,0,11.51,12.12,2,1
1705.847,-7.286334,112.796115,0.73,0.865,-0.011,3.73,3.66,184.64,184.64,0.00,7.22,0,0.0,0.01,-0.02,0.99,0.61,0.00,4.27,1920,0,11.58,12.12,2,1
1705.947,-7.286334,112.796115,0.75,0.605,-0.004,6.11,6.03,184.33,184.33,0.00,7.88,0,0.0,0.01,-0.02,0.99,2.01,0.00,4.27,1920,0,11.43,11.99,2,1
1706.047,-7.286335,112.796115,0.69,0.757,-0.024,5.09,5.44,184.02,184.02,0.00,8.42,0,0.0,0.02,-0.01,0.99,2.92,-0.06,4.33,1920,0,11.68,12.17,2,1
1706.147,-7.286335,112.796115,0.75,0.530,-0.014,6.82,6.33,183.71,183.71,0.00,8.97,0,0.0,0.02,-0.01,0.98,2.44,-0.06,4.33,1920,0,11.70,12.13,2,1
1706.247,-7.286336,112.796114,0.76,0.724,0.302,6.46,6.51,183.42,183.42,0.00,9.45,0,0.0,0.01,0.00,0.99,0.91,0.48,4.27,1920,0,11.72,12.15,2,1
1706.347,-7.286337,112.796114,0.71,0.839,0.196,7.35,6.93,183.15,183.15,0.00,0.00,0,0.0,0.01,0.00,0.99,-1.09,0.42,4.15,1920,0,11.75,12.18,2,1
1706.547,-7.286338,112.796114,0.72,0.752,0.135,16.64,13.40,182.58,182.58,0.00,9.84,0,0.0,0.01,-0.01,0.98,-1.22,0.00,4.39,1859,0,11.74,10.39,2,1
1706.647,-7.286339,112.796114,0.68,0.859,0.084,7.47,7.34,182.27,182.27,0.00,10.39,0,0.0,0.02,-0.01,0.99,0.30,-0.12,4.39,1920,0,11.48,12.08,2,1
1706.747,-7.286340,112.796114,0.75,0.935,0.051,7.47,7.88,181.96,181.96,0.00,11.01,0,0.0,0.02,-0.01,0.99,1.28,0.12,4.27,1920,0,11.62,12.07,2,1
1706.847,-7.286340,112.796114,0.69,0.654,0.039,9.38,8.59,181.66,181.66,0.00,11.59,0,0.0,0.01,0.00,0.99,1.95,0.00,4.08,1920,0,11.68,12.06,2,1
1707.047,-7.286341,112.796113,0.77,0.628,0.194,9.26,9.18,181.13,181.13,0.00,12.34,0,0.0,0.01,0.00,0.98,0.42,0.24,3.96,1859,0,11.57,12.17,2,1
1707.147,-7.286342,112.796113,0.71,0.772,0.133,10.09,9.48,180.87,180.87,0.00,12.17,0,0.0,0.02,0.00,0.99,-0.67,0.12,3.78,1920,0,11.67,12.17,2,1
1707.247,-7.286343,112.796113,0.70,0.874,0.091,9.91,9.36,180.63,180.63,0.00,12.27,0,0.0,0.02,0.00,0.99,-1.40,0.36,3.78,1920,0,11.62,12.06,2,1
1707.347,-7.286343,112.796113,0.78,0.611,0.066,9.85,9.24,180.41,180.41,0.00,12.49,0,0.0,0.01,0.00,0.99,-1.03,0.12,3.60,1920,0,11.58,12.09,2,1
1707.447,-7.286344,112.796113,0.72,0.761,0.047,9.85,9.72,180.19,180.19,0.00,12.65,0,0.0,0.01,-0.01,0.98,-0.12,0.00,3.41,1920,0,11.67,12.17,2,1
1707.547,-7.286345,112.796113,0.80,0.866,0.035,9.56,10.67,179.99,179.99,0.00,12.92,0,0.0,0.01,0.00,0.99,1.22,0.00,3.17,1920,0,11.62,12.07,2,1
1707.647,-7.286345,112.796113,0.64,0.606,0.026,10.87,10.37,179.81,179.81,0.00,13.12,0,0.0,0.02,-0.01,0.99,1.03,-0.18,2.99,1920,0,11.60,12.13,2,1
1707.747,-7.286346,112.796113,0.72,0.758,0.022,10.69,10.67,179.65,179.65,0.00,13.21,0,0.0,0.01,0.00,0.99,0.36,-0.12,2.92,1920,0,11.68,12.15,2,1
1707.847,-7.286347,112.796113,0.73,0.864,0.020,10.51,10.73,179.49,179.49,0.00,13.37,0,0.0,0.01,0.00,0.99,-0.30,0.06,2.86,1920,0,11.62,12.07,2,1
1707.947,-7.286347,112.796112,0.75,0.601,0.346,10.63,11.02,179.34,179.34,0.00,13.60,0,0.0,0.01,0.00,0.99,-0.48,0.06,2.68,1920,0,11.62,12.12,2,1
1708.047,-7.286348,112.796112,0.68,0.754,0.248,10.98,10.73,179.21,179.21,0.00,13.26,0,0.0,0.01,-0.01,0.99,-0.79,0.18,2.74,1920,0,11.69,12.12,2,1
1708.147,-7.286349,112.796112,0.75,0.861,0.180,10.98,10.91,179.08,179.08,0.00,13.16,0,0.0,0.02,-0.01,0.99,-0.30,0.00,2.44,1920,0,11.54,12.10,2,1
1708.247,-7.286349,112.796112,0.77,0.602,0.127,10.92,11.38,178.96,178.96,0.00,13.24,0,0.0,0.01,-0.02,0.99,0.06,0.24,2.50,1920,0,11.58,12.10,2,1
1708.347,-7.286350,112.796112,0.67,0.755,0.097,10.92,10.49,178.85,178.85,0.00,13.34,0,0.0,0.01,0.00,0.99,1.09,-0.12,2.31,1920,0,11.53,12.10,2,1
1708.447,-7.286351,112.796112,0.76,0.862,0.076,10.69,11.32,178.74,178.74,0.00,0.00,0,0.0,0.01,0.00,0.99,1.22,-0.18,2.31,1920,0,11.60,12.04,2,1
1708.547,-7.286351,112.796112,0.76,0.603,0.054,4.80,3.90,178.65,178.65,0.00,13.65,0,0.0,0.01,0.00,0.99,0.85,0.00,2.25,1920,0,11.59,12.07,2,1
1708.647,-7.286352,112.796112,0.68,0.756,0.047,4.74,6.21,178.55,178.55,0.00,13.73,0,0.0,0.01,0.00,0.99,1.28,0.00,2.31,1920,0,11.60,12.01,2,1
1708.747,-7.286353,112.796112,0.76,0.862,0.043,12.06,12.15,178.46,178.46,0.00,13.94,0,0.0,0.01,0.00,0.98,0.06,0.24,2.13,1920,0,11.56,11.92,2,1
1708.847,-7.286353,112.796111,0.70,0.594,0.362,11.88,11.56,178.37,178.37,0.00,14.15,0,0.0,0.01,0.00,0.98,-1.28,0.18,2.13,1920,0,11.64,12.07,2,1
1708.947,-7.286354,112.796111,0.76,0.749,0.264,11.58,11.20,178.29,178.29,0.00,0.00,0,0.0,0.01,0.00,0.99,-1.95,0.06,2.13,1920,0,11.66,12.21,2,1
1709.047,-7.286355,112.796111,0.68,0.857,0.196,4.68,4.37,178.21,178.21,0.00,13.65,0,0.0,0.02,0.00,0.99,-1.46,0.06,2.07,1920,0,11.68,12.01,2,1
1709.147,-7.286356,112.796111,0.78,0.933,0.149,4.44,6.81,178.11,178.11,0.00,13.75,0,0.0,0.01,-0.01,0.98,0.73,-0.12,2.31,1920,0,11.68,12.07,2,1
1709.247,-7.286356,112.796111,0.74,0.653,0.106,12.35,10.85,178.00,178.00,0.00,14.05,0,0.0,0.01,0.00,0.98,2.01,0.12,2.25,1920,0,11.68,12.04,2,1
1709.347,-7.286357,112.796111,0.76,0.790,0.087,11.94,11.56,177.90,177.90,0.00,14.35,0,0.0,0.02,0.00,0.98,1.58,0.00,2.13,1920,0,11.62,12.19,2,1
1709.447,-7.286358,112.796111,0.76,0.887,0.074,11.76,11.38,177.83,177.83,0.00,14.57,0,0.0,0.02,0.00,0.99,0.00,0.00,2.01,1920,0,11.58,12.00,2,1
1709.547,-7.286359,112.796111,0.73,0.954,0.065,11.58,11.56,177.78,177.78,0.00,14.62,0,0.0,0.02,0.00,0.99,-1.22,0.12,1.83,1920,0,11.48,12.07,2,1
1709.647,-7.286359,112.796111,0.75,0.668,0.046,12.23,12.27,177.74,177.74,0.00,14.67,0,0.0,0.02,0.00,0.99,-1.70,-0.06,1.52,1920,0,11.49,12.07,2,1
1709.747,-7.286360,112.796111,0.75,0.801,0.046,12.23,12.39,177.73,177.73,0.00,14.58,0,0.0,0.02,0.00,0.99,-1.89,0.18,1.40,1920,0,11.58,12.13,2,1
1709.847,-7.286361,112.796111,0.71,0.894,0.045,12.06,11.92,177.72,177.72,0.00,14.53,0,0.0,0.01,0.00,0.99,-0.54,0.30,1.28,1920,0,11.61,12.07,2,1
1709.947,-7.286361,112.796111,0.75,0.626,0.032,11.64,12.27,177.72,177.72,0.00,14.56,0,0.0,0.01,-0.01,0.98,0.73,0.12,1.22,1920,0,11.57,12.07,2,1
1710.047,-7.286362,112.796111,0.74,0.771,0.035,12.35,12.69,177.72,177.72,0.00,14.51,0,0.0,0.01,-0.01,0.99,2.31,-0.18,0.97,1920,0,11.68,12.14,2,1
1710.147,-7.286363,112.796111,0.74,0.873,0.038,12.35,11.97,177.75,177.75,0.00,14.54,0,0.0,0.02,0.00,0.99,2.07,-0.24,0.91,1859,0,11.67,12.14,2,1
1710.247,-7.286363,112.796111,0.77,0.611,0.026,12.71,12.39,177.80,177.80,0.00,14.45,0,0.0,0.02,0.00,0.99,0.67,-0.12,0.73,1920,0,11.58,12.00,2,1
1710.347,-7.286364,112.796111,0.78,0.761,0.030,11.40,12.51,177.86,177.86,0.00,14.28,0,0.0,0.01,0.00,0.99,-0.91,0.18,0.73,1920,0,11.60,12.06,2,1
1710.447,-7.286365,112.796111,0.77,0.866,0.032,12.35,12.39,177.94,177.94,0.00,14.17,0,0.0,0.01,0.00,0.99,-1.70,0.00,0.48,1920,0,11.40,12.07,2,1
1710.547,-7.286366,112.796111,0.77,0.940,0.033,11.58,12.75,178.02,178.02,0.00,14.09,0,0.0,0.01,0.00,0.99,-1.77,0.12,0.36,1920,0,11.61,12.12,2,1
1710.647,-7.286366,112.796111,0.73,0.658,0.022,12.00,12.57,178.11,178.11,0.00,13.99,0,0.0,0.01,0.00,0.99,-0.67,0.00,0.24,1859,0,11.73,12.10,2,1
1710.747,-7.286367,112.796111,0.77,0.794,0.025,12.23,12.15,178.21,178.21,0.00,13.88,0,0.0,0.01,0.00,1.00,0.67,-0.06,0.18,1920,0,11.57,12.05,2,1
1710.847,-7.286368,112.796111,0.79,0.889,0.026,12.17,12.21,178.32,178.32,0.00,13.79,0,0.0,0.01,0.00,0.99,2.01,0.00,0.00,1920,0,11.57,12.17,2,1
1710.947,-7.286368,112.796111,0.66,0.623,0.017,12.71,12.45,178.44,178.44,0.00,13.71,0,0.0,0.02,0.00,0.99,2.25,0.06,0.00,1920,0,11.51,12.08,2,1
1711.047,-7.286369,112.796111,0.78,0.769,0.019,11.88,12.81,178.58,178.58,0.00,13.51,0,0.0,0.02,0.00,0.98,1.46,-0.12,-0.30,1920,0,11.72,12.07,2,1
1711.147,-7.286370,112.796110,0.76,0.865,0.350,12.23,11.68,178.73,178.73,0.00,0.00,0,0.0,0.01,0.00,0.99,-0.48,-0.06,-0.30,1920,0,11.51,12.08,2,1
1711.247,-7.286370,112.796110,0.73,0.606,0.243,5.75,3.60,178.89,178.89,0.00,12.50,0,0.0,0.02,0.00,1.00,-1.46,0.00,-0.24,1920,0,11.62,12.12,2,1
1711.347,-7.286371,112.796110,0.76,0.758,0.175,7.59,8.29,179.02,179.02,0.00,11.92,0,0.0,0.01,-0.01,0.99,-0.54,0.24,0.12,1920,0,11.49,11.62,2,1
1711.447,-7.286372,112.796110,0.77,0.864,0.127,9.26,9.48,179.14,179.14,0.00,11.83,0,0.0,0.01,0.00,0.99,0.24,0.00,0.12,1920,0,11.50,12.03,2,1
1711.547,-7.286373,112.796110,0.77,0.939,0.092,9.91,9.30,179.25,179.25,0.00,11.89,0,0.0,0.01,0.00,0.98,0.12,0.00,0.12,1920,0,11.62,12.06,2,1
1711.647,-7.286373,112.796110,0.79,0.657,0.063,9.68,9.84,179.37,179.37,0.00,11.99,0,0.0,0.02,0.00,0.99,0.06,-0.18,0.00,1920,0,11.42,12.10,2,1
1711.747,-7.286374,112.796110,0.75,0.794,0.046,9.85,9.60,179.50,179.50,0.00,0.00,0,0.0,0.01,0.00,0.99,-0.12,0.00,0.00,1920,0,11.69,12.07,2,1
1711.847,-7.286375,112.796110,0.74,0.889,0.033,8.37,6.63,179.61,179.61,0.00,11.90,0,0.0,0.01,0.00,0.99,-0.24,0.00,0.00,1920,0,11.68,12.19,2,1
1711.947,-7.286375,112.796110,0.80,0.623,0.022,4.80,7.34,179.72,179.72,0.00,11.97,0,0.0,0.01,0.00,0.99,0.48,0.00,0.24,1920,0,11.70,11.88,2,1
1712.047,-7.286376,112.796110,0.74,0.769,0.016,10.09,9.66,179.81,179.81,0.00,11.96,0,0.0,0.01,0.00,0.98,0.61,-0.06,0.24,1920,0,11.69,12.13,2,1
1712.147,-7.286377,112.796110,0.70,0.872,0.011,9.97,9.72,179.92,179.92,0.00,12.13,0,0.0,0.01,0.00,0.98,-0.18,0.00,0.18,1920,0,11.49,12.12,2,1
1712.247,-7.286378,112.796110,0.80,0.944,0.006,10.27,9.60,180.03,180.03,0.00,12.15,0,0.0,0.02,0.00,0.99,-0.97,0.00,0.12,1920,0,11.57,12.04,2,1
1712.347,-7.286378,112.796110,0.73,0.661,0.003,9.73,9.60,180.15,180.15,0.00,12.23,0,0.0,0.01,0.00,0.99,-1.46,0.00,0.12,1920,0,11.66,12.17,2,1
1712.447,-7.286379,112.796110,0.76,0.796,-0.000,9.62,9.66,180.26,180.26,0.00,12.14,0,0.0,0.01,0.00,0.99,-1.40,0.12,0.06,1920,0,11.63,12.12,2,1
1712.547,-7.286380,112.796110,0.82,0.891,-0.004,10.09,9.72,180.38,180.38,0.00,12.17,0,0.0,0.02,0.00,0.99,0.24,0.00,-0.06,1920,0,11.62,12.06,2,1
1712.647,-7.286380,112.796110,0.75,0.624,-0.004,9.79,9.42,180.50,180.50,0.00,12.24,0,0.0,0.02,0.00,0.99,1.22,0.06,0.00,1920,0,11.55,12.10,2,1
1712.747,-7.286381,112.796110,0.77,0.770,-0.007,9.68,9.60,180.62,180.62,0.00,12.15,0,0.0,0.02,0.00,0.99,1.28,-0.06,0.00,1920,0,11.46,12.06,2,1
1712.847,-7.286382,112.796110,0.74,0.873,-0.011,9.91,9.66,180.75,180.75,0.00,12.18,0,0.0,0.01,0.00,0.99,1.15,0.06,0.00,1920,0,11.58,12.18,2,1
1712.947,-7.286382,112.796110,0.78,0.611,-0.009,9.97,9.60,180.88,180.88,0.00,12.23,0,0.0,0.01,0.00,0.99,0.91,-0.06,-0.18,1920,0,11.68,12.12,2,1
1713.047,-7.286383,112.796110,0.79,0.761,-0.013,9.85,9.60,181.04,181.04,0.00,12.13,0,0.0,0.02,0.00,0.99,-0.12,-0.06,-0.36,1920,0,11.67,12.07,2,1
1713.147,-7.286384,112.796110,0.74,0.866,-0.018,9.91,9.78,181.21,181.21,0.00,11.96,0,0.0,0.02,0.00,0.99,-0.79,0.00,-0.36,1920,0,11.63,12.08,2,1
1713.247,-7.286385,112.796110,0.81,0.940,-0.022,9.68,9.42,181.38,181.38,0.00,11.83,0,0.0,0.02,0.00,0.99,-1.15,0.12,-0.30,1920,0,11.55,12.07,2,1
1713.347,-7.286385,112.796110,0.75,0.658,-0.018,9.85,9.48,181.56,181.56,0.00,11.87,0,0.0,0.01,0.00,0.99,-0.54,0.00,-0.42,1920,0,11.67,12.04,2,1
1713.447,-7.286386,112.796110,0.81,0.794,-0.024,10.09,9.60,181.72,181.72,0.00,11.76,0,0.0,0.01,0.00,0.98,0.48,0.12,-0.36,1920,0,11.68,12.12,2,1
1713.547,-7.286387,112.796109,0.80,0.900,0.301,9.79,9.72,181.89,181.89,0.00,11.82,0,0.0,0.02,0.00,0.98,1.09,-0.24,-0.48,1920,0,11.54,12.07,2,1
1713.647,-7.286387,112.796109,0.73,0.631,0.209,9.56,9.60,182.07,182.07,0.00,10.95,0,0.0,0.01,0.00,0.99,1.09,-0.06,-0.54,1920,0,11.61,12.02,2,1
1713.747,-7.286388,112.796109,0.78,0.775,0.132,9.91,10.19,182.25,182.25,0.00,0.00,0,0.0,0.02,0.00,0.99,1.40,-0.06,-0.61,1920,0,11.62,12.07,2,1
1713.847,-7.286389,112.796109,0.78,0.876,0.076,4.08,4.61,182.44,182.44,0.00,10.09,0,0.0,0.01,0.00,0.99,0.30,0.00,-0.42,1920,0,11.49,11.76,2,1
1713.947,-7.286390,112.796109,0.82,0.947,0.036,8.49,6.57,182.63,182.63,0.00,9.99,0,0.0,0.02,0.00,0.99,0.73,-0.12,-0.30,1920,0,11.72,11.98,2,1
1714.047,-7.286390,112.796109,0.73,0.663,0.023,7.83,7.40,182.79,182.79,0.00,10.09,0,0.0,0.02,0.00,0.99,-0.24,0.00,-0.36,1920,0,11.67,12.17,2,1
1714.147,-7.286391,112.796109,0.79,0.797,-0.002,8.07,7.88,182.97,182.97,0.00,10.12,0,0.0,0.01,0.01,0.98,-0.73,0.00,-0.36,1920,0,11.49,12.14,2,1
1714.247,-7.286392,112.796109,0.78,0.891,-0.022,8.37,7.82,183.15,183.15,0.00,10.17,0,0.0,0.02,0.00,0.98,-1.34,0.12,-0.42,1920,0,11.66,12.15,2,1
1714.347,-7.286392,112.796109,0.79,0.624,-0.017,7.95,7.88,183.32,183.32,0.00,10.26,0,0.0,0.01,0.01,0.98,-1.52,0.00,-0.30,1920,0,11.54,12.08,2,1
1714.447,-7.286393,112.796109,0.75,0.770,-0.033,7.83,7.58,183.48,183.48,0.00,10.25,0,0.0,0.02,0.00,0.99,-0.42,-0.06,-0.18,1920,0,11.54,12.02,2,1
1714.547,-7.286394,112.796109,0.78,0.872,-0.046,7.71,7.64,183.63,183.63,0.00,10.45,0,0.0,0.01,0.00,0.99,0.30,-0.12,-0.18,1920,0,11.45,12.12,2,1
1714.647,-7.286394,112.796109,0.78,0.610,-0.034,9.08,8.05,183.77,183.77,0.00,10.77,0,0.0,0.02,0.00,0.99,1.09,-0.24,-0.18,1920,0,11.63,12.21,2,1
1714.747,-7.286395,112.796109,0.80,0.760,-0.048,8.31,8.17,183.93,183.93,0.00,10.82,0,0.0,0.02,0.01,0.99,0.54,-0.06,-0.30,1920,0,11.57,12.06,2,1
1714.847,-7.286396,112.796109,0.81,0.864,-0.059,8.01,8.17,184.11,184.11,0.00,10.94,0,0.0,0.01,0.01,0.99,-0.06,-0.06,-0.54,1920,0,11.53,12.10,2,1
1714.947,-7.286397,112.796109,0.76,0.938,-0.068,8.84,9.18,184.29,184.29,0.00,11.06,0,0.0,0.01,0.00,0.99,-0.61,0.00,-0.48,1920,0,11.69,12.04,2,1
1715.047,-7.286397,112.796109,0.73,0.656,-0.050,8.72,8.65,184.48,184.48,0.00,11.27,0,0.0,0.02,0.00,0.99,-0.61,0.06,-0.61,1920,0,11.61,12.07,2,1
1715.147,-7.286398,112.796109,0.84,0.792,-0.064,9.08,8.95,184.68,184.68,0.00,11.16,0,0.0,0.02,0.00,0.99,-0.30,0.06,-0.67,1920,0,11.48,12.12,2,1
1715.247,-7.286399,112.796108,0.79,0.915,0.255,8.96,9.06,184.88,184.88,0.00,11.31,0,0.0,0.02,0.00,0.99,-0.06,-0.12,-0.85,1920,0,11.78,12.11,2,1
1715.347,-7.286400,112.796108,0.78,0.973,0.146,8.84,8.59,185.09,185.09,0.00,10.20,0,0.0,0.01,0.00,0.99,0.36,0.00,-0.85,1920,0,11.68,12.08,2,1
1715.447,-7.286400,112.796108,0.81,0.682,0.100,10.09,10.31,185.31,185.31,0.00,9.80,0,0.0,0.02,0.00,1.00,0.97,-0.12,-0.91,1920,0,11.55,12.05,2,1
1715.547,-7.286401,112.796108,0.75,0.809,0.036,8.19,8.23,185.54,185.54,0.00,9.41,0,0.0,0.02,0.00,0.99,0.79,0.18,-0.91,1920,0,11.70,12.15,2,1
1715.647,-7.286402,112.796108,0.79,0.899,-0.011,7.95,8.17,185.76,185.76,0.00,0.00,0,0.0,0.02,0.00,0.99,0.30,0.12,-0.91,1920,0,11.70,12.13,2,1
1715.747,-7.286402,112.796108,0.78,0.629,-0.010,1.52,2.83,185.99,185.99,0.00,0.00,0,0.0,0.02,0.00,0.98,-0.61,-0.12,-1.09,1920,0,11.68,12.02,2,1
1715.847,-7.286403,112.796108,0.78,0.772,-0.045,-1.98,-1.68,186.21,186.21,0.00,0.00,0,0.0,0.01,0.00,0.99,0.48,-0.18,-0.67,1920,0,11.62,12.13,2,1
1715.947,-7.286404,112.796108,0.78,0.872,-0.070,-1.80,-1.86,186.39,186.39,0.00,0.00,0,0.0,0.02,0.00,0.98,1.15,-0.18,-0.42,1920,0,11.51,12.07,2,1
1716.047,-7.286405,112.796108,0.78,0.941,-0.089,-1.68,-2.21,186.56,186.56,0.00,0.00,0,0.0,0.02,0.01,0.99,0.91,-0.30,-0.30,1920,0,11.51,12.07,2,1
1716.147,-7.286405,112.796108,0.74,0.659,-0.064,-1.98,-1.74,186.72,186.72,0.00,0.00,0,0.0,0.02,0.00,0.98,0.06,0.00,-0.06,1920,0,11.60,12.05,2,1
1716.247,-7.286406,112.796107,0.83,0.832,0.243,-2.27,-2.21,186.85,186.85,0.00,0.00,0,0.0,0.02,0.00,0.99,-0.54,-0.12,0.24,1920,0,11.65,12.15,2,1
1716.347,-7.286407,112.796107,0.78,0.914,0.128,-1.74,-1.62,186.97,186.97,0.00,0.00,0,0.0,0.01,0.01,0.98,-1.09,0.30,0.36,1920,0,11.60,12.06,2,1
1716.447,-7.286407,112.796107,0.77,0.640,0.089,-2.63,-1.74,187.06,187.06,0.00,0.00,0,0.0,0.02,0.01,0.98,-0.97,0.18,0.42,1920,0,11.59,12.11,2,1
1716.547,-7.286408,112.796107,0.81,0.779,0.020,-2.10,-1.86,187.13,187.13,0.00,0.00,0,0.0,0.02,0.00,0.99,-0.67,0.06,0.73,1920,0,11.54,12.15,2,1
1716.647,-7.286409,112.796107,0.75,0.876,-0.028,-2.04,-2.03,187.17,187.17,0.00,0.00,0,0.0,0.01,0.00,0.98,0.54,0.00,0.91,1920,0,11.60,12.02,2,1
1716.747,-7.286410,112.796107,0.78,0.944,-0.061,-1.80,-1.91,187.18,187.18,0.00,0.00,0,0.0,0.02,0.00,0.99,1.22,0.00,1.22,1920,0,11.67,12.08,2,1
1716.847,-7.286410,112.796107,0.82,0.661,-0.043,-1.74,-2.03,187.19,187.19,0.00,0.00,0,0.0,0.02,0.01,0.98,0.61,0.00,1.40,1920,0,11.68,12.13,2,1
1716.947,-7.286411,112.796107,0.72,0.794,-0.072,-1.68,-1.86,187.18,187.18,0.00,0.00,0,0.0,0.02,0.01,0.99,0.24,0.06,1.40,1920,0,11.63,12.20,2,1
1717.047,-7.286412,112.796107,0.81,0.887,-0.092,-1.68,-2.21,187.17,187.17,0.00,0.00,0,0.0,0.02,0.00,0.99,-0.67,0.12,1.58,1920,0,11.58,12.08,2,1
1717.147,-7.286412,112.796107,0.76,0.621,-0.064,-1.92,-1.74,187.15,187.15,0.00,0.00,0,0.0,0.02,0.00,0.99,-1.09,0.00,1.58,1920,0,11.68,12.24,2,1
1717.247,-7.286413,112.796107,0.72,0.765,-0.086,-2.39,-2.15,187.13,187.13,0.00,0.00,0,0.0,0.02,0.00,0.99,-1.22,0.00,1.83,1920,0,11.63,12.18,2,1
1717.347,-7.286414,112.796106,0.79,0.908,0.227,-2.16,-1.68,187.09,187.09,0.00,0.00,0,0.0,0.02,0.00,0.99,-0.54,-0.12,1.64,1920,0,11.51,12.06,2,1
1717.447,-7.286415,112.796106,0.74,0.966,0.119,-1.50,-2.39,187.03,187.03,0.00,0.00,0,0.0,0.02,0.00,0.99,-0.06,0.06,1.95,1920,0,11.58,12.06,2,1
1717.547,-7.286415,112.796106,0.81,0.676,0.084,-2.04,-2.15,186.96,186.96,0.00,0.00,0,0.0,0.02,0.00,0.99,0.30,0.00,2.07,1920,0,11.69,12.12,2,1
1717.647,-7.286416,112.796106,0.79,0.805,0.020,-1.56,-1.74,186.87,186.87,0.00,0.00,0,0.0,0.02,0.00,0.99,0.48,0.06,2.25,1920,0,11.72,12.01,2,1
1717.747,-7.286417,112.796106,0.74,0.894,-0.025,-2.39,-2.15,186.78,186.78,0.00,0.00,0,0.0,0.02,0.00,0.99,0.36,0.18,2.19,1859,0,11.51,12.07,2,1
1717.947,-7.286418,112.796106,0.74,0.792,-0.034,-2.69,-1.91,186.58,186.58,0.00,0.00,0,0.0,0.02,0.00,0.99,-0.24,0.00,2.50,1920,0,11.68,12.12,2,1
1718.047,-7.286419,112.796105,0.87,0.923,0.269,-2.69,-1.74,186.45,186.45,0.00,0.00,0,0.0,0.02,0.00,0.99,-0.24,-0.24,2.50,1920,0,11.66,12.12,2,1
1718.147,-7.286419,112.796105,0.70,0.646,0.189,-2.21,-2.15,186.33,186.33,0.00,0.00,0,0.0,0.02,0.00,0.99,0.18,-0.06,2.56,1920,0,11.68,12.07,2,1
1718.247,-7.286420,112.796105,0.83,0.783,0.098,-1.80,-2.15,186.20,186.20,0.00,0.00,0,0.0,0.02,0.00,0.99,0.24,0.30,2.56,1859,0,11.68,12.07,2,1
1718.347,-7.286421,112.796105,0.80,0.880,0.034,-2.45,-2.15,186.06,186.06,0.00,0.00,0,0.0,0.02,0.00,0.99,0.48,0.24,2.74,1920,0,11.57,12.16,2,1
1718.447,-7.286422,112.796105,0.76,0.948,-0.009,-2.33,-1.97,185.91,185.91,0.00,0.00,0,0.0,0.01,0.00,0.98,0.30,0.18,2.92,1920,0,11.63,12.07,2,1
1718.547,-7.286423,112.796105,0.78,0.995,-0.038,-1.86,-1.86,185.75,185.75,0.00,0.00,0,0.0,0.02,0.00,0.99,0.00,0.06,2.99,1920,0,11.59,12.18,2,1
1718.647,-7.286423,112.796105,0.79,0.697,-0.024,-2.27,-1.91,185.57,185.57,0.00,0.00,0,0.0,0.02,0.00,0.99,-0.30,0.06,3.23,1920,0,11.71,12.08,2,1
1718.747,-7.286424,112.796104,0.75,0.851,0.283,-2.10,-1.97,185.39,185.39,0.00,0.00,0,0.0,0.01,0.00,0.98,0.06,-0.06,3.23,1920,0,11.61,12.06,2,1
1718.847,-7.286424,112.796104,0.75,0.595,0.200,-2.21,-2.15,185.20,185.20,0.00,0.00,0,0.0,0.02,0.00,0.98,0.61,0.12,3.23,1920,0,11.67,12.08,2,1
1718.947,-7.286425,112.796104,0.77,0.748,0.112,-2.04,-2.27,184.99,184.99,0.00,0.00,0,0.0,0.02,0.01,0.98,0.24,0.12,3.35,1920,0,11.43,12.07,2,1
1719.047,-7.286426,112.796104,0.77,0.856,0.053,-2.04,-2.03,184.78,184.78,0.00,0.00,0,0.0,0.02,0.00,0.99,-0.36,0.18,3.35,1920,0,11.62,12.19,2,1
1719.147,-7.286427,112.796104,0.80,0.932,0.013,-2.10,-1.97,184.56,184.56,0.00,0.00,0,0.0,0.02,0.00,0.99,-0.30,0.12,3.47,1920,0,11.48,12.07,2,1
1719.247,-7.286427,112.796104,0.77,0.652,0.012,-1.92,-1.97,184.33,184.33,0.00,0.00,0,0.0,0.02,0.00,0.98,-0.24,0.18,3.60,1920,0,11.55,12.17,2,1
1719.347,-7.286428,112.796104,0.80,0.789,-0.014,-1.74,-2.03,184.09,184.09,0.00,0.00,0,0.0,0.02,0.00,0.99,-0.30,0.00,3.78,1920,0,11.72,12.12,2,1
1719.447,-7.286429,112.796104,0.80,0.885,-0.030,-2.39,-2.33,183.85,183.85,0.00,0.00,0,0.0,0.02,0.00,0.99,-0.06,0.06,3.72,1920,0,11.51,12.10,2,1
1719.547,-7.286429,112.796103,0.72,0.641,0.312,-2.45,-1.74,183.60,183.60,0.00,0.00,0,0.0,0.02,0.00,0.98,-0.18,0.36,3.84,1920,0,11.54,12.13,2,1
1719.647,-7.286430,112.796103,0.80,0.780,0.201,-1.92,-2.15,183.33,183.33,0.00,0.00,0,0.0,0.02,0.00,0.99,0.06,0.00,3.96,1920,0,11.64,12.04,2,1
1719.747,-7.286431,112.796103,0.79,0.879,0.125,-2.39,-1.97,183.07,183.07,0.00,0.00,0,0.0,0.02,0.00,0.98,-0.61,0.12,4.08,1920,0,11.64,12.07,2,1
1719.847,-7.286432,112.796103,0.78,0.948,0.075,-2.27,-2.03,182.78,182.78,0.00,0.00,0,0.0,0.02,0.00,0.99,-0.61,0.06,4.21,1920,0,11.56,12.08,2,1
1719.947,-7.286432,112.796103,0.79,0.663,0.056,-2.39,-2.15,182.49,182.49,0.00,0.00,0,0.0,0.02,0.00,0.99,-0.18,0.00,4.02,1920,0,11.54,12.08,2,1
1720.047,-7.286433,112.796103,0.78,0.797,0.028,-1.92,-1.91,182.21,182.21,0.00,0.00,0,0.0,0.02,0.00,1.00,-0.12,0.24,4.15,1920,0,11.59,12.04,2,1
1720.147,-7.286434,112.796102,0.81,0.903,0.342,-2.27,-2.09,181.92,181.92,0.00,0.00,0,0.0,0.02,0.00,1.00,-0.18,0.30,4.33,1920,0,11.48,12.08,2,1
1720.247,-7.286434,112.796102,0.72,0.631,0.243,-1.92,-2.21,181.62,181.62,0.00,0.00,0,0.0,0.01,0.00,0.99,-0.18,0.30,4.27,1920,0,11.48,12.15,2,1
1720.347,-7.286435,112.796102,0.78,0.774,0.165,-1.98,-2.03,181.32,181.32,0.00,0.00,0,0.0,0.01,0.00,0.99,-0.48,0.06,4.45,1859,0,11.67,12.04,2,1
1720.447,-7.286436,112.796102,0.78,0.875,0.112,-1.92,-1.62,181.01,181.01,0.00,0.00,0,0.0,0.02,0.00,0.99,0.06,-0.18,4.33,1920,0,11.67,12.07,2,1
1720.547,-7.286436,112.796102,0.75,0.612,0.082,-2.63,-1.80,180.69,180.69,0.00,0.00,0,0.0,0.02,0.00,0.99,-0.12,0.18,4.45,1920,0,11.58,12.01,2,1
1720.647,-7.286437,112.796102,0.84,0.762,0.058,-2.57,-1.97,180.37,180.37,0.00,0.00,0,0.0,0.02,0.00,0.99,0.00,0.06,4.57,1920,0,11.60,12.15,2,1
1720.747,-7.286438,112.796102,0.80,0.866,0.043,-2.27,-2.27,180.03,180.03,0.00,0.00,0,0.0,0.02,-0.01,0.99,-0.30,0.42,4.69,1920,0,11.67,12.07,2,1
1720.847,-7.286438,112.796102,0.80,0.606,0.034,-2.21,-1.97,179.68,179.68,0.00,0.00,0,0.0,0.01,0.00,0.99,0.00,0.18,4.76,1859,0,11.60,12.00,2,1
1720.947,-7.286440,112.796101,0.87,1.088,0.365,-2.21,-1.91,179.33,179.33,0.00,0.00,0,0.0,0.02,-0.01,0.98,0.00,0.12,4.88,1920,0,11.69,12.01,2,1
1721.047,-7.286440,112.796101,0.76,0.760,0.260,-2.33,-2.09,178.96,178.96,0.00,0.00,0,0.0,0.02,-0.01,0.99,-0.18,-0.12,4.88,1920,0,11.57,12.13,2,1
1721.147,-7.286441,112.796101,0.80,0.864,0.194,-1.92,-1.80,178.59,178.59,0.00,0.00,0,0.0,0.01,-0.01,0.99,-0.12,0.06,5.06,1920,0,11.51,12.07,2,1
1721.247,-7.286442,112.796101,0.74,0.937,0.150,-2.04,-2.03,178.21,178.21,0.00,0.00,0,0.0,0.02,-0.01,1.00,0.36,-0.06,5.06,1920,0,11.56,12.17,2,1
1721.347,-7.286442,112.796101,0.75,0.655,0.109,-2.63,-2.33,177.83,177.83,0.00,0.00,0,0.0,0.02,-0.01,0.99,0.06,0.12,5.18,1920,0,11.67,12.14,2,1
1721.447,-7.286443,112.796101,0.83,0.792,0.095,-2.27,-1.86,177.44,177.44,0.00,0.00,0,0.0,0.02,0.00,0.99,0.36,0.18,5.12,1920,0,11.43,12.07,2,1
1721.547,-7.286444,112.796101,0.72,0.887,0.087,-2.27,-1.50,177.05,177.05,0.00,0.00,0,0.0,0.02,-0.01,0.99,-0.30,0.18,5.24,1920,0,11.74,12.12,2,1
1721.647,-7.286445,112.796101,0.84,0.953,0.085,-2.27,-2.33,176.66,176.66,0.00,0.00,0,0.0,0.02,-0.01,0.99,-0.36,0.00,5.31,1920,0,11.53,12.00,2,1
1721.747,-7.286445,112.796100,0.77,0.645,0.394,-2.33,-2.15,176.25,176.25,0.00,0.00,0,0.0,0.02,-0.01,0.99,-0.42,0.18,5.37,1920,0,11.53,11.97,2,1
1721.847,-7.286445,112.796100,0.77,0.450,0.279,-2.10,-2.27,175.85,175.85,0.00,0.00,0,0.0,0.02,-0.01,0.99,-0.30,0.12,5.24,1920,0,11.55,12.07,2,1
1721.947,-7.286447,112.796100,0.84,0.978,0.251,-2.39,-2.33,175.42,175.42,0.00,0.00,0,0.0,0.01,-0.01,0.99,-0.36,0.12,5.43,1920,0,11.69,12.15,2,1
1722.047,-7.286448,112.796100,0.77,1.016,0.210,-2.21,-2.03,175.00,175.00,0.00,0.00,0,0.0,0.02,-0.01,1.00,0.42,0.06,5.55,1920,0,11.56,12.17,2,1
1722.147,-7.286448,112.796100,0.76,0.710,0.152,-1.74,-1.86,174.56,174.56,0.00,0.00,0,0.0,0.01,-0.01,0.99,0.30,0.12,5.73,1920,0,11.64,12.05,2,1
1722.247,-7.286449,112.796100,0.78,0.828,0.145,-2.10,-2.21,174.12,174.12,0.00,0.00,0,0.0,0.02,0.00,0.99,0.48,0.00,5.67,1920,0,11.42,12.12,2,1
1722.347,-7.286450,112.796100,0.81,0.910,0.142,-2.04,-1.97,173.68,173.68,0.00,0.00,0,0.0,0.02,0.00,0.99,-0.36,0.12,5.67,1920,0,11.53,12.13,2,1
1722.447,-7.286450,112.796100,0.76,0.636,0.105,-2.16,-1.86,173.23,173.23,0.00,0.00,0,0.0,0.01,0.00,0.99,-0.24,0.06,5.73,1859,0,11.68,12.17,2,1
1722.547,-7.286451,112.796100,0.81,0.776,0.119,-2.39,-1.97,172.78,172.78,0.00,0.00,0,0.0,0.02,-0.01,0.98,-0.54,0.12,5.92,1920,0,11.48,12.02,2,1
1722.647,-7.286452,112.796100,0.71,0.873,0.132,-1.92,-1.97,172.32,172.32,0.00,0.00,0,0.0,0.02,0.00,0.99,-0.06,0.06,5.85,1920,0,11.45,12.06,2,1
1722.747,-7.286453,112.796100,0.78,0.941,0.145,-2.33,-1.91,171.84,171.84,0.00,0.00,0,0.0,0.02,-0.01,0.99,0.00,0.12,5.79,1920,0,11.61,12.17,2,1
1722.847,-7.286453,112.796100,0.78,0.658,0.107,-2.57,-2.15,171.38,171.38,0.00,0.00,0,0.0,0.02,-0.01,0.99,0.30,0.06,5.92,1920,0,11.48,12.12,2,1
1722.947,-7.286454,112.796100,0.77,0.789,0.131,-2.04,-2.09,170.90,170.90,0.00,0.00,0,0.0,0.02,-0.01,0.98,0.12,0.18,6.10,1859,0,11.63,12.17,2,1
1723.047,-7.286455,112.796100,0.74,0.880,0.152,-2.39,-2.03,170.41,170.41,0.00,-20.59,0,0.0,0.02,0.00,0.99,0.30,0.12,6.22,1920,0,11.54,12.12,2,1
1723.147,-7.286455,112.796100,0.80,0.615,0.112,-8.22,-9.28,169.90,169.90,0.00,-40.00,0,0.0,0.02,-0.01,0.99,0.06,0.12,6.53,1920,0,11.54,11.82,2,1
1723.247,-7.286456,112.796100,0.75,0.758,0.144,-29.53,-29.71,169.35,169.35,0.00,-40.00,0,0.0,0.02,-0.02,0.98,2.01,0.24,7.14,1920,0,11.64,12.03,2,1
1723.347,-7.286457,112.796100,0.76,0.856,0.172,-41.31,-41.24,168.72,168.72,0.00,-40.00,0,0.0,0.02,-0.01,0.99,4.51,-0.06,8.17,1920,0,11.57,12.04,2,1
1723.447,-7.286458,112.796100,0.80,0.924,0.197,-42.32,-42.66,168.01,168.01,0.00,-40.00,0,0.0,0.02,0.00,0.98,3.54,0.06,9.03,1920,0,11.59,12.04,2,1
1723.547,-7.286458,112.796100,0.82,0.645,0.147,-42.20,-42.66,167.25,167.25,0.00,-40.00,0,0.0,0.02,0.00,1.00,0.73,0.42,9.52,1859,0,11.56,12.06,2,1
1723.647,-7.286459,112.796100,0.75,0.774,0.187,-42.32,-42.90,166.43,166.43,0.00,-40.00,0,0.0,0.02,0.00,0.99,-2.19,0.61,10.13,1920,0,11.58,12.15,2,1
1723.747,-7.286460,112.796100,0.75,0.863,0.223,-42.73,-43.32,165.55,165.55,0.00,-40.00,0,0.0,0.02,0.00,0.99,-3.90,0.79,10.62,1920,0,11.60,12.08,2,1
1723.847,-7.286460,112.796100,0.75,0.601,0.166,-42.73,-42.90,164.61,164.61,0.00,-40.00,0,0.0,0.02,-0.01,0.99,-3.78,0.48,11.16,1920,0,11.51,12.03,2,1
1723.947,-7.286461,112.796100,0.69,0.739,0.217,-42.50,-42.84,163.61,163.61,0.00,-40.00,0,0.0,0.02,-0.01,0.99,-1.77,0.36,11.65,1920,0,11.60,12.12,2,1
1724.047,-7.286462,112.796100,0.66,0.833,0.262,-42.44,-42.72,162.55,162.55,0.00,-40.00,0,0.0,0.02,-0.02,0.99,1.09,0.42,12.20,1859,0,11.48,12.05,2,1
1724.147,-7.286462,112.796100,0.83,0.579,0.194,-42.73,-42.96,161.46,161.46,0.00,-40.00,0,0.0,0.02,-0.02,0.99,3.47,0.30,12.57,1859,0,11.59,12.12,2,1
1724.247,-7.286463,112.796100,0.75,0.717,0.256,-42.38,-42.84,160.32,160.32,0.00,-40.00,0,0.0,0.02,-0.01,0.99,3.35,0.30,13.00,1920,0,11.43,12.03,2,1
1724.347,-7.286464,112.796100,0.63,0.810,0.308,-42.50,-42.48,159.16,159.16,0.00,-40.00,0,0.0,0.02,0.00,0.98,1.83,0.24,13.24,1920,0,11.66,12.15,2,1
1724.447,-7.286464,112.796100,0.74,0.562,0.227,-42.62,-42.84,157.98,157.98,0.00,-40.00,0,0.0,0.02,-0.01,0.99,-0.73,0.67,13.67,1920,0,11.61,12.09,2,1
1724.547,-7.286465,112.796100,0.68,0.697,0.299,-42.79,-42.90,156.76,156.76,0.00,-40.00,0,0.0,0.02,0.00,1.00,-2.68,0.54,13.85,1920,0,11.54,12.00,2,1
1724.647,-7.286466,112.796100,0.73,0.787,0.358,-42.85,-42.78,155.51,155.51,0.00,-40.00,0,0.0,0.02,-0.02,0.99,-3.41,0.73,14.09,1859,0,11.61,12.04,2,1
1724.747,-7.286466,112.796101,0.72,0.689,-0.035,-42.91,-42.84,154.23,154.23,0.00,-40.00,0,0.0,0.02,-0.02,0.99,-2.07,0.73,14.40,1859,0,11.60,12.04,2,1
1724.847,-7.286466,112.796101,0.72,0.483,-0.013,-42.32,-42.78,152.91,152.91,0.00,-40.00,0,0.0,0.02,-0.02,0.99,-0.18,0.54,14.70,1920,0,11.38,12.07,2,1
1724.947,-7.286467,112.796101,0.64,0.631,0.157,-42.91,-42.31,151.56,151.56,0.00,0.00,0,0.0,0.02,-0.02,0.99,2.07,0.12,14.89,1920,0,11.58,12.08,2,1
1725.047,-7.286468,112.796101,0.70,0.729,0.287,-27.98,-29.89,150.19,150.19,0.00,-40.00,0,0.0,0.02,0.00,0.98,2.86,0.61,15.13,1920,0,11.54,11.53,2,1
1725.147,-7.286469,112.796101,0.74,0.790,0.385,-17.27,-24.78,148.82,148.82,0.00,-40.00,0,0.0,0.02,0.00,0.99,0.85,0.54,15.13,1920,0,11.67,11.31,2,1
1725.247,-7.286469,112.796101,0.71,0.547,0.283,-40.71,-39.87,147.45,147.45,0.00,-40.00,0,0.0,0.02,0.00,0.99,-0.42,0.54,15.31,1859,0,11.48,12.00,2,1
1725.347,-7.286470,112.796101,0.72,0.654,0.394,-42.62,-42.66,146.05,146.05,0.00,-40.00,0,0.0,0.02,-0.01,0.99,-1.40,0.54,15.44,1859,0,11.53,12.10,2,1
1725.447,-7.286470,112.796102,0.65,0.643,0.017,-42.62,-42.43,144.64,144.64,0.00,-40.00,0,0.0,0.02,-0.02,0.99,-1.58,0.36,15.56,1859,0,11.59,12.10,2,1
1725.547,-7.286471,112.796102,0.63,0.717,0.223,-42.44,-42.72,143.21,143.21,0.00,-40.00,0,0.0,0.02,-0.02,0.99,-1.34,0.48,15.68,1859,0,11.63,12.15,2,1
1725.647,-7.286472,112.796102,0.68,0.760,0.375,-42.73,-42.48,141.77,141.77,0.00,-40.00,0,0.0,0.02,-0.02,0.99,0.12,0.42,15.62,1920,0,11.62,12.05,2,1
1725.747,-7.286472,112.796102,0.64,0.525,0.276,-42.14,-42.43,140.32,140.32,0.00,-40.00,0,0.0,0.02,-0.03,0.98,0.67,0.54,15.80,1920,0,11.72,12.12,2,1
1725.847,-7.286473,112.796102,0.61,0.614,0.422,-42.73,-42.54,138.85,138.85,0.00,-40.00,0,0.0,0.02,-0.01,0.99,1.46,0.73,16.05,1859,0,11.60,12.07,2,1
1725.947,-7.286473,112.796103,0.64,0.646,0.063,-42.56,-42.60,137.37,137.37,0.00,-40.00,0,0.0,0.02,-0.01,0.98,1.28,0.61,16.23,1859,0,11.60,12.06,2,1
1726.047,-7.286474,112.796103,0.62,0.690,0.288,-42.67,-42.66,135.88,135.88,0.00,-40.00,0,0.0,0.02,0.00,0.99,1.03,0.42,16.29,1859,0,11.46,12.09,2,1
1726.147,-7.286474,112.796103,0.64,0.478,0.214,-42.50,-42.54,134.39,134.39,0.00,0.00,0,0.0,0.02,0.00,0.99,0.12,0.42,16.29,1859,0,11.51,12.01,2,1
1726.247,-7.286475,112.796103,0.63,0.557,0.403,-28.45,-30.31,132.87,132.87,0.00,-40.00,0,0.0,0.02,-0.01,0.99,-0.42,0.85,16.29,1859,0,11.69,11.51,2,1
1726.347,-7.286475,112.796103,0.58,0.383,0.292,-16.20,-23.12,131.38,131.38,0.00,0.00,0,0.0,0.01,-0.01,1.00,-1.70,0.91,16.11,1920,0,11.48,11.37,2,1
1726.447,-7.286476,112.796104,0.60,0.730,0.255,-22.39,-24.78,129.88,129.88,0.00,-40.00,0,0.0,0.02,-0.02,0.99,-1.15,0.67,16.29,1920,0,11.48,11.30,2,1
1726.547,-7.286476,112.796104,0.61,0.506,0.192,-19.23,-21.22,128.38,128.38,0.00,-40.00,0,0.0,0.02,-0.02,0.98,-0.54,0.42,15.99,1920,0,11.57,11.34,2,1
1726.647,-7.286477,112.796104,0.65,0.551,0.410,-40.53,-40.41,126.89,126.89,0.00,-40.00,0,0.0,0.02,-0.03,0.99,1.09,0.24,16.29,1859,0,11.57,12.04,2,1
1726.747,-7.286477,112.796104,0.59,0.378,0.297,-42.73,-42.54,125.37,125.37,0.00,-40.00,0,0.0,0.02,-0.02,0.99,2.92,0.00,16.35,1859,0,11.51,12.09,2,1
1726.847,-7.286477,112.796105,0.60,0.534,0.031,-42.73,-42.31,123.83,123.83,0.00,-40.00,0,0.0,0.02,-0.01,0.99,2.56,0.24,16.60,1859,0,11.54,12.03,2,1
1726.947,-7.286478,112.796105,0.60,0.551,0.314,-42.91,-42.96,122.28,122.28,0.00,-40.00,0,0.0,0.02,0.00,0.99,1.28,0.54,16.60,1859,0,11.62,12.14,2,1
1727.047,-7.286478,112.796105,0.58,0.380,0.230,-42.91,-42.84,120.73,120.73,0.00,0.00,0,0.0,0.02,0.00,0.99,-1.09,0.79,16.78,1859,0,11.48,12.05,2,1
1727.147,-7.286479,112.796106,0.60,0.713,0.298,-28.87,-30.07,119.17,119.17,0.00,-40.00,0,0.0,0.02,-0.01,0.99,-2.25,0.91,16.96,1920,0,11.51,11.51,2,1
1727.247,-7.286479,112.796106,0.57,0.493,0.222,-15.42,-25.67,117.61,117.61,0.00,-40.00,0,0.0,0.02,-0.01,1.00,-3.17,0.73,16.60,1920,0,11.59,11.42,2,1
1727.347,-7.286480,112.796106,0.55,0.487,0.465,-40.89,-41.48,116.05,116.05,0.00,-40.00,0,0.0,0.02,-0.03,0.98,-1.52,0.73,16.72,1859,0,11.53,12.00,2,1
1727.447,-7.286480,112.796106,0.55,0.332,0.334,-42.85,-42.96,114.48,114.48,0.00,-40.00,0,0.0,0.02,-0.03,0.98,0.97,0.18,16.96,1859,0,11.55,12.10,2,1
1727.547,-7.286480,112.796107,0.58,0.531,0.112,-42.97,-43.08,112.87,112.87,0.00,-40.00,0,0.0,0.02,-0.03,0.99,2.56,0.18,17.15,1859,0,11.62,12.17,2,1
1727.647,-7.286481,112.796107,0.56,0.490,0.400,-43.27,-43.14,111.26,111.26,0.00,-40.00,0,0.0,0.02,-0.01,1.00,3.54,0.06,17.08,1859,0,11.64,12.07,2,1
1727.747,-7.286481,112.796108,0.51,0.647,0.178,-43.03,-42.96,109.64,109.64,0.00,-40.00,0,0.0,0.02,-0.01,0.99,2.31,0.73,17.45,1859,0,11.62,12.12,2,1
1727.847,-7.286481,112.796108,0.57,0.449,0.138,-42.67,-43.02,108.01,108.01,0.00,-40.00,0,0.0,0.02,0.00,0.98,0.12,0.61,17.45,1920,0,11.55,12.07,2,1
1727.947,-7.286482,112.796108,0.52,0.405,0.425,-42.97,-42.01,106.37,106.37,0.00,-40.00,0,0.0,0.02,0.00,0.99,-2.19,0.79,17.45,1920,0,11.66,12.13,2,1
1728.047,-7.286482,112.796109,0.60,0.595,0.222,-42.85,-42.60,104.72,104.72,0.00,-40.00,0,0.0,0.02,-0.01,0.98,-3.11,0.91,17.70,1920,0,11.54,11.99,2,1
1728.147,-7.286482,112.796109,0.54,0.412,0.167,-43.09,-42.66,103.05,103.05,0.00,-40.00,0,0.0,0.02,-0.01,0.99,-1.83,0.61,17.63,1859,0,11.57,12.01,2,1
1728.247,-7.286482,112.796109,0.49,0.285,0.125,-42.67,-43.32,101.38,101.38,0.00,-40.00,0,0.0,0.02,-0.02,0.98,-0.24,0.61,17.76,1859,0,11.58,12.04,2,1
1728.347,-7.286483,112.796110,0.58,0.579,0.367,-43.33,-42.78,99.71,99.71,0.00,-40.00,0,0.0,0.02,-0.02,0.99,1.46,0.30,17.63,1859,0,11.60,11.99,2,1
1728.447,-7.286483,112.796110,0.55,0.398,0.268,-42.97,-43.26,98.03,98.03,0.00,-40.00,0,0.0,0.02,-0.02,0.98,2.13,0.36,17.63,1859,0,11.48,12.07,2,1
1728.547,-7.286483,112.796110,0.55,0.273,0.196,-43.39,-43.02,96.34,96.34,0.00,-40.00,0,0.0,0.02,-0.01,0.99,2.19,0.61,17.82,1859,0,11.48,12.00,2,1
1728.647,-7.286484,112.796111,0.46,0.544,0.448,-43.15,-42.07,94.65,94.65,0.00,-40.00,0,0.0,0.02,0.00,0.98,0.73,0.67,17.76,1920,0,11.63,12.00,2,1
1728.747,-7.286484,112.796111,0.49,0.371,0.325,-43.27,-43.20,92.96,92.96,0.00,-40.00,0,0.0,0.02,0.00,0.99,0.00,0.54,17.76,1920,0,11.54,12.01,2,1
1728.847,-7.286484,112.796112,0.55,0.584,0.228,-43.27,-43.26,91.26,91.26,0.00,-40.00,0,0.0,0.02,0.00,0.99,-1.03,1.03,17.88,1859,0,11.69,12.07,2,1
1728.947,-7.286484,112.796112,0.52,0.404,0.172,-43.09,-43.20,89.56,89.56,0.00,-40.00,0,0.0,0.02,-0.01,0.99,-1.46,0.73,17.82,1859,0,11.54,12.04,2,1
1729.047,-7.286484,112.796112,0.48,0.279,0.128,-42.97,-43.14,87.87,87.87,0.00,-40.00,0,0.0,0.02,-0.01,0.99,-1.09,0.73,17.76,1859,0,11.48,12.06,2,1
1729.147,-7.286485,112.796113,0.50,0.501,0.450,-43.09,-42.84,86.19,86.19,0.00,-40.00,0,0.0,0.02,-0.01,0.99,-0.67,0.67,17.70,1859,0,11.21,12.00,2,1
1729.247,-7.286485,112.796113,0.54,0.341,0.325,-43.39,-43.14,84.52,84.52,0.00,-40.00,0,0.0,0.02,-0.02,0.99,0.97,0.54,17.51,1859,0,11.69,12.07,2,1
1729.347,-7.286485,112.796114,0.45,0.560,0.276,-43.09,-43.02,82.85,82.85,0.00,-40.00,0,0.0,0.02,-0.02,0.99,1.70,0.36,17.45,1920,0,11.46,12.08,2,1
1729.447,-7.286485,112.796114,0.49,0.386,0.204,-42.91,-43.02,81.19,81.19,0.00,-40.00,0,0.0,0.02,-0.01,0.99,2.19,0.24,17.51,1920,0,11.48,12.07,2,1
1729.547,-7.286485,112.796115,0.58,0.592,0.211,-43.09,-42.84,79.51,79.51,0.00,-40.00,0,0.0,0.02,0.00,0.98,0.61,0.54,17.51,1920,0,11.62,12.15,2,1
1729.647,-7.286485,112.796115,0.46,0.410,0.160,-42.97,-42.84,77.84,77.84,0.00,-40.00,0,0.0,0.02,0.00,0.98,-0.48,0.91,17.70,1859,0,11.62,12.08,2,1
1729.747,-7.286486,112.796115,0.44,0.204,0.444,-42.73,-43.14,76.17,76.17,0.00,-40.00,0,0.0,0.02,0.00,0.99,-1.46,0.79,17.70,1859,0,11.54,12.00,2,1
1729.847,-7.286486,112.796116,0.49,0.452,0.403,-42.79,-42.78,74.49,74.49,0.00,-40.00,0,0.0,0.02,-0.01,0.99,-1.28,0.85,17.70,1859,0,11.60,12.02,2,1
1729.947,-7.286486,112.796116,0.50,0.308,0.292,-43.21,-43.32,72.80,72.80,0.00,-40.00,0,0.0,0.01,-0.01,1.00,-0.85,0.73,17.70,1859,0,11.69,12.01,2,1
1730.047,-7.286486,112.796116,0.46,0.210,0.210,-42.97,-43.14,71.12,71.12,0.00,-40.00,0,0.0,0.02,-0.01,0.99,0.54,0.67,17.76,1920,0,11.68,12.04,2,1
1730.147,-7.286486,112.796117,0.50,0.452,0.268,-43.33,-43.02,69.45,69.45,0.00,-40.00,0,0.0,0.02,-0.01,0.99,1.15,0.61,17.45,1920,0,11.60,12.02,2,1
1730.247,-7.286486,112.796117,0.43,0.311,0.196,-43.09,-42.96,67.78,67.78,0.00,-40.00,0,0.0,0.02,-0.01,0.99,1.22,0.61,17.57,1920,0,11.67,12.00,2,1
1730.347,-7.286486,112.796118,0.45,0.516,0.278,-42.44,-43.14,66.11,66.11,0.00,-40.00,0,0.0,0.02,-0.01,0.99,1.46,0.48,17.45,1859,0,11.72,12.13,2,1
1730.447,-7.286486,112.796118,0.53,0.355,0.205,-43.45,-42.84,64.43,64.43,0.00,-40.00,0,0.0,0.02,0.00,0.99,0.48,0.48,17.57,1859,0,11.57,12.01,2,1
1730.547,-7.286486,112.796119,0.43,0.539,0.302,-42.97,-43.08,62.75,62.75,0.00,-40.00,0,0.0,0.02,0.00,0.99,-1.03,0.67,17.45,1859,0,11.59,12.06,2,1
1730.647,-7.286486,112.796119,0.48,0.371,0.222,-43.33,-43.02,61.08,61.08,0.00,0.00,0,0.0,0.02,0.00,0.99,-1.77,0.79,17.63,1859,0,11.62,12.05,2,1
1730.747,-7.286486,112.796119,0.50,0.255,0.163,-29.35,-30.49,59.41,59.41,0.00,-40.00,0,0.0,0.01,-0.01,0.99,-1.58,0.85,17.57,1859,0,11.68,11.68,2,1
1730.847,-7.286485,112.796120,0.44,0.633,0.014,-19.47,-24.61,57.77,57.77,0.00,-40.00,0,0.0,0.01,-0.01,0.99,-0.48,0.54,17.27,1920,0,11.59,11.45,2,1
1730.947,-7.286485,112.796120,0.49,0.443,0.022,-40.06,-40.70,56.13,56.13,0.00,-40.00,0,0.0,0.01,-0.02,0.98,1.03,0.54,17.27,1920,0,11.56,12.05,2,1
1731.047,-7.286485,112.796121,0.46,0.579,0.217,-42.56,-42.96,54.49,54.49,0.00,-40.00,0,0.0,0.01,-0.02,0.99,2.74,0.24,17.27,1859,0,11.61,12.08,2,1
1731.147,-7.286485,112.796121,0.51,0.400,0.163,-42.97,-43.02,52.83,52.83,0.00,-40.00,0,0.0,0.02,-0.01,0.99,2.74,0.30,17.51,1859,0,11.51,12.09,2,1
1731.247,-7.286485,112.796121,0.46,0.277,0.122,-43.21,-42.90,51.17,51.17,0.00,-40.00,0,0.0,0.02,0.00,1.00,1.52,0.24,17.27,1859,0,11.62,12.10,2,1
1731.347,-7.286485,112.796122,0.38,0.443,0.306,-43.03,-42.72,49.53,49.53,0.00,-40.00,0,0.0,0.02,0.00,0.99,-0.54,0.97,17.27,1859,0,11.71,12.05,2,1
1731.447,-7.286485,112.796122,0.49,0.304,0.223,-43.27,-43.26,47.88,47.88,0.00,-40.00,0,0.0,0.02,0.00,0.99,-2.07,0.97,17.27,1859,0,11.72,12.09,2,1
1731.547,-7.286485,112.796123,0.40,0.447,0.391,-43.09,-43.08,46.23,46.23,0.00,0.00,0,0.0,0.02,0.00,0.99,-2.25,0.91,17.45,1920,0,11.60,12.06,2,1
1731.647,-7.286484,112.796123,0.44,0.543,0.049,-29.05,-28.53,44.57,44.57,0.00,-40.00,0,0.0,0.01,-0.02,0.98,-1.70,0.67,17.57,1920,0,11.55,11.54,2,1
1731.747,-7.286484,112.796124,0.50,0.604,0.287,-16.38,-25.91,42.93,42.93,0.00,-40.00,0,0.0,0.01,-0.01,0.99,-0.48,0.48,17.21,1920,0,11.58,11.23,2,1
1731.847,-7.286484,112.796124,0.46,0.417,0.213,-38.09,-41.53,41.31,41.31,0.00,-40.00,0,0.0,0.01,-0.02,0.99,0.73,0.42,17.15,1859,0,11.49,12.08,2,1
1731.947,-7.286484,112.796124,0.45,0.288,0.157,-42.56,-41.89,39.69,39.69,0.00,-40.00,0,0.0,0.01,-0.01,0.99,2.80,0.30,17.21,1859,0,11.54,12.01,2,1
1732.047,-7.286484,112.796125,0.47,0.402,0.376,-43.03,-42.78,38.05,38.05,0.00,-40.00,0,0.0,0.02,0.00,0.98,2.44,0.54,17.27,1859,0,11.62,12.01,2,1
1732.147,-7.286484,112.796125,0.45,0.274,0.271,-42.56,-43.32,36.40,36.40,0.00,-40.00,0,0.0,0.02,0.00,0.99,1.46,0.85,17.33,1859,0,11.58,12.07,2,1
1732.247,-7.286484,112.796126,0.44,0.375,0.467,-42.32,-42.96,34.76,34.76,0.00,-40.00,0,0.0,0.02,0.00,0.99,-0.12,0.73,17.21,1920,0,11.51,12.02,2,1
1732.347,-7.286484,112.796126,0.42,0.253,0.334,-43.21,-43.08,33.12,33.12,0.00,-40.00,0,0.0,0.02,0.00,0.99,-1.83,0.79,17.15,1920,0,11.67,12.06,2,1
1732.447,-7.286483,112.796126,0.45,0.455,0.065,-42.85,-42.96,31.49,31.49,0.00,-40.00,0,0.0,0.01,0.00,0.99,-2.62,0.91,17.15,1920,0,11.61,12.04,2,1
1732.547,-7.286483,112.796127,0.45,0.482,0.341,-42.79,-43.02,29.86,29.86,0.00,-40.00,0,0.0,0.01,-0.01,0.99,-2.62,0.91,17.15,1859,0,11.43,12.01,2,1
1732.647,-7.286483,112.796127,0.47,0.330,0.248,-43.39,-42.84,28.25,28.25,0.00,-40.00,0,0.0,0.01,-0.01,0.99,-1.40,0.30,17.21,1859,0,11.55,12.09,2,1
1732.747,-7.286483,112.796127,0.46,0.226,0.180,-42.91,-43.32,26.64,26.64,0.00,-40.00,0,0.0,0.01,-0.02,0.99,0.54,0.30,17.21,1859,0,11.46,12.05,2,1
1732.847,-7.286482,112.796128,0.55,0.597,0.289,-42.97,-43.38,25.01,25.01,0.00,-40.00,0,0.0,0.02,-0.01,0.99,2.80,0.42,17.27,1859,0,11.55,11.98,2,1
1732.947,-7.286482,112.796128,0.44,0.412,0.215,-42.73,-43.02,23.36,23.36,0.00,-40.00,0,0.0,0.02,0.00,0.99,2.99,0.48,17.45,1920,0,11.47,11.99,2,1
1733.047,-7.286482,112.796128,0.47,0.284,0.158,-42.97,-43.02,21.73,21.73,0.00,-40.00,0,0.0,0.01,0.00,0.99,1.83,0.79,17.15,1920,0,11.60,12.01,2,1
1733.147,-7.286481,112.796129,0.48,0.622,0.313,-43.27,-43.49,20.09,20.09,0.00,-40.00,0,0.0,0.02,0.00,1.00,-0.36,0.67,17.21,1920,0,11.48,12.06,2,1
1733.247,-7.286481,112.796129,0.40,0.429,0.231,-42.85,-43.26,18.47,18.47,0.00,-40.00,0,0.0,0.02,0.00,0.99,-2.31,0.97,17.15,1859,0,11.48,11.97,2,1
1733.347,-7.286481,112.796129,0.50,0.296,0.170,-42.73,-43.08,16.86,16.86,0.00,-40.00,0,0.0,0.01,-0.01,0.99,-2.07,0.61,16.96,1859,0,11.48,12.04,2,1
1733.447,-7.286481,112.796130,0.42,0.291,0.444,-43.63,-43.61,15.26,15.26,0.00,-40.00,0,0.0,0.01,-0.02,0.99,-1.70,0.61,16.90,1859,0,11.54,11.97,2,1
1733.547,-7.286480,112.796130,0.49,0.519,0.238,-43.03,-43.26,13.65,13.65,0.00,-39.79,0,0.0,0.01,-0.01,0.99,-0.36,0.54,17.08,1859,0,11.55,11.98,2,1
1733.647,-7.286480,112.796130,0.46,0.358,0.176,-43.21,-43.67,12.05,12.05,0.00,-38.31,0,0.0,0.01,-0.02,0.99,1.58,0.24,17.02,1920,0,11.49,12.09,2,1
1733.747,-7.286480,112.796130,0.39,0.247,0.130,-42.32,-42.25,10.46,10.46,0.00,-36.50,0,0.0,0.01,0.00,0.99,3.23,0.30,16.84,1920,0,11.63,11.93,2,1
1733.847,-7.286479,112.796131,0.45,0.551,0.372,-40.30,-40.41,8.86,8.86,0.00,0.00,0,0.0,0.02,0.00,0.99,2.07,0.67,16.90,1920,0,11.48,11.86,2,1
1733.947,-7.286479,112.796131,0.46,0.378,0.271,-24.41,-26.74,7.26,7.26,0.00,-33.33,0,0.0,0.01,0.00,0.99,0.18,0.73,16.90,1859,0,11.58,11.57,2,1
1734.047,-7.286478,112.796131,0.46,0.592,0.164,-14.65,-22.47,5.69,5.69,0.00,-31.60,0,0.0,0.01,0.00,0.99,-2.74,0.48,16.47,1859,0,11.62,11.51,2,1
1734.147,-7.286478,112.796131,0.37,0.411,0.126,-32.44,-33.69,4.17,4.17,0.00,-30.16,0,0.0,0.01,-0.01,0.99,-3.90,0.79,16.41,1859,0,11.58,11.86,2,1
1734.247,-7.286478,112.796132,0.47,0.300,0.426,-35.77,-34.05,2.65,2.65,0.00,-28.70,0,0.0,0.01,-0.02,0.99,-1.58,0.54,16.11,1859,0,11.54,11.94,2,1
1734.347,-7.286477,112.796132,0.45,0.536,0.297,-32.62,-32.09,1.14,1.14,0.00,-27.52,0,0.0,0.01,-0.02,0.99,1.09,0.48,16.23,1920,0,11.60,12.00,2,1
1734.447,-7.286477,112.796132,0.48,0.370,0.218,-31.19,-31.20,359.64,359.64,0.00,-26.25,0,0.0,0.01,0.00,0.98,2.56,0.30,16.11,1920,0,11.62,12.13,2,1
1734.547,-7.286477,112.796132,0.45,0.255,0.159,-29.35,-29.24,358.14,358.14,0.00,0.00,0,0.0,0.01,0.00,0.99,2.62,0.18,16.05,1920,0,11.46,11.93,2,1
1734.647,-7.286476,112.796132,0.44,0.508,0.135,-13.46,-15.40,356.66,356.66,0.00,-22.80,0,0.0,0.01,0.00,0.99,0.85,0.48,15.80,1859,0,11.51,11.57,2,1
1734.747,-7.286476,112.796132,0.44,0.353,0.104,-5.67,-11.06,355.22,355.22,0.00,-21.33,0,0.0,0.01,0.00,0.99,-1.70,0.54,15.07,1859,0,11.49,11.60,2,1
1734.847,-7.286475,112.796132,0.52,0.577,0.114,-22.33,-23.24,353.84,353.84,0.00,-19.87,0,0.0,0.01,-0.01,0.99,-3.17,0.61,14.77,1859,0,11.67,12.06,2,1
1734.947,-7.286475,112.796132,0.40,0.402,0.090,-22.68,-23.42,352.47,352.47,0.00,-18.91,0,0.0,0.01,-0.02,0.99,-2.74,0.36,14.77,1859,0,11.49,11.97,2,1
1735.047,-7.286474,112.796132,0.49,0.609,0.121,-22.27,-22.82,351.12,351.12,0.00,-17.56,0,0.0,0.01,-0.02,0.99,-0.61,0.36,14.77,1859,0,11.60,12.13,2,1
1735.147,-7.286474,112.796132,0.52,0.425,0.094,-19.29,-21.16,349.79,349.79,0.00,-16.44,0,0.0,0.01,-0.02,0.99,2.13,0.00,14.46,1920,0,11.67,12.05,2,1
1735.247,-7.286473,112.796133,0.45,0.556,0.464,-19.89,-20.74,348.47,348.47,0.00,-15.09,0,0.0,0.01,-0.01,0.99,2.92,0.12,14.16,1920,0,11.60,12.14,2,1
1735.347,-7.286473,112.796133,0.46,0.382,0.333,-18.52,-17.36,347.17,347.17,0.00,-14.55,0,0.0,0.01,0.00,0.98,2.80,0.30,13.91,1859,0,11.60,12.07,2,1
1735.447,-7.286472,112.796133,0.49,0.586,0.321,-17.98,-17.83,345.90,345.90,0.00,0.00,0,0.0,0.01,0.00,0.99,1.15,0.61,13.73,1859,0,11.60,11.97,2,1
1735.547,-7.286472,112.796133,0.44,0.405,0.233,-7.87,-8.69,344.65,344.65,0.00,-12.65,0,0.0,0.01,0.00,0.99,-0.91,0.54,13.36,1859,0,11.56,11.88,2,1
1735.647,-7.286472,112.796133,0.45,0.280,0.169,-9.77,-9.81,343.46,343.46,0.00,-11.50,0,0.0,0.01,0.00,1.00,-4.02,0.48,12.81,1859,0,11.56,12.00,2,1
1735.747,-7.286471,112.796133,0.50,0.511,0.224,-14.77,-15.04,342.31,342.31,0.00,0.00,0,0.0,0.01,-0.03,0.99,-3.78,0.54,12.51,1859,0,11.56,11.94,2,1
1735.847,-7.286471,112.796133,0.40,0.355,0.164,-8.70,-7.62,341.18,341.18,0.00,-9.81,0,0.0,0.01,-0.02,0.99,-1.89,0.30,12.45,1920,0,11.56,11.95,2,1
1735.947,-7.286470,112.796133,0.49,0.560,0.233,-8.46,-4.71,340.08,340.08,0.00,-8.84,0,0.0,0.01,-0.03,0.99,0.24,0.18,12.02,1920,0,11.64,11.57,2,1
1736.047,-7.286470,112.796133,0.50,0.389,0.170,-12.09,-12.25,339.02,339.02,0.00,-8.21,0,0.0,0.01,-0.02,0.99,2.38,0.00,11.90,1920,0,11.70,12.05,2,1
1736.147,-7.286469,112.796133,0.49,0.579,0.249,-10.72,-11.42,337.97,337.97,0.00,-7.35,0,0.0,0.01,-0.01,0.99,3.66,0.06,11.59,1859,0,11.60,11.87,2,1
1736.247,-7.286469,112.796133,0.51,0.402,0.182,-10.72,-10.77,336.93,336.93,0.00,-6.75,0,0.0,0.01,0.00,0.98,3.35,0.00,11.35,1859,0,11.63,12.12,2,1
1736.347,-7.286468,112.796133,0.45,0.584,0.268,-9.95,-10.47,335.91,335.91,0.00,-5.78,0,0.0,0.01,0.00,0.99,0.97,0.48,11.10,1859,0,11.53,12.04,2,1
1736.447,-7.286468,112.796133,0.49,0.405,0.195,-8.16,-9.22,334.92,334.92,0.00,-5.20,0,0.0,0.01,0.00,0.99,-1.46,0.54,10.86,1859,0,11.69,11.98,2,1
1736.547,-7.286467,112.796133,0.48,0.581,0.288,-8.52,-8.21,333.96,333.96,0.00,-4.35,0,0.0,0.01,0.00,0.99,-3.47,0.73,10.68,1859,0,11.55,11.97,2,1
1736.647,-7.286467,112.796133,0.49,0.403,0.208,-8.34,-8.21,333.02,333.02,0.00,-3.95,0,0.0,0.01,-0.02,0.99,-3.60,0.48,10.43,1920,0,11.46,11.96,2,1
1736.747,-7.286466,112.796133,0.54,0.575,0.306,-7.27,-7.38,332.11,332.11,0.00,-3.22,0,0.0,0.01,-0.02,0.99,-1.40,0.18,10.25,1920,0,11.56,12.04,2,1
1736.847,-7.286466,112.796133,0.50,0.399,0.220,-6.62,-6.43,331.22,331.22,0.00,-2.89,0,0.0,0.01,-0.02,0.99,1.09,0.24,10.07,1859,0,11.50,12.06,2,1
1736.947,-7.286465,112.796133,0.49,0.567,0.324,-6.20,-5.95,330.35,330.35,0.00,-2.24,0,0.0,0.01,-0.02,0.99,3.23,-0.06,9.76,1859,0,11.69,12.02,2,1
1737.047,-7.286465,112.796133,0.52,0.393,0.232,-6.02,-5.54,329.49,329.49,0.00,-1.96,0,0.0,0.01,-0.01,0.99,3.35,0.00,9.64,1859,0,11.60,12.00,2,1
1737.147,-7.286464,112.796132,0.53,0.730,0.058,-5.31,-5.24,328.65,328.65,0.00,-1.28,0,0.0,0.01,0.00,0.98,2.13,0.30,9.46,1859,0,11.53,12.06,2,1
1737.247,-7.286464,112.796132,0.49,0.510,0.048,-4.71,-4.83,327.82,327.82,0.00,-0.36,0,0.0,0.01,0.00,0.98,-0.12,0.18,9.27,1920,0,11.43,12.02,2,1
1737.347,-7.286463,112.796132,0.50,0.637,0.220,-2.81,-3.10,327.02,327.02,0.00,0.61,0,0.0,0.01,0.00,0.99,-1.46,0.18,8.85,1920,0,11.60,11.85,2,1
1737.447,-7.286463,112.796132,0.59,0.443,0.160,-2.63,-2.87,326.24,326.24,0.00,0.92,0,0.0,0.01,0.00,0.99,-2.38,0.48,8.72,1920,0,11.64,12.13,2,1
1737.547,-7.286463,112.796132,0.47,0.309,0.116,-2.39,-2.33,325.49,325.49,0.00,1.49,0,0.0,0.01,-0.02,0.99,-1.70,0.61,8.66,1920,0,11.49,11.98,2,1
1737.647,-7.286462,112.796132,0.54,0.488,0.276,-1.80,-1.86,324.76,324.76,0.00,2.11,0,0.0,0.01,-0.01,0.99,-0.12,0.30,8.42,1859,0,11.60,12.12,2,1
1737.747,-7.286462,112.796132,0.56,0.339,0.198,-0.19,-1.20,324.04,324.04,0.00,2.24,0,0.0,0.01,-0.02,0.99,0.67,0.24,8.30,1859,0,11.51,12.36,2,1
1737.847,-7.286461,112.796132,0.55,0.503,0.341,-0.79,-1.44,323.34,323.34,0.00,2.75,0,0.0,0.01,-0.02,0.99,1.70,0.06,8.05,1859,0,11.62,12.01,2,1
1737.947,-7.286461,112.796132,0.57,0.349,0.243,-0.73,-0.37,322.66,322.66,0.00,2.73,0,0.0,0.01,-0.01,0.99,1.70,0.06,7.93,1920,0,11.59,12.02,2,1
1738.047,-7.286460,112.796132,0.51,0.505,0.378,-0.31,-0.79,321.99,321.99,0.00,3.17,0,0.0,0.01,-0.01,1.00,0.97,0.00,7.69,1920,0,11.51,11.99,2,1
1738.147,-7.286460,112.796132,0.59,0.351,0.269,0.45,0.04,321.33,321.33,0.00,3.15,0,0.0,0.01,0.00,0.98,-0.06,0.18,7.56,1920,0,11.46,12.09,2,1
1738.247,-7.286459,112.796132,0.57,0.501,0.402,-0.13,-0.43,320.69,320.69,0.00,3.51,0,0.0,0.01,0.00,0.99,-1.03,0.24,7.50,1859,0,11.66,12.20,2,1
1738.347,-7.286459,112.796131,0.55,0.560,0.032,0.81,0.63,320.07,320.07,0.00,3.44,0,0.0,0.01,-0.01,0.99,-1.28,0.12,7.32,1859,0,11.40,11.98,2,1
1738.447,-7.286458,112.796131,0.61,0.645,0.243,0.75,0.09,319.46,319.46,0.00,4.42,0,0.0,0.01,-0.01,0.99,-0.97,0.24,7.20,1859,0,11.69,12.14,2,1
1738.547,-7.286458,112.796131,0.58,0.450,0.175,0.21,1.82,318.86,318.86,0.00,4.56,0,0.0,0.01,0.00,0.98,-0.42,0.30,7.08,1920,0,11.67,12.02,2,1
1738.647,-7.286457,112.796131,0.55,0.563,0.347,1.35,1.16,318.29,318.29,0.00,4.96,0,0.0,0.01,0.00,0.99,0.97,0.06,6.83,1920,0,11.69,12.06,2,1
1738.747,-7.286457,112.796131,0.56,0.392,0.247,1.88,1.40,317.72,317.72,0.00,0.00,0,0.0,0.01,0.00,0.99,1.34,0.36,6.71,1920,0,11.68,12.15,2,1
1738.847,-7.286456,112.796130,0.58,0.742,0.160,2.71,0.33,317.16,317.16,0.00,5.04,0,0.0,0.01,0.00,0.98,1.03,0.30,6.59,1920,0,11.46,12.03,2,1
1738.947,-7.286456,112.796130,0.58,0.518,0.117,1.46,2.89,316.62,316.62,0.00,5.52,0,0.0,0.01,0.00,0.99,0.24,0.06,6.53,1859,0,11.62,12.02,2,1
1739.047,-7.286455,112.796130,0.61,0.602,0.317,3.13,2.71,316.08,316.08,0.00,0.00,0,0.0,0.01,0.00,0.99,-0.30,0.30,6.46,1859,0,11.55,12.17,2,1
1739.147,-7.286455,112.796130,0.59,0.420,0.225,1.11,-0.07,315.56,315.56,0.00,5.90,0,0.0,0.01,0.00,0.99,-1.28,0.00,6.34,1920,0,11.55,12.05,2,1
1739.247,-7.286454,112.796129,0.63,0.762,0.162,3.61,2.83,315.04,315.04,0.00,6.11,0,0.0,0.01,-0.01,0.99,-0.79,0.24,6.28,1920,0,11.58,11.83,2,1
1739.347,-7.286454,112.796129,0.60,0.532,0.118,3.31,3.06,314.53,314.53,0.00,6.49,0,0.0,0.01,0.00,0.99,-0.30,0.12,6.22,1920,0,11.51,11.99,2,1
1739.447,-7.286453,112.796129,0.59,0.604,0.326,3.07,3.18,314.05,314.05,0.00,7.03,0,0.0,0.01,-0.01,0.99,0.30,0.30,5.98,1920,0,11.47,12.01,2,1
1739.547,-7.286453,112.796128,0.66,0.661,0.003,3.31,4.25,313.58,313.58,0.00,6.68,0,0.0,0.01,-0.01,0.99,0.79,0.06,5.79,1859,0,11.62,11.99,2,1
1739.647,-7.286452,112.796128,0.55,0.690,0.249,3.25,3.36,313.12,313.12,0.00,7.53,0,0.0,0.01,-0.01,0.99,0.54,0.12,5.79,1859,0,11.59,12.07,2,1
1739.747,-7.286452,112.796128,0.59,0.482,0.179,4.44,5.26,312.66,312.66,0.00,7.38,0,0.0,0.01,0.00,0.99,0.61,0.24,5.67,1920,0,11.42,11.94,2,1
1739.847,-7.286452,112.796128,0.59,0.336,0.128,4.50,4.79,312.22,312.22,0.00,7.61,0,0.0,0.01,-0.01,0.99,-0.12,0.00,5.55,1920,0,11.49,12.00,2,1
1739.947,-7.286451,112.796127,0.61,0.704,0.119,4.08,4.55,311.79,311.79,0.00,7.92,0,0.0,0.01,0.00,0.99,-0.36,0.18,5.31,1920,0,11.61,12.09,2,1
1740.047,-7.286451,112.796127,0.59,0.492,0.087,5.21,4.85,311.39,311.39,0.00,8.25,0,0.0,0.01,0.00,0.99,-0.54,0.18,5.12,1920,0,11.59,12.00,2,1
1740.147,-7.286450,112.796127,0.64,0.563,0.315,5.33,4.55,311.00,311.00,0.00,8.55,0,0.0,0.01,0.00,0.99,-0.54,0.00,5.00,1859,0,11.48,11.97,2,1
1740.247,-7.286450,112.796127,0.62,0.392,0.223,5.33,5.20,310.61,310.61,0.00,0.00,0,0.0,0.01,0.00,0.98,0.00,0.12,5.00,1859,0,11.51,11.97,2,1
1740.347,-7.286449,112.796126,0.68,0.742,0.199,0.51,0.09,310.24,310.24,0.00,7.99,0,0.0,0.01,0.00,0.99,0.61,0.06,4.88,1920,0,11.69,12.07,2,1
1740.447,-7.286449,112.796126,0.63,0.518,0.142,6.64,6.09,309.88,309.88,0.00,8.03,0,0.0,0.01,0.00,0.99,1.03,0.12,4.94,1920,0,11.56,11.77,2,1
1740.547,-7.286449,112.796126,0.57,0.362,0.102,5.63,5.62,309.50,309.50,0.00,8.31,0,0.0,0.01,0.00,0.99,0.42,0.36,5.00,1920,0,11.68,12.07,2,1
1740.647,-7.286448,112.796125,0.65,0.720,0.123,5.51,5.86,309.14,309.14,0.00,8.74,0,0.0,0.01,0.00,1.00,0.00,0.00,4.76,1920,0,11.58,11.87,2,1
1740.747,-7.286448,112.796125,0.61,0.504,0.089,5.39,5.38,308.80,308.80,0.00,8.97,0,0.0,0.01,0.00,0.99,-1.28,0.18,4.63,1859,0,11.55,11.94,2,1
1740.847,-7.286447,112.796125,0.70,0.560,0.326,6.16,5.92,308.46,308.46,0.00,9.27,0,0.0,0.01,0.00,0.99,-1.22,0.18,4.51,1920,0,11.47,12.00,2,1
1740.947,-7.286447,112.796124,0.60,0.651,0.026,6.22,6.09,308.13,308.13,0.00,8.63,0,0.0,0.01,-0.01,0.99,-0.85,0.00,4.39,1920,0,11.60,12.12,2,1
1741.047,-7.286446,112.796124,0.64,0.660,0.284,7.06,6.75,307.82,307.82,0.00,9.31,0,0.0,0.01,-0.01,0.99,0.00,0.12,4.21,1920,0,11.48,12.10,2,1
1741.147,-7.286446,112.796123,0.66,0.723,-0.000,6.76,6.33,307.51,307.51,0.00,0.00,0,0.0,0.01,-0.01,0.99,1.09,0.06,4.27,1920,0,11.61,12.10,2,1
1741.247,-7.286445,112.796123,0.64,0.708,0.268,2.77,1.94,307.21,307.21,0.00,9.57,0,0.0,0.01,-0.01,0.99,1.34,0.00,4.08,1920,0,11.61,11.92,2,1
1741.347,-7.286445,112.796122,0.65,0.759,-0.008,7.24,5.74,306.90,306.90,0.00,9.04,0,0.0,0.01,-0.01,0.99,1.22,0.24,4.21,1859,0,11.60,11.79,2,1
1741.447,-7.286445,112.796122,0.60,0.531,-0.003,6.58,6.69,306.60,306.60,0.00,9.99,0,0.0,0.01,0.00,0.99,0.85,0.00,4.08,1920,0,11.72,12.12,2,1
1741.547,-7.286444,112.796122,0.72,0.570,0.269,6.82,6.99,306.31,306.31,0.00,10.61,0,0.0,0.01,0.00,0.99,-1.15,0.12,4.15,1920,0,11.48,12.02,2,1
1741.647,-7.286444,112.796121,0.70,0.665,-0.005,8.19,8.71,306.03,306.03,0.00,0.00,0,0.0,0.01,0.00,0.99,-1.28,0.30,3.78,1920,0,11.61,12.06,2,1
1741.747,-7.286443,112.796121,0.66,0.661,0.270,2.48,1.40,305.77,305.77,0.00,0.00,0,0.0,0.01,-0.01,0.99,-1.64,0.12,3.72,1920,0,11.56,11.97,2,1
1741.847,-7.286443,112.796120,0.65,0.731,-0.001,-1.38,-2.39,305.50,305.50,0.00,0.00,0,0.0,0.01,0.00,0.99,0.00,0.18,3.96,1859,0,11.62,12.03,2,1
1741.947,-7.286442,112.796120,0.68,0.704,0.274,-1.86,-2.51,305.22,305.22,0.00,0.00,0,0.0,0.01,-0.01,0.98,1.89,0.06,4.08,1920,0,11.47,12.02,2,1
1742.047,-7.286442,112.796120,0.67,0.492,0.194,-2.33,-2.33,304.92,304.92,0.00,0.00,0,0.0,0.01,0.00,0.99,2.62,-0.06,4.33,1920,0,11.70,12.08,2,1
1742.147,-7.286442,112.796119,0.65,0.616,-0.050,-2.39,-2.87,304.61,304.61,0.00,0.00,0,0.0,0.01,0.00,0.99,1.58,0.00,4.39,1920,0,11.68,12.07,2,1
1742.247,-7.286441,112.796119,0.71,0.619,0.243,-2.16,-2.57,304.28,304.28,0.00,0.00,0,0.0,0.01,0.01,0.99,0.61,0.00,4.51,1920,0,11.59,11.97,2,1
1742.347,-7.286441,112.796118,0.67,0.707,-0.012,-2.45,-2.63,303.94,303.94,0.00,0.00,0,0.0,0.01,0.00,0.98,-1.28,0.36,4.69,1920,0,11.64,11.88,2,1
1742.447,-7.286440,112.796118,0.73,0.679,0.273,-2.39,-2.09,303.59,303.59,0.00,0.00,0,0.0,0.01,0.00,0.98,-2.19,0.48,4.63,1859,0,11.64,12.08,2,1
1742.547,-7.286440,112.796117,0.68,0.751,0.012,-2.21,-2.33,303.23,303.23,0.00,0.00,0,0.0,0.01,0.00,0.99,-2.31,0.18,4.69,1920,0,11.42,12.02,2,1
1742.647,-7.286439,112.796117,0.71,0.707,0.292,-2.45,-1.91,302.87,302.87,0.00,0.00,0,0.0,0.01,-0.01,0.98,-0.73,0.24,4.94,1920,0,11.62,11.99,2,1
1742.747,-7.286439,112.796117,0.68,0.493,0.208,-2.57,-2.51,302.50,302.50,0.00,0.00,0,0.0,0.01,-0.01,1.00,1.03,0.06,5.06,1920,0,11.51,12.07,2,1
1742.847,-7.286439,112.796116,0.70,0.625,-0.028,-2.45,-2.33,302.12,302.12,0.00,0.00,0,0.0,0.02,-0.01,1.00,2.19,0.12,5.24,1920,0,11.82,12.09,2,1
1742.947,-7.286438,112.796116,0.66,0.613,0.267,-2.16,-2.27,301.73,301.73,0.00,0.00,0,0.0,0.01,0.00,0.99,2.13,0.06,5.06,1859,0,11.60,12.02,2,1
1743.047,-7.286438,112.796115,0.65,0.710,0.018,-2.63,-2.69,301.33,301.33,0.00,0.00,0,0.0,0.01,0.00,0.99,0.79,0.30,5.37,1920,0,11.49,11.96,2,1
1743.147,-7.286437,112.796115,0.66,0.669,0.302,-1.92,-1.86,300.93,300.93,0.00,0.00,0,0.0,0.01,0.00,0.99,-0.24,0.00,5.18,1920,0,11.67,12.04,2,1
1743.247,-7.286437,112.796114,0.80,0.752,0.046,-2.33,-2.51,300.54,300.54,0.00,0.00,0,0.0,0.01,0.00,0.99,-1.58,0.24,5.12,1920,0,11.68,12.07,2,1
1743.347,-7.286437,112.796114,0.72,0.526,0.036,-2.21,-2.51,300.14,300.14,0.00,0.00,0,0.0,0.01,0.00,0.99,-1.58,0.24,5.12,1920,0,11.58,12.09,2,1
1743.447,-7.286436,112.796114,0.64,0.533,0.317,-2.10,-2.51,299.75,299.75,0.00,0.00,0,0.0,0.01,-0.01,0.99,-1.46,0.30,5.18,1920,0,11.67,12.07,2,1
1743.547,-7.286436,112.796113,0.69,0.660,0.063,-2.39,-2.57,299.34,299.34,0.00,0.00,0,0.0,0.01,-0.01,0.99,0.12,0.30,5.43,1920,0,11.68,12.12,2,1
1743.647,-7.286435,112.796113,0.66,0.623,0.339,-2.16,-2.57,298.92,298.92,0.00,0.00,0,0.0,0.01,-0.01,0.99,1.22,0.06,5.55,1920,0,11.69,12.07,2,1
1743.747,-7.286435,112.796112,0.73,0.725,0.083,-2.51,-2.51,298.50,298.50,0.00,0.00,0,0.0,0.01,-0.01,0.99,1.58,-0.12,5.55,1920,0,11.71,12.13,2,1
1743.847,-7.286435,112.796112,0.65,0.507,0.062,-2.69,-2.63,298.08,298.08,0.00,0.00,0,0.0,0.01,-0.01,0.99,0.91,-0.06,5.67,1920,0,11.57,12.08,2,1
1743.947,-7.286434,112.796111,0.75,0.803,0.188,-2.27,-2.39,297.64,297.64,0.00,0.00,0,0.0,0.02,0.00,1.00,0.42,0.00,5.49,1920,0,11.67,12.08,2,1
1744.047,-7.286434,112.796111,0.69,0.561,0.136,-2.21,-2.57,297.21,297.21,0.00,0.00,0,0.0,0.01,0.00,0.99,-0.85,0.42,5.55,1859,0,11.48,12.00,2,1
1744.147,-7.286433,112.796110,0.72,0.838,0.247,-2.04,-2.15,296.79,296.79,0.00,0.00,0,0.0,0.01,0.00,0.99,-0.91,0.42,5.49,1920,0,11.48,12.00,2,1
1744.247,-7.286433,112.796110,0.72,0.585,0.177,-2.39,-2.75,296.35,296.35,0.00,0.00,0,0.0,0.01,-0.01,0.99,-1.22,0.18,5.61,1920,0,11.54,12.09,2,1
1744.347,-7.286432,112.796109,0.73,0.852,0.283,-1.86,-2.69,295.91,295.91,0.00,0.00,0,0.0,0.01,-0.01,0.99,-0.30,0.24,5.79,1920,0,11.61,12.09,2,1
1744.447,-7.286432,112.796109,0.76,0.595,0.202,-1.92,-2.51,295.46,295.46,0.00,0.00,0,0.0,0.01,-0.01,0.99,0.73,0.06,5.79,1920,0,11.46,11.99,2,1
1744.547,-7.286432,112.796108,0.73,0.715,0.005,-2.21,-2.63,295.02,295.02,0.00,0.00,0,0.0,0.02,-0.01,0.98,1.40,-0.06,5.67,1859,0,11.68,12.07,2,1
1744.647,-7.286431,112.796108,0.71,0.639,0.311,-1.98,-2.33,294.57,294.57,0.00,0.00,0,0.0,0.01,-0.01,0.99,1.64,0.06,5.67,1920,0,11.51,12.01,2,1
1744.747,-7.286431,112.796107,0.75,0.748,0.086,-2.27,-2.39,294.12,294.12,0.00,0.00,0,0.0,0.02,0.00,0.99,0.54,-0.18,5.73,1920,0,11.66,12.02,2,1
1744.847,-7.286430,112.796107,0.72,0.657,0.370,-2.27,-2.57,293.66,293.66,0.00,0.00,0,0.0,0.01,0.00,0.99,-0.54,0.18,5.92,1920,0,11.48,11.99,2,1
1744.947,-7.286430,112.796106,0.68,0.762,0.132,-2.27,-2.09,293.21,293.21,0.00,0.00,0,0.0,0.02,0.00,0.99,-1.03,0.30,5.73,1920,0,11.67,12.05,2,1
1745.047,-7.286430,112.796105,0.76,0.838,-0.031,-1.98,-2.81,292.76,292.76,0.00,0.00,0,0.0,0.01,-0.01,0.99,-1.52,0.36,5.73,1920,0,11.55,12.17,2,1
1745.147,-7.286429,112.796105,0.68,0.713,0.291,-2.16,-2.33,292.30,292.30,0.00,0.00,0,0.0,0.01,-0.01,0.99,-0.73,0.24,5.92,1859,0,11.47,12.04,2,1
1745.247,-7.286429,112.796104,0.75,0.805,0.085,-1.92,-1.91,291.84,291.84,0.00,0.00,0,0.0,0.01,-0.01,0.99,0.00,0.18,5.92,1920,0,11.51,12.10,2,1
1745.347,-7.286429,112.796104,0.75,0.563,0.064,-2.21,-2.39,291.37,291.37,0.00,0.00,0,0.0,0.02,0.00,0.99,1.22,-0.06,5.85,1920,0,11.59,12.07,2,1
1745.447,-7.286428,112.796103,0.69,0.822,0.242,-2.39,-2.69,290.89,290.89,0.00,0.00,0,0.0,0.01,-0.01,0.99,1.34,0.18,5.98,1920,0,11.55,11.86,2,1
1745.547,-7.286428,112.796103,0.79,0.574,0.174,-2.10,-2.45,290.42,290.42,0.00,0.00,0,0.0,0.02,0.00,0.99,1.28,0.12,6.04,1920,0,11.67,12.07,2,1
1745.647,-7.286428,112.796102,0.69,0.712,0.012,-2.57,-2.63,289.95,289.95,0.00,0.00,0,0.0,0.01,0.00,0.99,0.18,0.18,5.92,1859,0,11.58,12.19,2,1
1745.747,-7.286427,112.796102,0.78,0.609,0.327,-2.16,-2.27,289.49,289.49,0.00,0.00,0,0.0,0.01,0.00,0.99,-0.97,0.36,5.92,1920,0,11.81,12.06,2,1
1745.847,-7.286427,112.796101,0.70,0.737,0.125,-2.81,-2.45,289.02,289.02,0.00,0.00,0,0.0,0.01,0.00,0.99,-1.46,0.30,5.92,1920,0,11.48,12.07,2,1
1745.947,-7.286426,112.796101,0.70,0.622,0.408,-2.16,-2.69,288.55,288.55,0.00,0.00,0,0.0,0.01,0.00,0.99,-1.15,0.24,5.92,1920,0,11.64,12.02,2,1
1746.047,-7.286426,112.796100,0.80,0.747,0.186,-2.27,-2.33,288.08,288.08,0.00,0.00,0,0.0,0.01,-0.01,0.98,-0.36,0.06,5.98,1920,0,11.59,11.97,2,1
1746.147,-7.286426,112.796099,0.67,0.837,0.035,-2.63,-2.39,287.61,287.61,0.00,0.00,0,0.0,0.01,0.00,0.99,0.48,0.00,5.98,1920,0,11.54,12.07,2,1
1746.247,-7.286425,112.796099,0.83,0.684,0.348,-2.33,-2.39,287.13,287.13,0.00,0.00,0,0.0,0.02,-0.01,0.99,1.15,0.06,6.04,1859,0,11.56,11.94,2,1
1746.347,-7.286425,112.796098,0.73,0.794,0.153,-1.86,-2.27,286.65,286.65,0.00,0.00,0,0.0,0.01,0.00,0.98,1.70,0.06,6.10,1920,0,11.54,12.04,2,1
1746.447,-7.286425,112.796098,0.67,0.555,0.112,-2.39,-2.27,286.17,286.17,0.00,0.00,0,0.0,0.02,0.00,0.99,0.73,0.12,6.10,1920,0,11.68,12.06,2,1
1746.547,-7.286424,112.796097,0.77,0.796,0.313,-2.45,-2.27,285.68,285.68,0.00,0.00,0,0.0,0.02,0.00,0.99,-0.18,0.42,6.28,1920,0,11.58,11.99,2,1
1746.647,-7.286424,112.796097,0.74,0.556,0.224,-2.16,-2.75,285.19,285.19,0.00,0.00,0,0.0,0.02,0.00,1.00,-1.15,0.24,6.16,1920,0,11.54,12.00,2,1
1746.747,-7.286424,112.796096,0.73,0.708,0.076,-2.04,-2.57,284.69,284.69,0.00,0.00,0,0.0,0.01,-0.01,0.98,-2.01,0.30,6.22,1859,0,11.47,12.12,2,1
1746.847,-7.286423,112.796095,0.78,0.897,0.300,-2.33,-2.39,284.20,284.20,0.00,0.00,0,0.0,0.01,-0.01,0.99,-1.46,0.12,6.34,1920,0,11.64,12.01,2,1
1746.947,-7.286423,112.796095,0.66,0.626,0.215,-2.27,-2.45,283.70,283.70,0.00,0.00,0,0.0,0.02,-0.01,0.99,-0.30,0.00,6.34,1920,0,11.55,12.05,2,1
1747.047,-7.286423,112.796094,0.80,0.759,0.079,-2.69,-2.51,283.20,283.20,0.00,0.00,0,0.0,0.01,0.00,0.99,1.09,-0.06,6.28,1920,0,11.61,12.01,2,1
1747.147,-7.286423,112.796094,0.67,0.531,0.060,-2.51,-2.69,282.70,282.70,0.00,0.00,0,0.0,0.01,-0.01,0.99,1.77,0.18,6.22,1920,0,11.67,12.09,2,1
1747.247,-7.286422,112.796093,0.78,0.765,0.301,-2.21,-2.51,282.20,282.20,0.00,0.00,0,0.0,0.02,0.00,1.00,1.28,0.30,6.28,1920,0,11.62,11.92,2,1
1747.347,-7.286422,112.796093,0.66,0.534,0.216,-2.27,-2.75,281.69,281.69,0.00,0.00,0,0.0,0.01,0.00,0.99,0.30,0.36,6.46,1920,0,11.51,12.10,2,1
1747.447,-7.286422,112.796092,0.77,0.697,0.090,-2.21,-2.81,281.18,281.18,0.00,0.00,0,0.0,0.02,0.00,0.99,-0.30,0.18,6.28,1920,0,11.58,12.02,2,1
1747.547,-7.286421,112.796091,0.74,0.874,0.334,-1.92,-2.87,280.68,280.68,0.00,0.00,0,0.0,0.01,-0.01,0.99,-1.22,0.36,6.28,1920,0,11.76,12.04,2,1
1747.647,-7.286421,112.796091,0.75,0.610,0.239,-2.04,-2.21,280.18,280.18,0.00,0.00,0,0.0,0.02,0.00,0.99,-1.15,0.24,6.22,1920,0,11.51,11.99,2,1
1747.747,-7.286421,112.796090,0.73,0.752,0.115,-2.45,-2.87,279.69,279.69,0.00,0.00,0,0.0,0.02,-0.01,0.99,-0.42,0.30,6.16,1920,0,11.56,12.08,2,1
1747.847,-7.286421,112.796090,0.73,0.525,0.085,-2.75,-2.15,279.19,279.19,0.00,0.00,0,0.0,0.01,-0.01,0.99,0.42,0.18,6.16,1859,0,11.55,11.92,2,1
1747.947,-7.286420,112.796089,0.76,0.745,0.343,-1.62,-2.69,278.69,278.69,0.00,0.00,0,0.0,0.01,-0.01,0.98,0.61,0.18,6.28,1920,0,11.51,12.02,2,1
1748.047,-7.286420,112.796088,0.73,0.847,0.197,-2.57,-2.51,278.18,278.18,0.00,0.00,0,0.0,0.02,-0.01,0.99,1.15,0.00,6.40,1920,0,11.56,11.97,2,1
1748.147,-7.286420,112.796088,0.66,0.591,0.143,-2.16,-2.69,277.67,277.67,0.00,0.00,0,0.0,0.01,0.00,0.98,0.91,0.00,6.46,1920,0,11.58,11.97,2,1
1748.247,-7.286419,112.796087,0.74,0.783,0.394,-2.81,-2.92,277.16,277.16,0.00,0.00,0,0.0,0.02,0.00,0.99,0.54,0.24,6.46,1920,0,11.55,12.05,2,1
1748.347,-7.286419,112.796086,0.73,0.874,0.242,-2.51,-2.69,276.65,276.65,0.00,0.00,0,0.0,0.02,0.00,0.99,-0.67,0.61,6.28,1859,0,11.42,11.99,2,1
1748.447,-7.286419,112.796086,0.75,0.610,0.175,-2.39,-2.45,276.14,276.14,0.00,0.00,0,0.0,0.01,0.00,0.98,-0.79,0.24,6.28,1920,0,11.51,12.05,2,1
1748.547,-7.286419,112.796085,0.69,0.756,0.094,-2.27,-2.69,275.64,275.64,0.00,0.00,0,0.0,0.02,0.00,0.99,-0.24,0.12,6.28,1920,0,11.60,12.01,2,1
1748.647,-7.286419,112.796085,0.76,0.528,0.070,-2.51,-2.21,275.14,275.14,0.00,0.00,0,0.0,0.01,0.00,0.99,-0.18,0.18,6.53,1920,0,11.48,12.14,2,1
1748.747,-7.286418,112.796084,0.76,0.726,0.358,-2.39,-2.81,274.62,274.62,0.00,0.00,0,0.0,0.01,0.00,0.99,0.00,0.18,6.40,1920,0,11.62,12.02,2,1
1748.847,-7.286418,112.796083,0.76,0.836,0.232,-2.10,-2.51,274.11,274.11,0.00,0.00,0,0.0,0.01,0.00,0.99,0.42,0.12,6.46,1920,0,11.50,12.05,2,1
1748.947,-7.286418,112.796083,0.73,0.584,0.167,-2.39,-2.63,273.60,273.60,0.00,0.00,0,0.0,0.02,-0.01,0.99,0.79,0.00,6.53,1859,0,11.48,12.00,2,1
1749.047,-7.286418,112.796082,0.77,0.738,0.103,-2.39,-2.69,273.09,273.09,0.00,0.00,0,0.0,0.02,0.00,0.99,0.36,0.24,6.53,1920,0,11.72,12.13,2,1
1749.147,-7.286418,112.796081,0.68,0.846,0.062,-2.10,-2.45,272.58,272.58,0.00,0.00,0,0.0,0.02,0.00,0.99,0.18,0.30,6.40,1920,0,11.49,11.99,2,1
1749.247,-7.286417,112.796081,0.73,0.604,0.382,-2.45,-2.63,272.06,272.06,0.00,0.00,0,0.0,0.01,-0.01,0.98,-0.24,0.42,6.46,1920,0,11.17,12.12,2,1
1749.347,-7.286417,112.796080,0.72,0.751,0.262,-2.63,-2.87,271.56,271.56,0.00,0.00,0,0.0,0.01,-0.01,0.99,0.42,0.00,6.40,1920,0,11.47,11.99,2,1
1749.447,-7.286417,112.796080,0.77,0.524,0.188,-2.39,-2.87,271.05,271.05,0.00,0.00,0,0.0,0.01,-0.01,0.98,0.12,0.12,6.28,1859,0,11.60,12.08,2,1
1749.547,-7.286417,112.796079,0.74,0.697,0.132,-2.45,-2.09,270.54,270.54,0.00,0.00,0,0.0,0.01,-0.01,0.99,-0.73,0.12,6.46,1920,0,11.43,12.04,2,1
1749.647,-7.286417,112.796078,0.76,0.818,0.097,-2.39,-2.81,270.02,270.02,0.00,0.00,0,0.0,0.01,-0.01,0.99,-0.79,0.30,6.53,1920,0,11.45,11.98,2,1
1749.747,-7.286417,112.796078,0.73,0.572,0.073,-2.57,-2.51,269.51,269.51,0.00,0.00,0,0.0,0.01,-0.01,0.99,-0.06,0.36,6.34,1920,0,11.61,12.09,2,1
1749.847,-7.286416,112.796077,0.75,0.725,0.394,-2.39,-2.39,269.01,269.01,0.00,0.00,0,0.0,0.01,-0.01,0.98,0.24,0.24,6.28,1920,0,11.61,12.14,2,1
1749.947,-7.286416,112.796076,0.73,0.836,0.289,-2.63,-2.39,268.51,268.51,0.00,0.00,0,0.0,0.02,-0.01,0.99,0.42,0.06,6.22,1920,0,11.51,11.99,2,1
1750.047,-7.286416,112.796076,0.77,0.583,0.207,-1.98,-2.03,268.01,268.01,0.00,0.00,0,0.0,0.01,-0.02,0.98,0.30,0.00,6.40,1859,0,11.51,11.98,2,1
1750.147,-7.286416,112.796075,0.66,0.738,0.163,-2.27,-2.63,267.51,267.51,0.00,-40.00,0,0.0,0.01,0.00,0.99,0.73,-0.42,6.46,1920,0,11.43,12.18,2,1
1750.247,-7.286416,112.796075,0.69,0.515,0.119,-5.96,-7.26,266.98,266.98,0.00,-40.00,0,0.0,0.02,-0.01,1.00,0.30,0.00,6.65,1920,0,11.48,11.38,2,1
1750.347,-7.286416,112.796074,0.77,0.690,0.107,-32.26,-32.33,266.42,266.42,0.00,-40.00,0,0.0,0.02,-0.01,1.00,1.95,0.48,7.01,1920,0,11.62,11.88,2,1
1750.447,-7.286416,112.796073,0.72,0.812,0.104,-41.66,-42.66,265.81,265.81,0.00,-40.00,0,0.0,0.02,0.00,0.99,2.99,0.61,7.75,1920,0,11.58,12.07,2,1
1750.547,-7.286416,112.796072,0.76,0.897,0.108,-43.09,-43.32,265.12,265.12,0.00,-40.00,0,0.0,0.02,0.00,0.98,2.25,0.18,8.48,1859,0,11.53,11.94,2,1
1750.647,-7.286416,112.796072,0.73,0.627,0.084,-43.03,-43.32,264.37,264.37,0.00,-40.00,0,0.0,0.02,0.00,0.97,-0.18,0.12,9.27,1920,0,11.60,12.07,2,1
1750.747,-7.286416,112.796071,0.80,0.767,0.102,-42.79,-43.49,263.56,263.56,0.00,-40.00,0,0.0,0.02,0.00,0.99,-2.19,-0.12,9.82,1920,0,11.46,11.98,2,1
1750.847,-7.286416,112.796071,0.80,0.536,0.080,-43.09,-43.32,262.69,262.69,0.00,-40.00,0,0.0,0.02,-0.01,0.99,-2.68,0.48,10.31,1920,0,11.46,12.02,2,1
1750.947,-7.286415,112.796070,0.75,0.654,0.439,-43.09,-43.26,261.78,261.78,0.00,-40.00,0,0.0,0.02,-0.01,1.00,-1.83,0.79,10.74,1920,0,11.66,12.17,2,1
1751.047,-7.286415,112.796069,0.73,0.779,0.368,-43.39,-43.44,260.80,260.80,0.00,-40.00,0,0.0,0.02,-0.01,0.99,-1.15,0.73,11.41,1920,0,11.45,12.07,2,1
1751.147,-7.286415,112.796069,0.70,0.541,0.267,-43.21,-43.14,259.77,259.77,0.00,-40.00,0,0.0,0.02,-0.01,0.98,0.54,0.48,12.02,1859,0,11.60,12.13,2,1
1751.247,-7.286415,112.796068,0.67,0.699,0.259,-42.91,-43.32,258.69,258.69,0.00,-40.00,0,0.0,0.02,-0.01,0.99,2.25,0.36,12.32,1920,0,11.67,12.01,2,1
1751.347,-7.286415,112.796067,0.79,0.809,0.262,-43.39,-42.54,257.59,257.59,0.00,-40.00,0,0.0,0.02,-0.01,0.99,3.54,0.48,12.57,1920,0,11.60,12.03,2,1
1751.447,-7.286415,112.796067,0.68,0.563,0.195,-43.51,-43.32,256.45,256.45,0.00,-40.00,0,0.0,0.02,0.00,0.98,1.83,0.54,13.00,1920,0,11.60,11.99,2,1
1751.547,-7.286415,112.796066,0.69,0.711,0.228,-42.97,-43.44,255.28,255.28,0.00,-40.00,0,0.0,0.02,0.00,0.99,-0.48,0.61,13.42,1920,0,11.55,12.02,2,1
1751.647,-7.286415,112.796065,0.67,0.812,0.261,-43.15,-43.32,254.09,254.09,0.00,-40.00,0,0.0,0.02,0.00,0.99,-2.25,0.79,13.48,1859,0,11.59,12.04,2,1
1751.747,-7.286415,112.796065,0.67,0.565,0.195,-43.03,-43.14,252.88,252.88,0.00,-40.00,0,0.0,0.02,0.00,0.98,-2.62,0.85,13.73,1859,0,11.63,12.08,2,1
1751.847,-7.286415,112.796064,0.69,0.706,0.249,-43.03,-43.55,251.63,251.63,0.00,-40.00,0,0.0,0.02,-0.01,0.99,-1.40,0.54,14.03,1920,0,11.53,12.02,2,1
1751.947,-7.286415,112.796064,0.68,0.490,0.185,-43.03,-43.20,250.37,250.37,0.00,-40.00,0,0.0,0.02,-0.02,0.99,0.24,0.54,14.22,1920,0,11.62,11.99,2,1
1752.047,-7.286415,112.796063,0.70,0.649,0.256,-42.38,-43.49,249.07,249.07,0.00,-40.00,0,0.0,0.02,-0.02,0.99,0.36,0.42,14.58,1920,0,11.60,12.12,2,1
1752.147,-7.286415,112.796062,0.66,0.756,0.315,-42.91,-42.43,247.74,247.74,0.00,-40.00,0,0.0,0.02,-0.03,0.99,0.79,0.61,14.95,1920,0,11.67,12.04,2,1
1752.247,-7.286415,112.796062,0.78,0.524,0.233,-42.97,-43.32,246.40,246.40,0.00,-40.00,0,0.0,0.02,-0.01,0.99,1.28,0.36,15.07,1859,0,11.62,12.02,2,1
1752.347,-7.286415,112.796061,0.58,0.663,0.311,-43.03,-43.49,245.03,245.03,0.00,-40.00,0,0.0,0.02,-0.02,0.99,0.42,0.54,15.25,1859,0,11.56,11.94,2,1
1752.447,-7.286415,112.796061,0.63,0.459,0.229,-43.27,-43.55,243.66,243.66,0.00,-40.00,0,0.0,0.02,0.00,0.99,0.00,0.42,15.19,1859,0,11.57,12.02,2,1
1752.547,-7.286415,112.796060,0.67,0.610,0.322,-42.85,-43.38,242.27,242.27,0.00,-40.00,0,0.0,0.02,-0.01,0.98,-1.52,0.61,15.38,1920,0,11.63,12.02,2,1
1752.647,-7.286415,112.796059,0.67,0.710,0.397,-42.73,-43.20,240.88,240.88,0.00,-40.00,0,0.0,0.02,0.00,0.98,-1.64,0.79,15.50,1920,0,11.59,11.97,2,1
1752.747,-7.286415,112.796059,0.62,0.490,0.290,-43.69,-42.96,239.47,239.47,0.00,-40.00,0,0.0,0.02,-0.02,0.99,-1.15,0.67,15.62,1920,0,11.48,12.00,2,1
1752.847,-7.286415,112.796059,0.62,0.338,0.211,-43.33,-43.44,238.06,238.06,0.00,-40.00,0,0.0,0.02,-0.02,0.99,-0.24,0.54,15.74,1859,0,11.51,12.06,2,1
1752.947,-7.286416,112.796058,0.72,0.693,0.057,-43.21,-43.14,236.62,236.62,0.00,-40.00,0,0.0,0.02,-0.02,0.99,1.22,0.30,15.86,1859,0,11.53,11.97,2,1
1753.047,-7.286416,112.796057,0.64,0.755,0.241,-43.03,-42.96,235.18,235.18,0.00,-40.00,0,0.0,0.02,-0.01,0.99,1.52,0.48,16.05,1859,0,11.60,12.18,2,1
1753.147,-7.286416,112.796057,0.67,0.524,0.182,-43.03,-43.44,233.72,233.72,0.00,0.00,0,0.0,0.02,-0.01,0.99,1.70,0.67,16.17,1920,0,11.45,12.06,2,1
1753.247,-7.286416,112.796056,0.66,0.625,0.339,-30.66,-31.56,232.26,232.26,0.00,-40.00,0,0.0,0.02,0.00,0.99,0.24,0.73,16.17,1920,0,11.68,11.56,2,1
1753.347,-7.286416,112.796055,0.63,0.688,0.458,-15.30,-24.13,230.81,230.81,0.00,-40.00,0,0.0,0.02,-0.01,0.98,-2.31,0.91,15.86,1920,0,11.47,11.24,2,1
1753.447,-7.286416,112.796055,0.58,0.473,0.332,-40.89,-41.30,229.37,229.37,0.00,-40.00,0,0.0,0.02,-0.02,0.99,-2.44,0.61,15.80,1920,0,11.50,11.97,2,1
1753.547,-7.286416,112.796054,0.66,0.571,0.463,-42.73,-42.78,227.92,227.92,0.00,-40.00,0,0.0,0.02,-0.01,0.99,-1.09,0.24,16.05,1859,0,11.54,12.08,2,1
1753.647,-7.286416,112.796054,0.58,0.391,0.334,-43.15,-42.96,226.45,226.45,0.00,-40.00,0,0.0,0.02,-0.02,1.00,0.54,0.36,16.29,1859,0,11.54,12.19,2,1
1753.747,-7.286417,112.796053,0.63,0.738,0.239,-43.33,-42.72,224.96,224.96,0.00,0.00,0,0.0,0.02,-0.02,0.99,2.07,0.18,16.47,1859,0,11.45,12.04,2,1
1753.847,-7.286417,112.796053,0.59,0.512,0.181,-29.70,-30.60,223.47,223.47,0.00,-40.00,0,0.0,0.02,-0.02,0.99,2.44,0.61,16.54,1920,0,11.60,11.51,2,1
1753.947,-7.286417,112.796053,0.62,0.355,0.136,-16.79,-23.95,221.97,221.97,0.00,-40.00,0,0.0,0.02,0.00,0.99,1.15,0.67,16.23,1920,0,11.63,11.20,2,1
1754.047,-7.286417,112.796052,0.54,0.461,0.353,-41.13,-41.24,220.50,220.50,0.00,-40.00,0,0.0,0.02,-0.01,0.99,-0.54,0.73,16.41,1920,0,11.60,12.08,2,1
1754.147,-7.286418,112.796052,0.63,0.575,0.046,-42.97,-42.96,219.00,219.00,0.00,-40.00,0,0.0,0.02,-0.01,0.99,-1.03,0.42,16.47,1859,0,11.43,12.01,2,1
1754.247,-7.286418,112.796051,0.63,0.603,0.305,-43.15,-43.08,217.49,217.49,0.00,-40.00,0,0.0,0.02,-0.01,0.99,-1.34,0.42,16.72,1859,0,11.63,12.12,2,1
1754.347,-7.286418,112.796051,0.58,0.416,0.225,-43.21,-43.02,215.96,215.96,0.00,-40.00,0,0.0,0.02,-0.01,0.99,-0.85,0.67,16.84,1859,0,11.62,12.07,2,1
1754.447,-7.286419,112.796050,0.63,0.749,0.249,-43.33,-42.78,214.42,214.42,0.00,-40.00,0,0.0,0.02,-0.01,0.99,0.54,0.30,16.96,1859,0,11.47,12.10,2,1
1754.547,-7.286419,112.796050,0.54,0.520,0.189,-43.15,-43.02,212.86,212.86,0.00,-40.00,0,0.0,0.02,-0.01,0.99,1.40,0.48,17.15,1859,0,11.48,12.00,2,1
1754.647,-7.286419,112.796049,0.51,0.532,0.425,-43.21,-43.08,211.29,211.29,0.00,-40.00,0,0.0,0.02,-0.01,0.99,1.03,0.42,17.33,1920,0,11.45,12.01,2,1
1754.747,-7.286419,112.796049,0.61,0.364,0.308,-42.97,-42.37,209.70,209.70,0.00,-40.00,0,0.0,0.02,-0.02,1.00,0.00,0.61,17.45,1920,0,11.42,12.07,2,1
1754.847,-7.286419,112.796049,0.53,0.249,0.222,-42.67,-43.08,208.11,208.11,0.00,-40.00,0,0.0,0.02,-0.01,0.99,0.00,0.42,17.51,1859,0,11.51,12.10,2,1
1754.947,-7.286420,112.796048,0.68,0.616,0.308,-42.85,-42.66,206.52,206.52,0.00,-40.00,0,0.0,0.02,-0.01,0.98,-0.48,0.67,17.57,1859,0,11.44,12.04,2,1
1755.047,-7.286420,112.796048,0.55,0.425,0.227,-43.33,-43.26,204.91,204.91,0.00,-40.00,0,0.0,0.02,0.00,0.99,-0.24,0.54,17.51,1859,0,11.45,12.05,2,1
1755.147,-7.286420,112.796047,0.57,0.424,0.471,-42.79,-43.08,203.31,203.31,0.00,-40.00,0,0.0,0.02,-0.02,0.99,-0.61,0.54,17.51,1859,0,11.43,12.02,2,1
1755.247,-7.286421,112.796047,0.52,0.597,0.215,-43.33,-42.84,201.70,201.70,0.00,-40.00,0,0.0,0.02,-0.02,0.98,-0.12,0.85,17.63,1859,0,11.48,11.99,2,1
1755.347,-7.286421,112.796047,0.52,0.414,0.162,-42.38,-42.84,200.10,200.10,0.00,-40.00,0,0.0,0.02,-0.01,0.99,0.24,0.42,17.63,1920,0,11.58,11.97,2,1
1755.447,-7.286421,112.796046,0.51,0.391,0.435,-42.91,-43.38,198.49,198.49,0.00,-40.00,0,0.0,0.02,-0.01,1.00,0.79,0.30,17.57,1920,0,11.60,11.99,2,1
1755.547,-7.286422,112.796046,0.55,0.584,0.215,-42.85,-43.08,196.89,196.89,0.00,-40.00,0,0.0,0.02,-0.01,0.99,0.73,0.24,17.57,1920,0,11.63,12.00,2,1
1755.647,-7.286422,112.796046,0.57,0.405,0.162,-43.45,-43.20,195.28,195.28,0.00,-40.00,0,0.0,0.02,-0.02,0.99,0.42,0.67,17.63,1859,0,11.43,12.01,2,1
1755.747,-7.286422,112.796045,0.51,0.358,0.443,-42.79,-43.20,193.66,193.66,0.00,-40.00,0,0.0,0.02,-0.01,1.00,0.00,0.73,17.63,1859,0,11.60,12.00,2,1
1755.847,-7.286423,112.796045,0.48,0.568,0.247,-43.03,-43.02,192.04,192.04,0.00,-40.00,0,0.0,0.02,-0.01,0.99,-0.79,0.67,17.57,1859,0,11.54,11.99,2,1
1755.947,-7.286423,112.796045,0.57,0.393,0.184,-43.03,-43.26,190.44,190.44,0.00,-40.00,0,0.0,0.02,-0.01,0.99,-0.42,0.54,17.57,1859,0,11.62,12.11,2,1
1756.047,-7.286423,112.796044,0.47,0.322,0.464,-42.14,-43.20,188.83,188.83,0.00,-40.00,0,0.0,0.02,0.00,0.99,0.00,0.30,17.45,1920,0,11.67,12.07,2,1
1756.147,-7.286423,112.796044,0.45,0.216,0.331,-43.15,-42.84,187.23,187.23,0.00,-40.00,0,0.0,0.02,-0.01,0.99,0.36,0.67,17.51,1920,0,11.48,11.83,2,1
1756.247,-7.286424,112.796044,0.56,0.477,0.203,-43.21,-42.84,185.63,185.63,0.00,-40.00,0,0.0,0.01,-0.01,0.99,0.54,0.48,17.45,1920,0,11.60,12.10,2,1
1756.347,-7.286424,112.796044,0.43,0.330,0.151,-43.45,-43.14,184.03,184.03,0.00,-40.00,0,0.0,0.02,-0.01,0.98,0.48,0.61,17.45,1859,0,11.60,12.06,2,1
1756.447,-7.286425,112.796043,0.52,0.575,0.429,-43.33,-43.14,182.44,182.44,0.00,-40.00,0,0.0,0.02,-0.01,0.99,0.79,0.30,17.21,1859,0,11.45,12.03,2,1
1756.547,-7.286425,112.796043,0.53,0.394,0.311,-42.91,-43.08,180.86,180.86,0.00,-40.00,0,0.0,0.02,-0.01,0.99,-0.30,0.42,17.15,1859,0,11.61,12.00,2,1
1756.647,-7.286425,112.796043,0.50,0.270,0.225,-43.03,-42.66,179.28,179.28,0.00,-40.00,0,0.0,0.02,-0.01,0.99,0.06,0.67,17.21,1859,0,11.45,12.01,2,1
1756.747,-7.286426,112.796043,0.53,0.518,0.176,-42.91,-43.61,177.70,177.70,0.00,-40.00,0,0.0,0.02,0.00,0.98,-0.12,0.79,17.27,1920,0,11.56,12.24,2,1
1756.847,-7.286426,112.796043,0.53,0.359,0.133,-42.79,-43.08,176.13,176.13,0.00,-40.00,0,0.0,0.02,-0.01,0.99,-0.12,0.61,17.15,1920,0,11.68,12.09,2,1
1756.947,-7.286427,112.796042,0.59,0.549,0.461,-42.97,-42.90,174.56,174.56,0.00,-40.00,0,0.0,0.01,0.00,0.98,0.12,0.42,17.15,1920,0,11.60,12.01,2,1
1757.047,-7.286427,112.796042,0.49,0.375,0.333,-42.62,-42.90,172.98,172.98,0.00,-40.00,0,0.0,0.01,-0.02,0.98,0.54,0.73,17.21,1859,0,11.69,12.04,2,1
1757.147,-7.286428,112.796042,0.46,0.586,0.290,-43.33,-42.78,171.41,171.41,0.00,-40.00,0,0.0,0.02,-0.01,0.99,0.42,0.36,17.02,1859,0,11.45,11.87,2,1
1757.247,-7.286428,112.796042,0.52,0.405,0.214,-42.50,-43.14,169.86,169.86,0.00,-40.00,0,0.0,0.02,-0.01,0.99,0.00,0.36,17.08,1859,0,11.49,12.00,2,1
1757.347,-7.286428,112.796041,0.44,0.212,0.482,-42.73,-42.78,168.31,168.31,0.00,-40.00,0,0.0,0.02,-0.01,0.98,0.61,0.48,16.90,1920,0,11.62,12.06,2,1
1757.447,-7.286429,112.796041,0.49,0.464,0.417,-43.03,-43.08,166.75,166.75,0.00,-40.00,0,0.0,0.02,0.00,0.99,0.54,0.36,16.96,1920,0,11.49,12.09,2,1
1757.547,-7.286429,112.796041,0.46,0.317,0.301,-42.38,-43.02,165.19,165.19,0.00,-40.00,0,0.0,0.02,0.00,0.99,-0.24,0.67,17.08,1920,0,11.58,12.09,2,1
1757.647,-7.286430,112.796041,0.47,0.536,0.311,-43.33,-43.67,163.63,163.63,0.00,-40.00,0,0.0,0.02,-0.01,1.00,-0.42,0.73,16.96,1920,0,11.64,11.94,2,1
1757.747,-7.286430,112.796041,0.47,0.369,0.228,-43.45,-43.14,162.08,162.08,0.00,-40.00,0,0.0,0.01,-0.01,0.99,-0.79,0.54,16.90,1859,0,11.37,12.01,2,1
1757.847,-7.286431,112.796041,0.46,0.568,0.277,-42.56,-43.49,160.53,160.53,0.00,-40.00,0,0.0,0.02,-0.02,0.99,0.24,0.48,16.72,1859,0,11.56,11.99,2,1
1757.947,-7.286431,112.796041,0.44,0.393,0.205,-43.39,-43.32,158.98,158.98,0.00,0.00,0,0.0,0.01,-0.02,0.98,0.67,0.48,16.84,1859,0,11.60,12.12,2,1
1758.047,-7.286431,112.796041,0.50,0.271,0.151,-29.64,-30.01,157.42,157.42,0.00,-40.00,0,0.0,0.01,-0.01,0.99,0.97,0.54,16.96,1920,0,11.54,11.54,2,1
1758.147,-7.286432,112.796041,0.46,0.491,0.247,-15.48,-23.36,155.88,155.88,0.00,-40.00,0,0.0,0.01,0.00,0.98,-0.06,0.54,16.41,1920,0,11.61,11.37,2,1
1758.247,-7.286432,112.796041,0.40,0.339,0.182,-40.06,-40.47,154.37,154.37,0.00,-40.00,0,0.0,0.02,0.00,0.99,-0.42,0.61,16.23,1920,0,11.68,11.94,2,1
1758.347,-7.286432,112.796041,0.46,0.234,0.133,-42.73,-43.26,152.87,152.87,0.00,-40.00,0,0.0,0.01,0.00,0.99,-0.24,0.67,16.41,1859,0,11.68,12.08,2,1
1758.447,-7.286433,112.796041,0.42,0.454,0.258,-43.51,-42.90,151.35,151.35,0.00,-40.00,0,0.0,0.01,-0.01,0.99,0.67,0.79,16.47,1859,0,11.56,12.12,2,1
1758.547,-7.286433,112.796040,0.52,0.147,0.475,-42.67,-43.02,149.83,149.83,0.00,0.00,0,0.0,0.02,-0.01,0.99,1.22,0.18,16.41,1859,0,11.67,12.04,2,1
1758.647,-7.286434,112.796040,0.45,0.378,0.510,-28.87,-30.66,148.32,148.32,0.00,-40.00,0,0.0,0.01,-0.01,0.99,1.22,0.36,16.35,1859,0,11.51,11.53,2,1
1758.747,-7.286434,112.796041,0.46,0.436,0.087,-17.15,-24.01,146.83,146.83,0.00,-40.00,0,0.0,0.01,0.00,0.99,0.30,0.61,15.93,1920,0,11.51,11.34,2,1
1758.847,-7.286434,112.796041,0.43,0.304,0.069,-39.28,-40.82,145.36,145.36,0.00,-40.00,0,0.0,0.01,0.00,0.99,-1.40,0.48,15.93,1920,0,11.67,11.86,2,1
1758.947,-7.286435,112.796041,0.45,0.481,0.250,-42.85,-43.02,143.87,143.87,0.00,-40.00,0,0.0,0.01,0.00,0.98,-1.15,0.85,16.23,1920,0,11.64,12.17,2,1
1759.047,-7.286435,112.796041,0.45,0.332,0.184,-42.14,-43.20,142.36,142.36,0.00,-40.00,0,0.0,0.02,-0.01,1.00,-0.12,0.54,16.29,1859,0,11.62,12.10,2,1
1759.147,-7.286436,112.796041,0.44,0.487,0.345,-42.73,-43.02,140.85,140.85,0.00,-40.00,0,0.0,0.01,-0.01,0.99,0.85,0.42,16.35,1859,0,11.68,12.09,2,1
1759.247,-7.286436,112.796041,0.44,0.335,0.251,-43.03,-42.84,139.34,139.34,0.00,-40.00,0,0.0,0.01,-0.01,0.98,1.95,0.36,16.17,1859,0,11.54,12.06,2,1
1759.347,-7.286436,112.796041,0.43,0.230,0.182,-42.85,-43.38,137.83,137.83,0.00,-40.00,0,0.0,0.01,-0.01,0.99,1.70,0.61,16.23,1920,0,11.55,12.00,2,1
1759.447,-7.286437,112.796041,0.40,0.399,0.362,-43.03,-43.02,136.33,136.33,0.00,-40.00,0,0.0,0.01,0.00,0.99,0.54,0.73,16.29,1920,0,11.59,12.07,2,1
1759.547,-7.286437,112.796041,0.44,0.272,0.260,-43.27,-43.61,134.82,134.82,0.00,-40.00,0,0.0,0.01,0.00,0.98,-1.22,0.67,16.35,1920,0,11.55,12.10,2,1
1759.647,-7.286438,112.796041,0.48,0.414,0.430,-43.03,-43.02,133.30,133.30,0.00,-40.00,0,0.0,0.01,0.00,0.98,-1.15,0.48,16.35,1920,0,11.59,11.86,2,1
1759.747,-7.286438,112.796041,0.39,0.282,0.309,-43.27,-43.08,131.77,131.77,0.00,-40.00,0,0.0,0.02,0.00,1.00,-0.85,0.67,16.41,1859,0,11.56,12.08,2,1
1759.847,-7.286438,112.796041,0.43,0.192,0.221,-43.33,-43.32,130.24,130.24,0.00,-40.00,0,0.0,0.02,-0.01,0.99,-0.18,0.61,16.47,1859,0,11.54,12.03,2,1
1759.947,-7.286439,112.796042,0.43,0.597,0.212,-42.91,-43.20,128.69,128.69,0.00,-40.00,0,0.0,0.01,-0.01,1.00,0.79,0.67,16.54,1859,0,11.59,12.00,2,1
1760.047,-7.286439,112.796042,0.44,0.414,0.159,-42.85,-42.78,127.16,127.16,0.00,-40.00,0,0.0,0.01,-0.01,0.99,1.15,0.54,16.41,1920,0,11.62,12.04,2,1
1760.147,-7.286439,112.796042,0.48,0.286,0.119,-43.15,-43.20,125.63,125.63,0.00,-40.00,0,0.0,0.02,-0.01,0.99,1.40,0.24,16.35,1920,0,11.51,12.12,2,1
1760.247,-7.286440,112.796042,0.41,0.385,0.365,-42.73,-43.14,124.09,124.09,0.00,-40.00,0,0.0,0.01,-0.01,0.98,0.79,0.36,16.47,1920,0,11.61,12.02,2,1
1760.347,-7.286440,112.796042,0.43,0.263,0.263,-43.39,-43.55,122.56,122.56,0.00,-40.00,0,0.0,0.01,0.00,0.99,0.18,0.54,16.41,1859,0,11.61,12.16,2,1
1760.447,-7.286440,112.796042,0.41,0.179,0.189,-42.79,-42.96,121.02,121.02,0.00,-40.00,0,0.0,0.01,0.00,0.98,-1.15,0.67,16.41,1859,0,11.46,12.01,2,1
1760.547,-7.286441,112.796042,0.46,0.286,0.426,-43.09,-43.20,119.48,119.48,0.00,-40.00,0,0.0,0.01,0.00,0.98,-2.07,0.79,16.60,1859,0,11.63,12.12,2,1
1760.647,-7.286441,112.796042,0.43,0.192,0.303,-42.97,-43.02,117.94,117.94,0.00,-40.00,0,0.0,0.01,-0.01,0.99,-0.91,0.48,16.47,1920,0,11.56,12.00,2,1
1760.747,-7.286441,112.796043,0.44,0.425,0.069,-43.15,-42.31,116.38,116.38,0.00,-38.40,0,0.0,0.01,-0.01,0.99,0.97,0.42,16.54,1920,0,11.51,12.08,2,1
1760.847,-7.286442,112.796043,0.45,0.436,0.359,-41.84,-43.91,114.83,114.83,0.00,-36.68,0,0.0,0.01,-0.01,1.00,1.83,0.67,16.54,1920,0,11.49,11.94,2,1
1760.947,-7.286442,112.796043,0.37,0.298,0.259,-40.12,-40.35,113.29,113.29,0.00,-35.50,0,0.0,0.01,-0.01,0.99,1.70,0.79,16.47,1920,0,11.60,12.02,2,1
1761.047,-7.286442,112.796043,0.40,0.204,0.187,-38.33,-39.16,111.75,111.75,0.00,-33.97,0,0.0,0.01,0.00,0.98,0.85,0.42,16.29,1859,0,11.64,12.01,2,1
1761.147,-7.286442,112.796044,0.44,0.450,0.020,-36.78,-37.50,110.23,110.23,0.00,-32.27,0,0.0,0.01,-0.01,0.98,-0.54,0.48,16.23,1859,0,11.55,12.20,2,1
1761.247,-7.286443,112.796044,0.39,0.421,0.339,-35.30,-35.65,108.70,108.70,0.00,0.00,0,0.0,0.01,0.00,0.98,-0.91,0.54,16.11,1859,0,11.62,12.06,2,1
1761.347,-7.286443,112.796044,0.38,0.289,0.245,-20.12,-19.56,107.19,107.19,0.00,-29.56,0,0.0,0.01,0.00,0.98,-1.40,0.67,16.11,1920,0,11.67,11.51,2,1
1761.447,-7.286443,112.796044,0.45,0.197,0.176,-6.56,-17.00,105.71,105.71,0.00,-28.08,0,0.0,0.01,0.00,0.99,-2.44,0.85,15.68,1920,0,11.60,11.29,2,1
1761.547,-7.286443,112.796045,0.39,0.456,0.045,-30.36,-30.43,104.26,104.26,0.00,-26.54,0,0.0,0.01,0.00,0.99,-2.31,0.61,15.31,1920,0,11.42,12.02,2,1
1761.647,-7.286444,112.796045,0.43,0.392,0.365,-28.69,-29.71,102.79,102.79,0.00,-25.19,0,0.0,0.01,-0.02,0.98,0.00,0.42,15.68,1859,0,11.48,11.92,2,1
1761.747,-7.286444,112.796045,0.47,0.268,0.263,-28.04,-29.65,101.33,101.33,0.00,-24.19,0,0.0,0.01,-0.01,0.99,2.80,0.06,15.44,1859,0,11.51,11.86,2,1
1761.847,-7.286444,112.796046,0.37,0.509,0.132,-27.56,-27.81,99.88,99.88,0.00,0.00,0,0.0,0.01,-0.01,0.99,3.35,0.30,15.25,1859,0,11.58,11.97,2,1
1761.947,-7.286444,112.796046,0.40,0.354,0.101,-11.50,-13.68,98.46,98.46,0.00,-21.32,0,0.0,0.01,0.00,0.98,1.70,0.42,15.01,1859,0,11.67,11.54,2,1
1762.047,-7.286444,112.796046,0.43,0.246,0.077,-3.35,-10.17,97.06,97.06,0.00,0.00,0,0.0,0.01,0.00,0.98,-1.52,0.67,14.70,1920,0,11.46,11.43,2,1
1762.147,-7.286445,112.796047,0.42,0.533,0.357,-6.26,-10.41,95.71,95.71,0.00,-18.35,0,0.0,0.01,0.00,0.98,-2.31,0.48,14.28,1920,0,11.68,11.48,2,1
1762.247,-7.286445,112.796047,0.44,0.367,0.258,-9.83,-11.89,94.41,94.41,0.00,-17.90,0,0.0,0.01,0.00,0.98,-3.17,0.54,13.79,1920,0,11.51,11.93,2,1
1762.347,-7.286445,112.796047,0.42,0.253,0.186,-19.35,-19.97,93.12,93.12,0.00,-17.06,0,0.0,0.01,-0.01,0.99,-1.52,0.48,13.67,1859,0,11.51,11.99,2,1
1762.447,-7.286445,112.796048,0.41,0.505,0.124,-20.30,-20.03,91.85,91.85,0.00,-15.91,0,0.0,0.01,-0.01,0.99,0.91,0.12,13.54,1859,0,11.57,12.01,2,1
1762.547,-7.286445,112.796048,0.44,0.351,0.094,-19.35,-18.72,90.58,90.58,0.00,-14.79,0,0.0,0.01,-0.02,0.99,2.74,0.12,13.48,1859,0,11.69,11.86,2,1
1762.647,-7.286446,112.796048,0.44,0.240,0.405,-17.15,-17.89,89.31,89.31,0.00,-13.41,0,0.0,0.01,0.00,0.99,3.05,0.00,13.18,1859,0,11.58,11.88,2,1
1762.747,-7.286446,112.796049,0.39,0.493,0.298,-16.38,-16.53,88.08,88.08,0.00,-12.63,0,0.0,0.01,0.00,0.99,1.83,0.48,13.06,1920,0,11.53,11.88,2,1
1762.847,-7.286446,112.796049,0.39,0.341,0.216,-15.60,-15.40,86.88,86.88,0.00,-11.86,0,0.0,0.01,0.00,0.99,0.24,0.36,12.75,1920,0,11.64,11.97,2,1
1762.947,-7.286446,112.796049,0.34,0.235,0.156,-14.17,-14.63,85.69,85.69,0.00,-10.83,0,0.0,0.01,0.00,0.99,-2.01,0.48,12.63,1920,0,11.62,12.05,2,1
1763.047,-7.286446,112.796050,0.50,0.492,0.144,-13.52,-13.14,84.52,84.52,0.00,-9.60,0,0.0,0.01,0.00,0.98,-2.92,0.54,12.45,1859,0,11.55,11.88,2,1
1763.147,-7.286446,112.796051,0.46,0.671,0.146,-12.92,-13.14,83.38,83.38,0.00,-8.59,0,0.0,0.01,-0.01,0.98,-2.01,0.48,12.26,1859,0,11.60,12.08,2,1
1763.247,-7.286446,112.796051,0.42,0.467,0.111,-11.79,-12.31,82.24,82.24,0.00,-7.73,0,0.0,0.01,-0.01,0.99,0.24,0.18,12.08,1859,0,11.68,12.00,2,1
1763.347,-7.286446,112.796051,0.48,0.326,0.084,-11.08,-10.77,81.13,81.13,0.00,-6.62,0,0.0,0.01,0.00,0.99,1.64,0.24,11.71,1859,0,11.62,12.07,2,1
1763.447,-7.286447,112.796052,0.48,0.495,0.449,-9.71,-9.81,80.05,80.05,0.00,-5.46,0,0.0,0.01,-0.01,0.99,1.83,0.30,11.71,1859,0,11.59,12.07,2,1
1763.547,-7.286447,112.796052,0.51,0.341,0.321,-8.58,-8.92,78.99,78.99,0.00,-5.31,0,0.0,0.01,0.00,0.99,1.70,0.06,11.41,1920,0,11.61,12.00,2,1
1763.647,-7.286447,112.796053,0.47,0.558,0.298,-8.52,-8.27,77.94,77.94,0.00,0.00,0,0.0,0.01,0.00,0.99,0.42,0.18,11.10,1920,0,11.58,11.99,2,1
1763.747,-7.286447,112.796053,0.47,0.387,0.215,-4.24,-3.76,76.93,76.93,0.00,-4.04,0,0.0,0.01,0.00,0.98,-0.67,0.24,10.80,1859,0,11.43,11.94,2,1
1763.847,-7.286447,112.796054,0.51,0.589,0.236,-4.59,-4.11,75.95,75.95,0.00,-3.24,0,0.0,0.01,-0.01,0.98,-1.70,0.48,10.43,1859,0,11.60,12.07,2,1
1763.947,-7.286447,112.796054,0.47,0.410,0.172,-6.32,-6.01,75.00,75.00,0.00,-2.70,0,0.0,0.01,0.00,0.98,-1.58,0.24,10.37,1859,0,11.62,12.00,2,1
1764.047,-7.286447,112.796054,0.49,0.285,0.125,-5.96,-5.89,74.06,74.06,0.00,-1.91,0,0.0,0.01,-0.01,0.99,0.00,0.30,10.25,1859,0,11.48,11.89,2,1
1764.147,-7.286447,112.796055,0.50,0.515,0.187,-4.59,-5.60,73.15,73.15,0.00,-1.01,0,0.0,0.01,0.00,0.99,1.22,0.30,9.82,1920,0,11.60,12.18,2,1
1764.247,-7.286447,112.796055,0.51,0.358,0.136,-4.12,-4.35,72.26,72.26,0.00,-0.41,0,0.0,0.01,0.00,0.99,1.64,0.12,9.82,1920,0,11.60,12.14,2,1
1764.347,-7.286447,112.796056,0.50,0.563,0.205,-3.40,-3.82,71.38,71.38,0.00,0.36,0,0.0,0.01,-0.01,0.99,1.40,0.18,9.46,1920,0,11.55,12.10,2,1
1764.447,-7.286447,112.796056,0.49,0.392,0.149,-2.93,-3.28,70.53,70.53,0.00,0.93,0,0.0,0.01,0.00,0.99,0.42,0.36,9.33,1920,0,11.48,12.10,2,1
1764.547,-7.286447,112.796057,0.51,0.583,0.223,-2.51,-2.27,69.70,69.70,0.00,0.00,0,0.0,0.01,0.00,0.99,-0.61,0.30,9.15,1859,0,11.58,12.10,2,1
1764.647,-7.286447,112.796057,0.45,0.406,0.162,-1.98,-2.57,68.90,68.90,0.00,2.08,0,0.0,0.01,-0.01,0.99,-1.64,0.30,8.85,1859,0,11.59,12.12,2,1
1764.747,-7.286447,112.796058,0.61,0.590,0.241,0.51,-0.61,68.11,68.11,0.00,2.66,0,0.0,0.01,-0.01,0.99,-1.64,0.48,8.66,1859,0,11.68,12.00,2,1
1764.847,-7.286447,112.796058,0.48,0.410,0.174,-0.31,-0.49,67.35,67.35,0.00,3.03,0,0.0,0.01,-0.01,0.99,-0.30,0.12,8.36,1920,0,11.67,12.01,2,1
1764.947,-7.286447,112.796059,0.49,0.589,0.257,-0.25,0.57,66.62,66.62,0.00,3.56,0,0.0,0.01,-0.01,0.99,0.67,0.18,8.17,1920,0,11.49,12.10,2,1
1765.047,-7.286447,112.796059,0.52,0.410,0.185,0.27,0.51,65.90,65.90,0.00,0.00,0,0.0,0.01,0.00,0.98,1.46,0.12,7.99,1920,0,11.49,12.06,2,1
1765.147,-7.286446,112.796059,0.52,0.426,-0.170,0.16,-1.32,65.19,65.19,0.00,4.34,0,0.0,0.01,0.00,0.99,1.52,0.06,7.87,1859,0,11.60,11.99,2,1
1765.247,-7.286446,112.796060,0.55,0.598,0.027,2.24,1.40,64.51,64.51,0.00,5.80,0,0.0,0.01,0.00,0.99,0.54,0.12,7.81,1859,0,11.46,11.95,2,1
1765.347,-7.286446,112.796060,0.50,0.418,0.024,2.65,2.95,63.84,63.84,0.00,6.49,0,0.0,0.01,0.00,1.00,0.00,0.12,7.50,1920,0,11.48,12.02,2,1
1765.447,-7.286446,112.796061,0.52,0.588,0.169,3.13,3.01,63.19,63.19,0.00,7.18,0,0.0,0.01,0.00,1.00,-1.15,0.36,7.26,1920,0,11.43,11.51,2,1
1765.547,-7.286446,112.796062,0.60,0.704,0.275,4.86,4.79,62.58,62.58,0.00,0.00,0,0.0,0.01,0.00,0.99,-1.28,0.30,6.83,1920,0,11.56,11.98,2,1
1765.647,-7.286446,112.796062,0.53,0.491,0.198,0.99,-0.79,61.99,61.99,0.00,7.35,0,0.0,0.01,-0.01,0.98,-1.03,0.30,6.77,1920,0,11.61,11.99,2,1
1765.747,-7.286446,112.796063,0.55,0.633,0.300,3.31,3.06,61.41,61.41,0.00,0.00,0,0.0,0.01,0.00,0.99,0.79,0.00,6.53,1920,0,11.63,12.01,2,1
1765.847,-7.286446,112.796063,0.55,0.441,0.214,0.87,0.33,60.85,60.85,0.00,7.59,0,0.0,0.01,-0.01,0.99,1.22,0.06,6.53,1859,0,11.53,11.87,2,1
1765.947,-7.286446,112.796064,0.63,0.595,0.317,2.18,2.47,60.31,60.31,0.00,7.89,0,0.0,0.01,-0.01,0.99,1.70,-0.06,6.34,1920,0,11.61,12.09,2,1
1766.047,-7.286445,112.796064,0.54,0.582,-0.063,4.86,5.20,59.79,59.79,0.00,7.87,0,0.0,0.01,0.00,1.00,0.67,0.30,5.98,1920,0,11.62,12.12,2,1
1766.147,-7.286445,112.796065,0.60,0.692,0.129,4.74,5.03,59.29,59.29,0.00,8.97,0,0.0,0.01,0.00,0.99,-0.12,0.06,5.92,1920,0,11.51,11.98,2,1
1766.247,-7.286445,112.796065,0.52,0.484,0.094,7.00,6.15,58.81,58.81,0.00,9.28,0,0.0,0.01,0.00,0.98,-0.85,0.36,5.55,1920,0,11.60,12.07,2,1
1766.347,-7.286445,112.796066,0.56,0.620,0.242,6.40,6.15,58.35,58.35,0.00,9.62,0,0.0,0.01,0.00,0.99,-1.77,0.06,5.37,1859,0,11.67,11.93,2,1
1766.447,-7.286445,112.796066,0.62,0.433,0.173,6.94,6.57,57.91,57.91,0.00,9.52,0,0.0,0.01,0.00,0.99,-1.22,0.30,5.18,1920,0,11.67,12.06,2,1
1766.547,-7.286444,112.796067,0.57,0.760,0.020,6.46,6.63,57.50,57.50,0.00,9.62,0,0.0,0.01,0.00,0.99,-0.12,0.36,5.00,1920,0,11.43,11.98,2,1
1766.647,-7.286444,112.796067,0.60,0.532,0.017,6.64,6.63,57.11,57.11,0.00,10.30,0,0.0,0.01,0.00,0.99,1.15,0.00,4.63,1920,0,11.42,11.98,2,1
1766.747,-7.286444,112.796068,0.60,0.649,0.196,7.30,6.87,56.74,56.74,0.00,10.75,0,0.0,0.01,0.00,0.99,1.46,0.12,4.69,1920,0,11.54,12.09,2,1
1766.847,-7.286444,112.796068,0.58,0.453,0.140,7.30,7.28,56.39,56.39,0.00,10.59,0,0.0,0.01,0.00,0.99,1.58,-0.06,4.33,1920,0,11.60,11.99,2,1
1766.947,-7.286444,112.796069,0.64,0.591,0.285,7.12,7.22,56.06,56.06,0.00,10.67,0,0.0,0.01,0.00,0.99,0.36,0.12,4.21,1859,0,11.62,12.13,2,1
1767.047,-7.286443,112.796069,0.60,0.601,-0.074,7.89,7.52,55.75,55.75,0.00,10.27,0,0.0,0.01,0.00,0.99,-0.48,0.18,3.96,1920,0,11.61,12.01,2,1
1767.147,-7.286443,112.796070,0.61,0.693,0.138,7.12,7.40,55.46,55.46,0.00,11.22,0,0.0,0.01,0.00,0.99,-1.52,0.18,3.96,1920,0,11.44,12.00,2,1
1767.247,-7.286443,112.796070,0.58,0.485,0.099,8.31,8.11,55.18,55.18,0.00,11.21,0,0.0,0.01,0.00,0.99,-1.22,0.06,3.66,1920,0,11.63,12.02,2,1
1767.347,-7.286443,112.796071,0.55,0.610,0.261,7.95,8.23,54.92,54.92,0.00,11.30,0,0.0,0.01,-0.01,0.99,-0.73,0.12,3.54,1920,0,11.57,11.94,2,1
1767.447,-7.286442,112.796071,0.71,0.619,-0.088,8.49,8.53,54.67,54.67,0.00,10.90,0,0.0,0.01,-0.01,0.99,0.79,-0.06,3.47,1859,0,11.43,12.02,2,1
1767.547,-7.286442,112.796072,0.58,0.703,0.133,8.96,8.47,54.44,54.44,0.00,11.87,0,0.0,0.01,0.00,0.98,1.28,0.00,3.35,1920,0,11.55,12.12,2,1
1767.647,-7.286442,112.796072,0.66,0.492,0.095,9.02,8.29,54.22,54.22,0.00,11.86,0,0.0,0.01,0.00,0.99,1.64,0.00,3.11,1920,0,11.70,12.06,2,1
1767.747,-7.286442,112.796073,0.63,0.612,0.262,8.49,8.71,54.02,54.02,0.00,0.00,0,0.0,0.01,0.00,0.98,0.67,0.12,2.80,1920,0,11.60,12.07,2,1
1767.847,-7.286442,112.796073,0.55,0.428,0.185,7.53,4.49,53.84,53.84,0.00,11.35,0,0.0,0.01,0.00,0.98,-0.24,0.24,2.80,1920,0,11.60,12.14,2,1
1767.947,-7.286441,112.796074,0.62,0.763,0.057,3.90,4.61,53.67,53.67,0.00,11.07,0,0.0,0.01,0.00,0.98,0.06,0.06,2.86,1920,0,11.67,11.92,2,1
1768.047,-7.286441,112.796074,0.57,0.534,0.042,8.54,8.35,53.49,53.49,0.00,11.61,0,0.0,0.01,0.00,0.98,-0.73,0.06,2.92,1920,0,11.66,12.15,2,1
1768.147,-7.286441,112.796075,0.64,0.639,0.228,8.66,8.29,53.32,53.32,0.00,11.99,0,0.0,0.01,0.01,0.99,-1.09,0.00,2.74,1920,0,11.62,12.01,2,1
1768.247,-7.286440,112.796075,0.62,0.647,-0.106,9.38,8.47,53.15,53.15,0.00,11.65,0,0.0,0.01,0.00,0.99,-0.54,-0.06,2.62,1920,0,11.62,12.15,2,1
1768.347,-7.286440,112.796076,0.63,0.717,0.126,8.66,9.00,53.00,53.00,0.00,0.00,0,0.0,0.01,0.00,0.99,-0.36,-0.06,2.62,1920,0,11.64,12.01,2,1
1768.447,-7.286440,112.796076,0.56,0.502,0.089,1.23,3.06,52.87,52.87,0.00,12.67,0,0.0,0.01,0.00,1.00,0.24,-0.06,2.44,1920,0,11.67,11.78,2,1
1768.547,-7.286440,112.796077,0.72,0.615,0.264,4.02,7.52,52.73,52.73,0.00,12.64,0,0.0,0.01,0.00,0.99,1.64,0.12,2.62,1859,0,11.60,11.97,2,1
1768.647,-7.286439,112.796077,0.65,0.632,-0.079,9.50,9.60,52.58,52.58,0.00,0.00,0,0.0,0.01,0.00,0.98,0.91,0.00,2.62,1920,0,11.60,12.06,2,1
1768.747,-7.286439,112.796078,0.62,0.705,0.147,3.90,2.95,52.45,52.45,0.00,0.00,0,0.0,0.01,0.00,0.99,0.06,-0.06,2.31,1920,0,11.68,12.02,2,1
1768.847,-7.286439,112.796078,0.62,0.493,0.104,-2.27,-2.21,52.32,52.32,0.00,0.00,0,0.0,0.01,0.00,0.99,-0.36,0.24,2.56,1920,0,11.43,12.00,2,1
1768.947,-7.286439,112.796079,0.67,0.606,0.277,-2.57,-2.33,52.16,52.16,0.00,0.00,0,0.0,0.01,0.00,0.99,0.24,0.06,2.68,1920,0,11.68,12.04,2,1
1769.047,-7.286438,112.796080,0.72,0.890,0.136,-2.45,-2.69,52.00,52.00,0.00,0.00,0,0.0,0.01,0.00,0.99,0.00,0.00,2.80,1859,0,11.62,12.12,2,1
1769.147,-7.286438,112.796080,0.64,0.623,0.097,-2.51,-2.45,51.82,51.82,0.00,0.00,0,0.0,0.01,0.00,0.99,0.12,0.00,2.92,1920,0,11.53,12.13,2,1
1769.247,-7.286437,112.796081,0.65,0.902,0.013,-2.39,-2.39,51.63,51.63,0.00,0.00,0,0.0,0.01,0.00,0.99,0.12,-0.06,3.05,1920,0,11.48,12.18,2,1
1769.347,-7.286437,112.796081,0.75,0.632,0.012,-2.27,-2.27,51.42,51.42,0.00,0.00,0,0.0,0.01,0.00,0.98,-0.06,0.00,3.29,1920,0,11.63,12.04,2,1
1769.447,-7.286437,112.796082,0.61,0.700,0.217,-1.86,-2.33,51.20,51.20,0.00,0.00,0,0.0,0.01,0.00,0.99,0.00,0.18,3.29,1920,0,11.49,12.07,2,1
1769.547,-7.286437,112.796082,0.64,0.489,0.154,-2.75,-2.75,50.98,50.98,0.00,0.00,0,0.0,0.01,0.00,0.99,0.48,0.00,3.35,1920,0,11.61,12.13,2,1
1769.647,-7.286436,112.796083,0.76,0.809,0.060,-2.63,-2.69,50.75,50.75,0.00,0.00,0,0.0,0.01,0.00,0.98,0.06,0.24,3.47,1920,0,11.58,12.12,2,1
1769.747,-7.286436,112.796083,0.66,0.566,0.045,-2.33,-2.39,50.50,50.50,0.00,0.00,0,0.0,0.01,0.01,0.99,0.00,0.06,3.54,1920,0,11.61,12.02,2,1
1769.847,-7.286435,112.796084,0.66,0.864,-0.012,-1.86,-2.45,50.26,50.26,0.00,0.00,0,0.0,0.01,0.00,0.99,-0.67,0.12,3.60,1920,0,11.45,12.06,2,1
1769.947,-7.286435,112.796084,0.69,0.605,-0.006,-2.51,-2.27,50.01,50.01,0.00,0.00,0,0.0,0.01,0.00,0.99,-0.18,0.30,3.78,1920,0,11.62,12.15,2,1
1770.047,-7.286435,112.796085,0.70,0.676,0.212,-2.39,-2.63,49.75,49.75,0.00,0.00,0,0.0,0.01,0.00,0.99,0.06,0.18,3.78,1920,0,11.58,12.10,2,1
1770.147,-7.286434,112.796085,0.74,0.689,-0.103,-2.75,-2.03,49.48,49.48,0.00,0.00,0,0.0,0.01,0.00,0.98,0.18,0.18,3.96,1859,0,11.36,12.04,2,1
1770.247,-7.286434,112.796086,0.75,0.733,0.146,-1.14,-2.15,49.21,49.21,0.00,0.00,0,0.0,0.01,0.00,0.99,0.06,0.12,3.96,1920,0,11.43,12.07,2,1
1770.347,-7.286434,112.796086,0.68,0.513,0.105,-2.81,-2.39,48.93,48.93,0.00,0.00,0,0.0,0.01,0.00,0.99,-0.18,0.18,4.02,1920,0,11.54,12.11,2,1
1770.447,-7.286433,112.796087,0.71,0.827,0.043,-2.93,-2.57,48.65,48.65,0.00,0.00,0,0.0,0.01,0.00,0.99,-0.24,0.00,3.96,1920,0,11.49,12.02,2,1
1770.547,-7.286433,112.796087,0.66,0.579,0.033,-2.81,-2.57,48.37,48.37,0.00,0.00,0,0.0,0.01,0.00,0.99,-0.42,0.00,4.08,1920,0,11.57,11.88,2,1
1770.647,-7.286433,112.796088,0.79,0.651,0.246,-2.39,-3.04,48.09,48.09,0.00,0.00,0,0.0,0.01,0.00,0.99,-0.42,0.06,4.02,1859,0,11.48,12.02,2,1
1770.747,-7.286432,112.796089,0.70,0.924,0.149,-2.63,-2.45,47.82,47.82,0.00,0.00,0,0.0,0.01,0.00,0.99,0.00,0.24,3.96,1920,0,11.60,12.04,2,1
1770.847,-7.286432,112.796089,0.64,0.647,0.108,-2.87,-2.51,47.53,47.53,0.00,0.00,0,0.0,0.01,0.00,0.99,0.12,0.24,3.90,1920,0,11.60,11.94,2,1
1770.947,-7.286432,112.796090,0.74,0.695,0.302,-2.39,-2.33,47.25,47.25,0.00,0.00,0,0.0,0.01,0.00,0.99,0.18,0.30,4.15,1920,0,11.54,11.94,2,1
1771.047,-7.286431,112.796090,0.76,0.713,-0.030,-2.39,-2.39,46.96,46.96,0.00,0.00,0,0.0,0.01,0.00,0.99,0.00,0.24,4.08,1920,0,11.51,12.15,2,1
1771.147,-7.286431,112.796091,0.67,0.740,0.209,-2.45,-2.63,46.66,46.66,0.00,0.00,0,0.0,0.01,0.00,0.99,-0.24,0.24,4.21,1920,0,11.53,12.00,2,1
1771.247,-7.286431,112.796091,0.72,0.517,0.149,-2.27,-2.51,46.36,46.36,0.00,0.00,0,0.0,0.01,0.00,0.99,0.12,0.00,4.21,1920,0,11.48,12.00,2,1
1771.347,-7.286430,112.796092,0.72,0.831,0.096,-2.27,-2.69,46.06,46.06,0.00,0.00,0,0.0,0.01,0.00,0.99,-0.06,0.12,4.27,1920,0,11.48,12.01,2,1
1771.447,-7.286430,112.796092,0.64,0.582,0.070,-2.75,-2.81,45.75,45.75,0.00,0.32,0,0.0,0.02,0.00,0.99,0.42,0.00,4.08,1920,0,11.48,12.04,0,1
1771.547,-7.286429,112.796093,0.77,0.877,0.046,-2.45,-2.57,45.44,45.44,0.00,0.24,0,0.0,0.01,0.00,0.99,-0.18,0.24,4.27,1920,0,11.67,12.07,0,1
1771.647,-7.286429,112.796093,0.70,0.613,0.035,-2.21,-2.57,45.13,45.13,0.00,0.40,0,0.0,0.02,0.00,1.00,-0.12,0.12,4.39,1920,0,11.48,12.06,0,1
1771.747,-7.286429,112.796094,0.68,0.662,0.262,-2.39,-2.27,44.80,44.80,0.00,0.32,0,0.0,0.01,0.00,0.99,-0.48,0.18,4.45,1859,0,11.67,12.05,0,1
1771.847,-7.286429,112.796094,0.68,0.463,0.186,-2.51,-1.20,44.48,44.48,0.00,-13.62,0,0.0,0.01,0.00,0.99,-0.30,0.12,4.39,1920,0,11.59,12.00,0,1
1771.947,-7.286428,112.796095,0.62,0.793,0.137,-9.35,-9.76,44.17,44.17,0.00,-33.22,0,0.0,0.01,0.00,0.99,-0.18,0.06,4.51,1920,0,11.64,11.72,0,1
1772.047,-7.286428,112.796095,0.71,0.554,0.099,-25.42,-25.56,43.82,43.82,0.00,-39.91,0,0.0,0.01,0.00,0.99,1.95,0.00,4.76,1920,0,11.51,11.88,0,1
1772.147,-7.286427,112.796096,0.71,0.857,0.083,-39.34,-39.87,43.42,43.42,0.00,-39.83,0,0.0,0.02,0.00,0.99,4.02,0.00,5.61,1920,0,11.51,12.04,0,1
1772.247,-7.286427,112.796096,0.80,0.600,0.063,-42.91,-43.02,42.95,42.95,0.00,-39.91,0,0.0,0.02,0.01,0.98,3.90,-0.18,6.16,1859,0,11.56,12.12,0,1
1772.347,-7.286426,112.796097,0.70,0.889,0.068,-42.97,-42.96,42.40,42.40,0.00,-39.83,0,0.0,0.02,0.00,0.98,0.97,0.30,6.83,1920,0,11.62,12.03,0,1
1772.447,-7.286426,112.796097,0.70,0.622,0.054,-43.21,-42.60,41.79,41.79,0.00,-39.91,0,0.0,0.02,0.01,0.99,-1.83,0.48,7.44,1920,0,11.62,12.09,0,1
1772.547,-7.286425,112.796098,0.76,0.904,0.073,-43.15,-42.84,41.13,41.13,0.00,-39.83,0,0.0,0.02,0.00,0.98,-4.39,0.67,7.93,1920,0,11.53,12.14,0,1
1772.647,-7.286425,112.796098,0.66,0.632,0.058,-43.27,-42.96,40.44,40.44,0.00,-39.83,0,0.0,0.02,0.00,0.99,-4.08,0.73,8.42,1920,0,11.57,12.07,0,1
1772.747,-7.286425,112.796099,0.71,0.653,0.301,-43.33,-42.48,39.71,39.71,0.00,-39.83,0,0.0,0.02,-0.01,0.98,-1.89,0.54,8.91,1920,0,11.54,11.98,0,1
1772.847,-7.286424,112.796099,0.77,0.714,0.007,-43.03,-43.26,38.93,38.93,0.00,-39.83,0,0.0,0.02,-0.01,0.98,0.91,0.54,9.52,1920,0,11.68,12.12,0,1
1772.947,-7.286424,112.796100,0.68,0.704,0.273,-43.33,-43.20,38.07,38.07,0.00,-39.91,0,0.0,0.02,0.00,0.98,3.11,0.18,10.13,1920,0,11.68,12.10,0,1
1773.047,-7.286423,112.796100,0.70,0.755,-0.003,-42.91,-43.14,37.17,37.17,0.00,-39.75,0,0.0,0.02,0.00,0.98,3.78,0.18,10.49,1920,0,11.60,12.11,0,1
1773.147,-7.286423,112.796101,0.72,0.724,0.274,-42.44,-42.90,36.21,36.21,0.00,-39.91,0,0.0,0.02,0.00,0.99,2.07,0.48,10.92,1920,0,11.58,12.04,0,1
1773.247,-7.286423,112.796101,0.70,0.503,0.201,-43.15,-43.14,35.21,35.21,0.00,-39.83,0,0.0,0.02,0.00,0.99,-0.12,0.61,11.35,1920,0,11.59,12.06,0,1
1773.347,-7.286422,112.796102,0.72,0.812,0.233,-42.91,-43.20,34.17,34.17,0.00,-39.91,0,0.0,0.02,0.00,0.98,-2.31,0.73,11.71,1859,0,11.46,12.02,0,1
1773.447,-7.286422,112.796102,0.74,0.565,0.174,-43.09,-42.72,33.10,33.10,0.00,-39.83,0,0.0,0.02,0.00,0.99,-3.23,0.61,12.08,1920,0,11.49,12.07,0,1
1773.547,-7.286421,112.796103,0.66,0.851,0.233,-43.27,-42.48,32.00,32.00,0.00,-39.91,0,0.0,0.02,0.00,0.99,-2.56,0.54,12.45,1920,0,11.55,12.13,0,1
1773.647,-7.286421,112.796103,0.75,0.593,0.175,-42.97,-42.84,30.87,30.87,0.00,-39.83,0,0.0,0.02,-0.01,0.99,-1.09,0.61,12.87,1920,0,11.57,12.10,0,1
1773.747,-7.286420,112.796104,0.71,0.866,0.253,-43.03,-43.08,29.70,29.70,0.00,-39.75,0,0.0,0.02,-0.01,0.99,1.77,0.30,13.24,1920,0,11.54,12.12,0,1
1773.847,-7.286420,112.796104,0.71,0.602,0.190,-43.21,-43.02,28.49,28.49,0.00,-39.91,0,0.0,0.02,-0.01,0.99,2.92,0.36,13.54,1859,0,11.48,12.04,0,1
1773.947,-7.286419,112.796105,0.79,0.867,0.283,-42.91,-42.96,27.26,27.26,0.00,-39.83,0,0.0,0.02,0.00,0.99,2.38,0.36,13.73,1859,0,11.67,12.07,0,1
1774.047,-7.286419,112.796105,0.63,0.602,0.212,-43.09,-42.96,25.99,25.99,0.00,-39.75,0,0.0,0.02,-0.01,0.99,0.61,0.67,13.97,1920,0,11.42,12.02,0,1
1774.147,-7.286419,112.796105,0.69,0.418,0.158,-42.97,-42.96,24.70,24.70,0.00,-39.83,0,0.0,0.02,0.00,0.99,-1.09,0.61,14.22,1920,0,11.51,12.09,0,1
1774.247,-7.286418,112.796106,0.67,0.728,0.288,-43.03,-43.08,23.38,23.38,0.00,-39.83,0,0.0,0.02,0.00,0.99,-2.68,0.79,14.34,1920,0,11.64,12.15,0,1
1774.347,-7.286418,112.796106,0.70,0.504,0.214,-43.21,-43.26,22.04,22.04,0.00,-39.83,0,0.0,0.02,-0.01,0.99,-2.80,0.73,14.64,1920,0,11.61,11.94,0,1
1774.447,-7.286417,112.796107,0.66,0.779,0.349,-42.97,-42.78,20.70,20.70,0.00,-39.91,0,0.0,0.02,-0.02,0.99,-1.58,0.73,14.89,1859,0,11.58,12.07,0,1
1774.547,-7.286417,112.796107,0.69,0.539,0.257,-43.15,-42.54,19.34,19.34,0.00,-39.75,0,0.0,0.02,-0.01,0.99,0.73,0.48,15.13,1859,0,11.56,12.01,0,1
1774.647,-7.286416,112.796108,0.68,0.792,0.401,-42.79,-43.02,17.95,17.95,0.00,-39.75,0,0.0,0.02,-0.01,0.98,1.64,0.54,15.31,1920,0,11.55,12.13,0,1
1774.747,-7.286416,112.796108,0.65,0.547,0.294,-42.73,-42.78,16.54,16.54,0.00,-39.83,0,0.0,0.02,0.00,0.99,1.89,0.30,15.50,1920,0,11.53,12.15,0,1
1774.847,-7.286416,112.796108,0.65,0.378,0.216,-43.03,-42.72,15.11,15.11,0.00,-39.83,0,0.0,0.02,0.00,1.00,0.97,0.36,15.50,1920,0,11.55,12.04,0,1
1774.947,-7.286415,112.796108,0.65,0.585,0.079,-42.91,-43.08,13.68,13.68,0.00,-39.67,0,0.0,0.02,0.00,0.98,-0.73,0.67,15.56,1920,0,11.54,11.99,0,1
1775.047,-7.286414,112.796109,0.59,0.804,0.318,-43.15,-43.20,12.24,12.24,0.00,-39.75,0,0.0,0.02,-0.01,1.00,-1.28,0.73,15.62,1859,0,11.56,12.07,0,1
1775.147,-7.286414,112.796109,0.68,0.557,0.237,-43.27,-42.66,10.80,10.80,0.00,-39.83,0,0.0,0.02,0.00,0.99,-2.56,0.67,15.74,1859,0,11.49,12.03,0,1
1775.247,-7.286414,112.796109,0.62,0.386,0.175,-43.09,-42.96,9.36,9.36,0.00,-39.83,0,0.0,0.02,-0.02,0.99,-1.52,0.54,15.68,1859,0,11.48,12.00,0,1
1775.347,-7.286413,112.796110,0.65,0.643,0.411,-43.15,-43.08,7.92,7.92,0.00,-39.83,0,0.0,0.02,-0.02,0.99,-0.73,0.48,15.80,1920,0,11.48,12.12,0,1
1775.447,-7.286412,112.796110,0.66,0.774,0.262,-42.91,-43.08,6.46,6.46,0.00,-39.75,0,0.0,0.02,-0.02,0.99,0.79,0.30,16.05,1920,0,11.51,12.22,0,1
1775.547,-7.286412,112.796110,0.57,0.537,0.197,-42.67,-43.02,4.99,4.99,0.00,-39.75,0,0.0,0.02,-0.02,0.99,1.34,0.42,16.17,1920,0,11.51,12.00,0,1
1775.647,-7.286411,112.796110,0.63,0.705,0.127,-43.27,-42.90,3.51,3.51,0.00,-39.91,0,0.0,0.02,-0.01,0.99,1.34,0.48,16.11,1859,0,11.69,12.06,0,1
1775.747,-7.286411,112.796111,0.63,0.503,0.433,-43.15,-43.26,2.02,2.02,0.00,-39.75,0,0.0,0.02,-0.01,0.98,0.67,0.73,16.17,1859,0,11.67,12.07,0,1
1775.847,-7.286411,112.796111,0.63,0.344,0.312,-42.97,-43.02,0.52,0.52,0.00,-39.83,0,0.0,0.02,0.00,0.98,0.00,0.61,16.17,1859,0,11.72,12.05,0,1
1775.947,-7.286410,112.796111,0.64,0.568,0.230,-42.79,-43.20,359.02,359.02,0.00,-39.91,0,0.0,0.02,-0.01,0.99,-1.15,0.48,16.35,1859,0,11.36,12.01,0,1
1776.047,-7.286409,112.796111,0.66,0.727,0.186,-43.33,-42.96,357.51,357.51,0.00,-39.91,0,0.0,0.02,-0.01,0.99,-1.40,0.73,16.35,1859,0,11.54,12.01,0,1
1776.147,-7.286409,112.796111,0.61,0.505,0.144,-42.56,-42.90,356.01,356.01,0.00,-39.75,0,0.0,0.02,-0.01,0.99,-1.03,0.54,16.47,1920,0,11.66,12.06,0,1
1776.247,-7.286408,112.796111,0.61,0.683,0.142,-42.62,-43.32,354.51,354.51,0.00,-39.91,0,0.0,0.02,-0.02,0.99,-0.24,0.61,16.41,1920,0,11.60,12.02,0,1
1776.347,-7.286408,112.796112,0.60,0.435,0.440,-42.97,-43.14,353.00,353.00,0.00,-39.91,0,0.0,0.02,-0.01,1.00,1.28,0.24,16.35,1859,0,11.62,12.15,0,1
1776.447,-7.286407,112.796112,0.62,0.626,0.365,-42.97,-43.20,351.49,351.49,0.00,-39.91,0,0.0,0.02,-0.01,0.99,1.58,0.61,16.41,1859,0,11.72,12.02,0,1
1776.547,-7.286407,112.796112,0.58,0.431,0.267,-43.15,-43.14,349.98,349.98,0.00,-39.83,0,0.0,0.02,-0.01,0.99,1.46,0.61,16.41,1859,0,11.69,12.04,0,1
1776.647,-7.286406,112.796112,0.64,0.624,0.262,-42.73,-43.14,348.45,348.45,0.00,-39.67,0,0.0,0.02,-0.01,0.99,0.00,0.42,16.47,1859,0,11.49,12.07,0,1
1776.747,-7.286406,112.796112,0.58,0.432,0.195,-42.97,-42.96,346.92,346.92,0.00,-39.91,0,0.0,0.02,-0.01,0.99,-0.73,0.48,16.60,1859,0,11.47,12.02,0,1
1776.847,-7.286406,112.796112,0.58,0.298,0.144,-43.15,-42.84,345.38,345.38,0.00,-39.67,0,0.0,0.02,-0.01,0.98,-0.85,0.85,16.72,1920,0,11.50,11.96,0,1
1776.947,-7.286405,112.796113,0.58,0.434,0.517,-43.27,-43.08,343.83,343.83,0.00,-39.83,0,0.0,0.02,0.00,0.99,-0.30,0.61,16.66,1920,0,11.38,12.01,0,1
1777.047,-7.286404,112.796113,0.59,0.612,0.472,-42.91,-43.08,342.28,342.28,0.00,-39.83,0,0.0,0.02,-0.01,1.00,-0.36,0.48,16.78,1920,0,11.63,12.14,0,1
1777.147,-7.286404,112.796113,0.59,0.419,0.342,-42.73,-42.96,340.73,340.73,0.00,-39.83,0,0.0,0.02,-0.01,0.98,0.42,0.73,16.90,1859,0,11.61,12.10,0,1
1777.247,-7.286403,112.796113,0.56,0.599,0.366,-43.15,-43.14,339.16,339.16,0.00,-39.83,0,0.0,0.02,-0.01,0.99,1.15,0.61,17.02,1859,0,11.60,12.06,0,1
1777.347,-7.286403,112.796113,0.46,0.412,0.267,-43.09,-43.20,337.60,337.60,0.00,-39.91,0,0.0,0.02,-0.01,0.99,1.34,0.42,17.15,1859,0,11.58,11.97,0,1
1777.447,-7.286402,112.796113,0.61,0.588,0.331,-42.79,-43.14,336.02,336.02,0.00,-39.75,0,0.0,0.02,0.00,0.99,0.61,0.42,17.15,1859,0,11.54,12.14,0,1
1777.547,-7.286402,112.796113,0.58,0.405,0.243,-42.91,-43.08,334.44,334.44,0.00,-39.67,0,0.0,0.02,-0.02,0.99,-0.24,0.48,17.08,1920,0,11.63,12.14,0,1
1777.647,-7.286401,112.796113,0.50,0.575,0.330,-42.97,-42.96,332.85,332.85,0.00,-39.91,0,0.0,0.02,-0.01,0.99,-0.67,0.42,17.15,1920,0,11.51,12.09,0,1
1777.747,-7.286401,112.796113,0.57,0.396,0.242,-43.03,-42.90,331.26,331.26,0.00,-39.75,0,0.0,0.02,-0.02,1.00,-1.03,0.67,17.21,1920,0,11.49,12.12,0,1
1777.847,-7.286401,112.796113,0.57,0.273,0.177,-42.85,-43.20,329.67,329.67,0.00,-39.83,0,0.0,0.02,-0.01,0.98,-1.40,0.67,17.33,1859,0,11.48,12.07,0,1
1777.947,-7.286400,112.796113,0.61,0.470,0.306,-43.21,-43.44,328.08,328.08,0.00,-39.83,0,0.0,0.02,-0.02,0.99,-0.30,0.48,17.39,1859,0,11.60,12.01,0,1
1778.047,-7.286399,112.796113,0.52,0.601,0.407,-43.33,-43.14,326.49,326.49,0.00,-39.91,0,0.0,0.02,-0.01,0.99,0.85,0.36,17.33,1859,0,11.60,12.12,0,1
1778.147,-7.286399,112.796113,0.56,0.413,0.297,-42.73,-42.96,324.87,324.87,0.00,-39.91,0,0.0,0.02,-0.01,1.00,0.91,0.67,17.51,1859,0,11.56,12.12,0,1
1778.247,-7.286398,112.796113,0.56,0.550,0.415,-42.38,-43.32,323.26,323.26,0.00,-39.91,0,0.0,0.02,-0.01,0.99,0.73,0.73,17.57,1920,0,11.51,12.12,0,1
1778.347,-7.286398,112.796113,0.50,0.377,0.301,-42.73,-42.90,321.65,321.65,0.00,-39.75,0,0.0,0.02,-0.01,0.99,0.42,0.54,17.45,1920,0,11.49,12.01,0,1
1778.447,-7.286397,112.796113,0.51,0.513,0.433,-43.21,-43.14,320.04,320.04,0.00,-39.83,0,0.0,0.02,-0.02,1.00,-0.42,0.73,17.39,1920,0,11.51,11.88,0,1
1778.547,-7.286397,112.796112,0.52,0.570,0.065,-43.09,-42.60,318.43,318.43,0.00,-39.75,0,0.0,0.02,-0.01,0.99,-0.30,0.36,17.45,1859,0,11.56,12.07,0,1
1778.647,-7.286396,112.796112,0.55,0.641,0.285,-43.33,-43.20,316.84,316.84,0.00,-39.83,0,0.0,0.02,-0.02,0.99,-0.79,0.48,17.21,1859,0,11.51,11.97,0,1
1778.747,-7.286396,112.796112,0.53,0.443,0.212,-43.15,-43.20,315.23,315.23,0.00,-39.91,0,0.0,0.02,-0.01,0.99,-0.67,0.42,17.27,1859,0,11.60,12.13,0,1
1778.847,-7.286396,112.796112,0.53,0.306,0.157,-43.21,-43.14,313.63,313.63,0.00,-39.83,0,0.0,0.01,-0.01,0.99,-0.54,0.54,17.39,1920,0,11.63,12.04,0,1
1778.947,-7.286395,112.796112,0.53,0.434,0.364,-42.97,-43.44,312.03,312.03,0.00,-40.00,0,0.0,0.02,-0.02,1.00,0.91,0.42,17.39,1920,0,11.67,12.12,0,1
1779.047,-7.286394,112.796112,0.46,0.513,0.517,-43.45,-42.54,310.42,310.42,0.00,-39.83,0,0.0,0.02,-0.02,0.99,0.91,0.36,17.51,1920,0,11.58,12.15,0,1
1779.147,-7.286394,112.796111,0.54,0.607,0.164,-43.09,-43.26,308.82,308.82,0.00,-39.83,0,0.0,0.02,-0.02,0.99,1.40,0.61,17.33,1920,0,11.56,11.95,0,1
1779.247,-7.286394,112.796111,0.56,0.421,0.127,-43.27,-43.08,307.22,307.22,0.00,-39.91,0,0.0,0.02,-0.02,0.99,0.06,0.61,17.45,1859,0,11.60,11.99,0,1
1779.347,-7.286393,112.796111,0.49,0.487,0.368,-43.45,-43.02,305.61,305.61,0.00,-39.75,0,0.0,0.02,-0.01,0.99,0.18,0.36,17.33,1859,0,11.56,11.94,0,1
1779.447,-7.286393,112.796111,0.49,0.333,0.267,-42.97,-42.90,304.01,304.01,0.00,-39.83,0,0.0,0.01,0.00,0.98,-0.73,0.61,17.21,1920,0,11.46,12.04,0,1
1779.547,-7.286392,112.796110,0.48,0.686,0.298,-43.33,-43.08,302.42,302.42,0.00,-39.83,0,0.0,0.02,0.00,0.99,-1.09,0.61,17.27,1920,0,11.46,12.02,0,1
1779.647,-7.286392,112.796110,0.50,0.474,0.222,-42.97,-43.61,300.82,300.82,0.00,-39.75,0,0.0,0.02,-0.01,0.99,-1.46,0.54,17.33,1920,0,11.53,12.05,0,1
1779.747,-7.286392,112.796110,0.49,0.328,0.164,-43.15,-43.14,299.23,299.23,0.00,-39.75,0,0.0,0.01,-0.02,0.99,0.00,0.54,17.33,1920,0,11.56,11.94,0,1
1779.847,-7.286392,112.796110,0.49,0.226,0.121,-43.39,-43.02,297.64,297.64,0.00,-39.83,0,0.0,0.01,-0.01,0.99,1.15,0.24,17.15,1859,0,11.58,12.12,0,1
1779.947,-7.286391,112.796109,0.46,0.600,0.244,-42.97,-43.14,296.05,296.05,0.00,-39.83,0,0.0,0.02,-0.01,0.99,1.34,0.42,17.33,1859,0,11.36,12.00,0,1
1780.047,-7.286391,112.796109,0.52,0.415,0.182,-43.51,-42.84,294.46,294.46,0.00,-39.75,0,0.0,0.02,-0.01,0.99,1.64,0.48,17.08,1920,0,11.49,12.07,0,1
1780.147,-7.286390,112.796109,0.50,0.416,0.443,-43.33,-43.32,292.88,292.88,0.00,-39.91,0,0.0,0.01,-0.01,0.98,0.42,0.67,17.15,1920,0,11.56,12.07,0,1
1780.247,-7.286390,112.796109,0.51,0.282,0.319,-42.85,-43.14,291.14,291.14,0.00,-39.83,0,0.0,0.01,-0.01,0.98,-0.36,0.67,17.08,1920,0,11.51,12.00,0,1
1780.347,-7.286390,112.796108,0.46,0.503,0.118,-43.21,-43.20,289.56,289.56,0.00,-39.83,0,0.0,0.02,-0.02,0.99,-1.40,0.42,17.15,1920,0,11.63,12.07,0,1
1780.447,-7.286389,112.796108,0.50,0.453,0.409,-43.63,-43.20,287.98,287.98,0.00,-39.83,0,0.0,0.02,-0.02,0.98,-1.40,0.54,17.15,1859,0,11.62,11.98,0,1
1780.547,-7.286389,112.796108,0.46,0.309,0.295,-43.15,-43.08,286.40,286.40,0.00,-39.91,0,0.0,0.01,-0.02,1.00,-0.24,0.42,17.15,1920,0,11.54,11.97,0,1
1780.647,-7.286389,112.796108,0.46,0.210,0.213,-43.21,-43.55,284.80,284.80,0.00,-39.91,0,0.0,0.01,-0.01,0.99,0.54,0.73,17.51,1920,0,11.44,12.00,0,1
1780.747,-7.286388,112.796107,0.50,0.541,0.402,-42.85,-43.32,283.21,283.21,0.00,-39.83,0,0.0,0.02,-0.01,0.99,0.67,0.48,17.21,1920,0,11.55,12.01,0,1
1780.847,-7.286388,112.796107,0.50,0.371,0.292,-42.67,-43.20,281.63,281.63,0.00,-39.83,0,0.0,0.01,-0.02,0.99,0.54,0.61,17.15,1920,0,11.49,12.08,0,1
1780.947,-7.286388,112.796106,0.47,0.580,0.154,-43.21,-42.90,280.05,280.05,0.00,-39.83,0,0.0,0.02,-0.01,0.99,0.91,0.30,17.08,1920,0,11.49,11.97,0,1
1781.047,-7.286388,112.796106,0.50,0.403,0.119,-43.09,-43.14,278.48,278.48,0.00,-39.75,0,0.0,0.01,-0.01,0.99,0.18,0.61,17.08,1859,0,11.57,12.00,0,1
1781.147,-7.286387,112.796106,0.44,0.320,0.422,-43.09,-43.02,276.90,276.90,0.00,-39.91,0,0.0,0.02,-0.01,0.99,-0.12,0.54,16.96,1920,0,11.50,11.97,0,1
1781.247,-7.286387,112.796105,0.47,0.545,0.271,-43.09,-42.96,275.34,275.34,0.00,-39.83,0,0.0,0.01,0.00,0.98,-0.97,0.61,17.02,1920,0,11.72,12.02,0,1
1781.347,-7.286387,112.796105,0.45,0.376,0.200,-43.03,-43.20,273.77,273.77,0.00,-39.91,0,0.0,0.01,-0.01,0.99,-0.24,0.67,16.90,1920,0,11.67,12.03,0,1
1781.447,-7.286387,112.796105,0.43,0.259,0.147,-43.51,-43.61,272.21,272.21,0.00,-39.83,0,0.0,0.01,-0.02,0.99,-0.30,0.42,17.08,1920,0,11.50,11.98,0,1
1781.547,-7.286386,112.796104,0.49,0.513,0.438,-43.57,-42.31,270.64,270.64,0.00,-39.83,0,0.0,0.01,-0.01,0.99,0.36,0.42,16.96,1859,0,11.67,12.12,0,1
1781.647,-7.286386,112.796104,0.46,0.351,0.316,-42.91,-42.90,269.09,269.09,0.00,-39.83,0,0.0,0.01,-0.02,0.99,0.54,0.54,16.84,1920,0,11.48,11.97,0,1
1781.747,-7.286386,112.796104,0.45,0.240,0.228,-43.21,-43.02,267.54,267.54,0.00,-39.75,0,0.0,0.02,-0.01,0.98,1.03,0.61,16.84,1920,0,11.46,12.02,0,1
1781.847,-7.286386,112.796104,0.45,0.163,0.164,-43.33,-42.96,266.00,266.00,0.00,-39.83,0,0.0,0.02,0.00,0.99,0.61,0.48,16.72,1920,0,11.51,12.01,0,1
1781.947,-7.286386,112.796103,0.45,0.441,0.150,-42.73,-43.02,264.45,264.45,0.00,-39.75,0,0.0,0.01,-0.01,0.98,0.00,0.73,16.90,1920,0,11.60,11.99,0,1
1782.047,-7.286386,112.796103,0.43,0.305,0.113,-43.21,-43.26,262.90,262.90,0.00,-39.83,0,0.0,0.01,-0.01,0.99,-0.06,0.36,16.84,1979,0,11.58,12.07,0,1
1782.147,-7.286385,112.796102,0.47,0.488,0.465,-43.39,-43.44,261.34,261.34,0.00,-39.75,0,0.0,0.02,-0.01,1.00,-0.06,0.42,16.96,1920,0,11.60,11.92,0,1
1782.247,-7.286385,112.796102,0.42,0.333,0.334,-42.79,-42.60,259.78,259.78,0.00,-39.75,0,0.0,0.01,0.00,0.99,-0.24,0.85,16.96,1920,0,11.42,12.01,0,1
1782.347,-7.286385,112.796102,0.46,0.227,0.240,-42.91,-43.38,258.22,258.22,0.00,-39.91,0,0.0,0.01,-0.01,0.99,-0.42,0.79,17.08,1979,0,11.49,11.99,0,1
1782.447,-7.286385,112.796101,0.47,0.476,0.249,-42.62,-42.96,256.66,256.66,0.00,-39.83,0,0.0,0.01,-0.02,0.99,-0.42,0.42,17.02,1979,0,11.58,11.95,0,1
1782.547,-7.286385,112.796101,0.42,0.328,0.183,-43.21,-42.96,255.10,255.10,0.00,-39.83,0,0.0,0.01,-0.01,0.98,0.24,0.54,17.02,2040,0,11.64,12.12,0,1
1782.647,-7.286385,112.796100,0.57,0.544,0.228,-42.97,-43.20,253.54,253.54,0.00,-39.83,0,0.0,0.01,-0.01,0.99,0.36,0.42,16.96,1979,0,11.48,12.00,0,1
1782.747,-7.286385,112.796100,0.39,0.376,0.170,-43.03,-43.02,251.98,251.98,0.00,-39.91,0,0.0,0.01,-0.01,0.99,0.48,0.30,16.84,1979,0,11.48,12.06,0,1
1782.847,-7.286385,112.796100,0.39,0.260,0.126,-43.27,-43.08,250.43,250.43,0.00,-39.83,0,0.0,0.01,-0.01,0.99,0.00,0.42,16.96,2040,0,11.54,12.06,0,1
1782.947,-7.286385,112.796099,0.44,0.488,0.213,-42.56,-43.26,248.86,248.86,0.00,-39.83,0,0.0,0.01,-0.01,0.99,0.42,0.54,16.96,2040,0,11.68,12.12,0,1
1783.047,-7.286385,112.796099,0.42,0.337,0.158,-43.21,-43.14,247.29,247.29,0.00,-39.83,0,0.0,0.00,-0.01,0.99,0.30,0.61,17.27,2040,0,11.43,12.00,0,1
1783.147,-7.286385,112.796099,0.46,0.233,0.117,-42.97,-43.08,245.69,245.69,0.00,-39.83,0,0.0,0.00,-0.02,0.99,0.54,0.79,17.57,2159,0,11.64,12.05,0,1
1783.247,-7.286384,112.796098,0.43,0.312,0.531,-43.39,-43.26,244.07,244.07,0.00,-39.83,0,0.0,0.00,0.00,0.98,1.28,0.91,17.82,2220,0,11.44,12.08,0,1
1783.347,-7.286384,112.796098,0.47,0.208,0.378,-43.27,-43.26,242.41,242.41,0.00,-39.83,0,0.0,0.01,-0.01,1.00,0.30,0.67,18.06,2279,0,11.48,12.08,0,1
1783.447,-7.286384,112.796098,0.45,0.138,0.269,-43.21,-43.32,240.73,240.73,0.00,-39.91,0,0.0,0.01,-0.01,1.00,0.18,0.73,18.31,2340,0,11.51,12.01,0,1
1783.547,-7.286385,112.796097,0.48,0.546,0.075,-43.15,-43.08,239.02,239.02,0.00,-39.75,0,0.0,0.01,0.00,0.99,-1.22,0.85,18.92,2340,0,11.45,12.07,0,1
1783.647,-7.286384,112.796097,0.53,0.200,0.345,-42.85,-43.20,237.29,237.29,0.00,-39.83,0,0.0,0.01,-0.02,0.99,-1.58,0.61,19.04,2400,0,11.48,11.97,0,1
1783.747,-7.286385,112.796096,0.48,0.594,0.158,-43.45,-43.20,235.53,235.53,0.00,-39.75,0,0.0,0.01,-0.02,0.99,-0.61,0.85,19.16,2519,0,11.61,12.14,0,1
1783.847,-7.286385,112.796096,0.48,0.412,0.123,-43.21,-43.14,233.74,233.74,0.00,-39.83,0,0.0,0.00,-0.01,0.98,-0.54,0.67,19.47,2519,0,11.56,12.09,0,1
1783.947,-7.286385,112.796095,0.51,0.546,0.300,-43.33,-42.60,231.93,231.93,0.00,-39.75,0,0.0,0.01,-0.02,0.99,0.97,0.48,19.71,2580,0,11.46,12.00,0,1
1784.047,-7.286385,112.796095,0.54,0.375,0.222,-43.21,-43.08,230.09,230.09,0.00,-39.83,0,0.0,0.01,-0.01,0.99,0.48,0.67,19.89,2640,0,11.48,12.00,0,1
1784.147,-7.286385,112.796095,0.47,0.258,0.164,-43.33,-42.96,228.24,228.24,0.00,-39.83,0,0.0,0.01,0.00,0.99,1.03,0.91,20.08,2580,0,11.45,12.05,0,1
1784.247,-7.286385,112.796094,0.56,0.416,0.349,-42.85,-42.84,226.38,226.38,0.00,-39.83,0,0.0,0.01,0.00,0.99,0.18,0.61,20.20,2580,0,11.67,12.06,0,1
1784.347,-7.286385,112.796094,0.54,0.283,0.253,-42.91,-42.01,224.51,224.51,0.00,-39.83,0,0.0,0.01,-0.01,0.99,-0.12,0.73,20.32,2580,0,11.56,11.97,0,1
1784.447,-7.286385,112.796093,0.52,0.416,0.427,-42.91,-43.14,222.63,222.63,0.00,-39.83,0,0.0,0.01,-0.01,0.98,-0.85,0.91,20.44,2580,0,11.61,12.11,0,1
1784.547,-7.286385,112.796093,0.53,0.281,0.308,-43.03,-42.78,220.75,220.75,0.00,-39.83,0,0.0,0.01,-0.03,1.00,-1.22,0.67,20.44,2580,0,11.68,11.98,0,1
1784.647,-7.286385,112.796092,0.60,0.397,0.480,-43.21,-42.96,218.85,218.85,0.00,-39.83,0,0.0,0.01,-0.02,1.00,0.12,0.67,20.38,2640,0,11.44,12.06,0,1
1784.747,-7.286386,112.796092,0.51,0.533,0.145,-43.09,-42.84,216.95,216.95,0.00,-39.83,0,0.0,0.01,-0.02,0.99,0.30,0.61,20.69,2580,0,11.48,12.09,0,1
1784.847,-7.286386,112.796092,0.51,0.370,0.114,-42.91,-43.08,215.04,215.04,0.00,-39.83,0,0.0,0.01,-0.02,0.99,0.85,0.36,20.56,2580,0,11.68,12.12,0,1
1784.947,-7.286386,112.796091,0.54,0.437,0.365,-42.62,-42.60,213.13,213.13,0.00,-39.91,0,0.0,0.01,-0.01,0.99,1.22,0.73,20.75,2640,0,11.56,11.95,0,1
1785.047,-7.286386,112.796091,0.55,0.297,0.266,-42.67,-42.96,211.22,211.22,0.00,-39.83,0,0.0,0.01,-0.01,0.98,0.00,0.91,20.75,2580,0,11.57,11.94,0,1
1785.147,-7.286386,112.796090,0.51,0.364,0.481,-42.91,-42.96,209.31,209.31,0.00,-39.83,0,0.0,0.01,-0.02,0.99,0.12,0.85,20.62,2580,0,11.72,12.07,0,1
1785.247,-7.286387,112.796090,0.62,0.539,0.192,-43.03,-42.84,207.38,207.38,0.00,-39.83,0,0.0,0.01,-0.01,0.99,-0.61,0.61,20.81,2640,0,11.55,12.10,0,1
1785.347,-7.286387,112.796089,0.55,0.515,0.446,-42.62,-42.78,205.46,205.46,0.00,-39.75,0,0.0,0.01,-0.02,0.99,-0.61,0.79,20.99,2580,0,11.60,12.07,0,1
1785.447,-7.286387,112.796089,0.59,0.350,0.324,-43.03,-43.44,203.52,203.52,0.00,-33.87,0,0.0,0.01,-0.03,0.99,-1.09,0.79,20.99,2580,0,11.60,12.06,0,1
1785.547,-7.286388,112.796089,0.50,0.547,0.112,-37.14,-38.21,201.57,201.57,0.00,-12.82,0,0.0,0.01,-0.01,0.99,0.42,0.67,20.87,2640,0,11.49,11.87,0,1
1785.647,-7.286388,112.796088,0.56,0.491,0.403,-23.40,-25.38,199.64,199.64,0.00,-9.03,0,0.0,0.01,0.00,0.99,-0.48,0.91,20.81,2580,0,11.71,11.82,0,1
1785.747,-7.286388,112.796088,0.57,0.335,0.293,-11.14,-12.25,197.76,197.76,0.00,0.80,0,0.0,0.00,-0.01,0.99,-3.84,0.73,19.83,2580,0,11.58,11.94,0,1
1785.847,-7.286388,112.796088,0.57,0.228,0.213,-2.81,-3.93,195.97,195.97,0.00,0.80,0,0.0,0.00,-0.02,0.99,-5.98,0.79,18.73,2640,0,11.63,11.94,0,1
1785.947,-7.286389,112.796087,0.65,0.560,0.392,-1.38,-1.91,194.29,194.29,0.00,0.32,0,0.0,0.00,-0.04,0.98,-6.89,0.18,17.39,2580,0,11.54,12.01,0,1
1786.047,-7.286389,112.796086,0.59,0.457,0.608,-1.50,-1.86,192.70,192.70,0.00,-29.03,0,0.0,0.00,-0.05,1.00,-2.31,-0.30,16.47,2580,0,11.68,12.08,0,1
1786.147,-7.286390,112.796086,0.58,0.636,0.369,-3.05,-4.35,191.18,191.18,0.00,-39.91,0,0.0,0.00,-0.05,0.99,3.29,-0.36,15.74,2640,0,11.49,11.60,0,1
1786.247,-7.286390,112.796086,0.59,0.438,0.270,-30.30,-30.07,189.70,189.70,0.00,0.32,0,0.0,0.00,-0.05,0.99,10.13,-0.73,15.80,2580,0,11.51,12.02,0,1
1786.347,-7.286391,112.796086,0.58,0.632,0.149,-26.25,-26.68,188.20,188.20,0.00,0.24,0,0.0,0.01,-0.01,0.99,15.07,-0.48,16.60,2580,0,11.67,11.37,0,1
1786.447,-7.286391,112.796085,0.55,0.478,0.445,-15.48,-11.00,186.70,186.70,0.00,35.32,0,0.0,0.00,0.03,0.99,10.74,0.54,16.54,2640,0,11.68,11.09,0,1
1786.547,-7.286392,112.796085,0.59,0.659,0.288,7.47,9.84,185.31,185.31,0.00,40.00,0,0.0,0.01,0.04,0.99,-3.66,1.40,15.13,2580,0,11.51,11.86,0,1
1786.647,-7.286392,112.796085,0.61,0.457,0.212,31.39,34.73,184.07,184.07,0.00,-3.22,0,0.0,0.00,0.02,0.98,-18.73,1.95,13.06,2580,0,11.61,11.97,0,1
1786.747,-7.286393,112.796085,0.62,0.650,0.137,41.09,38.76,183.01,183.01,0.00,0.56,0,0.0,0.00,-0.02,0.98,-25.69,1.46,11.04,2640,0,11.72,11.48,0,1
1786.847,-7.286393,112.796085,0.62,0.453,0.103,16.34,12.63,182.04,182.04,0.00,40.00,0,0.0,0.00,-0.10,0.99,-16.41,0.12,9.82,2580,0,11.73,11.93,0,1
1786.947,-7.286394,112.796084,0.62,0.656,0.402,15.27,15.36,181.09,181.09,0.00,39.51,0,0.0,0.00,-0.11,1.00,4.57,-0.85,9.64,2580,0,11.60,11.03,0,1
1787.047,-7.286394,112.796084,0.68,0.455,0.289,24.43,27.06,180.17,180.17,0.00,-7.09,0,0.0,0.00,-0.07,0.98,20.01,-1.22,8.85,2640,0,11.50,11.99,0,1
1787.147,-7.286395,112.796084,0.67,0.649,0.210,40.26,36.45,179.42,179.42,0.00,2.17,0,0.0,0.01,-0.01,0.98,22.09,-1.46,7.14,2580,0,11.60,11.25,0,1
1787.247,-7.286395,112.796083,0.64,0.447,0.482,10.63,11.20,178.89,178.89,0.00,40.00,0,0.0,0.01,0.02,0.99,15.01,-0.48,6.04,2580,0,11.54,12.05,0,1
1787.347,-7.286396,112.796083,0.58,0.643,0.349,15.21,15.54,178.45,178.45,0.00,0.64,0,0.0,0.00,0.04,1.00,3.54,0.18,5.73,2640,0,11.67,11.28,0,1
1787.447,-7.286397,112.796083,0.62,0.782,0.258,14.49,16.96,178.09,178.09,0.00,0.24,0,0.0,0.01,0.04,0.99,-9.82,0.79,4.94,2580,0,11.51,11.46,0,1
1787.547,-7.286397,112.796083,0.68,0.547,0.184,-0.73,0.51,177.77,177.77,0.00,38.22,0,0.0,0.00,-0.01,0.99,-15.50,1.03,4.63,2640,0,11.58,11.93,0,1
1787.647,-7.286398,112.796083,0.72,0.715,0.146,11.70,11.14,177.42,177.42,0.00,13.87,0,0.0,0.00,-0.04,0.99,-11.29,0.73,4.82,2640,0,11.64,11.64,0,1
1787.747,-7.286398,112.796083,0.66,0.500,0.105,18.30,15.78,177.05,177.05,0.00,0.40,0,0.0,0.00,-0.05,0.99,-3.78,0.18,4.33,2580,0,11.56,11.86,0,1
1787.847,-7.286398,112.796083,0.66,0.349,0.076,6.34,5.20,176.70,176.70,0.00,30.40,0,0.0,0.00,-0.06,0.97,5.06,-0.42,4.15,2640,0,11.54,11.94,0,1
1787.947,-7.286399,112.796082,0.66,0.556,0.406,13.07,11.92,176.35,176.35,0.00,38.30,0,0.0,0.00,-0.04,0.99,12.20,-0.85,4.39,2640,0,11.72,11.54,0,1
1788.047,-7.286400,112.796082,0.75,0.721,0.309,25.98,24.63,176.05,176.05,0.00,2.90,0,0.0,0.01,0.00,1.00,11.10,-0.73,3.72,2580,0,11.50,12.22,0,1
1788.147,-7.286401,112.796082,0.68,0.836,0.242,39.31,36.39,175.86,175.86,0.00,3.62,0,0.0,0.01,0.01,1.00,1.70,0.00,2.62,2640,0,11.69,11.37,0,1
1788.247,-7.286401,112.796082,0.69,0.585,0.170,12.17,11.02,175.77,175.77,0.00,-13.46,0,0.0,0.01,0.01,0.99,-5.18,0.61,2.07,2640,0,11.54,11.99,0,1
1788.347,-7.286402,112.796082,0.72,0.742,0.145,-2.75,-6.43,175.68,175.68,0.00,-2.90,0,0.0,0.00,0.00,0.98,-6.65,0.79,2.44,2640,0,11.51,12.19,0,1
1788.447,-7.286403,112.796082,0.75,0.852,0.129,-9.89,-9.70,175.51,175.51,0.00,29.83,0,0.0,0.00,-0.03,0.99,-1.58,0.06,3.35,2640,0,11.60,12.02,0,1
1788.547,-7.286404,112.796082,0.75,0.928,0.121,9.97,8.77,175.25,175.25,0.00,5.88,0,0.0,0.01,-0.02,0.99,2.62,0.06,3.90,2580,0,11.48,11.66,0,1
1788.647,-7.286404,112.796082,0.70,0.649,0.087,13.42,10.97,175.01,175.01,0.00,1.29,0,0.0,0.00,0.00,0.99,2.50,0.06,3.41,2640,0,11.67,11.98,0,1
1788.747,-7.286405,112.796082,0.79,0.787,0.093,0.99,0.45,174.80,174.80,0.00,0.32,0,0.0,0.00,0.00,0.99,1.34,-0.12,3.54,2640,0,11.43,12.06,0,1
1788.847,-7.286405,112.796082,0.79,0.550,0.067,-0.13,-0.73,174.57,174.57,0.00,0.24,0,0.0,0.01,0.00,0.98,1.70,-0.18,3.78,2640,0,11.48,11.99,0,1
1788.947,-7.286406,112.796082,0.75,0.717,0.082,-1.68,-2.33,174.31,174.31,0.00,-0.16,0,0.0,0.01,-0.01,0.99,0.67,0.00,4.21,2640,0,11.53,12.00,0,1
1789.047,-7.286407,112.796082,0.81,0.833,0.095,-2.57,-1.74,174.03,174.03,0.00,0.32,0,0.0,0.00,0.00,0.99,0.06,0.30,4.21,2640,0,11.57,12.07,0,1
1789.147,-7.286408,112.796082,0.85,0.915,0.105,-2.16,-2.27,173.74,173.74,0.00,8.54,0,0.0,0.01,0.00,1.00,-0.36,0.18,4.27,2640,0,11.48,12.04,0,1
1789.247,-7.286409,112.796082,0.73,0.971,0.115,7.24,5.92,173.43,173.43,0.00,39.91,0,0.0,0.00,0.00,0.99,-1.64,0.36,4.51,2640,0,11.74,11.79,0,1
1789.347,-7.286409,112.796081,0.84,0.640,0.413,20.80,20.35,173.13,173.13,0.00,9.19,0,0.0,0.01,0.01,0.97,-3.29,0.42,4.08,2640,0,11.60,11.60,0,1
1789.447,-7.286410,112.796081,0.78,0.778,0.332,33.95,27.78,172.89,172.89,0.00,-0.24,0,0.0,0.01,0.00,0.99,-5.43,-0.06,2.86,2640,0,11.40,11.16,0,1
1789.547,-7.286411,112.796081,0.83,0.875,0.277,9.50,7.94,172.71,172.71,0.00,0.32,0,0.0,0.01,-0.03,1.00,-3.29,0.00,2.74,2640,0,11.68,11.23,0,1
1789.647,-7.286412,112.796081,0.80,0.942,0.239,-1.26,-2.57,172.52,172.52,0.00,0.40,0,0.0,0.01,-0.02,0.99,3.54,-0.06,3.11,2640,0,11.59,12.02,0,1
1789.747,-7.286412,112.796081,0.83,0.659,0.169,-2.27,-2.69,172.34,172.34,0.00,4.11,0,0.0,0.01,-0.01,0.99,8.42,-0.12,3.29,2640,0,11.36,11.89,0,1
1789.847,-7.286412,112.796081,0.83,0.461,0.120,2.18,0.93,172.12,172.12,0.00,0.32,0,0.0,0.00,0.00,0.98,8.36,-0.36,3.41,2640,0,11.68,11.99,0,1
1789.947,-7.286414,112.796081,0.87,0.983,0.179,-0.01,-0.90,171.94,171.94,0.00,0.24,0,0.0,0.01,0.02,0.99,3.78,-0.30,3.29,2640,0,11.42,12.02,0,1
1790.047,-7.286415,112.796082,0.86,1.065,-0.152,-2.21,-2.45,171.76,171.76,0.00,0.32,0,0.0,0.01,0.01,0.98,-2.07,0.06,3.35,2640,0,11.61,12.06,0,1
1790.147,-7.286416,112.796082,0.85,1.076,-0.055,-1.14,-2.33,171.58,171.58,0.00,0.32,0,0.0,0.01,0.00,0.99,-7.14,0.42,3.47,2640,0,11.51,12.00,0,1
1790.247,-7.286416,112.796082,0.84,0.753,-0.036,-2.10,-2.33,171.38,171.38,0.00,0.40,0,0.0,0.00,-0.01,0.99,-7.38,0.61,3.60,2640,0,11.36,12.05,0,1
1790.347,-7.286417,112.796082,0.90,0.857,0.028,-1.86,-2.09,171.13,171.13,0.00,0.24,0,0.0,0.01,-0.03,0.99,-3.96,0.42,3.54,2640,0,11.68,12.05,0,1
1790.447,-7.286418,112.796082,0.87,0.929,0.076,-1.68,-2.09,170.87,170.87,0.00,0.24,0,0.0,0.00,-0.02,1.00,1.28,0.06,3.78,2640,0,11.48,11.98,0,1
1790.547,-7.286419,112.796082,0.85,0.979,0.111,-1.74,-2.15,170.59,170.59,0.00,0.32,0,0.0,0.00,-0.02,0.98,5.06,-0.06,3.84,2700,0,11.56,11.97,0,1
1790.647,-7.286420,112.796082,0.86,1.014,0.137,-2.10,-2.33,170.29,170.29,0.00,0.40,0,0.0,0.01,-0.01,0.99,6.28,-0.30,4.15,2640,0,11.59,12.13,0,1
1790.747,-7.286420,112.796082,0.92,0.709,0.100,-1.92,-2.03,170.00,170.00,0.00,0.32,0,0.0,0.00,0.00,0.99,4.82,0.30,4.39,2700,0,11.59,12.09,0,1
1790.847,-7.286420,112.796082,0.92,0.496,0.072,-1.92,-2.63,169.72,169.72,0.00,0.24,0,0.0,0.01,0.01,0.99,0.54,0.42,4.21,2759,0,11.47,12.05,0,1
1790.947,-7.286422,112.796082,0.98,1.003,0.175,-2.16,-2.15,169.44,169.44,0.00,0.32,0,0.0,0.00,0.01,0.99,-3.05,0.42,4.33,2819,0,11.46,12.02,0,1
1791.047,-7.286423,112.796082,0.90,1.029,0.189,-1.38,-2.03,169.14,169.14,0.00,0.32,0,0.0,0.00,0.00,0.99,-5.85,0.42,4.57,2880,0,11.56,12.12,0,1
1791.147,-7.286424,112.796082,0.98,1.047,0.201,-1.80,-2.45,168.83,168.83,0.00,0.32,0,0.0,0.00,-0.01,1.00,-4.27,0.85,4.57,2880,0,11.54,12.09,0,1
1791.247,-7.286425,112.796082,0.92,1.059,0.211,-1.92,-2.27,168.49,168.49,0.00,0.32,0,0.0,0.00,-0.02,0.98,-0.24,0.18,4.63,2940,0,11.62,12.12,0,1
1791.347,-7.286426,112.796082,0.97,1.067,0.221,-2.21,-2.39,168.13,168.13,0.00,0.24,0,0.0,0.01,-0.02,0.99,1.95,0.00,4.94,2940,0,11.59,12.00,0,1
1791.447,-7.286427,112.796082,1.04,1.072,0.230,-2.10,-2.21,167.76,167.76,0.00,-35.00,0,0.0,0.01,-0.02,0.99,3.96,-0.30,4.94,3000,0,11.64,12.02,0,1
1791.547,-7.286428,112.796082,0.92,1.075,0.239,-4.77,-6.13,167.40,167.40,0.00,-39.91,0,0.0,0.00,0.00,0.99,3.66,-0.12,5.12,3000,0,11.57,11.56,0,1
1791.647,-7.286428,112.796083,1.01,0.826,-0.150,-32.02,-32.33,166.98,166.98,0.00,-32.66,0,0.0,0.01,-0.01,0.98,5.00,0.00,6.28,3059,0,11.51,12.00,0,1
1791.747,-7.286429,112.796083,0.97,0.903,-0.021,-37.20,-38.39,166.40,166.40,0.00,0.40,0,0.0,0.02,0.00,0.98,7.26,-0.42,8.23,3059,0,11.60,12.04,0,1
1791.847,-7.286429,112.796083,0.97,0.632,-0.007,-20.36,-21.81,165.69,165.69,0.00,21.61,0,0.0,0.02,0.02,0.98,3.96,0.00,9.52,3000,0,11.63,11.68,0,1
1791.947,-7.286431,112.796083,0.98,1.087,0.175,-1.08,-1.44,164.93,164.93,0.00,40.00,0,0.0,0.01,0.03,0.99,-5.37,1.03,9.46,3000,0,11.79,11.97,0,1
1792.047,-7.286432,112.796083,1.00,1.080,0.223,22.41,22.13,164.20,164.20,0.00,40.00,0,0.0,0.01,0.03,0.98,-17.51,2.07,8.48,3000,0,11.51,11.75,0,1
1792.147,-7.286433,112.796083,1.01,1.075,0.258,37.58,36.69,163.61,163.61,0.00,40.00,0,0.0,0.01,-0.01,0.98,-24.47,1.64,6.04,3000,0,11.51,12.06,0,1
1792.247,-7.286434,112.796083,1.05,1.070,0.283,37.76,37.81,163.17,163.17,0.00,40.00,0,0.0,0.01,-0.08,0.98,-19.16,0.67,4.51,3059,0,11.67,12.01,0,1
1792.347,-7.286435,112.796083,1.03,1.066,0.301,37.88,37.87,162.80,162.80,0.00,40.00,0,0.0,0.01,-0.10,0.99,-1.28,-0.48,3.54,3059,0,11.45,12.06,0,1
1792.447,-7.286436,112.796084,1.03,1.163,-0.000,38.12,38.17,162.49,162.49,0.00,40.00,0,0.0,0.01,-0.09,0.99,16.05,-1.15,2.74,3059,0,11.64,12.06,0,1
1792.547,-7.286437,112.796084,1.05,1.132,0.104,37.94,37.87,162.30,162.30,0.00,40.00,0,0.0,0.01,-0.05,0.99,24.29,-1.15,1.89,3059,0,11.57,12.07,0,1
1792.647,-7.286438,112.796084,0.97,1.110,0.175,37.94,37.99,162.25,162.25,0.00,40.00,0,0.0,0.02,0.01,0.98,19.83,-0.79,0.91,3059,0,11.59,12.12,0,1
1792.747,-7.286439,112.796084,0.99,1.095,0.222,37.64,37.81,162.36,162.36,0.00,-14.67,0,0.0,0.02,0.06,0.98,5.31,0.00,-0.12,3059,0,11.54,12.01,0,1
1792.847,-7.286439,112.796084,0.99,0.767,0.152,38.29,35.26,162.59,162.59,0.00,0.16,0,0.0,0.02,0.05,0.99,-10.43,0.18,-1.22,3059,0,11.67,11.67,0,1
1792.947,-7.286441,112.796085,1.01,1.273,-0.016,13.19,11.56,162.90,162.90,0.00,19.59,0,0.0,0.01,0.00,0.99,-18.24,0.97,-1.83,3119,0,11.38,11.89,0,1
1793.047,-7.286442,112.796085,1.02,1.210,0.081,14.67,11.97,163.18,163.18,0.00,40.00,0,0.0,0.00,-0.03,0.99,-11.41,0.73,-1.34,3119,0,11.54,11.45,0,1
1793.147,-7.286442,112.796085,1.00,0.847,0.053,24.67,26.41,163.39,163.39,0.00,40.00,0,0.0,0.00,-0.05,0.99,-1.22,0.24,-1.52,3119,0,11.53,11.94,0,1
1793.247,-7.286443,112.796085,1.09,0.913,0.128,37.10,37.99,163.66,163.66,0.00,3.79,0,0.0,0.01,-0.02,0.99,4.88,-0.42,-2.74,3059,0,11.70,11.87,0,1
1793.347,-7.286444,112.796086,1.05,1.052,-0.141,37.46,35.56,164.06,164.06,0.00,-7.90,0,0.0,0.01,-0.02,0.98,8.42,-1.03,-3.66,3059,0,11.54,11.55,0,1
1793.447,-7.286445,112.796086,1.10,1.057,-0.015,15.09,12.39,164.51,164.51,0.00,13.62,0,0.0,0.01,0.00,0.99,10.55,-0.61,-3.72,3059,0,11.61,11.69,0,1
1793.547,-7.286446,112.796086,1.01,1.062,0.070,12.00,8.11,164.97,164.97,0.00,40.00,0,0.0,0.01,0.00,0.98,11.04,0.00,-2.99,3059,0,11.73,11.54,0,1
1793.647,-7.286447,112.796086,1.13,1.066,0.127,23.00,24.21,165.42,165.42,0.00,-0.96,0,0.0,0.01,0.05,1.00,4.33,-0.36,-2.99,3059,0,11.43,11.69,0,1
1793.747,-7.286448,112.796086,1.04,1.071,0.163,37.22,33.12,165.95,165.95,0.00,-2.50,0,0.0,0.01,0.05,0.98,-8.60,-0.12,-4.51,3119,0,11.55,11.11,0,1
1793.847,-7.286448,112.796086,1.04,0.751,0.106,10.03,6.15,166.59,166.59,0.00,0.40,0,0.0,0.01,0.02,0.99,-14.22,0.00,-5.00,3119,0,11.63,12.04,0,1
1793.947,-7.286450,112.796087,1.24,1.250,-0.106,-2.45,-2.03,167.17,167.17,0.00,0.32,0,0.0,0.01,-0.03,0.99,-7.20,0.30,-4.21,3059,0,11.55,12.00,0,1
1794.047,-7.286451,112.796087,1.05,1.200,-0.010,-2.87,-1.97,167.65,167.65,0.00,12.17,0,0.0,0.01,-0.02,1.00,4.63,-0.24,-3.54,3059,0,11.64,12.10,0,1
1794.147,-7.286452,112.796087,1.12,1.167,0.056,4.56,5.08,168.08,168.08,0.00,2.25,0,0.0,0.01,-0.01,0.99,12.75,-0.42,-2.86,3059,0,11.49,11.98,0,1
1794.247,-7.286453,112.796087,1.09,1.144,0.099,6.82,5.68,168.51,168.51,0.00,0.24,0,0.0,0.01,0.04,0.97,10.68,-0.61,-3.23,3119,0,11.48,11.60,0,1
1794.347,-7.286454,112.796087,1.13,1.129,0.127,-1.20,-1.08,168.97,168.97,0.00,-24.27,0,0.0,0.01,0.04,0.98,4.27,-1.03,-2.86,3119,0,11.51,12.04,0,1
1794.447,-7.286455,112.796087,1.10,1.119,0.144,-4.83,-6.55,169.41,169.41,0.00,-39.83,0,0.0,0.01,0.04,0.98,-2.01,-0.54,-2.44,3119,0,11.72,11.60,0,1
1794.547,-7.286456,112.796087,1.15,1.112,0.155,-31.67,-31.79,169.76,169.76,0.00,0.24,0,0.0,0.02,0.01,1.00,-2.86,0.00,-0.97,3119,0,11.64,12.07,0,1
1794.647,-7.286457,112.796088,1.08,1.165,-0.161,-26.55,-26.63,169.92,169.92,0.00,-17.90,0,0.0,0.02,0.00,0.99,1.40,-0.73,1.15,3119,0,11.56,11.21,0,1
1794.747,-7.286458,112.796088,1.18,1.144,-0.054,-22.15,-19.73,169.90,169.90,0.00,-39.83,0,0.0,0.01,0.04,0.99,1.22,-0.24,2.74,3059,0,11.67,11.81,0,1
1794.847,-7.286458,112.796088,1.18,0.801,-0.036,-19.77,-23.48,169.79,169.79,0.00,-0.16,0,0.0,0.01,0.02,0.99,-1.34,0.73,3.41,3059,0,11.48,11.54,0,1
1794.947,-7.286461,112.796088,1.14,1.545,0.159,-22.27,-22.82,169.55,169.55,0.00,0.40,0,0.0,0.02,0.00,0.97,-1.52,0.54,4.88,3119,0,11.68,11.36,0,1
1795.047,-7.286461,112.796088,1.10,1.081,0.118,-13.88,-10.23,169.20,169.20,0.00,0.40,0,0.0,0.01,0.03,1.00,-2.56,0.48,5.37,3119,0,11.71,12.08,0,1
1795.147,-7.286463,112.796088,1.17,1.410,0.216,-1.74,-1.80,168.83,168.83,0.00,0.56,0,0.0,0.01,0.03,0.98,-8.11,0.67,5.18,3119,0,11.66,12.15,0,1
1795.247,-7.286464,112.796088,1.09,1.313,0.223,-2.33,-2.33,168.51,168.51,0.00,0.24,0,0.0,0.01,0.00,0.98,-10.13,0.73,4.51,3059,0,11.58,11.99,0,1
1795.347,-7.286465,112.796088,1.13,1.245,0.230,-2.04,-2.33,168.20,168.20,0.00,0.40,0,0.0,0.01,-0.01,0.99,-7.08,0.36,4.27,3059,0,11.54,12.02,0,1
1795.447,-7.286466,112.796088,1.13,1.197,0.235,-2.63,-2.51,167.89,167.89,0.00,0.32,0,0.0,0.01,-0.02,0.98,-0.61,0.00,3.96,3059,0,11.58,11.98,0,1
1795.547,-7.286467,112.796088,1.16,1.163,0.241,-2.33,-2.15,167.59,167.59,0.00,-9.03,0,0.0,0.01,-0.03,0.99,5.49,-0.36,3.90,3059,0,11.68,12.10,0,1
1795.647,-7.286468,112.796089,1.11,1.211,-0.077,-7.09,-6.96,167.32,167.32,0.00,-10.16,0,0.0,0.01,-0.02,1.00,8.54,-0.24,3.78,3059,0,11.58,11.88,0,1
1795.747,-7.286469,112.796089,1.15,1.173,0.025,-11.50,-11.66,167.04,167.04,0.00,0.32,0,0.0,0.01,0.00,0.99,8.97,-0.18,4.39,3059,0,11.46,11.99,0,1
1795.847,-7.286469,112.796089,1.15,0.821,0.022,-6.02,-6.01,166.70,166.70,0.00,0.32,0,0.0,0.01,0.02,0.98,7.14,-0.06,5.31,3059,0,11.62,11.99,0,1
1795.947,-7.286471,112.796089,1.17,1.223,0.177,-1.98,-1.68,166.35,166.35,0.00,4.43,0,0.0,0.01,0.04,0.98,-2.74,0.42,5.12,3059,0,11.55,11.94,0,1
1796.047,-7.286472,112.796089,1.12,1.179,0.209,1.76,1.10,166.02,166.02,0.00,-21.61,0,0.0,0.01,0.02,0.99,-11.53,0.97,4.82,3059,0,11.67,11.94,0,1
1796.147,-7.286473,112.796089,1.13,1.148,0.233,2.06,-1.50,165.70,165.70,0.00,-1.93,0,0.0,0.01,-0.02,0.98,-14.58,1.03,4.57,3059,0,11.67,11.59,0,1
1796.247,-7.286474,112.796089,1.21,1.125,0.253,-6.38,-7.80,165.33,165.33,0.00,-18.62,0,0.0,0.01,-0.05,1.00,-5.37,0.48,5.43,3059,0,11.68,11.93,0,1
1796.347,-7.286475,112.796089,1.15,1.108,0.271,-10.43,-10.77,164.84,164.84,0.00,0.24,0,0.0,0.01,-0.04,0.98,5.43,-0.18,6.16,3059,0,11.58,11.86,0,1
1796.447,-7.286476,112.796089,1.15,1.095,0.288,-5.37,-7.74,164.28,164.28,0.00,0.32,0,0.0,0.01,-0.03,0.99,13.67,-0.48,7.08,3059,0,11.69,11.79,0,1
1796.547,-7.286477,112.796089,1.17,1.084,0.303,-2.39,-2.39,163.67,163.67,0.00,-14.83,0,0.0,0.02,0.01,0.98,12.20,-0.18,7.38,3059,0,11.51,12.00,0,1
1796.647,-7.286478,112.796090,1.20,1.172,0.000,-8.34,-8.86,163.11,163.11,0.00,0.48,0,0.0,0.02,0.03,0.99,1.64,0.18,7.26,3059,0,11.57,12.03,0,1
1796.747,-7.286479,112.796090,1.17,1.139,0.108,-9.77,-8.33,162.54,162.54,0.00,0.24,0,0.0,0.01,0.00,0.98,-5.37,1.03,7.87,3059,0,11.51,11.87,0,1
1796.847,-7.286479,112.796090,1.17,0.796,0.084,-1.98,-2.39,161.92,161.92,0.00,0.32,0,0.0,0.01,0.00,0.98,-10.62,0.91,7.93,3119,0,11.56,11.97,0,1
1796.947,-7.286481,112.796090,1.20,1.189,0.279,-2.16,-2.63,161.28,161.28,0.00,40.00,0,0.0,0.01,-0.01,0.98,-12.14,0.91,7.62,3059,0,11.54,12.08,0,1
1797.047,-7.286482,112.796090,1.18,1.144,0.316,14.20,12.51,160.63,160.63,0.00,32.58,0,0.0,0.01,-0.04,0.98,-8.60,0.36,7.69,3059,0,11.57,11.79,0,1
1797.147,-7.286484,112.796091,1.17,1.539,0.146,35.62,29.97,160.03,160.03,0.00,-4.27,0,0.0,0.01,-0.03,0.99,-4.45,0.00,5.92,3059,0,11.46,11.80,0,1
1797.247,-7.286485,112.796091,1.16,1.389,0.226,32.88,28.07,159.61,159.61,0.00,6.12,0,0.0,0.01,-0.04,0.98,-2.92,-0.06,3.90,3059,0,11.53,11.48,0,1
1797.347,-7.286486,112.796091,1.18,1.284,0.281,10.63,7.76,159.32,159.32,0.00,40.00,0,0.0,0.01,-0.05,0.99,3.78,-0.67,3.17,3119,0,11.68,11.94,0,1
1797.447,-7.286487,112.796091,1.21,1.209,0.320,19.20,17.80,159.07,159.07,0.00,40.00,0,0.0,0.01,-0.04,0.99,11.96,-0.61,3.11,3119,0,11.69,11.54,0,1
1797.547,-7.286488,112.796092,1.22,1.276,0.038,27.82,39.89,158.90,158.90,0.00,10.00,0,0.0,0.02,0.00,0.99,10.43,-0.12,1.89,3119,0,11.44,10.97,0,1
1797.647,-7.286489,112.796092,1.19,1.205,0.146,41.51,37.10,158.93,158.93,0.00,0.48,0,0.0,0.02,0.02,0.98,0.91,-0.30,-0.06,3119,0,11.63,11.30,0,1
1797.747,-7.286490,112.796092,1.19,1.155,0.219,14.26,12.81,159.10,159.10,0.00,8.95,0,0.0,0.01,0.00,1.00,-4.76,0.06,-0.85,3119,0,11.71,12.01,0,1
1797.847,-7.286490,112.796092,1.19,0.809,0.150,3.55,6.09,159.30,159.30,0.00,40.00,0,0.0,0.01,-0.01,0.99,-3.54,0.36,-0.79,3059,0,11.66,12.02,0,1
1797.947,-7.286492,112.796093,1.19,1.308,0.028,21.87,20.11,159.47,159.47,0.00,13.38,0,0.0,0.01,-0.01,0.99,0.12,0.18,-0.79,3059,0,11.54,11.69,0,1
1798.047,-7.286493,112.796093,1.18,1.228,0.131,32.11,25.52,159.72,159.72,0.00,0.56,0,0.0,0.02,0.00,0.98,-0.91,-0.06,-2.25,3059,0,11.57,11.46,0,1
1798.147,-7.286494,112.796093,1.17,1.174,0.200,6.70,5.62,160.09,160.09,0.00,2.58,0,0.0,0.01,-0.02,0.99,0.12,0.18,-2.92,3059,0,11.63,11.99,0,1
1798.247,-7.286495,112.796094,1.22,1.248,-0.066,0.57,0.09,160.47,160.47,0.00,40.00,0,0.0,0.01,-0.02,0.99,6.34,-0.06,-2.44,3119,0,11.54,12.06,0,1
1798.347,-7.286496,112.796094,1.21,1.188,0.058,15.15,14.05,160.80,160.80,0.00,40.00,0,0.0,0.01,0.01,0.97,9.46,-0.42,-2.01,3059,0,11.59,11.49,0,1
1798.447,-7.286497,112.796094,1.20,1.148,0.143,29.19,29.62,161.18,161.18,0.00,40.00,0,0.0,0.02,0.05,1.00,2.99,-0.36,-2.86,3059,0,11.48,12.01,0,1
1798.547,-7.286498,112.796094,1.27,1.121,0.197,39.01,37.75,161.72,161.72,0.00,40.00,0,0.0,0.02,0.04,0.98,-9.33,0.12,-5.06,3059,0,11.67,12.09,0,1
1798.647,-7.286499,112.796095,1.17,1.204,-0.086,37.88,37.87,162.43,162.43,0.00,40.00,0,0.0,0.02,0.00,0.98,-14.58,0.30,-6.65,3059,0,11.66,11.99,0,1
1798.747,-7.286500,112.796095,1.28,1.161,0.024,37.64,38.35,163.22,163.22,0.00,40.00,0,0.0,0.02,-0.02,0.99,-8.97,0.61,-7.26,3059,0,11.69,12.06,0,1
1798.847,-7.286500,112.796095,1.28,0.813,0.005,37.94,37.87,164.04,164.04,0.00,40.00,0,0.0,0.01,-0.03,0.99,1.09,0.18,-7.81,3059,0,11.64,12.03,0,1
1798.947,-7.286503,112.796096,1.24,1.622,-0.064,37.88,37.99,164.92,164.92,0.00,40.00,0,0.0,0.02,-0.01,0.98,10.07,-0.36,-8.66,3119,0,11.49,11.94,0,1
1799.047,-7.286504,112.796096,1.27,1.458,0.017,37.70,37.99,165.88,165.88,0.00,31.93,0,0.0,0.02,0.00,0.98,13.12,-0.97,-9.03,3119,0,11.70,12.05,0,1
1799.147,-7.286505,112.796096,1.15,1.345,0.069,35.68,33.72,166.94,166.94,0.00,-6.69,0,0.0,0.02,0.03,0.98,9.88,-0.73,-9.88,3119,0,11.56,11.95,0,1
1799.247,-7.286506,112.796097,1.15,1.337,-0.226,27.47,25.70,168.10,168.10,0.00,0.32,0,0.0,0.02,0.05,0.99,3.72,-0.79,-10.37,3059,0,11.59,11.60,0,1
1799.347,-7.286507,112.796097,1.22,1.260,-0.116,2.42,2.29,169.29,169.29,0.00,0.24,0,0.0,0.02,0.04,0.99,0.12,0.00,-10.19,3059,0,11.59,11.89,0,1
1799.447,-7.286508,112.796097,1.16,1.209,-0.043,-2.04,-1.68,170.41,170.41,0.00,27.33,0,0.0,0.02,0.02,0.97,0.79,-0.61,-9.09,3119,0,11.64,12.10,0,1
1799.547,-7.286509,112.796097,1.19,1.176,0.005,13.13,11.02,171.44,171.44,0.00,40.00,0,0.0,0.02,0.04,0.98,1.52,-0.91,-8.48,3119,0,11.58,11.64,0,1
1799.647,-7.286510,112.796097,1.11,1.154,0.032,27.29,28.25,172.46,172.46,0.00,40.00,0,0.0,0.02,0.07,1.00,-2.80,-0.61,-9.09,3119,0,11.46,12.05,0,1
1799.747,-7.286511,112.796097,1.20,1.139,0.043,38.06,37.40,173.64,173.64,0.00,40.00,0,0.0,0.03,0.07,0.99,-12.26,0.06,-11.41,3119,0,11.45,12.01,0,1
1799.847,-7.286511,112.796097,1.20,0.798,0.011,38.18,37.58,174.98,174.98,0.00,40.00,0,0.0,0.03,0.02,0.98,-14.64,0.48,-12.87,3119,0,11.66,12.00,0,1
1799.947,-7.286513,112.796098,1.29,1.245,-0.294,37.88,37.81,176.40,176.40,0.00,40.00,0,0.0,0.02,-0.02,0.98,-7.38,0.85,-13.79,3059,0,11.61,12.00,0,1
1800.047,-7.286514,112.796098,1.05,1.200,-0.215,38.24,37.75,177.84,177.84,0.00,40.00,0,0.0,0.02,-0.03,0.99,4.27,0.06,-13.97,3119,0,11.54,12.03,0,1
1800.147,-7.286515,112.796098,1.19,1.169,-0.168,38.18,37.99,179.31,179.31,0.00,-16.12,0,0.0,0.02,0.01,0.99,14.58,-1.09,-14.16,3119,0,11.59,11.97,0,1
1800.247,-7.286516,112.796098,1.23,1.149,-0.144,38.89,35.44,180.84,180.84,0.00,0.64,0,0.0,0.02,0.04,0.99,16.11,-1.46,-14.40,3119,0,11.60,11.69,0,1
1800.347,-7.286517,112.796098,1.13,1.134,-0.137,13.36,10.67,182.40,182.40,0.00,0.32,0,0.0,0.02,0.07,0.98,11.90,-1.22,-14.22,3119,0,11.53,11.96,0,1
1800.447,-7.286518,112.796098,1.23,1.124,-0.140,-0.01,-0.25,183.93,183.93,0.00,0.32,0,0.0,0.01,0.07,0.97,6.53,-1.28,-13.12,3059,0,11.68,12.03,0,1
1800.547,-7.286519,112.796098,1.12,1.116,-0.149,-2.10,-2.39,185.36,185.36,0.00,0.32,0,0.0,0.02,0.09,0.99,0.42,-1.52,-11.84,3059,0,11.59,11.97,0,1
1800.647,-7.286520,112.796098,1.17,1.110,-0.161,-2.45,-2.51,186.71,186.71,0.00,-0.48,0,0.0,0.02,0.08,0.97,-5.98,-1.28,-11.23,3059,0,11.70,12.06,0,1
1800.747,-7.286522,112.796098,1.19,1.435,-0.223,-2.57,-2.51,187.99,187.99,0.00,-33.54,0,0.0,0.02,0.06,0.99,-8.48,-0.73,-10.68,3059,0,11.43,12.03,0,1
1800.847,-7.286522,112.796098,1.19,1.001,-0.177,-4.12,-7.26,189.18,189.18,0.00,-39.83,0,0.0,0.02,0.03,0.98,-6.77,-0.48,-9.88,3119,0,11.59,11.42,0,1
1800.947,-7.286524,112.796098,1.09,1.355,-0.255,-32.14,-32.39,190.23,190.23,0.00,0.16,0,0.0,0.02,0.00,0.98,2.38,-0.67,-8.05,3119,0,11.59,11.94,0,1
1801.047,-7.286525,112.796098,1.18,1.273,-0.256,-26.43,-27.87,191.03,191.03,0.00,-21.93,0,0.0,0.02,0.03,0.98,12.14,-1.40,-5.12,3059,0,11.63,11.36,0,1
1801.147,-7.286526,112.796097,1.15,1.283,0.067,-24.82,-24.96,191.70,191.70,0.00,-31.20,0,0.0,0.02,0.08,0.99,11.10,-1.28,-4.39,3059,0,11.67,11.94,0,1
1801.247,-7.286527,112.796097,1.10,1.224,-0.034,-29.53,-30.31,192.31,192.31,0.00,0.32,0,0.0,0.03,0.09,1.00,2.56,-0.97,-3.54,3059,0,11.67,11.92,0,1
1801.347,-7.286528,112.796097,1.25,1.182,-0.105,-18.87,-20.45,192.82,192.82,0.00,-19.35,0,0.0,0.02,0.07,0.97,-7.20,-0.36,-2.68,3059,0,11.45,11.48,0,1
1801.447,-7.286529,112.796097,1.11,1.152,-0.156,-18.99,-18.78,193.22,193.22,0.00,-32.17,0,0.0,0.02,0.04,0.98,-14.22,0.85,-1.70,3059,0,11.64,12.03,0,1
1801.547,-7.286530,112.796096,1.08,1.207,0.131,-28.45,-31.44,193.51,193.51,0.00,0.32,0,0.0,0.01,0.02,0.98,-13.67,0.54,-0.73,3059,0,11.48,11.92,0,1
1801.647,-7.286531,112.796096,1.12,1.169,0.011,-19.65,-20.98,193.64,193.64,0.00,-5.08,0,0.0,0.01,0.00,0.97,-5.55,0.06,0.73,3059,0,11.66,11.48,0,1
1801.747,-7.286532,112.796096,1.18,1.143,-0.071,-7.57,-8.75,193.63,193.63,0.00,-38.46,0,0.0,0.02,0.00,0.99,2.25,0.06,1.70,3059,0,11.48,11.97,0,1
1801.847,-7.286532,112.796096,1.18,0.800,-0.049,-6.44,-9.16,193.59,193.59,0.00,0.24,0,0.0,0.01,0.02,0.98,5.49,0.18,1.89,3059,0,11.73,11.49,0,1
1801.947,-7.286533,112.796095,1.02,0.962,0.211,-9.59,-10.11,193.48,193.48,0.00,0.24,0,0.0,0.01,0.01,0.98,7.20,0.18,3.23,3059,0,11.64,11.23,0,1
1802.047,-7.286535,112.796095,1.20,1.322,-0.003,-4.59,-2.69,193.27,193.27,0.00,-11.85,0,0.0,0.01,0.04,0.98,4.45,0.24,3.66,3059,0,11.58,11.82,0,1
1802.147,-7.286535,112.796095,1.08,0.925,0.001,-8.70,-8.98,193.09,193.09,0.00,-19.67,0,0.0,0.01,0.05,0.99,-4.39,0.48,3.29,3059,0,11.49,12.00,0,1
1802.247,-7.286537,112.796095,1.09,1.298,-0.146,-14.41,-17.89,192.90,192.90,0.00,0.32,0,0.0,0.01,0.02,0.98,-8.48,0.48,3.66,3059,0,11.72,11.97,0,1
1802.347,-7.286537,112.796094,1.15,0.981,0.225,-14.47,-11.54,192.60,192.60,0.00,0.40,0,0.0,0.01,0.00,0.99,-5.67,0.54,5.00,3059,0,11.57,11.89,0,1
1802.447,-7.286538,112.796094,1.14,1.012,0.092,-0.85,-2.21,192.22,192.22,0.00,0.40,0,0.0,0.01,0.01,0.99,-3.41,0.54,5.18,3059,0,11.62,11.99,0,1
1802.547,-7.286540,112.796094,1.22,1.361,-0.068,-2.04,-2.21,191.84,191.84,0.00,0.32,0,0.0,0.00,-0.01,0.99,-2.99,0.61,4.88,3059,0,11.60,12.15,0,1
1802.647,-7.286541,112.796093,1.16,1.346,0.216,-1.98,-1.97,191.50,191.50,0.00,0.32,0,0.0,0.01,-0.01,1.00,-1.34,0.24,4.57,3119,0,11.43,12.05,0,1
1802.747,-7.286541,112.796093,1.16,0.941,0.156,-1.80,-2.09,191.17,191.17,0.00,-4.59,0,0.0,0.01,0.00,0.99,0.97,-0.36,4.51,3119,0,11.67,12.10,0,1
1802.847,-7.286541,112.796093,1.16,0.658,0.113,-3.29,-4.41,190.84,190.84,0.00,0.08,0,0.0,0.01,0.00,0.98,1.95,-0.12,4.33,3059,0,11.57,11.89,0,1
1802.947,-7.286543,112.796092,1.11,1.177,0.286,-2.16,-3.28,190.50,190.50,0.00,0.24,0,0.0,0.01,0.00,1.00,3.60,-0.06,4.63,3059,0,11.45,11.93,0,1
1803.047,-7.286544,112.796092,1.05,1.151,0.146,-2.63,-2.27,190.15,190.15,0.00,33.14,0,0.0,0.01,0.00,0.98,2.38,0.06,4.69,3059,0,11.37,12.02,0,1
1803.147,-7.286545,112.796092,1.17,1.134,0.050,14.26,12.33,189.82,189.82,0.00,24.03,0,0.0,0.01,0.00,0.99,-1.58,0.18,4.57,3059,0,11.56,11.45,0,1
1803.247,-7.286546,112.796092,1.14,1.122,-0.016,21.87,21.89,189.55,189.55,0.00,-8.70,0,0.0,0.02,0.01,0.99,-8.30,0.42,3.05,3059,0,11.68,11.85,0,1
1803.347,-7.286547,112.796092,1.16,1.115,-0.065,23.42,19.93,189.45,189.45,0.00,0.40,0,0.0,0.01,0.00,0.97,-12.39,0.79,1.46,3059,0,11.62,11.53,0,1
1803.447,-7.286549,112.796091,1.20,1.493,0.172,7.53,2.59,189.43,189.43,0.00,0.32,0,0.0,0.01,-0.05,0.99,-6.59,0.61,0.79,3059,0,11.66,11.94,0,1
1803.547,-7.286550,112.796091,1.22,1.374,0.067,-2.27,-2.33,189.36,189.36,0.00,0.32,0,0.0,0.01,-0.06,0.99,6.71,-0.42,1.46,3119,0,11.64,12.10,0,1
1803.647,-7.286551,112.796091,1.11,1.291,-0.005,-2.45,-1.62,189.27,189.27,0.00,0.40,0,0.0,0.01,-0.03,0.98,15.62,-0.48,1.83,3059,0,11.64,12.00,0,1
1803.747,-7.286552,112.796091,1.25,1.233,-0.056,-2.45,-2.15,189.19,189.19,0.00,0.32,0,0.0,0.01,0.01,0.98,15.99,-0.91,1.89,3059,0,11.67,12.03,0,1
1803.847,-7.286552,112.796091,1.25,0.863,-0.038,-2.10,-2.39,189.15,189.15,0.00,0.32,0,0.0,0.02,0.04,0.99,7.32,-0.48,1.89,3059,0,11.48,12.02,0,1
1803.947,-7.286554,112.796090,1.15,1.315,0.194,-2.39,-2.51,189.12,189.12,0.00,0.24,0,0.0,0.01,0.04,0.99,-3.66,0.06,1.95,3059,0,11.47,12.04,0,1
1804.047,-7.286555,112.796090,1.26,1.250,0.084,-2.45,-2.27,189.10,189.10,0.00,0.40,0,0.0,0.01,0.02,0.98,-13.06,0.67,1.83,3119,0,11.61,12.08,0,1
1804.147,-7.286556,112.796090,1.14,1.204,0.007,-2.21,-2.45,189.05,189.05,0.00,0.40,0,0.0,0.02,0.00,0.99,-13.85,0.73,1.95,3119,0,11.51,12.02,0,1
1804.247,-7.286557,112.796089,1.23,1.224,0.281,-2.33,-2.57,188.95,188.95,0.00,0.16,0,0.0,0.01,-0.03,0.99,-7.81,0.54,2.25,3119,0,11.42,11.96,0,1
1804.347,-7.286558,112.796089,1.17,1.186,0.148,-2.57,-2.57,188.81,188.81,0.00,0.32,0,0.0,0.01,-0.05,0.98,0.97,-0.12,2.50,3119,0,11.51,12.01,0,1
1804.447,-7.286559,112.796089,1.16,1.160,0.056,-1.98,-2.81,188.64,188.64,0.00,0.32,0,0.0,0.01,-0.03,0.98,9.52,-0.73,2.62,3119,0,11.68,12.06,0,1
1804.547,-7.286560,112.796088,1.30,1.190,0.320,-2.27,-2.57,188.47,188.47,0.00,0.32,0,0.0,0.02,0.00,0.99,11.96,-0.91,2.86,3059,0,11.64,11.98,0,1
1804.647,-7.286561,112.796088,1.15,1.163,0.178,-2.39,-2.45,188.30,188.30,0.00,0.32,0,0.0,0.02,0.01,1.00,7.75,-0.48,2.99,3119,0,11.42,12.01,0,1
1804.747,-7.286562,112.796088,1.22,1.144,0.080,-2.57,-2.63,188.14,188.14,0.00,0.32,0,0.0,0.01,0.03,0.98,-0.30,0.30,3.23,3119,0,11.48,12.00,0,1
1804.847,-7.286562,112.796088,1.22,0.800,0.058,-2.39,-1.80,187.97,187.97,0.00,0.32,0,0.0,0.01,0.00,0.98,-8.11,0.85,3.23,3119,0,11.73,12.04,0,1
1804.947,-7.286564,112.796087,1.18,1.266,0.280,-2.45,-2.69,187.78,187.78,0.00,0.24,0,0.0,0.02,0.00,0.99,-10.43,0.61,3.54,3119,0,11.62,11.99,0,1
1805.047,-7.286565,112.796087,1.28,1.216,0.156,-3.05,-2.63,187.55,187.55,0.00,3.38,0,0.0,0.01,-0.03,0.99,-7.32,0.67,3.72,3059,0,11.48,11.98,0,1
1805.147,-7.286566,112.796087,1.17,1.182,0.071,0.39,-0.37,187.27,187.27,0.00,0.16,0,0.0,0.01,-0.04,0.99,-1.52,-0.18,3.96,3119,0,11.63,12.00,0,1
1805.247,-7.286567,112.796086,1.25,1.198,0.342,-0.73,-0.07,186.98,186.98,0.00,0.32,0,0.0,0.01,-0.03,0.99,3.72,-0.30,3.78,3119,0,11.64,11.93,0,1
1805.347,-7.286568,112.796086,1.21,1.169,0.204,-2.04,-2.21,186.71,186.71,0.00,0.32,0,0.0,0.01,-0.01,1.00,6.53,-0.48,3.90,3119,0,11.48,12.01,0,1
1805.447,-7.286570,112.796086,1.22,1.481,0.072,-1.98,-2.45,186.44,186.44,0.00,0.32,0,0.0,0.02,0.00,0.99,6.16,-0.48,3.96,3119,0,11.61,12.03,0,1
1805.547,-7.286571,112.796086,1.26,1.368,0.019,-2.04,-2.21,186.18,186.18,0.00,0.40,0,0.0,0.01,0.01,0.98,2.19,-0.06,4.15,3119,0,11.60,12.17,0,1
1805.647,-7.286572,112.796086,1.17,1.289,-0.016,-1.38,-2.33,185.91,185.91,0.00,0.40,0,0.0,0.01,0.00,1.00,-3.17,0.48,4.21,3059,0,11.46,12.00,0,1
1805.747,-7.286573,112.796086,1.12,1.234,-0.039,-2.04,-1.97,185.61,185.61,0.00,0.32,0,0.0,0.01,-0.01,1.00,-6.28,0.24,4.39,3059,0,11.62,12.14,0,1
1805.847,-7.286573,112.796086,1.12,0.864,-0.023,-2.10,-2.39,185.29,185.29,0.00,0.24,0,0.0,0.01,-0.02,0.98,-5.12,0.73,4.63,3059,0,11.67,12.13,0,1
1805.947,-7.286575,112.796085,1.04,1.298,0.260,-1.74,-2.15,184.94,184.94,0.00,0.40,0,0.0,0.01,-0.02,1.00,-1.89,0.00,4.69,3059,0,11.68,12.05,0,1
1806.047,-7.286576,112.796085,1.24,1.240,0.161,-1.50,-2.15,184.57,184.57,0.00,0.24,0,0.0,0.01,-0.03,1.00,1.70,-0.06,4.82,3059,0,11.67,12.14,0,1
1806.147,-7.286577,112.796084,1.30,1.224,0.424,-2.04,-2.21,184.19,184.19,0.00,-0.48,0,0.0,0.01,-0.01,0.99,4.33,-0.06,4.88,3059,0,11.61,11.94,0,1
1806.247,-7.286578,112.796084,1.18,1.188,0.281,-2.51,-2.75,183.81,183.81,0.00,-39.91,0,0.0,0.02,-0.02,0.99,4.33,-0.18,5.18,3059,0,11.55,11.92,0,1
1806.347,-7.286579,112.796084,1.21,1.163,0.182,-3.94,-7.38,183.42,183.42,0.00,-35.56,0,0.0,0.01,0.00,0.98,3.29,0.00,5.37,3059,0,11.58,11.37,0,1
1806.447,-7.286580,112.796084,1.19,1.146,0.117,-29.76,-27.69,182.95,182.95,0.00,0.40,0,0.0,0.02,-0.02,1.00,4.88,0.00,7.01,3059,0,11.47,11.68,0,1
1806.547,-7.286581,112.796083,1.24,1.148,0.408,-23.28,-25.20,182.29,182.29,0.00,0.32,0,0.0,0.02,-0.02,0.99,7.32,-0.61,9.33,3059,0,11.60,11.46,0,1
1806.647,-7.286582,112.796083,1.19,1.133,0.289,-13.16,-8.86,181.46,181.46,0.00,0.16,0,0.0,0.02,0.02,0.98,3.47,0.73,10.49,3059,0,11.49,11.94,0,1
1806.747,-7.286583,112.796083,1.20,1.123,0.210,-1.68,-2.63,180.61,180.61,0.00,0.24,0,0.0,0.02,0.03,1.00,-7.87,1.46,10.00,3059,0,11.67,12.06,0,1
1806.847,-7.286583,112.796083,1.20,0.784,0.158,-1.86,-2.75,179.81,179.81,0.00,0.24,0,0.0,0.01,0.00,0.98,-16.78,1.64,9.58,3059,0,11.54,12.05,0,1
1806.947,-7.286585,112.796083,1.09,1.214,0.130,-1.74,-2.57,179.02,179.02,0.00,0.40,0,0.0,0.01,-0.04,0.99,-16.05,0.79,9.27,3059,0,11.60,12.12,0,1
1807.047,-7.286586,112.796083,1.26,1.182,0.114,-2.16,-2.57,178.19,178.19,0.00,0.24,0,0.0,0.01,-0.07,0.99,-7.08,-0.06,9.33,3059,0,11.67,12.07,0,1
1807.147,-7.286587,112.796082,1.20,1.144,0.438,-1.98,-2.33,177.34,177.34,0.00,0.32,0,0.0,0.01,-0.08,0.99,4.57,-0.73,9.27,3000,0,11.54,11.94,0,1
1807.247,-7.286588,112.796082,1.15,1.129,0.339,-2.27,-2.69,176.50,176.50,0.00,0.32,0,0.0,0.01,-0.06,0.99,13.12,-0.54,9.21,3000,0,11.51,12.07,0,1
1807.347,-7.286590,112.796082,1.26,1.452,0.298,-1.44,-2.51,175.69,175.69,0.00,0.24,0,0.0,0.02,-0.02,1.00,14.09,-0.61,9.15,3000,0,11.55,12.09,0,1
1807.447,-7.286591,112.796082,1.16,1.346,0.252,-2.39,-2.98,174.91,174.91,0.00,0.32,0,0.0,0.01,0.00,0.97,7.81,0.00,8.85,3059,0,11.51,12.04,0,1
1807.547,-7.286592,112.796082,1.11,1.272,0.222,-2.39,-2.92,174.19,174.19,0.00,0.24,0,0.0,0.02,0.02,0.99,-1.70,0.42,8.78,3059,0,11.36,12.37,0,1
1807.647,-7.286593,112.796082,1.20,1.220,0.204,-2.69,-2.63,173.48,173.48,0.00,0.32,0,0.0,0.01,0.00,0.98,-9.64,0.85,8.66,3059,0,11.61,11.97,0,1
1807.747,-7.286594,112.796082,1.23,1.183,0.196,-2.51,-2.87,172.77,172.77,0.00,8.46,0,0.0,0.01,-0.03,1.00,-11.84,0.73,8.60,3059,0,11.62,11.97,0,1
1807.847,-7.286594,112.796082,1.23,0.826,0.148,5.45,3.96,172.03,172.03,0.00,39.43,0,0.0,0.01,-0.06,1.00,-7.62,0.48,8.42,3059,0,11.46,11.93,0,1
1807.947,-7.286596,112.796082,1.28,1.237,0.211,21.58,19.88,171.32,171.32,0.00,11.12,0,0.0,0.01,-0.05,0.98,-2.07,-0.18,7.69,3059,0,11.60,11.48,0,1
1808.047,-7.286597,112.796082,1.26,1.193,0.211,34.61,26.88,170.70,170.70,0.00,0.56,0,0.0,0.02,-0.03,0.98,-0.36,-0.36,6.16,3059,0,11.66,11.33,0,1
1808.147,-7.286598,112.796082,1.21,1.163,0.211,1.35,6.99,170.22,170.22,0.00,0.32,0,0.0,0.01,-0.06,0.99,2.44,-0.18,5.18,3059,0,11.67,11.60,0,1
1808.247,-7.286599,112.796082,1.24,1.141,0.214,0.04,-2.09,169.77,169.77,0.00,0.72,0,0.0,0.01,-0.06,0.99,8.97,-0.24,5.67,3059,0,11.42,11.97,0,1
1808.347,-7.286600,112.796082,1.13,1.125,0.218,-2.99,-2.51,169.29,169.29,0.00,40.00,0,0.0,0.01,-0.02,1.00,12.39,-0.48,5.85,3119,0,11.49,12.00,0,1
1808.447,-7.286602,112.796082,1.28,1.441,0.289,12.23,10.49,168.82,168.82,0.00,5.16,0,0.0,0.01,0.01,0.98,9.46,-0.06,6.04,3059,0,11.49,11.51,0,1
1808.547,-7.286603,112.796082,1.19,1.334,0.276,17.17,13.04,168.41,168.41,0.00,-0.80,0,0.0,0.01,0.03,1.00,-2.13,0.79,5.24,3059,0,11.46,11.73,0,1
1808.647,-7.286604,112.796082,1.17,1.259,0.267,-3.05,0.51,168.09,168.09,0.00,0.32,0,0.0,0.01,-0.01,0.99,-11.23,0.85,4.63,3059,0,11.67,11.97,0,1
1808.747,-7.286605,112.796082,1.17,1.206,0.263,-3.23,-3.10,167.75,167.75,0.00,0.24,0,0.0,0.01,-0.02,0.98,-10.31,0.36,4.94,3059,0,11.64,11.99,0,1
1808.847,-7.286605,112.796082,1.17,0.843,0.190,-2.99,-2.98,167.35,167.35,0.00,0.24,0,0.0,0.01,-0.04,0.98,-3.17,0.00,5.24,3059,0,11.58,11.96,0,1
1808.947,-7.286607,112.796083,1.26,1.314,-0.034,-3.29,-2.03,166.91,166.91,0.00,0.40,0,0.0,0.01,-0.04,0.98,4.82,-0.30,5.43,3059,0,11.59,12.14,0,1
1809.047,-7.286608,112.796083,1.16,1.244,0.062,-3.23,-2.98,166.46,166.46,0.00,0.32,0,0.0,0.01,-0.02,0.99,9.64,-0.06,5.67,3119,0,11.43,12.01,0,1
1809.147,-7.286609,112.796083,1.32,1.194,0.131,-3.05,-3.10,166.01,166.01,0.00,0.40,0,0.0,0.01,0.00,0.99,8.78,-0.42,5.92,3119,0,11.61,11.97,0,1
1809.247,-7.286610,112.796083,1.10,1.158,0.181,-2.99,-2.98,165.58,165.58,0.00,40.00,0,0.0,0.01,0.01,0.99,4.02,0.18,5.92,3119,0,11.51,11.94,0,1
1809.347,-7.286611,112.796083,1.25,1.132,0.219,11.52,10.13,165.13,165.13,0.00,40.00,0,0.0,0.01,0.01,0.97,-3.72,0.42,5.98,3059,0,11.60,11.51,0,1
1809.447,-7.286613,112.796083,1.16,1.435,0.334,26.57,26.88,164.73,164.73,0.00,40.00,0,0.0,0.02,0.02,0.99,-13.36,0.54,4.94,3059,0,11.67,11.99,0,1
1809.547,-7.286613,112.796083,1.13,1.004,0.238,37.58,38.41,164.49,164.49,0.00,2.66,0,0.0,0.02,-0.01,0.97,-19.71,0.85,2.44,3059,0,11.63,12.08,0,1
1809.647,-7.286615,112.796083,1.21,1.345,0.347,38.24,35.56,164.40,164.40,0.00,0.56,0,0.0,0.01,-0.08,0.98,-13.79,0.54,1.28,3059,0,11.61,11.58,0,1
1809.747,-7.286616,112.796083,1.19,1.263,0.333,12.83,10.79,164.37,164.37,0.00,14.67,0,0.0,0.01,-0.09,1.00,2.31,0.00,0.48,3059,0,11.60,11.97,0,1
1809.847,-7.286616,112.796083,1.19,0.884,0.234,14.55,10.13,164.34,164.34,0.00,40.00,0,0.0,0.01,-0.08,0.99,20.32,-0.73,0.91,3119,0,11.62,11.62,0,1
1809.947,-7.286618,112.796083,1.21,1.261,0.344,23.96,25.16,164.33,164.33,0.00,40.00,0,0.0,0.01,0.00,0.99,25.57,-0.85,0.48,3119,0,11.51,11.68,0,1
1810.047,-7.286619,112.796083,1.14,1.205,0.328,38.95,36.98,164.49,164.49,0.00,40.00,0,0.0,0.02,0.06,0.99,11.47,-0.91,-1.15,3059,0,11.54,11.86,0,1
1810.147,-7.286620,112.796084,1.20,1.253,-0.009,38.00,37.64,164.88,164.88,0.00,40.00,0,0.0,0.02,0.04,0.99,-7.44,0.00,-3.05,3059,0,11.47,12.05,0,1
1810.247,-7.286621,112.796084,1.23,1.200,0.068,38.00,37.28,165.47,165.47,0.00,40.00,0,0.0,0.02,0.02,0.98,-19.53,0.54,-4.57,3059,0,11.51,11.98,0,1
1810.347,-7.286622,112.796084,1.16,1.164,0.120,37.82,37.81,166.02,166.02,0.00,40.00,0,0.0,0.02,-0.02,1.00,-19.28,0.85,-5.55,3059,0,11.48,11.98,0,1
1810.447,-7.286623,112.796084,1.21,1.140,0.152,38.00,37.75,166.68,166.68,0.00,40.00,0,0.0,0.02,-0.06,1.00,-6.89,0.73,-6.22,3059,0,11.50,12.01,0,1
1810.547,-7.286624,112.796085,1.24,1.197,-0.153,38.41,37.75,167.36,167.36,0.00,40.00,0,0.0,0.02,-0.07,0.98,7.87,-0.12,-6.65,3119,0,11.68,12.07,0,1
1810.647,-7.286625,112.796085,1.18,1.163,-0.049,37.88,37.70,168.10,168.10,0.00,40.00,0,0.0,0.02,-0.03,0.98,17.51,-0.79,-7.14,3119,0,11.58,11.83,0,1
1810.747,-7.286626,112.796085,1.09,1.141,0.018,37.82,37.93,168.93,168.93,0.00,40.00,0,0.0,0.02,0.02,0.99,18.43,-1.34,-7.81,3119,0,11.51,11.98,0,1
1810.847,-7.286626,112.796085,1.09,0.799,-0.002,38.29,37.87,169.98,169.98,0.00,40.00,0,0.0,0.02,0.05,0.99,7.99,-1.15,-8.60,3059,0,11.53,11.93,0,1
1810.947,-7.286628,112.796085,1.16,1.218,0.094,37.88,37.81,170.93,170.93,0.00,40.00,0,0.0,0.03,0.07,0.99,-2.44,-0.61,-9.46,3059,0,11.67,12.02,0,1
1811.047,-7.286630,112.796085,1.20,1.514,0.141,37.94,37.99,172.07,172.07,0.00,40.00,0,0.0,0.02,0.05,0.98,-11.77,0.06,-10.31,3059,0,11.51,12.00,0,1
1811.147,-7.286631,112.796086,1.25,1.432,-0.213,38.12,37.93,173.28,173.28,0.00,40.00,0,0.0,0.02,0.00,0.98,-14.70,0.73,-11.10,3119,0,11.68,12.06,0,1
1811.247,-7.286632,112.796085,1.10,1.299,0.190,37.70,37.64,174.52,174.52,0.00,40.00,0,0.0,0.02,-0.01,1.00,-9.27,-0.12,-11.77,3119,0,11.61,11.99,0,1
1811.347,-7.286633,112.796086,1.12,1.269,-0.192,38.12,37.81,175.79,175.79,0.00,40.00,0,0.0,0.02,-0.01,0.99,1.46,-0.24,-12.39,3119,0,11.62,12.04,0,1
1811.447,-7.286634,112.796086,1.21,1.218,-0.138,38.06,38.35,177.11,177.11,0.00,40.00,0,0.0,0.02,0.00,0.99,10.37,-0.61,-12.57,3119,0,11.53,12.07,0,1
1811.547,-7.286635,112.796086,1.11,1.184,-0.109,37.94,38.05,178.49,178.49,0.00,40.00,0,0.0,0.02,0.03,0.98,13.12,-0.97,-12.93,3059,0,11.66,12.02,0,1
1811.647,-7.286636,112.796086,1.17,1.160,-0.100,38.06,38.05,180.10,180.10,0.00,40.00,0,0.0,0.02,0.06,0.97,9.39,-1.15,-13.73,3059,0,11.64,12.06,0,1
1811.747,-7.286637,112.796086,1.12,1.143,-0.101,37.94,37.75,181.64,181.64,0.00,40.00,0,0.0,0.03,0.08,0.99,0.79,-0.91,-14.09,3059,0,11.63,12.03,0,1
1811.847,-7.286637,112.796086,1.12,0.798,-0.093,38.00,37.81,183.26,183.26,0.00,40.00,0,0.0,0.03,0.07,1.00,-6.71,-0.73,-14.89,3059,0,11.44,12.04,0,1
1811.947,-7.286639,112.796086,1.19,1.221,-0.139,37.76,37.75,184.91,184.91,0.00,40.00,0,0.0,0.03,0.04,0.98,-10.31,-0.30,-15.25,3119,0,11.48,11.99,0,1
1812.047,-7.286640,112.796086,1.22,1.183,-0.160,37.76,37.99,186.58,186.58,0.00,40.00,0,0.0,0.02,0.01,0.99,-8.72,0.61,-15.74,3119,0,11.38,12.06,0,1
1812.147,-7.286641,112.796086,1.08,1.155,-0.184,38.12,37.87,188.27,188.27,0.00,40.00,0,0.0,0.03,0.00,0.97,-2.25,0.12,-16.23,3059,0,11.68,12.02,0,1
1812.247,-7.286642,112.796086,1.27,1.132,-0.211,37.70,38.47,189.98,189.98,0.00,40.00,0,0.0,0.02,0.01,0.98,4.45,-0.42,-16.66,3059,0,11.48,11.97,0,1
1812.347,-7.286643,112.796086,1.16,1.114,-0.240,38.35,37.99,191.73,191.73,0.00,40.00,0,0.0,0.02,0.03,0.98,8.42,-0.85,-16.78,3059,0,11.67,12.01,0,1
1812.447,-7.286645,112.796086,1.18,1.423,-0.349,37.88,37.87,193.56,193.56,0.00,-19.03,0,0.0,0.03,0.05,1.00,7.01,-1.09,-17.57,3059,0,11.60,12.13,0,1
1812.547,-7.286645,112.796086,0.88,0.988,-0.274,38.12,34.13,195.26,195.26,0.00,-3.14,0,0.0,0.02,0.05,0.99,2.19,-0.67,-18.12,3059,0,11.57,11.37,0,1
1812.647,-7.286646,112.796086,0.93,1.004,-0.313,14.26,12.09,197.18,197.18,0.00,0.16,0,0.0,0.02,0.04,0.98,0.06,-1.03,-17.70,3119,0,11.64,11.76,0,1
1812.747,-7.286647,112.796086,1.14,1.010,-0.353,-1.14,-1.20,199.17,199.17,0.00,-34.43,0,0.0,0.01,0.03,0.97,5.12,-1.22,-15.74,3119,0,11.56,12.06,0,1
1812.847,-7.286647,112.796086,1.14,0.700,-0.265,-5.25,-6.55,200.64,200.64,0.00,-39.83,0,0.0,0.01,0.06,0.99,8.72,-2.07,-13.91,3119,0,11.51,11.70,0,1
1812.947,-7.286649,112.796085,1.14,1.228,-0.142,-32.32,-32.39,202.09,202.09,0.00,-39.75,0,0.0,0.02,0.06,0.98,12.02,-2.68,-11.29,3059,0,11.44,11.97,0,1
1813.047,-7.286650,112.796085,1.08,1.164,-0.249,-41.07,-40.58,203.28,203.28,0.00,-39.91,0,0.0,0.03,0.09,0.97,11.29,-3.11,-8.42,3059,0,11.54,11.88,0,1
1813.147,-7.286651,112.796085,1.11,1.116,-0.326,-43.21,-43.08,204.27,204.27,0.00,-39.75,0,0.0,0.03,0.11,0.96,1.89,-2.62,-6.95,3059,0,11.55,12.06,0,1
1813.247,-7.286652,112.796085,1.00,1.079,-0.382,-42.97,-42.96,205.15,205.15,0.00,-39.91,0,0.0,0.03,0.09,0.99,-10.43,-0.54,-5.85,3059,0,11.61,11.97,0,1
1813.347,-7.286653,112.796084,1.13,1.197,-0.125,-42.91,-42.96,205.89,205.89,0.00,-39.83,0,0.0,0.03,0.06,0.99,-17.70,0.61,-4.88,3059,0,11.51,11.99,0,1
1813.447,-7.286653,112.796084,1.01,0.837,-0.096,-42.62,-43.32,206.47,206.47,0.00,-39.83,0,0.0,0.02,0.03,0.98,-16.11,0.97,-3.54,3059,0,11.67,12.07,0,1
1813.547,-7.286654,112.796084,1.02,0.883,-0.222,-42.79,-42.90,206.90,206.90,0.00,-39.83,0,0.0,0.01,0.00,0.97,-6.71,0.61,-2.07,3059,0,11.54,11.99,0,1
1813.647,-7.286655,112.796084,1.02,0.914,-0.311,-42.97,-42.72,207.18,207.18,0.00,-39.75,0,0.0,0.02,0.00,0.97,3.66,-0.24,-0.85,3059,0,11.60,12.07,0,1
1813.747,-7.286656,112.796084,1.08,0.935,-0.373,-42.85,-43.02,207.33,207.33,0.00,-39.91,0,0.0,0.02,0.01,0.99,11.23,-0.97,0.30,3059,0,11.37,11.97,0,1
1813.847,-7.286656,112.796084,1.08,0.655,-0.262,-43.21,-43.38,207.39,207.39,0.00,-39.83,0,0.0,0.02,0.04,1.00,10.86,-0.91,1.46,3059,0,11.70,12.05,0,1
1813.947,-7.286658,112.796084,0.98,1.051,-0.490,-42.91,-43.14,207.39,207.39,0.00,-39.91,0,0.0,0.02,0.05,0.99,4.51,-0.12,2.38,3059,0,11.64,11.98,0,1
1814.047,-7.286659,112.796083,0.97,1.184,-0.201,-43.03,-43.20,207.30,207.30,0.00,-39.75,0,0.0,0.02,0.07,0.98,-4.45,0.67,3.17,3059,0,11.47,11.96,0,1
1814.147,-7.286659,112.796082,0.96,0.980,0.156,-42.56,-42.31,207.13,207.13,0.00,-39.75,0,0.0,0.02,0.05,1.00,-11.29,0.61,3.84,3059,0,11.48,12.00,0,1
1814.247,-7.286660,112.796081,0.97,1.133,0.257,-42.97,-43.14,206.86,206.86,0.00,-12.50,0,0.0,0.01,0.00,0.98,-12.45,1.28,4.51,3119,0,11.51,12.09,0,1
1814.347,-7.286661,112.796081,1.10,1.090,0.037,-28.22,-30.07,206.48,206.48,0.00,0.32,0,0.0,0.01,0.00,0.98,-6.65,0.73,5.67,3119,0,11.69,11.40,0,1
1814.447,-7.286662,112.796080,0.96,1.208,0.183,-12.39,-13.02,206.03,206.03,0.00,-2.09,0,0.0,0.01,0.00,0.99,-0.85,0.67,5.98,3119,0,11.57,11.98,0,1
1814.547,-7.286662,112.796080,1.07,0.844,0.135,-3.88,-4.59,205.56,205.56,0.00,-34.67,0,0.0,0.01,0.00,1.00,1.34,0.79,5.61,3119,0,11.72,12.04,0,1
1814.647,-7.286663,112.796079,1.05,1.033,0.257,-4.36,-7.20,205.13,205.13,0.00,-39.91,0,0.0,0.01,0.00,0.97,1.46,0.18,5.55,3059,0,11.64,11.44,0,1
1814.747,-7.286664,112.796079,1.03,1.025,0.046,-32.68,-32.74,204.68,204.68,0.00,-39.83,0,0.0,0.01,-0.01,0.97,4.27,-0.30,6.53,3059,0,11.43,12.00,0,1
1814.847,-7.286664,112.796079,1.03,0.717,0.040,-41.84,-41.89,204.07,204.07,0.00,-39.83,0,0.0,0.02,0.00,0.98,8.54,-0.73,8.30,3059,0,11.55,11.86,0,1
1814.947,-7.286666,112.796077,1.16,1.376,0.377,-42.62,-42.90,203.37,203.37,0.00,-39.91,0,0.0,0.02,0.01,1.01,6.65,-0.36,8.85,3059,0,11.64,12.05,0,1
1815.047,-7.286667,112.796077,1.12,1.268,0.148,-42.85,-43.02,202.61,202.61,0.00,-39.83,0,0.0,0.02,0.02,1.00,-0.12,0.67,9.64,3119,0,11.62,12.08,0,1
1815.147,-7.286667,112.796077,0.93,0.886,0.118,-43.03,-42.78,201.70,201.70,0.00,-39.91,0,0.0,0.02,0.03,0.99,-7.69,1.64,10.19,3119,0,11.66,12.05,0,1
1815.247,-7.286668,112.796077,0.85,0.930,-0.026,-43.03,-42.96,200.80,200.80,0.00,-39.83,0,0.0,0.02,0.00,0.99,-9.52,1.52,10.92,3059,0,11.64,12.02,0,1
1815.347,-7.286669,112.796077,1.02,0.965,-0.120,-43.21,-42.84,199.81,199.81,0.00,-39.83,0,0.0,0.01,-0.02,0.99,-7.01,1.15,11.77,3059,0,11.61,12.12,0,1
1815.447,-7.286670,112.796076,0.99,1.099,0.135,-43.39,-43.14,198.73,198.73,0.00,-39.91,0,0.0,0.02,-0.03,0.99,-1.89,0.36,12.69,3059,0,11.49,11.99,0,1
1815.547,-7.286671,112.796076,1.12,1.086,0.009,-43.21,-43.38,197.56,197.56,0.00,-39.83,0,0.0,0.02,-0.03,1.00,3.41,0.00,13.42,3059,0,11.60,12.02,0,1
1815.647,-7.286671,112.796075,1.11,0.853,0.341,-43.21,-42.90,196.32,196.32,0.00,-39.91,0,0.0,0.02,-0.02,0.99,5.61,0.24,14.28,3059,0,11.34,12.03,0,1
1815.747,-7.286673,112.796075,1.17,1.236,0.079,-43.15,-42.96,195.04,195.04,0.00,-39.83,0,0.0,0.02,-0.01,1.00,5.31,0.36,14.64,3059,0,11.69,12.06,0,1
1815.847,-7.286673,112.796075,1.17,0.863,0.075,-43.15,-42.60,193.71,193.71,0.00,-39.67,0,0.0,0.01,0.00,0.98,1.95,0.61,15.13,3059,0,11.51,11.94,0,1
1815.947,-7.286674,112.796075,0.97,0.929,-0.004,-43.15,-42.96,192.34,192.34,0.00,-39.83,0,0.0,0.02,0.00,0.99,-2.99,1.28,15.44,3119,0,11.48,11.94,0,1
1816.047,-7.286675,112.796074,1.10,1.040,0.274,-43.33,-42.90,190.95,190.95,0.00,-39.75,0,0.0,0.02,-0.02,0.99,-6.22,1.03,15.68,3059,0,11.55,12.09,0,1
1816.147,-7.286676,112.796074,0.91,1.052,0.155,-43.39,-43.02,189.51,189.51,0.00,-39.91,0,0.0,0.02,-0.04,0.99,-7.01,1.09,16.05,3059,0,11.67,12.07,0,1
1816.247,-7.286677,112.796073,1.16,1.110,0.408,-43.03,-42.48,188.04,188.04,0.00,-39.83,0,0.0,0.02,-0.04,0.99,-4.39,1.09,16.35,3059,0,11.53,12.09,0,1
1816.347,-7.286678,112.796073,1.08,1.101,0.269,-42.56,-42.96,186.50,186.50,0.00,-39.91,0,0.0,0.02,-0.05,0.98,0.97,0.30,16.84,3059,0,11.42,12.03,0,1
1816.447,-7.286679,112.796074,0.99,1.069,-0.149,-42.56,-42.78,184.93,184.93,0.00,-36.04,0,0.0,0.02,-0.03,0.98,4.69,0.36,17.27,3059,0,11.68,12.01,0,1
1816.547,-7.286680,112.796073,1.12,1.103,0.227,-39.88,-40.41,183.34,183.34,0.00,-21.29,0,0.0,0.02,-0.03,1.00,5.00,0.24,17.57,3059,0,11.63,12.14,0,1
1816.647,-7.286680,112.796073,0.95,0.767,0.181,-29.88,-29.36,181.73,181.73,0.00,-3.54,0,0.0,0.01,0.00,0.99,3.11,0.67,17.63,3059,0,11.60,11.93,0,1
1816.747,-7.286682,112.796073,1.06,1.201,0.140,-14.35,-14.45,180.14,180.14,0.00,0.40,0,0.0,0.01,-0.01,0.99,-3.35,1.70,17.27,3059,0,11.61,12.09,0,1
1816.847,-7.286682,112.796073,1.06,0.838,0.120,-1.86,-1.97,178.62,178.62,0.00,0.40,0,0.0,0.01,0.00,1.00,-10.19,1.58,16.17,3059,0,11.51,11.97,0,1
1816.947,-7.286684,112.796072,1.20,1.235,0.459,-2.45,-2.51,177.33,177.33,0.00,0.32,0,0.0,0.00,-0.04,0.99,-14.40,1.28,15.19,3000,0,11.43,12.03,0,1
1817.047,-7.286685,112.796072,1.01,1.190,0.365,-1.68,-2.75,175.96,175.96,0.00,0.24,0,0.0,0.00,-0.06,0.98,-11.47,0.06,14.40,3000,0,11.44,12.02,0,1
1817.147,-7.286685,112.796072,1.03,0.826,0.275,-2.27,-2.51,174.62,174.62,0.00,0.40,0,0.0,0.00,-0.09,0.99,-2.31,-0.61,13.85,3000,0,11.59,12.00,0,1
1817.247,-7.286687,112.796072,1.18,1.237,0.283,-2.10,-2.33,173.32,173.32,0.00,18.46,0,0.0,0.01,-0.08,1.00,6.95,-0.79,13.42,3059,0,11.54,12.09,0,1
1817.347,-7.286687,112.796072,0.98,0.861,0.217,8.07,7.58,172.07,172.07,0.00,40.00,0,0.0,0.00,-0.06,0.98,12.45,-0.79,12.81,3059,0,11.62,12.07,0,1
1817.447,-7.286688,112.796071,1.00,0.877,0.543,25.68,26.94,170.96,170.96,0.00,40.00,0,0.0,0.01,0.00,0.99,6.95,-0.30,11.23,3059,0,11.61,11.97,0,1
1817.547,-7.286689,112.796071,1.23,0.937,0.447,39.19,39.83,170.09,170.09,0.00,40.00,0,0.0,0.01,0.00,0.98,-4.76,-0.06,8.36,3059,0,11.57,11.93,0,1
1817.647,-7.286690,112.796071,0.91,0.980,0.381,37.94,37.75,169.46,169.46,0.00,40.00,0,0.0,0.01,-0.02,0.99,-13.85,0.06,6.22,3059,0,11.46,12.04,0,1
1817.747,-7.286691,112.796071,1.02,1.011,0.336,37.82,38.17,168.99,168.99,0.00,40.00,0,0.0,0.01,-0.07,0.99,-11.77,0.24,4.76,3059,0,11.68,12.08,0,1
1817.847,-7.286691,112.796071,1.02,0.706,0.240,38.24,38.05,168.61,168.61,0.00,40.00,0,0.0,0.01,-0.09,0.99,-2.92,-0.06,3.66,3059,0,11.67,12.12,0,1
1817.947,-7.286693,112.796071,0.95,1.147,0.306,38.18,38.29,168.31,168.31,0.00,40.00,0,0.0,0.01,-0.07,0.99,8.97,-0.54,2.74,3059,0,11.51,12.09,0,1
1818.047,-7.286694,112.796071,1.08,1.129,0.285,37.70,38.05,168.11,168.11,0.00,40.00,0,0.0,0.01,-0.05,0.98,15.07,-0.73,2.01,3059,0,11.51,12.01,0,1
1818.147,-7.286695,112.796071,0.91,1.116,0.270,37.52,38.11,168.04,168.04,0.00,40.00,0,0.0,0.01,-0.02,0.99,14.16,-0.42,0.91,3059,0,11.58,12.07,0,1
1818.247,-7.286696,112.796071,1.06,1.108,0.257,38.00,38.05,168.10,168.10,0.00,40.00,0,0.0,0.01,0.01,1.00,6.40,-0.42,-0.12,3059,0,11.68,11.96,0,1
1818.347,-7.286696,112.796071,1.07,0.776,0.177,37.64,37.81,168.32,168.32,0.00,40.00,0,0.0,0.01,0.02,0.98,-4.02,0.30,-1.40,3059,0,11.53,11.97,0,1
1818.447,-7.286697,112.796071,1.04,0.871,0.186,37.82,37.81,168.64,168.64,0.00,40.00,0,0.0,0.01,0.00,0.99,-10.31,0.67,-2.38,3059,0,11.57,11.94,0,1
1818.547,-7.286698,112.796072,1.04,1.001,-0.135,37.94,38.05,169.03,169.03,0.00,40.00,0,0.0,0.01,-0.02,0.99,-10.00,0.42,-3.47,3059,0,11.68,12.05,0,1
1818.647,-7.286699,112.796071,1.00,0.968,0.286,37.94,38.11,169.50,169.50,0.00,40.00,0,0.0,0.01,-0.04,0.99,-4.69,0.42,-4.57,3059,0,11.56,12.10,0,1
1818.747,-7.286700,112.796072,1.00,1.065,-0.075,38.06,37.81,170.06,170.06,0.00,40.00,0,0.0,0.01,-0.04,1.00,3.23,-0.12,-5.37,3059,0,11.55,12.12,0,1
1818.847,-7.286700,112.796072,1.00,0.745,-0.060,37.94,38.17,170.68,170.68,0.00,40.00,0,0.0,0.01,-0.03,1.00,10.98,-0.91,-5.98,3059,0,11.72,12.08,0,1
1818.947,-7.286702,112.796072,0.98,1.180,0.051,37.94,38.53,171.38,171.38,0.00,40.00,0,0.0,0.01,0.00,0.98,12.69,-0.67,-6.22,3059,0,11.53,11.94,0,1
1819.047,-7.286703,112.796072,1.06,1.157,0.070,38.06,38.35,172.16,172.16,0.00,40.00,0,0.0,0.02,0.02,0.98,8.23,-0.42,-6.89,3059,0,11.55,12.04,0,1
1819.147,-7.286704,112.796072,1.02,1.142,0.077,37.70,37.99,173.02,173.02,0.00,40.00,0,0.0,0.02,0.04,0.98,0.67,0.00,-7.62,3059,0,11.68,12.12,0,1
1819.247,-7.286705,112.796072,1.07,1.132,0.076,37.64,37.99,173.96,173.96,0.00,40.00,0,0.0,0.01,0.04,0.98,-6.34,-0.12,-8.23,3000,0,11.51,12.02,0,1
1819.347,-7.286706,112.796072,1.09,1.125,0.069,37.70,37.87,174.94,174.94,0.00,40.00,0,0.0,0.02,0.01,0.99,-9.15,0.18,-8.97,3000,0,11.64,12.10,0,1
1819.447,-7.286707,112.796072,1.07,1.121,0.058,37.70,37.99,175.97,175.97,0.00,40.00,0,0.0,0.01,-0.01,0.99,-7.01,0.42,-9.58,3059,0,11.67,12.04,0,1
1819.547,-7.286708,112.796072,1.17,1.119,0.043,37.70,37.81,177.05,177.05,0.00,40.00,0,0.0,0.02,0.00,1.00,-1.64,0.00,-10.31,3059,0,11.49,12.00,0,1
1819.647,-7.286709,112.796072,1.01,1.117,0.025,37.52,37.58,178.18,178.18,0.00,40.00,0,0.0,0.01,0.00,0.98,5.55,-0.30,-10.80,3059,0,11.51,12.08,0,1
1819.747,-7.286710,112.796072,1.16,1.116,0.005,37.64,37.40,179.36,179.36,0.00,40.00,0,0.0,0.02,0.01,0.98,9.09,-0.24,-11.29,3059,0,11.54,11.95,0,1
1819.847,-7.286710,112.796072,1.16,0.781,-0.014,38.12,37.75,180.62,180.62,0.00,40.00,0,0.0,0.02,0.02,0.99,8.36,-0.73,-11.71,3059,0,11.48,11.98,0,1
1819.947,-7.286712,112.796073,1.10,1.202,-0.376,37.82,37.87,181.95,181.95,0.00,40.00,0,0.0,0.02,0.04,0.98,3.78,-1.03,-12.26,3059,0,11.67,12.05,0,1
1820.047,-7.286713,112.796072,1.14,1.187,0.028,38.18,37.70,183.33,183.33,0.00,40.00,0,0.0,0.02,0.05,0.98,-1.03,-0.61,-12.81,3059,0,11.45,11.99,0,1
1820.147,-7.286714,112.796073,0.92,1.136,-0.359,37.82,37.81,184.78,184.78,0.00,40.00,0,0.0,0.02,0.04,0.98,-5.00,-0.36,-13.24,3119,0,11.54,11.99,0,1
1820.247,-7.286715,112.796072,1.05,1.156,0.021,37.70,37.75,186.26,186.26,0.00,40.00,0,0.0,0.02,0.03,0.99,-5.49,-0.18,-13.61,3119,0,11.53,11.94,0,1
1820.347,-7.286716,112.796072,1.14,1.140,-0.052,37.52,37.75,187.76,187.76,0.00,40.00,0,0.0,0.01,0.03,0.99,-2.25,0.00,-13.91,3119,0,11.57,11.97,0,1
1820.447,-7.286717,112.796073,1.07,1.072,-0.438,38.06,37.75,189.29,189.29,0.00,40.00,0,0.0,0.02,0.01,0.98,0.48,-0.24,-14.28,3059,0,11.60,12.00,0,1
1820.547,-7.286718,112.796072,1.02,1.132,-0.064,37.52,37.81,190.84,190.84,0.00,40.00,0,0.0,0.02,0.01,1.00,3.72,-0.97,-14.64,3059,0,11.62,11.98,0,1
1820.647,-7.286719,112.796072,1.03,1.117,-0.139,37.58,37.93,192.42,192.42,0.00,40.00,0,0.0,0.02,0.02,0.99,4.63,-1.22,-14.89,3059,0,11.62,12.00,0,1
1820.747,-7.286720,112.796073,1.09,1.022,-0.521,38.06,38.05,194.04,194.04,0.00,40.00,0,0.0,0.02,0.04,0.99,3.05,-1.03,-15.31,3059,0,11.51,12.01,0,1
1820.847,-7.286720,112.796073,1.09,0.704,-0.385,37.70,37.87,195.70,195.70,0.00,40.00,0,0.0,0.02,0.06,0.99,0.73,-0.73,-15.56,3059,0,11.54,12.05,0,1
1820.947,-7.286722,112.796072,1.25,1.220,-0.168,38.12,37.70,197.42,197.42,0.00,40.00,0,0.0,0.02,0.06,0.98,-3.11,-0.42,-16.23,3119,0,11.56,11.94,0,1
1821.047,-7.286723,112.796072,1.14,1.165,-0.255,37.88,37.81,199.23,199.23,0.00,40.00,0,0.0,0.03,0.04,0.99,-5.92,-0.42,-17.27,3119,0,11.49,11.94,0,1
1821.147,-7.286724,112.796072,1.04,1.121,-0.325,38.00,37.46,201.08,201.08,0.00,40.00,0,0.0,0.02,0.04,0.99,-4.39,-0.30,-17.88,3059,0,11.48,12.00,0,1
1821.247,-7.286725,112.796071,1.10,1.213,-0.079,37.94,37.70,202.98,202.98,0.00,40.00,0,0.0,0.02,0.03,0.99,-0.91,-0.12,-18.31,3059,0,11.58,12.06,0,1
1821.347,-7.286726,112.796071,1.10,1.149,-0.225,37.58,37.87,204.93,204.93,0.00,40.00,0,0.0,0.02,0.03,0.98,2.01,-0.54,-18.79,3059,0,11.66,11.97,0,1
1821.447,-7.286727,112.796071,0.99,1.096,-0.336,37.70,37.99,206.92,206.92,0.00,40.00,0,0.0,0.02,0.02,1.00,4.69,-0.79,-19.10,3059,0,11.60,11.98,0,1
1821.547,-7.286728,112.796071,1.09,1.050,-0.424,36.81,38.05,208.95,208.95,0.00,40.00,0,0.0,0.02,0.05,0.99,5.18,-1.22,-19.59,3059,0,11.71,12.37,0,1
1821.647,-7.286729,112.796071,0.98,1.010,-0.495,37.70,38.05,211.03,211.03,0.00,40.00,0,0.0,0.02,0.06,0.99,3.29,-1.46,-19.89,3119,0,11.64,11.99,0,1
1821.747,-7.286730,112.796071,1.00,0.973,-0.555,37.82,37.75,213.15,213.15,0.00,40.00,0,0.0,0.02,0.06,0.97,0.30,-1.09,-20.08,3119,0,11.61,12.02,0,1
1821.847,-7.286730,112.796071,1.00,0.666,-0.414,37.94,38.70,215.29,215.29,0.00,40.00,0,0.0,0.02,0.08,0.98,-2.50,-0.73,-20.38,3119,0,11.59,11.94,0,1
1821.947,-7.286732,112.796070,1.15,1.186,-0.450,37.40,37.93,217.47,217.47,0.00,40.00,0,0.0,0.02,0.07,0.99,-3.78,-0.97,-20.69,3059,0,11.45,12.00,0,1
1822.047,-7.286732,112.796070,0.87,0.817,-0.347,37.70,38.05,219.66,219.66,0.00,40.00,0,0.0,0.02,0.04,0.98,-2.86,-1.15,-20.87,3059,0,11.50,11.97,0,1
1822.147,-7.286733,112.796069,1.00,1.032,-0.241,36.87,37.04,221.87,221.87,0.00,40.00,0,0.0,0.02,0.05,0.98,-0.36,-1.15,-21.17,3059,0,11.63,12.01,0,1
1822.247,-7.286734,112.796069,1.10,0.955,-0.429,37.76,37.81,224.09,224.09,0.00,40.00,0,0.0,0.02,0.03,0.99,1.70,-0.91,-21.30,3059,0,11.53,12.01,0,1
1822.347,-7.286735,112.796069,0.84,0.886,-0.567,37.70,37.70,226.32,226.32,0.00,40.00,0,0.0,0.02,0.04,0.98,2.86,-1.09,-21.17,3059,0,11.58,12.05,0,1
1822.447,-7.286736,112.796068,1.04,1.073,-0.452,37.64,37.75,228.55,228.55,0.00,40.00,0,0.0,0.02,0.05,0.98,2.86,-1.52,-21.17,3119,0,11.61,12.06,0,1
1822.547,-7.286736,112.796067,0.89,0.995,-0.136,37.58,37.75,230.80,230.80,0.00,40.00,0,0.0,0.02,0.07,0.99,1.46,-1.58,-21.36,3119,0,11.49,11.98,0,1
1822.647,-7.286737,112.796067,0.79,0.893,-0.389,37.76,37.93,233.06,233.06,0.00,40.00,0,0.0,0.02,0.07,0.98,-0.48,-0.91,-21.17,3059,0,11.68,12.05,0,1
1822.747,-7.286738,112.796066,0.94,1.075,-0.383,37.70,37.87,235.32,235.32,0.00,40.00,0,0.0,0.02,0.06,0.98,-2.31,-1.09,-21.42,3059,0,11.60,11.94,0,1
1822.847,-7.286738,112.796066,0.94,0.742,-0.298,37.88,38.11,237.59,237.59,0.00,40.00,0,0.0,0.02,0.06,0.97,-2.13,-0.73,-21.60,3059,0,11.48,12.02,0,1
1822.947,-7.286739,112.796065,0.98,0.964,-0.351,37.46,38.23,239.87,239.87,0.00,40.00,0,0.0,0.02,0.06,0.99,-0.91,-0.91,-21.60,3059,0,11.58,12.12,0,1
1823.047,-7.286739,112.796065,0.85,0.665,-0.272,37.46,38.05,242.14,242.14,0.00,40.00,0,0.0,0.02,0.06,1.00,0.30,-1.15,-21.60,3059,0,11.60,11.94,0,1
1823.147,-7.286740,112.796065,0.74,0.601,-0.510,37.94,37.87,244.43,244.43,0.00,40.00,0,0.0,0.02,0.05,0.98,1.70,-1.52,-21.91,3119,0,11.51,11.92,0,1
1823.247,-7.286740,112.796064,0.85,0.710,-0.243,37.58,37.93,246.72,246.72,0.00,40.00,0,0.0,0.02,0.06,0.97,1.46,-1.40,-21.85,3119,0,11.54,12.06,0,1
1823.347,-7.286741,112.796064,0.78,0.609,-0.501,39.13,37.58,249.02,249.02,0.00,40.00,0,0.0,0.02,0.05,0.99,0.73,-1.34,-21.91,3119,0,11.56,11.99,0,1
1823.447,-7.286741,112.796063,0.59,0.726,-0.262,37.82,38.11,251.33,251.33,0.00,40.00,0,0.0,0.02,0.05,0.98,-0.61,-1.77,-22.03,3059,0,11.37,12.02,0,1
1823.547,-7.286742,112.796063,0.72,0.594,-0.524,38.18,37.81,253.66,253.66,0.00,40.00,0,0.0,0.02,0.06,0.98,-1.09,-1.22,-22.27,3059,0,11.72,12.07,0,1
1823.647,-7.286742,112.796062,0.77,0.721,-0.303,37.46,37.40,256.00,256.00,0.00,40.00,0,0.0,0.02,0.07,0.99,-1.40,-1.40,-22.33,3059,0,11.61,12.02,0,1
1823.747,-7.286742,112.796061,0.83,0.820,-0.166,37.70,38.35,258.35,258.35,0.00,40.00,0,0.0,0.02,0.05,0.98,-1.46,-1.34,-22.39,3059,0,11.61,11.99,0,1
1823.847,-7.286742,112.796061,0.83,0.569,-0.140,37.76,38.23,260.69,260.69,0.00,40.00,0,0.0,0.02,0.05,0.98,-0.61,-1.40,-22.39,3119,0,11.66,12.09,0,1
1823.947,-7.286743,112.796060,0.66,0.763,-0.405,38.06,37.93,263.04,263.04,0.00,40.00,0,0.0,0.02,0.05,0.99,0.48,-1.46,-22.39,3119,0,11.57,12.00,0,1
1824.047,-7.286743,112.796060,0.75,0.522,-0.305,37.58,38.35,265.39,265.39,0.00,40.00,0,0.0,0.02,0.04,0.97,1.52,-1.22,-22.33,3119,0,11.56,11.98,0,1
1824.147,-7.286744,112.796059,0.81,0.700,-0.549,38.00,37.93,267.73,267.73,0.00,40.00,0,0.0,0.02,0.05,0.97,1.09,-1.28,-22.33,3059,0,11.43,11.93,0,1
1824.247,-7.286744,112.796058,0.87,0.805,-0.404,37.82,37.81,270.06,270.06,0.00,40.00,0,0.0,0.02,0.06,0.97,0.06,-1.34,-22.21,3059,0,11.61,12.07,0,1
1824.347,-7.286744,112.796058,0.76,0.551,-0.305,37.46,38.17,272.39,272.39,0.00,40.00,0,0.0,0.02,0.08,0.97,-0.67,-1.58,-22.33,3059,0,11.51,12.02,0,1
1824.447,-7.286744,112.796057,0.83,0.707,-0.257,37.94,37.99,274.74,274.74,0.00,40.00,0,0.0,0.02,0.06,1.00,-1.34,-1.15,-22.39,3059,0,11.51,12.00,0,1
1824.547,-7.286744,112.796056,0.85,0.815,-0.241,38.24,37.81,277.09,277.09,0.00,40.00,0,0.0,0.02,0.06,0.98,-2.56,-1.03,-22.39,3059,0,11.69,11.98,0,1
1824.647,-7.286745,112.796055,0.82,0.835,-0.575,37.76,37.87,279.44,279.44,0.00,40.00,0,0.0,0.02,0.05,0.98,-1.03,-0.79,-22.33,3059,0,11.55,12.03,0,1
1824.747,-7.286745,112.796054,0.72,0.891,-0.494,38.53,38.11,281.78,281.78,0.00,40.00,0,0.0,0.02,0.04,0.99,0.79,-0.91,-22.33,3059,0,11.63,12.04,0,1
1824.847,-7.286745,112.796054,0.72,0.609,-0.371,38.12,37.81,284.12,284.12,0.00,-18.22,0,0.0,0.02,0.06,0.99,2.13,-1.64,-22.21,3000,0,11.68,12.02,0,1
1824.947,-7.286745,112.796053,0.70,0.733,-0.370,38.65,34.96,286.44,286.44,0.00,-1.85,0,0.0,0.02,0.06,0.98,1.89,-1.83,-22.09,3000,0,11.58,11.60,0,1
1825.047,-7.286745,112.796052,0.75,0.816,-0.385,14.32,12.09,288.70,288.70,0.00,0.32,0,0.0,0.01,0.04,1.00,4.39,-1.15,-20.75,3000,0,11.67,11.86,0,1
1825.147,-7.286745,112.796051,0.95,0.870,-0.407,1.64,-0.73,290.77,290.77,0.00,0.40,0,0.0,0.01,0.05,0.99,8.97,-2.01,-18.43,3000,0,11.63,12.01,0,1
1825.247,-7.286745,112.796051,0.83,0.600,-0.305,-2.33,-2.63,292.64,292.64,0.00,0.32,0,0.0,0.01,0.08,0.98,10.31,-2.99,-16.72,3059,0,11.50,11.98,0,1
1825.347,-7.286744,112.796050,0.76,0.852,-0.058,-2.33,-2.39,294.35,294.35,0.00,0.24,0,0.0,0.01,0.09,0.98,4.27,-2.80,-15.50,3000,0,11.54,12.02,0,1
1825.447,-7.286744,112.796049,0.93,0.893,-0.202,-1.92,-2.45,295.96,295.96,0.00,0.24,0,0.0,0.04,0.10,0.98,-6.83,-2.68,-14.64,2940,0,11.68,12.07,0,1
1825.547,-7.286744,112.796048,0.79,0.914,-0.312,-2.10,-1.91,297.53,297.53,0.00,0.48,0,0.0,0.04,0.08,0.98,-16.84,-1.89,-14.64,2640,0,11.44,12.02,0,1
1825.647,-7.286744,112.796047,0.85,0.923,-0.397,-2.10,-2.63,299.11,299.11,0.00,0.32,0,0.0,0.04,0.04,0.99,-19.53,-0.54,-14.46,2340,0,11.60,11.99,0,1
1825.747,-7.286744,112.796047,0.82,0.638,-0.295,-2.45,-2.33,300.67,300.67,0.00,0.40,0,0.0,0.04,0.00,1.00,-13.06,0.18,-14.03,2040,0,11.53,11.97,0,1
1825.847,-7.286744,112.796047,0.82,0.441,-0.218,-2.16,-2.33,302.18,302.18,0.00,-25.72,0,0.0,0.03,-0.02,0.99,-0.79,0.00,-13.30,1740,0,11.61,12.01,0,1
1825.947,-7.286743,112.796046,0.70,0.765,-0.066,-5.25,-6.73,303.63,303.63,0.00,-39.75,0,0.0,0.03,-0.01,0.98,10.92,-0.67,-12.57,1440,0,11.54,11.43,0,1
1826.047,-7.286743,112.796045,0.74,0.805,-0.249,-31.73,-31.85,305.00,305.00,0.00,-39.91,0,0.0,0.03,0.02,0.98,16.35,-1.58,-11.96,1139,0,11.63,12.01,0,1
1826.147,-7.286743,112.796044,0.62,0.827,-0.382,-41.43,-41.65,306.27,306.27,0.00,-39.83,0,0.0,0.03,0.06,0.99,12.93,-1.83,-11.04,839,0,11.49,11.73,0,1
1826.247,-7.286742,112.796043,0.57,1.038,-0.216,-42.20,-42.60,307.47,307.47,0.00,-39.83,0,0.0,0.04,0.08,0.99,2.44,-1.34,-10.68,480,0,11.51,12.02,0,1
1826.347,-7.286742,112.796043,0.63,0.724,-0.166,-42.73,-43.08,308.61,308.61,0.00,-39.83,0,0.0,0.04,0.07,0.99,-9.15,-0.36,-10.31,240,0,11.60,12.21,0,1
1826.447,-7.286742,112.796042,0.55,0.759,-0.338,-42.79,-42.48,309.74,309.74,0.00,-39.67,0,0.0,0.03,0.04,0.99,-16.05,0.36,-10.00,0,0,11.54,11.97,0,1
1826.547,-7.286741,112.796042,0.63,0.745,0.006,-42.67,-42.48,310.84,310.84,0.00,-39.83,0,0.0,0.03,0.00,0.98,-14.64,0.73,-9.58,0,0,11.51,11.94,0,1
1826.647,-7.286741,112.796041,0.52,0.767,-0.227,-42.97,-42.66,311.92,311.92,0.00,-39.75,0,0.0,0.03,-0.02,0.98,-6.16,0.36,-9.09,0,0,11.56,11.96,0,1
1826.747,-7.286741,112.796041,0.51,0.534,-0.168,-42.85,-42.78,312.96,312.96,0.00,-39.75,0,0.0,0.03,-0.02,0.99,4.39,-0.30,-8.48,0,0,11.54,12.07,0,1
1826.847,-7.286741,112.796041,0.51,0.372,-0.124,-42.62,-42.78,313.95,313.95,0.00,-39.75,0,0.0,0.03,0.00,0.99,11.90,-0.85,-7.93,0,0,11.61,12.13,0,1
1826.947,-7.286740,112.796040,0.54,0.729,-0.088,-42.79,-42.60,314.87,314.87,0.00,-34.59,0,0.0,0.03,0.02,0.99,12.87,-1.03,-7.56,0,0,11.51,12.05,0,1
1827.047,-7.286740,112.796040,0.58,0.509,-0.069,-38.45,-38.62,315.73,315.73,0.00,0.32,0,0.0,0.03,0.05,0.99,6.83,-0.97,-7.26,0,0,11.67,11.99,0,1
1827.147,-7.286740,112.796039,0.45,0.583,-0.294,-21.73,-23.60,316.56,316.56,0.00,0.32,0,0.0,0.03,0.06,0.99,-2.25,-0.61,-7.08,0,0,11.60,11.60,0,1
1827.247,-7.286739,112.796039,0.56,0.651,0.014,-0.43,-2.81,317.37,317.37,0.00,0.32,0,0.0,0.03,0.04,0.99,-10.00,-0.06,-7.14,0,0,11.54,11.74,0,1
1827.347,-7.286739,112.796038,0.56,0.676,-0.243,-2.51,-2.57,318.21,318.21,0.00,0.32,0,0.0,0.03,0.01,0.98,-12.45,0.12,-7.14,0,0,11.61,12.10,0,1
1827.447,-7.286739,112.796038,0.58,0.471,-0.177,-2.27,-1.14,319.07,319.07,0.00,0.24,0,0.0,0.02,0.00,0.99,-8.30,0.06,-7.20,0,0,11.66,12.00,0,1
1827.547,-7.286738,112.796037,0.48,0.796,-0.168,-2.27,-2.39,319.94,319.94,0.00,0.32,0,0.0,0.02,-0.02,0.99,-0.30,-0.18,-7.08,0,0,11.60,12.00,0,1
1827.647,-7.286738,112.796037,0.66,0.555,-0.126,-2.39,-2.51,320.80,320.80,0.00,0.32,0,0.0,0.02,-0.01,0.99,7.26,-0.54,-6.95,0,0,11.49,12.03,0,1
1827.747,-7.286738,112.796036,0.55,0.593,-0.353,-1.98,-2.15,321.65,321.65,0.00,0.24,0,0.0,0.02,0.00,0.99,10.49,-0.61,-6.89,0,0,11.68,12.02,0,1
1827.847,-7.286738,112.796036,0.55,0.411,-0.253,-1.86,-2.39,322.46,322.46,0.00,0.32,0,0.0,0.02,0.03,0.99,8.11,-0.67,-6.77,0,0,11.64,12.01,0,1
1827.947,-7.286737,112.796036,0.38,0.553,0.018,-2.45,-2.45,323.25,323.25,0.00,0.40,0,0.0,0.02,0.04,0.99,1.70,-0.30,-6.65,0,0,11.53,12.09,0,1
1828.047,-7.286737,112.796035,0.50,0.581,-0.260,-2.63,-2.21,324.01,324.01,0.00,0.40,0,0.0,0.02,0.04,0.98,-5.00,0.00,-6.71,0,0,11.37,12.05,0,1
1828.147,-7.286736,112.796035,0.39,0.677,0.005,-2.04,-2.51,324.80,324.80,0.00,0.40,0,0.0,0.02,0.02,0.98,-8.72,0.00,-6.71,0,0,11.68,12.05,0,1
1828.247,-7.286736,112.796035,0.52,0.474,-0.003,-2.21,-2.27,325.60,325.60,0.00,0.32,0,0.0,0.02,0.00,0.98,-7.81,0.00,-6.53,0,0,11.62,12.01,0,1
1828.347,-7.286736,112.796034,0.48,0.515,-0.283,-2.39,-2.45,326.41,326.41,0.00,0.40,0,0.0,0.02,0.00,0.99,-3.41,-0.18,-6.59,0,0,11.55,12.07,0,1
1828.447,-7.286735,112.796034,0.45,0.638,-0.022,-2.16,-2.33,327.22,327.22,0.00,0.32,0,0.0,0.02,-0.01,0.99,2.19,-0.36,-6.46,0,0,11.46,12.05,0,1
1828.547,-7.286735,112.796033,0.50,0.622,-0.302,-2.33,-2.63,328.00,328.00,0.00,0.24,0,0.0,0.02,0.00,0.99,6.22,-0.42,-6.16,0,0,11.43,12.06,0,1
1828.647,-7.286735,112.796033,0.51,0.432,-0.217,-2.27,-2.33,328.75,328.75,0.00,-4.51,0,0.0,0.02,0.01,0.99,6.71,-0.30,-5.98,0,0,11.66,12.00,0,1
1828.747,-7.286734,112.796033,0.43,0.588,0.014,-4.36,-4.59,329.46,329.46,0.00,-10.32,0,0.0,0.02,0.02,0.99,3.90,-0.24,-5.67,0,0,11.54,11.99,0,1
1828.847,-7.286734,112.796033,0.43,0.412,0.005,-10.90,-10.11,330.15,330.15,0.00,-10.32,0,0.0,0.02,0.03,0.98,-0.42,-0.36,-5.79,0,0,11.67,12.02,0,1
1828.947,-7.286734,112.796032,0.43,0.449,-0.289,-12.63,-12.61,330.85,330.85,0.00,-7.66,0,0.0,0.02,0.03,0.98,-4.33,-0.61,-5.98,0,0,11.54,12.05,0,1
1829.047,-7.286733,112.796032,0.49,0.605,-0.048,-11.38,-10.59,331.58,331.58,0.00,-15.56,0,0.0,0.02,0.02,0.98,-6.16,-0.61,-6.16,0,0,11.50,12.02,0,1
1829.147,-7.286733,112.796032,0.30,0.423,-0.039,-14.83,-15.52,332.33,332.33,0.00,-22.01,0,0.0,0.02,0.00,1.00,-5.31,-0.24,-6.22,0,0,11.49,12.08,0,1
1829.247,-7.286733,112.796031,0.40,0.446,-0.326,-21.20,-21.40,333.08,333.08,0.00,-28.95,0,0.0,0.02,-0.01,1.00,-2.38,0.30,-5.85,0,0,11.51,12.09,0,1
1829.347,-7.286733,112.796031,0.41,0.309,-0.232,-28.39,-28.59,333.79,333.79,0.00,-32.25,0,0.0,0.02,-0.01,1.00,1.70,0.91,-5.31,0,0,11.73,12.02,0,1
1829.447,-7.286732,112.796031,0.43,0.515,-0.021,-30.78,-33.57,334.44,334.44,0.00,-33.14,0,0.0,0.02,0.00,0.98,5.24,0.54,-4.76,0,0,11.56,12.01,0,1
1829.547,-7.286732,112.796031,0.36,0.361,-0.018,-36.01,-35.48,335.03,335.03,0.00,-35.96,0,0.0,0.02,0.01,0.97,6.28,-0.48,-4.51,0,0,11.59,11.98,0,1
1829.647,-7.286732,112.796030,0.42,0.389,-0.317,-37.26,-37.67,335.63,335.63,0.00,-39.83,0,0.0,0.02,0.03,0.97,4.21,-1.70,-4.82,0,0,11.67,12.02,0,1
1829.747,-7.286731,112.796030,0.46,0.575,-0.090,-41.54,-41.36,336.25,336.25,0.00,-39.91,0,0.0,0.02,0.04,0.99,-0.61,-2.07,-5.24,0,0,11.62,12.25,0,1
1829.847,-7.286731,112.796030,0.46,0.402,-0.068,-42.67,-42.78,336.90,336.90,0.00,-39.83,0,0.0,0.03,0.02,1.01,-5.61,-0.67,-5.18,0,0,11.62,12.07,0,1
1829.947,-7.286731,112.796030,0.23,0.281,-0.051,-42.62,-42.72,337.52,337.52,0.00,-39.83,0,0.0,0.03,0.00,1.02,-7.99,1.28,-4.82,0,0,11.66,12.02,0,1
1830.047,-7.286730,112.796030,0.27,0.506,0.087,-42.67,-42.54,338.09,338.09,0.00,-39.83,0,0.0,0.02,-0.01,1.00,-5.98,2.31,-3.96,0,0,11.67,12.07,0,1
1830.147,-7.286730,112.796030,0.24,0.355,0.058,-42.79,-43.08,338.62,338.62,0.00,-39.83,0,0.0,0.01,-0.01,0.96,-0.30,1.15,-3.60,0,0,11.64,12.05,0,1
1830.247,-7.286730,112.796029,0.30,0.366,-0.271,-42.14,-42.54,339.17,339.17,0.00,-39.83,0,0.0,0.01,0.00,0.95,5.55,-1.22,-4.02,0,0,11.63,12.03,0,1
1830.347,-7.286729,112.796029,0.39,0.567,-0.077,-42.73,-42.72,339.75,339.75,0.00,-39.83,0,0.0,0.02,0.01,0.97,8.11,-2.92,-4.51,0,0,11.57,12.08,0,1
1830.447,-7.286729,112.796029,0.39,0.397,-0.058,-42.62,-42.72,340.34,340.34,0.00,-39.75,0,0.0,0.03,0.02,1.01,5.55,-2.01,-4.45,0,0,11.68,12.10,0,1
1830.547,-7.286729,112.796029,0.29,0.277,-0.043,-42.50,-42.60,340.88,340.88,0.00,-39.83,0,0.0,0.03,0.02,1.03,-0.24,0.48,-3.96,0,0,11.56,11.99,0,1
1830.647,-7.286729,112.796029,0.33,0.194,-0.032,-42.67,-42.19,341.34,341.34,0.00,-39.91,0,0.0,0.02,0.01,1.00,-5.49,2.56,-3.17,0,0,11.58,12.13,0,1
1830.747,-7.286728,112.796029,0.32,0.452,0.081,-42.85,-42.43,341.76,341.76,0.00,-39.75,0,0.0,0.01,0.01,0.96,-6.65,1.83,-3.11,0,0,11.56,11.99,0,1
1830.847,-7.286728,112.796029,0.32,0.317,0.054,-42.79,-42.66,342.24,342.24,0.00,-39.75,0,0.0,0.00,0.00,0.94,-3.66,-1.03,-3.60,60,0,11.50,12.01,0,1
1830.947,-7.286728,112.796028,0.37,0.320,-0.280,-41.90,-42.66,342.78,342.78,0.00,-39.91,0,0.0,0.01,0.00,0.97,2.07,-2.62,-3.96,240,0,11.54,12.12,0,1
1831.047,-7.286727,112.796028,0.31,0.542,-0.102,-42.62,-42.72,343.31,343.31,0.00,-39.91,0,0.0,0.02,0.00,1.02,6.22,-1.77,-3.35,360,0,11.62,12.12,0,1
1831.147,-7.286727,112.796027,0.38,0.472,-0.392,-42.91,-42.66,343.71,343.71,0.00,-39.67,0,0.0,0.02,0.00,1.03,5.61,1.15,-1.95,539,0,11.63,12.14,0,1
1831.247,-7.286727,112.796027,0.35,0.329,-0.276,-42.56,-42.54,343.96,343.96,0.00,-39.83,0,0.0,0.02,0.01,1.00,2.62,2.99,-0.91,720,0,11.56,12.08,0,1
1831.347,-7.286726,112.796027,0.29,0.551,-0.102,-42.67,-42.48,344.12,344.12,0.00,-39.67,0,0.0,0.00,0.03,0.95,-1.09,1.52,-0.54,900,0,11.45,11.99,0,1
1831.447,-7.286726,112.796027,0.29,0.385,-0.073,-42.14,-42.72,344.31,344.31,0.00,-39.91,0,0.0,0.00,0.03,0.94,-3.17,-1.70,-0.91,1020,0,11.58,12.00,0,1
1831.547,-7.286726,112.796027,0.29,0.269,-0.052,-42.97,-42.37,344.54,344.54,0.00,-39.83,0,0.0,0.01,0.01,0.98,-3.54,-3.29,-1.09,1200,0,11.51,11.97,0,1
1831.647,-7.286725,112.796027,0.40,0.510,0.050,-43.09,-42.66,344.76,344.76,0.00,-39.83,0,0.0,0.03,0.00,1.04,-2.25,-1.64,-0.54,1379,0,11.51,12.01,0,1
1831.747,-7.286725,112.796027,0.40,0.357,0.034,-43.09,-42.72,344.90,344.90,0.00,-39.91,0,0.0,0.02,0.00,1.03,-1.28,1.77,0.54,1559,0,11.62,12.02,0,1
1831.847,-7.286725,112.796027,0.40,0.250,0.024,-42.50,-42.66,344.95,344.95,0.00,-39.91,0,0.0,0.01,0.00,0.99,0.18,3.17,1.15,1620,0,11.55,11.97,0,1
1831.947,-7.286725,112.796027,0.36,0.175,0.017,-42.32,-42.78,344.97,344.97,0.00,-39.83,0,0.0,0.00,0.00,0.95,1.09,1.40,1.34,1620,0,11.44,12.03,0,1
1832.047,-7.286724,112.796027,0.32,0.445,0.098,-42.85,-42.43,344.97,344.97,0.00,-39.91,0,0.0,0.00,0.00,0.95,2.50,-1.58,1.34,1679,0,11.56,12.13,0,1
1832.147,-7.286724,112.796027,0.30,0.311,0.069,-43.15,-42.48,344.98,344.98,0.00,-39.83,0,0.0,0.01,0.00,0.99,3.35,-2.68,1.52,1679,0,11.66,12.01,0,1
1832.247,-7.286724,112.796027,0.32,0.218,0.048,-42.97,-42.66,344.93,344.93,0.00,-40.00,0,0.0,0.02,0.02,1.02,1.22,-1.03,1.95,1679,0,11.59,12.09,0,1
1832.347,-7.286723,112.796027,0.32,0.474,0.121,-42.62,-43.02,344.83,344.83,0.00,-39.91,0,0.0,0.02,0.02,1.01,-2.38,1.15,2.38,1620,0,11.48,12.00,0,1
1832.447,-7.286723,112.796026,0.37,0.419,-0.233,-42.85,-42.84,344.69,344.69,0.00,-39.75,0,0.0,0.01,0.00,0.99,-4.88,1.95,2.86,1679,0,11.51,11.97,0,1
1832.547,-7.286723,112.796026,0.44,0.294,-0.163,-42.38,-42.78,344.53,344.53,0.00,-39.91,0,0.0,0.01,0.00,0.96,-3.72,0.91,3.11,1679,0,11.43,11.98,0,1
1832.647,-7.286722,112.796026,0.34,0.527,-0.023,-42.79,-42.48,344.37,344.37,0.00,-39.91,0,0.0,0.01,0.00,0.97,0.61,-0.67,3.17,1679,0,11.67,12.02,0,1
1832.747,-7.286722,112.796026,0.29,0.369,-0.015,-42.97,-42.90,344.20,344.20,0.00,-39.75,0,0.0,0.01,0.00,1.00,3.66,-1.40,3.23,1679,0,11.62,12.01,0,1
1832.847,-7.286722,112.796026,0.29,0.258,-0.010,-42.44,-42.72,344.00,344.00,0.00,-39.75,0,0.0,0.01,0.01,1.01,3.84,-0.30,3.60,1740,0,11.61,12.07,0,1
1832.947,-7.286721,112.796026,0.50,0.501,0.088,-42.73,-42.72,343.72,343.72,0.00,-39.83,0,0.0,0.01,0.01,1.01,2.07,1.15,4.45,1740,0,11.43,12.02,0,1
1833.047,-7.286721,112.796025,0.36,0.445,-0.254,-42.85,-42.72,343.36,343.36,0.00,-39.75,0,0.0,0.01,0.01,0.98,0.06,1.34,5.18,1800,0,11.66,12.05,0,1
1833.147,-7.286721,112.796025,0.37,0.313,-0.175,-42.79,-42.66,342.95,342.95,0.00,-39.83,0,0.0,0.01,0.02,0.96,-1.46,0.42,5.43,1800,0,11.60,11.98,0,1
1833.247,-7.286720,112.796025,0.47,0.538,-0.021,-43.03,-42.60,342.55,342.55,0.00,-39.75,0,0.0,0.01,0.02,0.99,-2.19,-0.67,5.37,1800,0,11.63,12.04,0,1
1833.347,-7.286720,112.796025,0.54,0.377,-0.012,-42.73,-42.78,342.14,342.14,0.00,-39.83,0,0.0,0.01,0.00,1.00,-2.25,-0.42,5.92,1859,0,11.56,12.07,0,1
1833.447,-7.286719,112.796025,0.54,0.580,0.099,-42.50,-42.48,341.65,341.65,0.00,-39.83,0,0.0,0.01,-0.01,1.01,-1.46,1.09,6.71,1920,0,11.56,12.12,0,1
1833.547,-7.286719,112.796025,0.50,0.406,0.073,-42.67,-42.66,341.10,341.10,0.00,-39.91,0,0.0,0.01,0.00,0.98,-0.06,1.58,7.14,1920,0,11.54,12.07,0,1
1833.647,-7.286719,112.796024,0.38,0.394,-0.258,-43.03,-42.78,340.53,340.53,0.00,-39.91,0,0.0,0.01,0.00,0.97,1.09,0.48,7.26,1979,0,11.60,11.99,0,1
1833.747,-7.286718,112.796024,0.46,0.591,-0.063,-42.79,-42.72,339.93,339.93,0.00,-39.91,0,0.0,0.01,0.00,0.97,3.05,-0.97,7.56,1979,0,11.62,11.97,0,1
1833.847,-7.286718,112.796024,0.46,0.414,-0.040,-43.09,-42.66,339.29,339.29,0.00,-39.83,0,0.0,0.01,0.01,0.99,2.50,-0.61,8.05,1979,0,11.49,12.04,0,1
1833.947,-7.286717,112.796024,0.45,0.601,0.098,-42.20,-42.72,338.59,338.59,0.00,-39.83,0,0.0,0.02,0.01,1.01,-0.54,0.73,8.66,2040,0,11.62,12.05,0,1
1834.047,-7.286717,112.796024,0.37,0.420,0.074,-42.97,-42.78,337.84,337.84,0.00,-39.83,0,0.0,0.02,0.00,1.00,-2.44,1.64,9.03,1979,0,11.63,12.10,0,1
1834.147,-7.286716,112.796024,0.50,0.600,0.186,-42.62,-43.14,337.06,337.06,0.00,-39.83,0,0.0,0.01,0.00,0.98,-2.50,1.34,9.52,2040,0,11.60,12.17,0,1
1834.247,-7.286716,112.796024,0.43,0.418,0.136,-42.73,-42.96,336.23,336.23,0.00,-39.83,0,0.0,0.01,0.00,0.97,-0.36,0.12,9.88,2040,0,11.43,11.94,0,1
1834.347,-7.286716,112.796024,0.51,0.291,0.100,-42.50,-42.37,335.39,335.39,0.00,-39.83,0,0.0,0.01,0.00,0.98,1.70,-0.73,9.94,2040,0,11.64,12.07,0,1
1834.447,-7.286715,112.796023,0.48,0.646,-0.083,-43.03,-42.90,334.55,334.55,0.00,-39.83,0,0.0,0.01,0.00,1.00,1.34,-0.73,9.94,1979,0,11.49,12.04,0,1
1834.547,-7.286715,112.796023,0.44,0.453,-0.051,-43.09,-42.90,333.67,333.67,0.00,-39.83,0,0.0,0.02,0.00,1.03,0.30,0.85,10.68,2040,0,11.54,12.12,0,1
1834.647,-7.286714,112.796023,0.49,0.614,0.123,-42.79,-43.08,332.66,332.66,0.00,-39.91,0,0.0,0.02,-0.01,1.02,-1.28,3.35,12.02,1979,0,11.66,12.06,0,1
1834.747,-7.286714,112.796023,0.47,0.428,0.094,-43.03,-42.78,331.55,331.55,0.00,-39.83,0,0.0,0.01,0.00,0.96,-0.12,2.31,12.69,2040,0,11.73,12.06,0,1
1834.847,-7.286714,112.796023,0.47,0.298,0.072,-43.21,-43.08,330.45,330.45,0.00,-39.91,0,0.0,0.00,0.02,0.92,1.89,-1.52,12.02,2040,0,11.54,11.93,0,1
1834.947,-7.286713,112.796023,0.55,0.495,0.224,-42.14,-43.08,329.45,329.45,0.00,-39.91,0,0.0,0.01,0.01,0.97,1.58,-4.02,11.10,1979,0,11.60,12.02,0,1
1835.047,-7.286713,112.796022,0.44,0.517,-0.120,-42.85,-42.96,328.46,328.46,0.00,-39.91,0,0.0,0.03,0.00,1.06,-2.07,-0.91,11.84,2040,0,11.50,12.04,0,1
1835.147,-7.286712,112.796022,0.48,0.644,0.104,-42.73,-42.90,327.30,327.30,0.00,-39.83,0,0.0,0.03,-0.02,1.08,-4.82,4.94,13.97,1979,0,11.49,12.04,0,1
1835.247,-7.286712,112.796022,0.54,0.449,0.083,-42.73,-42.66,325.96,325.96,0.00,-39.83,0,0.0,0.01,-0.02,0.98,-1.89,6.28,15.38,1979,0,11.64,12.05,0,1
1835.347,-7.286711,112.796022,0.49,0.585,0.259,-42.91,-43.14,324.63,324.63,0.00,-39.91,0,0.0,0.00,0.01,0.87,4.39,0.06,14.28,2040,0,11.43,12.02,0,1
1835.447,-7.286711,112.796022,0.51,0.406,0.189,-42.73,-42.78,323.48,323.48,0.00,-39.75,0,0.0,0.00,0.03,0.90,6.95,-6.22,12.26,2040,0,11.54,12.10,0,1
1835.547,-7.286710,112.796022,0.41,0.546,0.341,-42.91,-43.08,322.41,322.41,0.00,-39.83,0,0.0,0.03,0.00,1.06,-0.61,-3.90,12.63,1979,0,11.50,11.94,0,1
1835.647,-7.286710,112.796022,0.43,0.377,0.247,-42.79,-43.08,321.15,321.15,0.00,-39.83,0,0.0,0.04,-0.02,1.13,-7.81,4.51,15.07,2040,0,11.57,12.08,0,1
1835.747,-7.286710,112.796022,0.46,0.259,0.180,-42.97,-42.90,319.69,319.69,0.00,-39.91,0,0.0,0.02,-0.03,1.02,-2.38,7.26,16.29,1979,0,11.54,12.08,0,1
1835.847,-7.286709,112.796021,0.55,0.647,0.105,-42.97,-42.84,318.27,318.27,0.00,-39.91,0,0.0,0.00,0.01,0.88,4.82,1.46,14.95,1979,0,11.58,12.07,0,1
1835.947,-7.286709,112.796021,0.48,0.452,0.084,-42.62,-42.72,317.02,317.02,0.00,-39.75,0,0.0,0.00,0.03,0.88,2.68,-4.33,13.61,2040,0,11.66,12.04,0,1
1836.047,-7.286708,112.796021,0.51,0.554,0.298,-42.50,-43.20,315.79,315.79,0.00,-39.83,0,0.0,0.02,0.00,1.03,-4.45,-3.11,14.03,1979,0,11.60,11.99,0,1
1836.147,-7.286708,112.796021,0.51,0.383,0.218,-42.85,-42.90,314.45,314.45,0.00,-39.75,0,0.0,0.03,-0.04,1.08,-2.38,1.77,15.38,2040,0,11.48,12.00,0,1
1836.247,-7.286707,112.796021,0.39,0.492,0.403,-42.97,-43.08,313.02,313.02,0.00,-39.75,0,0.0,0.02,-0.03,1.03,4.76,3.41,15.80,2040,0,11.53,11.93,0,1
1836.347,-7.286707,112.796021,0.33,0.337,0.290,-42.62,-43.02,311.60,311.60,0.00,-39.83,0,0.0,0.01,0.02,0.94,4.02,1.58,15.25,1979,0,11.46,12.04,0,1
1836.447,-7.286707,112.796021,0.44,0.231,0.209,-43.03,-42.66,310.21,310.21,0.00,-39.75,0,0.0,0.01,0.02,0.93,-6.53,0.42,15.38,1979,0,11.42,12.01,0,1
1836.547,-7.286706,112.796021,0.45,0.367,0.410,-42.62,-42.78,308.81,308.81,0.00,-39.83,0,0.0,0.01,-0.02,0.99,-7.62,0.30,15.62,2040,0,11.55,12.08,0,1
1836.647,-7.286706,112.796020,0.51,0.513,0.092,-43.39,-43.14,307.40,307.40,0.00,-39.83,0,0.0,0.01,-0.04,1.03,5.31,-0.48,15.31,1979,0,11.46,12.00,0,1
1836.747,-7.286706,112.796020,0.47,0.357,0.073,-43.15,-42.84,306.01,306.01,0.00,-39.83,0,0.0,0.01,0.00,1.00,11.65,-0.79,15.44,1979,0,11.47,12.03,0,1
1836.847,-7.286706,112.796020,0.47,0.249,0.057,-42.67,-43.08,304.60,304.60,0.00,-39.75,0,0.0,0.02,0.05,0.97,1.09,0.61,15.86,2040,0,11.55,11.98,0,1
1836.947,-7.286705,112.796020,0.44,0.355,0.324,-42.14,-42.90,303.11,303.11,0.00,-39.75,0,0.0,0.01,0.02,0.97,-13.24,2.99,16.41,1979,0,11.60,11.98,0,1
1837.047,-7.286705,112.796019,0.47,0.524,0.060,-42.79,-42.96,301.65,301.65,0.00,-39.83,0,0.0,0.01,-0.04,1.00,-8.17,1.58,15.80,1979,0,11.67,12.01,0,1
1837.147,-7.286704,112.796019,0.54,0.534,0.339,-42.97,-42.96,300.27,300.27,0.00,-39.83,0,0.0,0.01,-0.06,1.02,7.38,-0.54,15.07,1979,0,11.49,12.08,0,1
1837.247,-7.286704,112.796019,0.49,0.368,0.246,-42.62,-42.90,298.91,298.91,0.00,-39.83,0,0.0,0.02,-0.02,1.01,13.42,-0.97,15.50,1979,0,11.67,12.00,0,1
1837.347,-7.286703,112.796019,0.59,0.407,0.475,-43.03,-42.96,297.42,297.42,0.00,-39.83,0,0.0,0.02,0.03,0.96,2.13,1.64,16.84,1979,0,11.60,12.00,0,1
1837.447,-7.286703,112.796019,0.37,0.276,0.340,-42.97,-43.02,295.85,295.85,0.00,-39.75,0,0.0,0.01,0.03,0.93,-10.55,2.25,17.08,2040,0,11.48,12.07,0,1
1837.547,-7.286703,112.796018,0.36,0.488,0.107,-42.97,-42.72,294.35,294.35,0.00,-39.83,0,0.0,0.01,0.00,0.99,-8.78,0.00,15.86,1979,0,11.53,12.00,0,1
1837.647,-7.286702,112.796018,0.56,0.470,0.390,-42.91,-42.78,292.98,292.98,0.00,-39.83,0,0.0,0.01,-0.04,1.03,0.36,-1.28,14.77,1979,0,11.48,12.07,0,1
1837.747,-7.286702,112.796018,0.47,0.323,0.281,-42.44,-42.96,291.64,291.64,0.00,-39.83,0,0.0,0.02,-0.04,1.03,7.20,-0.48,15.25,2040,0,11.54,11.98,0,1
1837.847,-7.286702,112.796017,0.62,0.531,0.088,-43.03,-42.66,290.17,290.17,0.00,-39.75,0,0.0,0.02,-0.02,1.00,5.61,2.38,16.96,1979,0,11.61,12.00,0,1
1837.947,-7.286702,112.796017,0.52,0.370,0.072,-43.27,-42.72,288.55,288.55,0.00,-39.75,0,0.0,0.01,0.00,0.94,0.12,2.92,17.94,1979,0,11.59,11.99,0,1
1838.047,-7.286701,112.796016,0.47,0.671,0.281,-42.97,-42.84,286.91,286.91,0.00,-39.83,0,0.0,0.01,0.02,0.93,-3.41,0.61,17.45,2040,0,11.44,11.98,0,1
1838.147,-7.286701,112.796016,0.45,0.464,0.209,-42.44,-43.02,285.36,285.36,0.00,-39.83,0,0.0,0.01,0.00,0.99,-3.90,-0.85,16.47,1979,0,11.66,12.05,0,1
1838.247,-7.286700,112.796016,0.52,0.401,0.479,-42.79,-42.90,283.89,283.89,0.00,-39.83,0,0.0,0.02,-0.01,1.02,-2.38,-0.79,16.05,1979,0,11.55,12.01,0,1
1838.347,-7.286700,112.796015,0.60,0.595,0.271,-43.15,-42.54,282.43,282.43,0.00,-39.75,0,0.0,0.02,-0.02,1.03,0.48,0.30,16.05,2040,0,11.57,11.98,0,1
1838.447,-7.286700,112.796015,0.46,0.412,0.200,-43.09,-42.54,280.94,280.94,0.00,-39.83,0,0.0,0.01,-0.03,1.00,4.15,1.09,16.54,1979,0,11.48,12.04,0,1
1838.547,-7.286699,112.796015,0.48,0.339,0.477,-43.27,-42.72,279.39,279.39,0.00,-39.83,0,0.0,0.02,-0.01,0.98,4.69,1.46,17.27,1979,0,11.59,12.06,0,1
1838.647,-7.286699,112.796014,0.58,0.556,0.296,-42.91,-43.02,277.79,277.79,0.00,-39.83,0,0.0,0.02,0.00,0.97,0.85,1.58,17.63,2040,0,11.51,11.96,0,1
1838.747,-7.286699,112.796014,0.48,0.383,0.218,-42.97,-42.48,276.14,276.14,0.00,-39.83,0,0.0,0.01,0.00,0.98,-4.33,1.95,18.18,1979,0,11.62,12.00,0,1
1838.847,-7.286699,112.796013,0.49,0.593,0.135,-43.03,-42.72,274.46,274.46,0.00,-39.83,0,0.0,0.02,0.00,0.98,-5.61,0.85,18.18,1979,0,11.62,12.08,0,1
1838.947,-7.286698,112.796013,0.55,0.429,0.439,-43.03,-43.26,272.82,272.82,0.00,-39.83,0,0.0,0.01,-0.02,0.99,-2.92,-0.42,17.57,1979,0,11.48,12.07,0,1
1839.047,-7.286698,112.796013,0.45,0.292,0.316,-43.03,-43.14,271.24,271.24,0.00,-39.91,0,0.0,0.02,-0.01,0.99,1.77,-1.40,17.08,1979,0,11.57,12.07,0,1
1839.147,-7.286698,112.796012,0.54,0.529,0.228,-43.27,-43.02,269.70,269.70,0.00,-39.83,0,0.0,0.02,-0.02,1.00,5.61,-0.79,16.60,1979,0,11.54,12.09,0,1
1839.247,-7.286698,112.796012,0.51,0.366,0.170,-42.91,-42.90,268.15,268.15,0.00,-39.83,0,0.0,0.02,-0.01,1.00,4.51,0.91,16.84,1979,0,11.48,12.04,0,1
1839.347,-7.286697,112.796011,0.60,0.563,0.479,-43.15,-42.90,266.56,266.56,0.00,-39.75,0,0.0,0.02,-0.01,0.99,1.89,2.62,17.70,1920,0,11.60,12.08,0,1
1839.447,-7.286697,112.796011,0.29,0.384,0.346,-42.67,-42.78,264.90,264.90,0.00,-39.83,0,0.0,0.01,0.00,0.98,-1.09,2.44,18.43,1979,0,11.58,12.12,0,1
1839.547,-7.286697,112.796010,0.58,0.590,0.290,-42.62,-42.78,263.18,263.18,0.00,-39.91,0,0.0,0.01,-0.01,0.97,-3.78,1.15,18.73,1979,0,11.66,12.07,0,1
1839.647,-7.286697,112.796010,0.41,0.407,0.215,-42.73,-42.72,261.46,261.46,0.00,-39.83,0,0.0,0.01,-0.01,0.97,-4.51,-0.18,18.73,1920,0,11.64,12.06,0,1
1839.747,-7.286697,112.796010,0.36,0.280,0.159,-42.91,-43.02,259.78,259.78,0.00,-39.83,0,0.0,0.02,-0.01,0.99,-2.50,-0.54,18.18,1979,0,11.60,11.98,0,1
1839.847,-7.286697,112.796010,0.36,0.193,0.117,-42.67,-42.78,258.13,258.13,0.00,-39.75,0,0.0,0.02,-0.02,1.01,0.48,-0.36,17.70,1979,0,11.58,11.75,0,1
1839.947,-7.286696,112.796009,0.33,0.377,0.487,-42.91,-42.90,256.50,256.50,0.00,-39.83,0,0.0,0.02,-0.02,0.99,3.29,0.36,17.45,1979,0,11.63,12.07,0,1
1840.047,-7.286696,112.796009,0.34,0.254,0.348,-43.09,-43.08,254.89,254.89,0.00,-39.75,0,0.0,0.02,-0.01,0.98,5.06,1.22,17.57,1979,0,11.54,11.94,0,1
1840.147,-7.286696,112.796009,0.43,0.171,0.249,-43.03,-43.44,253.28,253.28,0.00,-39.03,0,0.0,0.02,0.00,0.98,4.08,1.03,17.51,1979,0,11.62,12.04,0,1
1840.247,-7.286696,112.796008,0.38,0.429,0.282,-43.09,-42.96,251.65,251.65,0.00,-10.80,0,0.0,0.02,0.00,0.98,0.85,0.91,17.76,1979,0,11.54,12.07,0,1
1840.347,-7.286696,112.796008,0.50,0.294,0.206,-28.34,-30.55,250.01,250.01,0.00,0.40,0,0.0,0.02,0.00,0.98,-3.05,0.79,18.06,1979,0,11.64,11.55,0,1
1840.447,-7.286696,112.796007,0.56,0.509,0.272,-13.64,-12.31,248.38,248.38,0.00,0.48,0,0.0,0.01,0.00,0.98,-6.59,0.61,17.45,1979,0,11.66,12.03,0,1
1840.547,-7.286696,112.796007,0.37,0.351,0.200,-0.79,-1.91,246.84,246.84,0.00,0.40,0,0.0,0.01,-0.01,0.99,-8.91,0.97,16.23,1979,0,11.48,11.94,0,1
1840.647,-7.286696,112.796007,0.43,0.242,0.146,-2.10,-2.09,245.40,245.40,0.00,0.24,0,0.0,0.00,-0.03,0.99,-7.99,0.85,15.25,1979,0,11.51,12.09,0,1
1840.747,-7.286696,112.796006,0.67,0.465,0.251,-2.04,-2.21,244.03,244.03,0.00,0.40,0,0.0,0.01,-0.04,0.98,-1.22,0.06,14.52,1979,0,11.43,12.01,0,1
1840.847,-7.286696,112.796006,0.67,0.321,0.183,-1.98,-2.33,242.72,242.72,0.00,0.40,0,0.0,0.01,-0.05,0.99,5.24,-0.48,14.03,1979,0,11.60,12.13,0,1
1840.947,-7.286696,112.796004,0.64,0.803,0.449,-1.80,-2.15,241.47,241.47,0.00,0.32,0,0.0,0.01,-0.02,0.99,10.74,-0.73,13.24,1979,0,11.48,11.99,0,1
1841.047,-7.286696,112.796004,0.54,0.556,0.326,-1.74,-2.15,240.29,240.29,0.00,0.32,0,0.0,0.01,0.00,0.99,10.49,-0.36,12.81,1920,0,11.61,12.01,0,1
1841.147,-7.286696,112.796004,0.42,0.385,0.236,-1.98,-2.03,239.20,239.20,0.00,-10.32,0,0.0,0.01,0.02,0.98,5.12,0.18,12.02,1979,0,11.62,12.02,0,1
1841.247,-7.286696,112.796003,0.45,0.547,0.344,-7.39,-8.21,238.17,238.17,0.00,0.32,0,0.0,0.01,0.01,1.00,-2.01,0.24,11.47,1979,0,11.60,12.00,0,1
1841.347,-7.286696,112.796003,0.43,0.379,0.248,-6.32,-5.54,237.17,237.17,0.00,0.40,0,0.0,0.01,0.00,0.98,-6.65,0.73,11.10,1979,0,11.48,11.76,0,1
1841.447,-7.286696,112.796003,0.34,0.262,0.178,-2.45,-2.69,236.21,236.21,0.00,0.32,0,0.0,0.01,0.00,0.99,-9.21,1.09,10.74,1979,0,11.72,12.07,0,1
1841.547,-7.286696,112.796002,0.56,0.454,0.316,-2.33,-2.92,235.28,235.28,0.00,0.32,0,0.0,0.01,-0.03,1.00,-6.28,0.85,10.31,1979,0,11.49,12.01,0,1
1841.647,-7.286696,112.796002,0.48,0.314,0.226,-2.33,-2.51,234.39,234.39,0.00,0.32,0,0.0,0.01,-0.04,0.99,-1.03,0.36,9.82,1979,0,11.67,12.05,0,1
1841.747,-7.286697,112.796002,0.50,0.416,-0.107,-2.27,-2.15,233.52,233.52,0.00,0.32,0,0.0,0.01,-0.03,0.99,4.39,0.00,9.82,1979,0,11.60,12.00,0,1
1841.847,-7.286697,112.796002,0.50,0.292,-0.070,-2.27,-2.39,232.66,232.66,0.00,0.32,0,0.0,0.01,-0.02,0.99,7.56,-0.12,9.76,1979,0,11.60,12.01,0,1
1841.947,-7.286697,112.796000,0.64,0.725,0.363,-2.04,-2.51,231.82,231.82,0.00,0.24,0,0.0,0.01,0.00,1.00,6.59,-0.12,9.52,1979,0,11.63,12.01,0,1
1842.047,-7.286697,112.796000,0.41,0.504,0.261,-2.51,-2.57,231.04,231.04,0.00,0.40,0,0.0,0.01,0.00,1.00,2.80,0.00,8.97,2040,0,11.57,12.01,0,1
1842.147,-7.286697,112.796000,0.45,0.351,0.187,-2.51,-2.39,230.28,230.28,0.00,1.53,0,0.0,0.01,0.01,0.99,-1.22,0.36,8.60,1979,0,11.59,12.01,0,1
1842.247,-7.286697,112.795999,0.55,0.496,0.349,-1.14,-1.50,229.58,229.58,0.00,40.00,0,0.0,0.01,0.00,0.98,-4.63,0.67,8.36,1979,0,11.66,11.98,0,1
1842.347,-7.286698,112.795999,0.55,0.563,-0.003,14.44,13.10,228.90,228.90,0.00,39.35,0,0.0,0.01,-0.01,0.99,-5.49,0.24,8.05,2040,0,11.76,11.48,0,1
1842.447,-7.286698,112.795998,0.52,0.641,0.222,27.64,29.38,228.27,228.27,0.00,9.67,0,0.0,0.01,-0.01,0.99,-5.24,0.00,7.14,1979,0,11.67,12.12,0,1
1842.547,-7.286698,112.795998,0.61,0.447,0.160,41.03,36.21,227.72,227.72,0.00,30.24,0,0.0,0.01,-0.02,0.99,-4.02,-0.24,6.10,1979,0,11.55,11.29,0,1
1842.647,-7.286698,112.795997,0.51,0.555,0.339,26.93,25.76,227.25,227.25,0.00,-15.16,0,0.0,0.01,-0.03,1.00,0.30,-0.06,5.55,2040,0,11.54,11.99,0,1
1842.747,-7.286698,112.795997,0.55,0.387,0.240,28.12,25.99,226.83,226.83,0.00,2.17,0,0.0,0.01,-0.03,0.99,3.90,0.06,4.76,1979,0,11.49,11.51,0,1
1842.847,-7.286698,112.795997,0.55,0.270,0.170,9.32,7.16,226.48,226.48,0.00,30.72,0,0.0,0.01,-0.01,0.99,7.08,0.00,4.51,1979,0,11.54,11.81,0,1
1842.947,-7.286699,112.795996,0.36,0.658,0.109,13.84,13.40,226.15,226.15,0.00,2.66,0,0.0,0.01,0.00,0.99,7.20,0.00,4.39,1979,0,11.56,11.51,0,1
1843.047,-7.286699,112.795996,0.59,0.460,0.078,23.30,16.13,225.88,225.88,0.00,0.32,0,0.0,0.01,0.01,0.98,3.29,0.12,3.72,1979,0,11.60,11.59,0,1
1843.147,-7.286699,112.795995,0.43,0.559,0.287,-0.01,0.15,225.65,225.65,0.00,38.14,0,0.0,0.01,0.00,0.99,-2.07,0.30,3.60,1979,0,11.57,11.98,0,1
1843.247,-7.286699,112.795995,0.44,0.390,0.203,12.65,10.85,225.42,225.42,0.00,10.88,0,0.0,0.01,0.00,0.99,-5.24,0.48,3.84,1979,0,11.69,11.53,0,1
1843.347,-7.286699,112.795995,0.55,0.273,0.143,13.01,13.40,225.19,225.19,0.00,0.64,0,0.0,0.01,0.00,0.99,-6.83,0.00,3.41,1979,0,11.63,12.05,0,1
1843.447,-7.286699,112.795994,0.52,0.424,0.335,2.77,2.53,224.97,224.97,0.00,35.08,0,0.0,0.01,-0.02,0.99,-4.08,-0.18,3.35,1979,0,11.56,12.04,0,1
1843.547,-7.286700,112.795994,0.58,0.533,0.001,12.59,12.09,224.75,224.75,0.00,9.27,0,0.0,0.01,-0.03,0.99,1.22,-0.48,3.54,1979,0,11.56,11.46,0,1
1843.647,-7.286700,112.795993,0.54,0.605,0.238,12.77,12.15,224.53,224.53,0.00,0.48,0,0.0,0.02,-0.01,0.99,5.43,-0.30,3.29,1859,0,11.58,12.02,0,1
1843.747,-7.286700,112.795993,0.48,0.423,0.168,0.69,1.46,224.34,224.34,0.00,0.16,0,0.0,0.02,-0.01,0.99,7.81,-0.24,3.41,1740,0,11.50,11.99,0,1
1843.847,-7.286700,112.795993,0.48,0.296,0.119,-2.21,-1.80,224.14,224.14,0.00,0.32,0,0.0,0.02,0.01,0.99,6.53,-0.18,3.47,1559,0,11.64,11.73,0,1
1843.947,-7.286701,112.795992,0.57,0.677,0.090,-1.44,-1.56,223.96,223.96,0.00,37.82,0,0.0,0.02,0.02,0.98,1.77,-0.24,3.41,1379,0,11.68,12.10,0,1
1844.047,-7.286701,112.795992,0.54,0.473,0.065,11.70,11.44,223.78,223.78,0.00,40.00,0,0.0,0.02,0.02,0.99,-4.21,-0.12,3.54,1139,0,11.61,11.60,0,1
1844.147,-7.286701,112.795991,0.52,0.559,0.286,27.53,28.37,223.58,223.58,0.00,40.00,0,0.0,0.02,0.00,1.00,-8.23,0.42,3.54,960,0,11.73,12.07,0,1
1844.247,-7.286702,112.795991,0.57,0.633,-0.027,38.12,37.93,223.36,223.36,0.00,40.00,0,0.0,0.02,-0.01,1.00,-7.69,1.22,3.84,779,0,11.58,12.12,0,1
1844.347,-7.286702,112.795991,0.47,0.443,-0.017,38.12,37.93,223.12,223.12,0.00,40.00,0,0.0,0.02,-0.03,0.99,-2.07,1.15,3.84,539,0,11.51,12.02,0,1
1844.447,-7.286702,112.795990,0.59,0.536,0.232,37.94,38.05,222.87,222.87,0.00,40.00,0,0.0,0.02,-0.02,0.97,4.39,0.42,3.66,360,0,11.49,12.00,0,1
1844.547,-7.286702,112.795990,0.51,0.374,0.164,38.06,37.87,222.65,222.65,0.00,40.00,0,0.0,0.02,-0.01,0.98,8.11,-0.67,3.47,180,0,11.51,12.00,0,1
1844.647,-7.286702,112.795990,0.46,0.262,0.116,38.29,38.11,222.45,222.45,0.00,40.00,0,0.0,0.02,0.00,0.99,7.26,-1.03,3.66,60,0,11.66,12.12,0,1
1844.747,-7.286703,112.795989,0.48,0.652,0.102,38.06,38.17,222.24,222.24,0.00,40.00,0,0.0,0.02,0.02,1.00,2.38,-0.42,3.78,0,0,11.67,12.05,0,1
1844.847,-7.286703,112.795989,0.48,0.456,0.073,38.12,38.05,222.03,222.03,0.00,40.00,0,0.0,0.02,0.02,0.99,-3.47,0.24,3.72,0,0,11.61,12.19,0,1
1844.947,-7.286704,112.795989,0.51,0.568,-0.170,38.12,38.11,221.83,221.83,0.00,40.00,0,0.0,0.02,0.01,0.99,-7.26,0.67,3.66,0,0,11.51,12.06,0,1
1845.047,-7.286704,112.795988,0.50,0.618,0.130,38.24,38.11,221.64,221.64,0.00,40.00,0,0.0,0.02,0.00,0.99,-6.34,0.73,3.23,0,0,11.59,12.14,0,1
1845.147,-7.286704,112.795987,0.61,0.651,0.340,38.47,37.81,221.46,221.46,0.00,14.43,0,0.0,0.02,-0.02,0.98,-1.58,0.30,2.99,0,0,11.73,11.99,0,1
1845.247,-7.286704,112.795987,0.44,0.455,0.239,38.77,34.67,221.30,221.30,0.00,0.32,0,0.0,0.02,-0.02,0.99,3.47,-0.24,2.92,0,0,11.60,11.66,0,1
1845.347,-7.286705,112.795987,0.45,0.569,-0.051,13.60,11.56,221.13,221.13,0.00,0.32,0,0.0,0.02,-0.01,0.99,5.92,-0.36,3.23,0,0,11.69,11.89,0,1
1845.447,-7.286705,112.795987,0.45,0.399,-0.034,-0.55,-0.85,220.93,220.93,0.00,0.32,0,0.0,0.02,0.00,0.99,4.76,-0.18,3.60,0,0,11.60,12.08,0,1
1845.547,-7.286705,112.795987,0.29,0.279,-0.023,-2.21,-1.97,220.72,220.72,0.00,0.32,0,0.0,0.02,0.01,0.99,1.40,0.06,3.78,0,0,11.61,11.94,0,1
1845.647,-7.286705,112.795986,0.45,0.410,0.236,-2.45,-2.45,220.51,220.51,0.00,0.32,0,0.0,0.02,0.01,0.99,-1.95,0.30,3.72,0,0,11.49,11.97,0,1
1845.747,-7.286706,112.795986,0.50,0.541,-0.049,-2.39,-2.27,220.31,220.31,0.00,0.32,0,0.0,0.02,0.00,0.99,-3.90,0.67,3.66,0,0,11.54,11.98,0,1
1845.847,-7.286706,112.795986,0.50,0.379,-0.033,-2.39,-2.21,220.11,220.11,0.00,0.32,0,0.0,0.02,0.00,0.99,-3.78,0.85,3.54,0,0,11.45,12.03,0,1
1845.947,-7.286706,112.795985,0.65,0.478,0.232,-2.45,-2.33,219.90,219.90,0.00,0.32,0,0.0,0.06,0.04,1.00,-2.50,0.24,3.72,0,0,11.72,12.09,0,1
1846.047,-7.286707,112.795985,0.57,0.590,-0.053,-2.27,-2.39,220.02,220.02,0.00,0.24,0,0.0,0.06,0.05,0.97,-21.85,1.46,-2.19,0,0,11.57,12.04,0,1
1846.147,-7.286707,112.795984,0.53,0.628,0.210,-2.39,-1.32,220.59,220.59,0.00,0.32,0,0.0,0.04,-0.06,0.98,-26.55,1.58,-6.53,0,0,11.55,12.01,0,1
1846.247,-7.286707,112.795984,0.48,0.442,0.141,-2.27,-2.45,221.37,221.37,0.00,0.40,0,0.0,0.06,-0.08,0.99,-10.98,0.67,-8.36,0,0,11.49,12.04,0,1
1846.347,-7.286707,112.795983,0.47,0.534,0.338,-2.21,-2.39,222.37,222.37,0.00,0.40,0,0.0,0.06,-0.09,0.98,5.37,-0.42,-11.23,0,0,11.66,12.08,0,1
1846.447,-7.286707,112.795983,0.43,0.379,0.228,-2.63,-2.03,223.64,223.64,0.00,0.32,0,0.0,0.06,-0.07,0.99,16.78,-0.42,-13.85,0,0,11.44,11.97,0,1
1846.547,-7.286707,112.795983,0.44,0.269,0.153,-1.98,-2.27,225.10,225.10,0.00,0.32,0,0.0,0.06,-0.04,0.98,22.76,-1.28,-14.58,0,0,11.60,12.00,0,1
1846.647,-7.286707,112.795983,0.22,0.191,0.102,-2.16,-2.27,226.74,226.74,0.00,0.24,0,0.0,0.07,0.02,0.98,13.30,-1.77,-16.47,0,0,11.54,12.02,0,1
1846.747,-7.286708,112.795983,0.22,0.357,-0.183,-2.39,-2.15,228.54,228.54,0.00,0.32,0,0.0,0.07,0.00,1.01,0.24,-0.85,-16.96,0,0,11.60,12.07,0,1
1846.847,-7.286708,112.795983,0.22,0.246,-0.136,-2.63,-2.45,230.40,230.40,0.00,0.24,0,0.0,0.06,0.00,0.99,-9.70,0.42,-17.57,0,0,11.68,12.08,0,1
1846.947,-7.286708,112.795982,0.11,0.430,0.101,-2.16,-2.51,232.31,232.31,0.00,0.24,0,0.0,0.05,-0.03,0.98,-12.93,0.85,-18.12,0,0,11.59,12.15,0,1
1847.047,-7.286708,112.795982,0.09,0.304,0.061,-2.16,-2.51,234.24,234.24,0.00,0.40,0,0.0,0.04,-0.05,1.01,-8.17,1.52,-18.37,0,0,11.48,12.16,0,1
1847.147,-7.286708,112.795982,0.13,0.214,0.035,-2.57,-2.57,236.17,236.17,0.00,0.24,0,0.0,0.03,-0.08,0.98,1.70,1.40,-18.24,0,0,11.57,12.00,0,1
1847.247,-7.286708,112.795982,0.21,0.150,0.020,-2.21,-2.03,238.09,238.09,0.00,0.40,0,0.0,0.02,-0.05,0.98,9.64,0.00,-18.49,0,0,11.61,12.04,0,1
1847.347,-7.286708,112.795982,0.15,0.106,0.010,-2.45,-2.27,240.04,240.04,0.00,0.24,0,0.0,0.02,-0.03,0.99,11.23,-0.36,-18.37,0,0,11.64,12.02,0,1
1847.447,-7.286708,112.795982,0.08,0.074,0.005,-2.39,-2.39,241.95,241.95,0.00,0.32,0,0.0,0.02,-0.01,0.99,9.03,-0.30,-17.63,0,0,11.59,12.02,0,1
1847.547,-7.286708,112.795982,0.12,0.052,0.002,-2.57,-2.39,243.83,243.83,0.00,0.32,0,0.0,0.02,0.00,0.97,1.70,-0.61,-17.27,0,0,11.47,12.07,0,1
1847.647,-7.286708,112.795981,0.09,0.338,0.136,-2.63,-2.39,245.71,245.71,0.00,0.24,0,0.0,0.02,0.00,0.97,-5.98,-1.40,-17.51,0,0,11.54,11.94,0,1
1847.747,-7.286708,112.795981,0.08,0.240,0.087,-2.51,-2.39,247.61,247.61,0.00,0.48,0,0.0,0.02,-0.01,1.00,-10.55,-1.34,-17.76,0,0,11.54,12.12,0,1
1847.847,-7.286708,112.795981,0.08,0.170,0.056,-2.51,-2.63,249.50,249.50,0.00,0.48,0,0.0,0.03,-0.05,0.99,-6.65,-0.85,-17.33,0,0,11.57,11.97,0,1
1847.947,-7.286708,112.795981,0.26,0.120,0.035,-2.57,-2.45,251.35,251.35,0.00,0.24,0,0.0,0.03,-0.04,1.01,-1.83,0.18,-17.57,0,0,11.71,12.03,0,1
1848.047,-7.286708,112.795981,0.16,0.085,0.022,-2.33,-2.51,253.25,253.25,0.00,0.32,0,0.0,0.03,-0.04,0.99,3.35,0.30,-17.88,0,0,11.54,12.06,0,1
1848.147,-7.286708,112.795981,0.13,0.060,0.013,-2.39,-2.57,255.19,255.19,0.00,0.40,0,0.0,0.04,-0.02,0.98,5.85,-0.06,-18.43,0,0,11.56,12.00,0,1
1848.247,-7.286708,112.795981,0.15,0.042,0.008,-2.33,-2.57,257.21,257.21,0.00,0.32,0,0.0,0.05,0.00,0.99,3.29,0.30,-19.40,0,0,11.56,12.01,0,1
1848.347,-7.286708,112.795981,0.09,0.030,0.004,-1.98,-2.39,259.32,259.32,0.00,0.40,0,0.0,0.05,0.00,0.99,0.18,0.42,-19.89,0,0,11.68,12.04,0,1
1848.447,-7.286708,112.795980,0.06,0.348,0.051,-2.27,-2.57,261.46,261.46,0.00,0.32,0,0.0,0.05,-0.02,0.98,-0.54,0.67,-20.20,0,0,11.68,12.06,0,1
1848.547,-7.286708,112.795980,0.10,0.245,0.027,-2.10,-2.21,263.61,263.61,0.00,0.32,0,0.0,0.03,-0.03,0.98,0.85,0.18,-19.77,0,0,11.46,11.99,0,1
1848.647,-7.286708,112.795980,0.05,0.172,0.013,-1.98,-2.39,265.67,265.67,0.00,0.32,0,0.0,0.03,-0.04,0.99,2.56,-0.12,-18.61,0,0,11.53,12.04,0,1
1848.747,-7.286708,112.795980,0.03,0.121,0.005,-2.45,-2.51,267.62,267.62,0.00,0.32,0,0.0,0.02,-0.01,0.98,2.19,-0.73,-17.82,0,0,11.67,12.01,0,1
1848.847,-7.286708,112.795980,0.03,0.084,0.000,-2.45,-2.39,269.54,269.54,0.00,0.32,0,0.0,0.02,0.00,0.98,0.79,-1.58,-17.70,0,0,11.48,12.09,0,1
1848.947,-7.286707,112.795980,0.01,0.068,0.332,-2.45,-2.33,271.44,271.44,0.00,0.32,0,0.0,0.02,0.00,0.99,-0.18,-0.79,-17.70,0,0,11.67,12.06,0,1
1849.047,-7.286707,112.795980,0.03,0.055,0.231,-2.81,-2.69,273.35,273.35,0.00,0.24,0,0.0,0.02,-0.01,0.99,-1.40,-0.54,-17.57,0,0,11.60,12.01,0,1
1849.147,-7.286707,112.795980,0.06,0.044,0.160,-2.16,-2.45,275.22,275.22,0.00,0.24,0,0.0,0.02,-0.02,0.99,-3.11,-0.30,-17.21,0,0,11.50,12.07,0,1
1849.247,-7.286707,112.795980,0.02,0.034,0.111,-2.51,-2.21,277.06,277.06,0.00,0.40,0,0.0,0.02,0.00,0.97,-4.21,-0.61,-16.96,0,0,11.67,12.02,0,1
1849.347,-7.286707,112.795980,0.07,0.026,0.077,-2.45,-2.21,278.89,278.89,0.00,0.32,0,0.0,0.02,-0.02,1.00,-2.25,-0.61,-16.78,0,0,11.66,12.02,0,1
1849.447,-7.286707,112.795979,0.04,0.345,-0.008,-2.39,-2.21,280.67,280.67,0.00,0.40,0,0.0,0.03,-0.05,1.03,3.90,0.61,-16.05,0,0,11.61,12.02,0,1
1849.547,-7.286707,112.795979,0.06,0.241,-0.013,-2.16,-2.69,282.35,282.35,0.00,0.32,0,0.0,0.02,-0.02,0.99,9.52,1.15,-15.07,0,0,11.61,12.02,0,1
1849.647,-7.286707,112.795979,0.02,0.169,-0.014,-2.33,-2.63,283.94,283.94,0.00,0.32,0,0.0,0.02,0.00,0.96,9.46,-0.30,-14.09,0,0,11.68,12.13,0,1
1849.747,-7.286707,112.795979,0.07,0.118,-0.013,-2.39,-2.63,285.44,285.44,0.00,0.32,0,0.0,0.02,0.01,0.97,4.57,-1.52,-13.36,0,0,11.46,12.03,0,1
1849.847,-7.286707,112.795979,0.07,0.082,-0.011,-2.63,-2.63,286.86,286.86,0.00,0.32,0,0.0,0.02,0.02,0.99,-2.50,-1.22,-12.39,0,0,11.48,12.08,0,1
1849.947,-7.286707,112.795979,0.03,0.057,-0.009,-2.27,-2.15,288.19,288.19,0.00,0.32,0,0.0,0.02,0.01,1.00,-8.48,0.06,-11.59,0,0,11.69,12.04,0,1
1850.047,-7.286707,112.795979,0.07,0.040,-0.007,-2.93,-2.39,289.43,289.43,0.00,0.32,0,0.0,0.02,0.00,0.99,-10.80,0.97,-10.74,0,0,11.55,12.12,0,1
1850.147,-7.286707,112.795979,0.01,0.028,-0.006,-2.57,-2.51,290.61,290.61,0.00,0.24,0,0.0,0.02,-0.02,0.98,-7.50,0.48,-10.13,0,0,11.60,12.02,0,1
1850.247,-7.286707,112.795979,0.06,0.019,-0.004,-2.39,-2.45,291.77,291.77,0.00,0.32,0,0.0,0.01,-0.03,0.98,0.61,-0.61,-10.07,0,0,11.60,12.07,0,1
1850.347,-7.286707,112.795979,0.07,0.014,-0.003,-2.21,-2.87,292.92,292.92,0.00,0.40,0,0.0,0.02,-0.03,0.99,9.52,-1.40,-9.76,0,0,11.68,11.97,0,1
1850.447,-7.286707,112.795979,0.05,0.009,-0.002,-2.16,-2.33,294.01,294.01,0.00,0.32,0,0.0,0.02,-0.01,1.00,12.87,-1.15,-9.03,0,0,11.62,12.01,0,1
1850.547,-7.286707,112.795979,0.01,0.007,-0.002,-2.21,-2.45,294.98,294.98,0.00,0.32,0,0.0,0.02,0.01,0.99,8.17,-0.30,-7.93,0,0,11.45,11.97,0,1
1850.647,-7.286707,112.795979,0.05,0.005,-0.001,-2.45,-2.27,295.86,295.86,0.00,0.40,0,0.0,0.02,0.04,0.98,-1.58,0.12,-7.26,0,0,11.46,12.01,0,1
1850.747,-7.286707,112.795979,0.04,0.003,-0.001,-2.27,-2.57,296.71,296.71,0.00,0.32,0,0.0,0.02,0.04,0.97,-10.62,0.12,-7.44,0,0,11.43,12.07,0,1
1850.847,-7.286707,112.795979,0.04,0.002,-0.001,-2.39,-2.33,297.61,297.61,0.00,0.40,0,0.0,0.02,0.00,0.98,-13.36,-0.12,-7.87,0,0,11.56,12.08,0,1
1850.947,-7.286707,112.795978,0.05,0.292,-0.159,-2.10,-2.69,298.53,298.53,0.00,0.32,0,0.0,0.02,-0.03,1.00,-8.36,-0.06,-7.62,0,0,11.54,11.97,0,1
1851.047,-7.286707,112.795978,0.05,0.203,-0.114,-2.10,-2.33,299.41,299.41,0.00,0.24,0,0.0,0.02,-0.05,1.00,1.28,0.06,-6.65,0,0,11.69,12.09,0,1
1851.147,-7.286707,112.795978,0.06,0.141,-0.082,-2.27,-2.27,300.17,300.17,0.00,0.40,0,0.0,0.02,-0.03,0.99,10.13,0.00,-5.79,0,0,11.51,12.06,0,1
1851.247,-7.286707,112.795978,0.11,0.098,-0.058,-2.04,-2.39,300.88,300.88,0.00,0.40,0,0.0,0.02,0.00,0.98,13.12,-0.54,-5.61,0,0,11.69,12.07,0,1
1851.347,-7.286707,112.795978,0.05,0.068,-0.042,-2.39,-2.33,301.59,301.59,0.00,0.32,0,0.0,0.02,0.04,0.98,8.30,-0.97,-5.79,0,0,11.54,12.23,0,1
1851.447,-7.286707,112.795978,0.08,0.047,-0.030,-2.27,-2.45,302.31,302.31,0.00,0.40,0,0.0,0.02,0.04,0.98,-10.07,-0.48,-6.28,0,0,11.46,12.01,0,1
1851.547,-7.286707,112.795978,0.06,0.033,-0.021,-1.92,-2.39,303.04,303.04,0.00,0.16,0,0.0,0.02,0.00,1.00,-14.16,0.30,-5.92,0,0,11.40,12.01,0,1
1851.647,-7.286707,112.795978,0.07,0.023,-0.015,-2.27,-2.57,303.76,303.76,0.00,0.32,0,0.0,0.02,-0.03,1.00,-9.27,0.61,-5.61,0,0,11.62,12.00,0,1
1851.747,-7.286707,112.795978,0.06,0.016,-0.011,-2.21,-2.51,304.45,304.45,0.00,0.32,0,0.0,0.01,-0.05,0.99,2.01,0.06,-5.24,0,0,11.67,12.02,0,1
1851.847,-7.286707,112.795978,0.06,0.011,-0.008,-2.39,-2.33,305.11,305.11,0.00,0.32,0,0.0,0.02,-0.02,0.99,14.03,-0.79,-4.94,0,0,11.51,12.09,0,1
1851.947,-7.286707,112.795978,0.07,0.008,-0.005,-2.27,-2.45,305.73,305.73,0.00,0.48,0,0.0,0.02,0.01,0.97,15.80,-1.09,-4.69,0,0,11.51,12.12,0,1
1852.047,-7.286707,112.795977,0.10,0.272,-0.200,-2.21,-2.39,306.34,306.34,0.00,0.40,0,0.0,0.01,0.06,0.98,-8.23,-0.91,-5.24,0,0,11.60,12.12,0,1
1852.147,-7.286707,112.795977,0.07,0.189,-0.142,-2.51,-2.39,306.99,306.99,0.00,0.24,0,0.0,0.02,0.00,1.01,-9.46,0.12,-5.18,0,0,11.62,11.98,0,1
1852.247,-7.286707,112.795977,0.09,0.131,-0.101,-1.80,-2.51,307.66,307.66,0.00,0.32,0,0.0,0.00,0.00,0.98,-9.09,0.06,-5.73,0,0,11.67,12.07,0,1
