1255.540,-7.282326,112.797031,2.98,20.10,13.16,97.32,162.91,249.75,-29.18,3415.92,1678.46,11.75,10.63,3
1255.550,-7.281787,112.797080,2.61,24.51,-26.08,-144.24,80.49,252.00,20.68,5162.72,4805.14,10.33,11.54,1
1255.560,-7.281738,112.796414,1.82,-0.32,-15.00,81.36,-53.81,254.25,-9.80,2354.28,4649.86,12.46,10.39,0
1255.570,-7.282031,112.796824,1.13,9.05,25.37,179.22,-142.50,256.50,23.91,918.14,967.99,10.88,12.26,1
1255.580,-7.282336,112.797081,1.10,-13.30,25.07,-164.79,-92.45,258.75,-24.50,1517.36,1092.52,11.11,10.41,2
1255.590,-7.282054,112.796261,1.29,-18.88,-0.13,-158.73,123.79,261.00,-9.96,210.75,1031.46,10.48,11.84,0
1255.600,-7.281680,112.797005,2.25,-0.01,-5.08,-127.95,6.30,263.25,22.94,2627.76,233.18,10.90,10.86,1
1255.610,-7.281183,112.796353,1.89,28.76,-3.29,163.53,-11.77,265.50,22.88,3901.64,4951.59,11.44,10.52,2
1255.620,-7.281729,112.796457,3.23,-14.28,-29.19,112.69,71.78,267.75,18.82,4304.97,3210.63,10.04,11.89,2
1255.630,-7.281943,112.797043,2.53,1.41,17.86,-33.24,-140.68,270.00,27.31,5542.72,3612.11,12.13,11.55,2
1255.640,-7.281224,112.796492,2.30,-38.89,27.12,31.11,-160.95,272.25,2.63,1474.17,2225.71,11.56,11.96,2
1255.650,-7.281093,112.796552,0.30,34.53,0.71,171.03,172.19,274.50,-23.33,1344.91,5926.85,11.07,12.36,1
1255.660,-7.280853,112.796185,0.67,9.97,32.57,54.79,96.86,276.75,9.83,317.35,4873.11,10.61,10.67,1
1255.670,-7.281189,112.796186,1.33,-15.26,-13.06,122.48,-120.39,279.00,-34.91,4627.15,4372.94,10.92,11.80,2
1255.680,-7.281346,112.796312,0.51,35.16,27.72,57.13,-118.07,281.25,-9.34,3445.67,4631.04,10.27,12.33,3
1255.690,-7.280606,112.797113,1.55,-31.04,-7.64,-23.72,-150.07,283.50,-0.91,2230.39,5852.06,12.58,10.82,1
1255.700,-7.280536,112.796528,2.29,2.93,36.58,60.57,121.01,285.75,-14.45,4524.17,2626.01,10.27,10.22,4
1255.710,-7.280944,112.796919,0.12,27.55,9.88,63.08,84.20,288.00,-15.10,4549.97,5729.97,11.34,10.49,2
1255.720,-7.281094,112.796833,1.03,29.52,-3.01,67.85,113.94,290.25,26.35,5263.69,2853.28,12.50,12.19,3
1255.730,-7.280915,112.796834,0.17,-1.59,-9.38,-104.11,102.29,292.50,-1.19,2206.40,2082.38,11.59,12.45,2
1255.740,-7.280320,112.796327,0.66,39.06,29.59,106.93,-48.15,294.75,-9.39,3306.23,5327.84,11.88,11.44,3
1255.750,-7.280531,112.796815,3.03,-38.46,24.22,-80.72,5.71,297.00,15.11,5598.75,1123.87,10.68,12.39,0
1255.760,-7.280274,112.797092,1.90,-17.12,-22.28,19.92,113.84,299.25,-12.94,5848.63,1720.58,10.10,12.44,0
1255.770,-7.280400,112.796953,3.42,-6.99,21.59,-100.76,-23.27,301.50,-5.56,1305.24,4790.63,11.85,12.50,1
1255.780,-7.280165,112.796658,0.15,5.75,2.11,-5.48,80.87,303.75,-21.12,1914.07,1000.82,11.17,11.75,0
1255.790,-7.279723,112.797304,0.28,-32.11,-38.78,93.82,-15.27,306.00,-11.73,1505.52,1738.97,11.56,10.25,4
1255.800,-7.280450,112.796582,2.18,-8.67,37.63,-22.84,82.64,308.25,31.80,5992.02,3400.45,12.46,10.40,4
1255.810,-7.280394,112.797174,3.38,34.24,-22.81,-133.61,-152.30,310.50,-12.80,5752.02,601.86,10.43,12.59,1
1255.820,-7.279691,112.797139,2.71,-15.35,8.41,-68.13,110.32,312.75,16.23,1331.70,1114.41,11.51,10.40,1
1255.830,-7.279802,112.797525,0.76,11.31,-35.60,147.79,-145.95,315.00,30.36,2451.88,4268.06,12.22,11.25,1
1255.840,-7.279859,112.797588,1.34,-5.37,16.20,9.66,120.08,317.25,3.62,591.89,1895.41,10.57,10.67,3
1255.850,-7.279358,112.797313,2.97,-6.22,1.49,38.39,-98.96,319.50,3.30,931.75,617.40,11.72,10.05,3
1255.860,-7.279598,112.797015,0.26,-0.05,26.27,134.66,-90.92,321.75,-22.94,2790.85,1179.31,11.46,10.84,4
1255.870,-7.279968,112.797847,2.61,-5.41,-7.23,-63.96,-58.98,324.00,-6.11,3398.59,869.11,12.09,11.14,0
1255.880,-7.279596,112.797926,2.20,-28.41,-8.33,19.92,-69.51,326.25,-29.75,2081.10,2840.63,12.22,12.09,1
1255.890,-7.279557,112.798092,3.35,-37.16,13.38,-151.75,177.13,328.50,-0.39,596.22,5125.10,10.13,10.17,0
1255.900,-7.279492,112.797438,0.53,6.65,-20.62,1.12,-115.16,330.75,-3.06,4000.18,1433.75,11.91,10.46,2
1255.910,-7.279313,112.797701,1.03,-20.94,-30.96,104.71,-138.90,333.00,-2.12,813.44,2014.59,10.23,12.19,1
1255.920,-7.279661,112.797582,0.24,4.91,27.40,-148.67,134.57,335.25,19.16,2870.37,4675.45,10.66,12.38,4
1255.930,-7.279280,112.797617,1.64,17.68,5.53,-45.92,124.57,337.50,-6.11,2197.73,476.17,12.16,10.71,1
1255.940,-7.279600,112.798327,1.61,-22.76,26.79,105.00,-120.47,339.75,8.97,302.82,538.25,11.42,12.37,1
1255.950,-7.278785,112.798354,3.29,-19.61,-16.11,-143.19,-40.20,342.00,-10.58,2344.61,5943.96,12.00,10.76,4
1255.960,-7.279329,112.798326,1.83,34.85,28.67,-134.76,134.00,344.25,32.39,2776.11,5204.12,12.55,11.05,0
1255.970,-7.279511,112.798330,1.25,25.96,-35.85,100.34,67.48,346.50,25.48,2537.69,3811.55,10.63,12.29,1
1255.980,-7.279088,112.797973,2.38,15.76,-34.96,35.05,-130.33,348.75,-31.69,2685.73,1090.98,10.13,10.93,3
1255.990,-7.278587,112.798414,1.58,-4.63,-32.37,96.21,-28.66,351.00,14.69,2354.57,5197.92,11.81,12.51,4
1256.000,-7.278625,112.798896,0.89,28.39,36.86,86.68,33.91,353.25,-29.58,429.67,4540.65,10.36,11.04,1
1256.010,-7.279321,112.798467,2.98,-16.09,34.56,73.17,142.94,355.50,-16.49,3961.24,5158.97,10.54,11.62,2
1256.020,-7.279298,112.799101,3.29,-13.83,-7.80,30.64,-48.67,357.75,32.18,2573.29,1647.96,10.71,11.80,0
1256.030,-7.280894,112.798493,2.06,4.28,-31.32,31.55,111.91,0.00,11.37,508.20,3650.08,12.34,10.15,3
1256.040,-7.280648,112.798593,1.04,24.82,36.26,54.43,-51.11,2.25,-34.81,2409.74,2781.26,11.98,10.34,1
1256.050,-7.280659,112.798582,0.80,-18.38,32.14,-60.89,-32.41,4.50,-21.28,1308.70,1932.85,11.48,11.01,3
1256.060,-7.280561,112.798994,0.59,-13.85,-17.00,-67.76,106.90,6.75,-32.32,837.22,5797.52,12.38,11.06,2
1256.070,-7.280266,112.798715,2.51,-19.92,25.77,84.01,-55.62,9.00,-23.66,58.75,1991.22,11.69,10.20,1
1256.080,-7.280808,112.798786,3.05,2.97,3.22,70.47,-24.79,11.25,10.15,505.69,2266.15,10.38,10.19,4
1256.090,-7.280470,112.799507,0.16,23.27,-15.18,5.00,67.91,13.50,-25.09,696.48,5302.09,10.78,12.02,2
1256.100,-7.280779,112.799643,1.52,-24.73,26.28,-84.96,-17.83,15.75,-18.27,5615.15,4066.18,11.47,10.49,0
1256.110,-7.280453,112.799457,0.27,-9.21,32.27,-118.64,-67.59,18.00,24.54,5212.40,2846.65,10.40,11.00,4
1256.120,-7.279969,112.799156,1.60,-1.22,-33.24,-93.66,87.97,20.25,23.52,2057.93,521.31,12.15,11.68,0
1256.130,-7.280029,112.798843,0.60,39.27,31.53,-38.33,-40.74,22.50,23.77,5290.76,5403.13,11.36,11.70,3
1256.140,-7.280885,112.799806,1.12,25.29,-36.03,-139.27,-37.92,24.75,-26.41,4179.89,969.70,12.18,10.29,2
1256.150,-7.280021,112.799072,2.10,-8.58,16.26,-100.70,-144.68,27.00,-14.30,1582.71,5815.45,10.53,11.36,2
1256.160,-7.280820,112.798997,1.62,9.07,-20.42,18.24,-160.02,29.25,-11.44,4410.02,3097.58,11.28,11.48,4
1256.170,-7.280506,112.799916,0.59,21.42,-15.76,18.71,-78.41,31.50,1.11,4691.86,1312.91,11.41,11.80,2
1256.180,-7.280248,112.799661,3.01,12.68,-7.31,-48.67,131.63,33.75,-0.43,1286.43,2178.17,10.96,11.90,1
1256.190,-7.280784,112.799530,0.72,-32.44,-7.52,77.33,117.86,36.00,21.78,4829.39,2762.06,11.02,11.33,2
1256.200,-7.280433,112.800024,0.04,-21.09,18.85,-32.23,113.96,38.25,-5.71,5660.04,3890.05,10.66,10.20,2
1256.210,-7.280702,112.799854,1.24,-2.64,-25.87,-23.60,113.91,40.50,-19.29,2699.40,1806.33,12.51,10.79,1
1256.220,-7.280534,112.799624,1.02,36.55,-3.39,72.00,-153.63,42.75,-0.06,4751.81,132.90,11.00,11.78,0
1256.230,-7.280956,112.800113,2.77,-26.62,23.80,107.79,-19.20,45.00,-0.23,3483.00,2107.10,11.06,10.13,1
1256.240,-7.280184,112.799527,1.91,-25.39,14.12,158.37,-135.05,47.25,-0.32,5388.49,2528.32,11.96,12.31,4
1256.250,-7.280581,112.799992,0.33,28.38,-10.93,-80.65,-31.06,49.50,18.99,4399.05,3823.56,12.33,12.25,4
1256.260,-7.281032,112.800304,2.15,-16.38,-34.99,106.36,-76.67,51.75,15.81,1891.68,5575.39,10.37,12.58,2
1256.270,-7.280611,112.799427,3.08,27.79,-27.56,-135.44,-105.50,54.00,-31.92,1329.44,2980.17,12.32,10.28,0
1256.280,-7.281237,112.799860,1.49,-6.42,20.12,58.73,-162.99,56.25,-18.84,5556.49,593.66,11.69,10.29,0
1256.290,-7.281271,112.800035,2.77,38.66,-13.45,29.15,-122.82,58.50,-19.54,1819.77,544.57,12.51,12.01,0
1256.300,-7.281188,112.800456,2.87,-28.98,-8.94,118.41,-18.65,60.75,29.68,2665.91,359.59,10.49,11.69,4
1256.310,-7.280633,112.799640,1.42,20.44,-33.47,165.01,-74.16,63.00,29.95,3378.82,2081.03,10.54,11.31,1
1256.320,-7.281332,112.799754,0.18,-35.22,13.20,171.43,-35.45,65.25,18.20,3387.80,2979.92,10.04,12.28,4
1256.330,-7.280694,112.800208,1.38,23.16,28.64,55.16,78.64,67.50,3.29,3998.13,2288.59,10.85,10.80,0
1256.340,-7.280872,112.800265,2.73,-16.06,-12.52,-17.55,27.73,69.75,-28.56,1021.33,2341.04,12.53,11.43,4
1256.350,-7.281388,112.800362,3.19,8.79,6.39,-105.83,167.65,72.00,6.74,4088.99,3244.51,11.43,12.43,4
1256.360,-7.281548,112.799830,3.19,1.90,-3.76,-154.46,125.85,74.25,-0.71,2416.83,2017.14,12.29,11.14,1
1256.370,-7.281085,112.800008,0.82,16.28,19.99,85.73,-44.60,76.50,-24.89,2108.97,4314.68,10.59,11.37,1
1256.380,-7.281008,112.800399,0.57,27.80,-28.15,5.89,12.65,78.75,-17.12,54.38,752.64,12.30,11.48,1
1256.390,-7.281562,112.800208,2.09,18.40,-25.75,156.31,74.50,81.00,-23.89,2199.21,2119.45,10.46,12.02,2
1256.400,-7.281262,112.799844,1.06,14.94,-20.03,-89.18,130.71,83.25,-29.31,4747.08,1376.07,12.26,10.85,4
1256.410,-7.281818,112.800205,1.68,36.67,35.03,-54.16,172.76,85.50,-6.89,3308.61,556.47,12.38,10.15,4
1256.420,-7.281908,112.800445,1.56,36.24,-30.05,122.61,87.50,87.75,-7.29,2288.33,454.83,10.91,12.58,2
1256.430,-7.281071,112.800612,0.74,-17.70,6.93,103.77,79.40,90.00,10.34,4722.14,1952.48,11.59,11.57,0
1256.440,-7.281205,112.800691,1.62,-28.87,-17.83,5.15,-140.01,92.25,13.02,2351.66,2097.54,10.00,10.81,3
1256.450,-7.281913,112.800143,1.24,-37.26,22.64,-42.16,59.46,94.50,-30.56,588.23,1138.45,11.63,11.45,2
1256.460,-7.281893,112.800578,1.65,17.28,16.26,34.32,74.42,96.75,-20.55,2144.26,1561.77,10.59,12.41,3
1256.470,-7.281411,112.800036,1.68,27.50,36.61,-157.88,47.32,99.00,-34.42,5403.12,2442.66,11.40,10.16,3
1256.480,-7.281586,112.800109,0.74,6.20,-16.68,-57.41,-42.06,101.25,21.26,4792.56,5203.59,10.87,12.36,3
1256.490,-7.281392,112.800631,0.50,-13.20,30.40,-25.93,25.04,103.50,-12.21,1722.57,2026.30,11.21,10.81,0
1256.500,-7.282031,112.800035,2.08,31.05,-2.22,-120.45,2.26,105.75,-7.88,4108.48,5493.74,10.75,12.14,3
1256.510,-7.281496,112.800787,1.80,0.71,-31.15,-68.45,-161.86,108.00,-23.28,1081.07,895.72,11.11,10.10,3
1256.520,-7.282518,112.800143,1.85,1.98,22.58,-8.60,-135.59,110.25,6.53,1537.66,1617.41,12.08,11.64,1
1256.530,-7.282098,112.800131,2.46,-9.06,30.13,53.07,139.27,112.50,-27.94,2119.45,5723.94,11.14,12.03,3
1256.540,-7.281988,112.800053,0.50,-0.61,-2.30,156.59,-13.41,114.75,3.42,3651.67,1319.37,11.45,12.54,1
1256.550,-7.281785,112.800387,3.04,-7.71,-13.03,-12.65,-105.99,117.00,9.69,4705.95,5273.50,10.93,12.31,4
1256.560,-7.281768,112.799753,2.63,29.77,31.99,-96.98,166.15,119.25,-2.57,2517.28,5384.38,11.89,10.61,3
1256.570,-7.282594,112.800582,3.36,26.80,-11.45,15.50,-167.11,121.50,32.34,4867.72,4386.78,10.96,11.49,2
1256.580,-7.282024,112.799827,3.40,-31.65,-36.74,147.54,-153.95,123.75,17.75,2870.86,3746.31,11.65,12.29,2
1256.590,-7.282559,112.800129,2.58,30.10,1.22,-130.91,-56.08,126.00,24.27,2482.17,256.12,12.42,12.49,4
1256.600,-7.282928,112.800408,1.21,-30.64,-4.96,-52.73,70.34,128.25,-7.56,4648.49,4736.15,11.54,11.15,0
1256.610,-7.282328,112.799641,2.89,15.75,8.64,-95.90,97.65,130.50,-29.31,1755.86,5352.90,10.25,12.56,2
1256.620,-7.282216,112.800472,3.47,25.60,-10.17,55.86,49.45,132.75,-32.99,4777.82,3369.48,12.50,11.30,4
1256.630,-7.282564,112.800437,3.16,38.91,-32.43,112.57,103.63,135.00,8.47,2671.38,560.58,11.12,10.52,0
1256.640,-7.283108,112.799677,2.15,19.97,-34.39,25.00,78.56,137.25,8.28,5167.83,4634.60,11.12,12.55,0
1256.650,-7.283048,112.799963,2.28,-9.52,14.21,78.63,153.21,139.50,-1.06,3060.23,190.96,11.81,10.27,1
1256.660,-7.282653,112.800048,0.90,-30.02,27.78,-34.30,62.48,141.75,-19.11,1038.75,5794.11,10.70,11.50,1
1256.670,-7.282755,112.800196,1.03,-10.20,-14.46,67.42,-114.10,144.00,-18.60,132.06,2675.42,10.56,11.75,3
1256.680,-7.283098,112.799900,2.93,3.70,-24.23,-148.43,-173.38,146.25,-7.67,3541.08,2604.66,12.11,11.74,2
1256.690,-7.283130,112.799292,1.94,-8.58,-6.44,71.78,95.43,148.50,16.42,3851.11,4918.96,11.92,11.92,0
1256.700,-7.282956,112.800159,1.17,38.34,24.25,-20.67,102.41,150.75,32.02,3692.71,4725.28,11.61,12.52,0
1256.710,-7.283331,112.799387,2.40,-39.76,-5.30,-84.71,47.64,153.00,-12.62,961.46,2298.17,10.44,11.95,4
1256.720,-7.282702,112.799977,0.14,22.05,-16.14,-35.35,9.98,155.25,-30.09,2800.47,1980.35,10.68,11.17,0
1256.730,-7.283079,112.799307,3.05,13.27,16.08,101.78,124.73,157.50,-34.75,5070.55,2427.41,10.35,12.25,2
1256.740,-7.282736,112.799630,1.15,-20.28,1.41,177.83,78.95,159.75,30.17,5986.56,4183.98,11.54,10.82,1
1256.750,-7.282834,112.799560,2.96,-31.77,20.98,158.83,15.54,162.00,12.11,3370.14,4843.61,11.74,10.53,4
1256.760,-7.283320,112.799711,0.83,-16.75,-33.17,35.26,66.52,164.25,-1.80,3431.17,4801.79,10.09,10.50,0
1256.770,-7.283261,112.799207,2.24,23.59,-18.02,16.44,58.73,166.50,-9.41,4380.50,3171.63,10.87,10.25,1
1256.780,-7.283259,112.799372,0.42,19.73,38.84,-83.88,-158.71,168.75,-9.61,842.17,903.16,10.56,11.87,0
1256.790,-7.283356,112.799024,2.20,11.27,-36.45,2.28,-112.98,171.00,-2.41,1375.71,5546.21,10.65,11.62,2
1256.800,-7.283685,112.799266,0.87,-14.64,-34.61,-0.33,-97.45,173.25,33.60,2402.65,3377.26,11.84,11.23,1
1256.810,-7.283263,112.799233,1.56,11.72,17.36,-129.75,104.32,175.50,17.03,1797.77,1582.94,10.70,10.80,2
1256.820,-7.283677,112.799279,0.70,6.42,31.72,20.14,143.14,177.75,3.25,1543.03,124.62,10.75,11.95,0
1256.830,-7.282988,112.799048,0.72,-0.46,28.55,-40.06,-61.75,180.00,-32.47,913.22,3607.04,10.45,12.19,2
1256.840,-7.282932,112.798493,2.36,-0.26,2.76,-123.62,-170.45,182.25,22.23,3688.28,3740.73,11.55,11.68,1
1256.850,-7.283232,112.798445,0.64,34.51,-20.58,97.07,121.58,184.50,-19.35,4235.70,4679.31,10.60,11.45,1
1256.860,-7.283619,112.798743,0.63,-35.47,3.14,-99.55,-164.70,186.75,15.93,1170.54,3312.52,11.41,10.48,0
1256.870,-7.283047,112.798844,1.86,14.69,38.75,-86.28,-20.72,189.00,12.71,430.70,2077.12,10.49,12.47,4
1256.880,-7.283576,112.798442,0.38,-0.18,-30.63,-162.58,71.05,191.25,21.43,1311.75,5239.48,12.11,10.99,0
1256.890,-7.283232,112.798388,0.36,-37.99,7.80,137.71,39.23,193.50,2.81,4478.22,3754.53,11.57,11.70,4
1256.900,-7.282848,112.798888,2.90,-34.10,-35.05,117.30,19.83,195.75,-11.57,5376.84,5946.20,12.33,11.42,0
1256.910,-7.283620,112.797874,3.28,7.99,39.89,-52.38,-59.88,198.00,28.32,5794.10,5080.94,11.88,10.68,0
1256.920,-7.283281,112.797858,1.73,15.71,16.60,-38.06,36.28,200.25,3.24,2586.37,1986.24,10.82,10.20,3
1256.930,-7.283427,112.797711,0.81,-8.50,-25.42,-9.18,116.33,202.50,9.16,4994.35,1273.94,10.45,10.39,1
1256.940,-7.283355,112.798593,1.17,-33.74,14.54,39.68,81.13,204.75,4.35,675.48,4697.91,11.99,11.90,3
1256.950,-7.282776,112.798290,1.12,-23.79,12.82,-17.59,40.68,207.00,-20.09,2349.78,3915.07,10.50,11.43,4
1256.960,-7.283606,112.797945,1.99,-4.55,15.31,-76.82,-28.96,209.25,9.26,4129.41,3412.46,11.87,10.56,4
1256.970,-7.283556,112.797632,1.31,-18.96,-9.02,71.60,-174.10,211.50,-25.89,1685.96,3302.66,11.77,11.82,4
1256.980,-7.282905,112.797534,2.58,11.59,-20.36,-178.23,-86.43,213.75,5.48,853.14,4888.02,10.62,11.24,3
1256.990,-7.282965,112.798032,2.43,-36.84,3.77,-7.71,128.15,216.00,19.56,5272.58,756.11,10.63,10.67,1
1257.000,-7.282769,112.797312,0.94,38.26,-21.67,-64.69,-104.31,218.25,-4.69,3023.93,2021.38,10.32,11.25,2
1257.010,-7.283020,112.797737,2.01,34.73,-3.09,-39.50,-100.96,220.50,16.74,1194.71,4052.57,11.21,12.26,2
1257.020,-7.282661,112.797622,3.36,24.53,34.55,-166.32,-28.00,222.75,13.73,4764.48,1891.40,12.57,11.90,3
1257.030,-7.282812,112.797652,1.69,7.01,-23.66,-150.01,64.61,225.00,-27.98,78.60,5123.85,10.04,11.83,4
1257.040,-7.283058,112.797449,2.17,-33.05,36.43,-136.25,81.90,227.25,-5.72,5048.56,3234.55,11.26,10.40,4
1257.050,-7.282668,112.797809,2.81,-24.47,-6.56,-14.96,-140.59,229.50,-25.38,2970.71,5008.48,11.28,10.32,0
1257.060,-7.282892,112.797006,2.15,22.08,-37.20,-77.43,-86.95,231.75,-30.61,5642.93,5362.00,10.82,12.20,1
1257.070,-7.283139,112.797482,0.02,-28.41,39.80,-133.01,-60.49,234.00,7.55,2354.24,5986.52,10.85,11.97,4
1257.080,-7.283050,112.797033,0.57,21.43,33.60,-151.52,-43.23,236.25,9.20,2637.35,5830.45,11.29,12.51,3
1257.090,-7.282840,112.796654,2.44,-18.58,26.90,120.22,10.24,238.50,24.29,171.17,797.77,10.89,10.39,3
1257.100,-7.282755,112.796995,1.35,-14.11,6.42,78.72,70.53,240.75,23.52,4212.76,5420.63,10.76,12.54,0
1257.110,-7.282713,112.796690,0.61,-32.07,-0.27,112.27,112.10,243.00,19.25,3211.00,1259.77,12.14,10.52,2
1257.120,-7.282424,112.796973,0.93,-23.96,-34.05,89.98,169.16,245.25,-24.88,1187.84,1178.49,10.67,11.80,0
1257.130,-7.281901,112.797253,1.52,-8.12,-3.70,94.41,-45.30,247.50,20.17,1671.48,4099.49,12.32,10.91,1
1257.140,-7.282513,112.796778,1.25,2.30,-16.72,-178.17,81.70,249.75,2.97,4517.25,2191.76,10.42,10.57,1
1257.150,-7.282274,112.796995,0.03,-16.90,4.75,66.62,-110.72,252.00,-6.17,1219.80,1522.37,11.67,10.40,4
1257.160,-7.282349,112.797329,2.99,33.76,30.70,-149.63,6.44,254.25,-7.01,1940.88,2592.46,11.46,11.51,1
1257.170,-7.282106,112.797083,3.24,-3.59,-38.49,-85.52,-5.42,256.50,19.31,4437.11,3957.51,12.35,10.27,1
1257.180,-7.281850,112.797237,0.42,-26.84,-25.17,-97.04,-40.74,258.75,-23.56,5673.12,5481.28,10.82,10.05,4
1257.190,-7.281874,112.797189,2.97,9.79,34.07,-89.00,-134.58,261.00,24.64,4645.06,278.12,11.29,12.57,4
1257.200,-7.281647,112.796832,1.91,-24.37,-6.47,-178.47,44.79,263.25,-0.35,2154.45,1369.85,10.85,11.46,2
1257.210,-7.281509,112.796494,0.44,-5.77,-35.00,65.04,-44.17,265.50,-31.52,4413.57,1943.64,10.28,11.47,3
1257.220,-7.282010,112.797145,3.25,25.06,29.95,51.26,164.93,267.75,-27.91,2490.98,3297.70,10.46,10.73,4
1257.230,-7.281377,112.796807,1.06,38.44,-25.75,-119.60,155.78,270.00,-11.60,4129.85,4207.41,10.18,10.93,1
1257.240,-7.281464,112.796432,1.58,2.29,15.57,175.87,73.96,272.25,9.97,2889.52,638.50,10.80,12.30,3
1257.250,-7.281003,112.796898,3.00,-39.82,-17.31,22.31,95.49,274.50,-10.29,3673.44,1127.89,11.61,10.11,4
1257.260,-7.281438,112.797038,1.25,20.56,24.16,55.83,109.31,276.75,-16.47,1669.48,1196.59,10.46,10.16,1
1257.270,-7.280839,112.796374,2.86,-30.59,37.49,-103.01,54.34,279.00,-0.65,694.40,5301.54,11.79,11.14,0
1257.280,-7.281025,112.796663,0.65,-22.96,13.53,29.48,-168.03,281.25,-24.91,3921.28,2588.78,10.15,11.79,3
1257.290,-7.280920,112.796702,0.56,25.35,24.45,-81.45,-159.82,283.50,16.07,3204.78,4082.42,12.12,10.66,0
1257.300,-7.280443,112.796299,2.42,-23.66,-31.62,108.58,-103.02,285.75,25.70,2153.15,45.20,12.22,12.11,0
1257.310,-7.280761,112.796520,2.37,5.54,25.03,37.89,119.34,288.00,32.32,4131.16,3123.72,10.46,11.24,1
1257.320,-7.280858,112.796509,3.40,12.09,-20.89,-23.51,57.56,290.25,-29.23,72.23,543.93,12.17,11.35,3
1257.330,-7.281083,112.796592,3.43,-29.27,-3.64,45.80,164.38,292.50,7.13,5029.74,3066.41,10.83,12.35,3
1257.340,-7.280474,112.797124,2.95,11.28,33.81,160.75,94.89,294.75,-7.65,3011.86,721.06,12.25,10.62,4
1257.350,-7.280030,112.796699,1.61,-34.53,39.59,-112.70,8.85,297.00,14.69,4570.91,3467.11,12.54,12.38,3
1257.360,-7.280111,112.796901,0.28,-19.49,31.43,93.52,30.61,299.25,-13.25,5571.58,3347.02,12.29,10.92,0
1257.370,-7.279913,112.796485,3.47,2.58,-5.61,-39.98,68.57,301.50,-27.73,5194.17,1569.61,10.44,11.74,3
1257.380,-7.280450,112.796960,3.26,24.24,-37.72,-173.87,-70.09,303.75,-10.43,1746.71,298.09,10.41,12.22,4
1257.390,-7.280277,112.796781,2.03,-7.89,-33.27,-99.09,-178.52,306.00,22.39,308.68,5047.90,11.24,10.70,4
1257.400,-7.279975,112.796966,1.76,7.47,-8.79,177.78,-10.34,308.25,-0.29,4645.07,2384.77,11.96,10.13,0
1257.410,-7.279743,112.797259,0.56,-32.63,38.04,77.92,79.07,310.50,25.77,3195.06,4511.04,12.41,11.99,3
1257.420,-7.279978,112.796638,0.44,-37.32,-4.74,-102.39,-165.11,312.75,-12.64,4442.88,4572.58,12.31,10.23,3
1257.430,-7.280114,112.797009,1.60,-1.55,10.46,134.49,34.10,315.00,-26.88,2179.37,5716.03,10.55,11.89,1
1257.440,-7.279581,112.797726,1.97,-33.46,5.28,-146.98,-157.54,317.25,18.84,4354.48,5129.12,10.54,10.61,0
1257.450,-7.279803,112.796923,3.31,-8.90,-11.43,-83.00,123.46,319.50,-28.80,2413.31,5141.00,10.02,12.28,2
1257.460,-7.280035,112.797310,1.78,26.77,25.17,-65.00,-64.86,321.75,-9.53,1960.27,3291.55,12.06,10.60,4
1257.470,-7.279079,112.797258,1.06,-20.32,31.09,11.86,79.05,324.00,-25.03,1031.78,4228.83,11.48,11.13,2
1257.480,-7.279466,112.797236,0.69,28.70,8.54,92.15,81.27,326.25,-16.99,1764.31,1890.34,11.46,12.24,2
1257.490,-7.279224,112.797227,1.02,-1.26,-16.85,145.65,72.79,328.50,22.34,2707.83,3284.93,12.52,12.51,3
1257.500,-7.279625,112.798188,1.52,27.71,7.65,-125.98,112.70,330.75,33.27,1124.48,208.12,12.06,12.03,1
1257.510,-7.279728,112.797735,0.69,-11.34,-23.59,-9.42,-151.69,333.00,8.01,2269.30,5148.89,10.96,10.85,3
1257.520,-7.279557,112.798338,2.14,1.72,-36.95,1.25,153.77,335.25,-10.85,3456.56,1269.00,10.03,11.33,2
1257.530,-7.278784,112.797683,3.27,6.58,24.15,150.06,29.76,337.50,-22.91,4505.45,1261.99,12.43,10.29,4
1257.540,-7.278705,112.797887,2.48,35.92,33.35,124.56,133.99,339.75,22.45,5830.29,4306.52,12.22,12.28,4
1257.550,-7.279327,112.797663,1.15,-16.18,-34.10,42.03,-167.18,342.00,-14.62,4852.07,1434.41,10.97,10.87,2
1257.560,-7.278652,112.798497,2.26,16.04,25.68,-166.11,102.64,344.25,-34.00,261.56,1029.21,10.13,12.10,3
1257.570,-7.279409,112.798299,2.66,-23.21,-27.55,64.44,85.50,346.50,18.94,3922.41,1838.83,11.04,11.92,1
1257.580,-7.279460,112.798895,1.85,8.62,12.07,-16.77,-123.76,348.75,19.19,225.07,3541.36,11.01,11.71,0
1257.590,-7.278892,112.798727,0.81,9.32,16.09,-76.47,105.17,351.00,18.90,5474.80,4601.14,10.02,10.39,3
1257.600,-7.278942,112.798941,0.60,-29.01,-31.65,12.91,132.01,353.25,9.07,3151.83,5330.91,12.50,10.09,3
1257.610,-7.279332,112.799190,2.27,-16.55,9.48,36.41,47.60,355.50,-9.42,5424.20,3189.39,10.37,10.31,0
1257.620,-7.278949,112.798930,1.32,-15.47,-6.59,176.19,-172.17,357.75,3.22,1955.69,4474.11,12.32,12.58,0
1257.630,-7.280101,112.799336,2.73,2.08,-5.66,6.58,-2.78,0.00,20.36,3403.17,3380.51,12.55,10.77,1
1257.640,-7.280122,112.798586,2.13,-1.70,-29.67,36.02,-69.17,2.25,-26.82,409.49,1244.07,11.66,10.42,0
1257.650,-7.280827,112.799341,2.61,-14.63,-9.53,156.43,-169.17,4.50,-0.47,1414.82,2248.26,11.00,10.98,4
1257.660,-7.280898,112.798813,1.42,19.66,30.97,-145.80,18.53,6.75,18.54,3742.49,5908.83,12.28,11.77,2
1257.670,-7.280061,112.799411,1.90,6.00,-1.27,157.88,-160.75,9.00,-2.15,1808.82,1284.79,11.46,12.48,1
1257.680,-7.280860,112.799575,3.19,36.68,-16.12,179.13,122.63,11.25,24.90,659.47,4097.02,12.08,10.11,2
1257.690,-7.280050,112.799091,1.01,-10.57,-37.08,-169.85,-177.57,13.50,24.68,764.47,134.59,10.68,11.25,2
1257.700,-7.280075,112.799040,0.51,37.67,-16.51,136.47,11.83,15.75,31.23,1951.64,1868.22,10.35,12.08,1
1257.710,-7.280145,112.799110,0.17,-29.79,25.51,110.13,-123.47,18.00,28.03,1623.45,4038.34,11.13,10.06,2
1257.720,-7.280967,112.798865,0.00,-28.01,-38.59,153.04,-111.75,20.25,-6.00,1952.97,1487.56,10.35,11.54,3
1257.730,-7.280531,112.798835,2.77,-29.32,11.77,-63.12,-29.53,22.50,3.22,3202.80,1637.70,10.57,11.45,1
1257.740,-7.280115,112.799773,0.23,-23.09,-20.39,-51.49,75.28,24.75,-16.60,5839.51,5546.26,12.38,10.50,4
1257.750,-7.280653,112.799034,0.34,-6.50,-10.53,-71.86,-65.87,27.00,33.58,2068.28,4130.50,12.53,11.29,1
1257.760,-7.280427,112.799607,1.19,19.02,-20.64,-53.81,-117.45,29.25,17.38,2881.66,714.16,10.50,11.84,1
1257.770,-7.280949,112.799740,1.83,2.43,-39.15,143.33,-150.27,31.50,9.07,928.79,4962.06,11.37,11.75,2
1257.780,-7.280700,112.799814,1.83,-32.40,30.01,32.06,-176.82,33.75,14.83,3835.17,1587.04,11.41,10.18,2
1257.790,-7.280106,112.799752,0.32,-9.02,20.37,179.20,65.17,36.00,-14.76,2122.85,1667.95,10.31,12.26,0
1257.800,-7.280665,112.799681,0.69,25.02,28.73,-146.96,-98.23,38.25,21.10,32.38,308.06,11.35,11.73,4
1257.810,-7.280175,112.800031,1.78,10.13,35.02,-139.99,108.93,40.50,-9.59,5484.94,4995.60,12.57,11.63,0
1257.820,-7.280121,112.799335,1.74,13.01,-1.51,49.11,121.77,42.75,-23.03,2753.32,4885.50,11.71,11.97,0
1257.830,-7.280777,112.800216,2.30,-2.28,39.33,79.96,-67.26,45.00,8.38,2080.08,5436.48,10.94,10.35,1
1257.840,-7.280604,112.799930,3.00,-0.03,4.55,-139.35,-149.41,47.25,22.35,4586.68,4144.41,10.62,11.07,0
1257.850,-7.280778,112.799598,1.23,-29.65,-6.47,-100.57,64.94,49.50,18.50,2269.53,5338.77,10.40,10.47,2
1257.860,-7.280972,112.799452,1.48,27.81,13.29,-144.65,-99.61,51.75,23.67,1263.73,2909.61,11.04,12.11,4
1257.870,-7.281240,112.799684,1.56,-16.95,-22.99,106.31,-175.95,54.00,-1.32,656.88,2170.57,11.45,11.74,4
1257.880,-7.280719,112.800387,1.92,-10.52,34.87,33.72,-168.99,56.25,-25.61,3003.62,2736.64,10.78,12.12,1
1257.890,-7.281073,112.799495,1.20,12.00,-37.87,144.90,-176.08,58.50,-30.85,315.24,5402.55,11.44,12.37,3
1257.900,-7.280472,112.800199,3.24,38.59,7.37,-104.75,-17.32,60.75,-32.60,5611.66,1733.16,11.20,10.27,2
1257.910,-7.280823,112.800451,0.69,20.08,2.91,159.37,133.48,63.00,-23.64,2490.09,4635.89,10.63,11.78,3
1257.920,-7.280981,112.800562,1.78,14.56,-11.87,-90.50,-144.83,65.25,-7.42,2194.38,2219.86,10.63,10.06,1
1257.930,-7.281499,112.800222,1.45,-33.87,-4.91,70.43,20.39,67.50,4.96,2191.15,3313.19,10.15,11.15,3
1257.940,-7.280717,112.799872,1.38,35.93,24.71,-11.82,146.80,69.75,3.98,2577.17,1971.32,10.62,10.38,1
1257.950,-7.281163,112.800527,2.47,22.06,-16.62,-32.39,-1.23,72.00,29.17,584.11,5990.90,10.48,10.70,4
1257.960,-7.281407,112.800632,2.11,26.20,14.20,36.97,124.24,74.25,-33.32,1805.89,5584.94,10.48,10.21,4
1257.970,-7.281400,112.800438,1.04,-6.80,-35.98,137.62,-175.76,76.50,18.76,4959.31,139.11,12.46,12.16,2
1257.980,-7.281363,112.799860,2.41,-7.29,-37.55,-163.99,-70.16,78.75,-4.50,3729.48,2161.97,11.24,10.14,3
1257.990,-7.280886,112.800633,2.58,28.80,-29.19,51.63,-122.39,81.00,-4.38,2183.24,51.29,11.92,10.32,4
1258.000,-7.281516,112.800496,2.42,-12.86,36.44,44.18,-32.50,83.25,-33.89,2667.83,1769.66,11.80,12.44,2
1258.010,-7.281504,112.800505,0.33,-3.04,12.99,157.72,146.67,85.50,9.36,232.42,3516.38,12.47,10.46,4
1258.020,-7.281309,112.800386,0.63,29.88,-37.28,10.94,-0.40,87.75,27.70,1458.89,5592.43,12.01,11.79,2
1258.030,-7.281168,112.800236,0.09,-31.59,21.72,44.52,20.44,90.00,-31.19,5638.01,2849.15,10.73,12.36,1
1258.040,-7.281196,112.800368,2.89,-7.72,-8.22,-55.34,-171.90,92.25,-28.00,4387.41,4986.01,11.88,10.77,0
1258.050,-7.281576,112.800394,0.05,5.98,-37.38,22.50,-14.77,94.50,34.22,3778.67,5943.31,12.23,12.05,1
1258.060,-7.281534,112.800069,1.66,-37.96,-0.10,117.61,106.05,96.75,7.32,912.26,3146.88,12.19,11.49,4
1258.070,-7.281639,112.800306,0.09,-32.96,-0.46,-12.85,12.39,99.00,-34.84,5185.79,127.76,12.05,11.08,3
1258.080,-7.282048,112.800594,1.54,4.82,-21.46,-56.18,-53.13,101.25,-2.50,1757.01,2198.77,11.52,11.35,4
1258.090,-7.281577,112.800623,3.30,36.09,-16.33,-179.41,-90.25,103.50,9.83,3743.24,2727.55,10.52,12.22,4
1258.100,-7.282137,112.800565,1.48,-4.11,19.71,-170.89,166.65,105.75,-24.54,2517.52,188.55,10.21,10.91,0
1258.110,-7.282143,112.800490,3.46,3.29,30.32,54.23,-89.36,108.00,-12.78,2672.29,1458.88,11.16,12.55,2
1258.120,-7.281918,112.800382,1.84,15.69,4.38,-147.85,-116.75,110.25,-27.17,4293.68,4244.91,12.26,11.82,3
1258.130,-7.281737,112.799838,1.57,1.74,5.75,168.76,76.14,112.50,-28.55,1378.45,4232.61,10.48,11.58,1
1258.140,-7.281796,112.799928,2.79,12.94,-38.72,-81.95,-103.59,114.75,18.86,4900.07,1907.67,11.31,12.43,2
1258.150,-7.282205,112.800684,3.37,16.85,-14.21,15.02,66.54,117.00,-23.47,5335.57,1389.72,11.65,12.13,0
1258.160,-7.281935,112.800350,2.44,14.01,30.60,98.08,-144.81,119.25,-1.66,4274.93,4955.24,11.30,10.57,2
1258.170,-7.282141,112.799779,1.57,-25.88,23.05,130.30,-28.17,121.50,31.62,3445.06,4039.61,10.06,11.78,2
1258.180,-7.282594,112.800614,1.12,15.96,23.98,179.62,49.56,123.75,-2.35,1211.46,2427.14,10.40,10.12,4
1258.190,-7.282416,112.800246,0.41,5.75,13.36,10.73,148.62,126.00,-9.60,4253.78,2155.50,10.73,10.77,3
1258.200,-7.282138,112.800052,0.64,6.06,-19.50,120.95,-57.16,128.25,-34.18,3286.64,3756.15,12.27,10.29,2
1258.210,-7.282720,112.800444,2.53,-6.39,-32.41,-112.65,165.88,130.50,-4.32,4790.64,3487.27,12.59,11.12,3
1258.220,-7.282938,112.800487,1.32,30.55,-8.44,108.81,62.80,132.75,-17.51,3753.05,1645.05,10.87,10.85,0
1258.230,-7.283116,112.799789,3.33,7.14,16.21,-168.25,28.55,135.00,11.24,2128.70,4066.85,11.05,11.13,2
1258.240,-7.282249,112.800404,0.31,1.69,39.20,-116.63,-165.62,137.25,-21.98,566.40,4838.38,11.03,10.19,2
1258.250,-7.283184,112.799700,2.84,28.57,-4.75,150.73,179.39,139.50,20.40,2776.32,4465.14,12.58,10.20,3
1258.260,-7.282746,112.799914,1.02,14.93,-19.97,76.42,38.71,141.75,-27.40,298.45,2052.34,10.95,11.69,3
1258.270,-7.283201,112.799528,0.81,-14.46,-20.50,-72.18,165.73,144.00,1.65,5159.70,71.20,12.26,12.38,0
1258.280,-7.283318,112.799870,1.30,39.38,19.65,-159.63,165.08,146.25,-2.93,1784.17,2647.64,12.12,11.37,0
1258.290,-7.283150,112.799280,2.78,-22.74,24.04,113.36,-120.33,148.50,22.93,4541.65,2142.94,10.71,11.76,3
1258.300,-7.282700,112.799948,0.56,37.01,-19.13,-154.14,-159.96,150.75,11.06,1509.20,4697.35,10.50,12.06,3
1258.310,-7.282706,112.799773,0.33,16.79,22.08,-138.11,-16.07,153.00,-15.41,2581.51,3210.82,10.17,12.48,4
1258.320,-7.282644,112.799866,2.65,-33.81,-21.23,5.33,66.52,155.25,-5.52,1956.31,4523.81,10.67,10.15,4
1258.330,-7.283058,112.799091,3.15,-38.38,-10.41,150.84,-177.28,157.50,15.83,3735.40,2981.80,10.41,11.98,4
1258.340,-7.283316,112.799375,1.88,26.99,-30.94,84.56,141.49,159.75,-6.96,4530.89,1124.72,10.21,10.57,4
1258.350,-7.283189,112.799518,1.36,-30.10,-5.75,-29.83,173.55,162.00,28.11,1473.00,877.77,10.31,12.01,3
1258.360,-7.283193,112.799662,1.84,-5.89,21.77,155.95,138.48,164.25,28.39,2921.58,5073.76,12.27,12.39,0
1258.370,-7.282833,112.799484,3.13,-33.81,19.46,169.08,-77.79,166.50,-22.25,1903.15,2393.55,10.71,10.51,4
1258.380,-7.283066,112.798920,2.17,27.55,-4.27,113.77,65.89,168.75,-9.04,5671.29,5622.49,10.66,10.91,4
1258.390,-7.283308,112.799309,1.56,-3.90,-32.93,-90.77,-114.72,171.00,17.86,782.14,3713.66,10.63,11.51,0
1258.400,-7.282999,112.799149,0.41,38.44,38.69,79.26,154.49,173.25,-19.70,3347.46,1767.58,10.98,10.00,2
1258.410,-7.282867,112.799379,3.42,10.42,-5.68,174.93,1.87,175.50,14.79,2482.26,3527.63,10.50,12.03,4
1258.420,-7.283660,112.799109,0.19,-30.68,-34.61,63.87,149.05,177.75,21.14,3649.45,2266.50,11.06,10.95,0
1258.430,-7.283573,112.798842,2.24,22.50,-29.56,43.60,51.17,180.00,20.32,4883.59,2556.12,10.90,12.16,0
1258.440,-7.283585,112.798365,0.57,-19.39,16.73,-77.91,139.09,182.25,14.73,2100.79,1903.53,11.50,11.15,2
1258.450,-7.283365,112.798837,3.41,11.45,11.01,134.99,99.31,184.50,11.75,1986.82,3508.84,10.15,10.20,0
1258.460,-7.282906,112.798283,2.20,-8.16,23.11,76.34,-169.04,186.75,15.20,5456.69,4881.76,11.61,10.29,2
1258.470,-7.283512,112.798533,1.67,23.84,8.23,71.64,-62.81,189.00,-17.96,4243.56,1088.97,11.92,12.48,0
1258.480,-7.283702,112.798679,1.28,-31.35,-20.74,26.77,167.48,191.25,-23.70,585.19,859.65,10.64,10.21,3
1258.490,-7.283201,112.798221,1.26,-27.20,15.54,112.17,146.32,193.50,19.97,2579.42,2369.19,12.06,12.15,1
1258.500,-7.283089,112.797966,0.77,-29.28,6.27,-15.57,-35.17,195.75,4.26,5485.78,4639.09,11.50,12.44,2
1258.510,-7.283524,112.798715,1.95,34.03,-34.53,20.11,156.79,198.00,9.11,2250.61,1079.74,10.43,10.72,3
1258.520,-7.283184,112.798549,2.44,-14.14,-21.98,-72.58,-162.27,200.25,26.19,5227.98,2295.37,11.13,12.47,2
1258.530,-7.283501,112.797955,3.00,10.06,-8.59,114.95,-109.10,202.50,6.02,1572.69,1090.34,10.96,11.60,0
1258.540,-7.282771,112.798554,3.24,-33.18,-7.95,58.71,50.23,204.75,32.73,1309.21,1667.24,11.21,11.54,2
1258.550,-7.283707,112.797858,0.27,26.91,-27.99,161.97,69.86,207.00,-14.30,5602.79,685.56,11.05,10.13,3
1258.560,-7.283340,112.797689,2.96,35.11,18.66,-138.67,-117.47,209.25,16.41,5202.35,307.83,11.13,10.61,4
1258.570,-7.282753,112.797556,0.85,-28.33,16.60,162.40,-137.95,211.50,-12.26,1462.38,5218.49,11.36,11.52,0
1258.580,-7.283160,112.798257,3.46,-29.28,-18.06,-47.08,-63.14,213.75,11.29,5691.41,5074.05,10.90,11.16,3
1258.590,-7.282972,112.797538,0.54,-2.55,-33.21,166.98,-77.44,216.00,-10.16,2569.85,4994.65,11.25,10.51,4
1258.600,-7.282841,112.798122,1.10,-31.40,2.73,68.86,-19.64,218.25,-17.76,2004.92,2591.59,10.67,11.11,1
1258.610,-7.282756,112.797431,0.03,31.45,28.56,10.74,84.36,220.50,18.61,2566.22,338.60,11.36,11.00,2
1258.620,-7.283209,112.797878,1.12,31.91,-1.00,85.63,-63.29,222.75,7.14,4815.47,1667.75,10.48,11.02,4
1258.630,-7.282510,112.797448,0.99,25.99,-7.40,26.83,35.21,225.00,-28.24,2377.17,3360.27,10.01,10.73,2
1258.640,-7.282755,112.797222,0.75,-18.87,-32.03,144.52,89.49,227.25,20.90,2931.85,4833.89,10.39,12.46,2
1258.650,-7.282367,112.797731,0.33,30.75,-8.77,-12.49,115.40,229.50,16.78,2600.51,2093.96,11.80,11.43,3
1258.660,-7.283018,112.797196,1.69,29.29,4.94,35.71,-176.35,231.75,-30.09,3443.99,2214.05,10.03,11.34,0
1258.670,-7.282381,112.796976,1.69,23.67,35.69,-8.97,-160.55,234.00,34.88,2462.10,1747.63,12.35,12.15,2
1258.680,-7.283122,112.797298,0.63,-33.60,8.10,-18.97,-37.23,236.25,-8.54,2699.75,1159.84,11.31,11.12,3
1258.690,-7.282236,112.797093,1.17,-27.94,-33.36,-4.58,-14.38,238.50,26.12,1748.73,1114.04,10.79,10.96,3
1258.700,-7.282654,112.797065,1.57,-4.99,-35.82,-175.64,3.22,240.75,-24.04,3083.65,3469.67,10.60,11.20,4
1258.710,-7.282547,112.797498,1.95,-7.46,-8.50,176.70,-52.21,243.00,32.03,5096.88,1875.04,12.41,11.25,2
1258.720,-7.282712,112.796775,1.51,-12.08,1.17,-157.51,-173.97,245.25,-34.91,3933.80,968.53,10.99,10.74,2
1258.730,-7.282495,112.796881,2.71,4.23,-27.41,145.40,149.62,247.50,-26.81,1761.24,2747.95,11.03,11.75,0
1258.740,-7.282530,112.796729,0.24,-7.61,29.46,-20.66,48.93,249.75,18.88,2241.26,3608.60,11.03,11.64,4
1258.750,-7.281880,112.796659,2.88,-7.75,22.13,-108.05,162.91,252.00,12.42,4282.34,5538.58,11.10,10.30,1
1258.760,-7.281942,112.796707,2.76,-14.83,9.20,34.41,-37.61,254.25,-15.76,2626.27,3604.51,10.34,12.27,3
1258.770,-7.282252,112.796902,1.14,-2.31,-35.98,4.71,-116.80,256.50,-2.00,2279.22,4607.79,10.36,10.01,4
1258.780,-7.282162,112.796723,0.85,-2.72,19.05,154.78,50.17,258.75,-30.19,5033.08,4796.62,10.57,10.62,3
1258.790,-7.281663,112.796262,0.45,-27.36,2.08,112.40,-133.12,261.00,-33.76,4215.80,446.15,11.24,12.56,3
1258.800,-7.281505,112.797053,0.58,-31.42,-34.29,-96.39,6.74,263.25,24.08,3994.15,4771.95,11.00,11.67,4
1258.810,-7.281605,112.797179,1.31,23.60,37.98,-45.84,163.93,265.50,-11.70,4046.13,4625.59,10.68,11.03,0
1258.820,-7.281517,112.796861,1.73,37.94,-25.83,-168.84,169.14,267.75,-22.02,1238.17,756.25,10.75,12.02,2
1258.830,-7.281372,112.796453,1.26,22.89,-8.59,159.38,160.65,270.00,-22.32,1969.33,1235.03,12.20,10.63,2
1258.840,-7.281752,112.796821,3.17,-24.72,9.77,-85.26,-131.04,272.25,15.76,2648.78,5771.62,10.96,10.67,1
1258.850,-7.281033,112.796349,1.50,-31.80,7.16,62.90,-139.28,274.50,16.01,1517.15,3186.79,12.18,11.49,0
1258.860,-7.281132,112.796583,2.63,16.15,26.03,115.33,119.99,276.75,-23.49,2627.15,474.49,12.05,10.42,4
1258.870,-7.281379,112.796406,1.98,-35.72,12.70,149.77,31.42,279.00,8.29,2343.19,3419.96,10.28,10.07,4
1258.880,-7.280824,112.796409,0.14,20.51,-14.50,-50.39,166.26,281.25,34.66,5185.72,2106.54,12.04,10.76,1
1258.890,-7.280552,112.797142,0.31,-37.50,13.47,154.32,-76.86,283.50,-25.20,1650.62,563.15,10.08,12.17,0
1258.900,-7.281254,112.796607,3.04,0.16,28.85,-105.12,-36.18,285.75,34.38,1610.06,2772.58,11.24,12.33,3
1258.910,-7.280853,112.796930,0.34,-17.41,18.76,-141.03,-157.90,288.00,-18.49,5006.87,5298.24,11.81,12.30,3
1258.920,-7.280843,112.796848,0.11,-5.81,8.86,-100.54,111.18,290.25,20.62,1460.65,2369.10,11.15,10.46,2
1258.930,-7.280463,112.796664,1.36,31.00,-11.74,-83.78,179.31,292.50,1.93,442.79,865.35,11.62,10.87,4
1258.940,-7.280298,112.797071,0.27,10.92,-21.95,-6.11,-157.46,294.75,21.17,1547.01,2439.06,11.40,10.14,1
1258.950,-7.280033,112.796329,1.14,-32.04,-3.63,-52.65,78.53,297.00,10.70,3634.03,4021.83,11.86,11.61,2
1258.960,-7.280288,112.797178,2.27,-23.10,25.92,-168.78,-75.02,299.25,0.22,413.24,1358.07,12.27,11.88,3
1258.970,-7.280122,112.797219,0.58,-13.50,-2.19,101.19,61.01,301.50,28.81,5922.16,189.22,10.60,11.36,1
1258.980,-7.279891,112.797026,0.86,-34.71,22.02,-45.88,-127.23,303.75,15.10,4128.29,5738.59,11.91,11.30,2
1258.990,-7.279926,112.797170,2.65,3.85,-4.30,-157.14,44.28,306.00,17.87,3138.24,1132.79,10.17,11.90,1
1259.000,-7.280193,112.796723,2.84,36.85,6.38,120.95,-54.81,308.25,14.20,124.86,1012.70,10.73,10.12,3
1259.010,-7.279650,112.796776,2.51,-13.78,-38.24,21.57,-105.09,310.50,-14.36,5853.28,3632.70,11.51,12.43,2
1259.020,-7.280160,112.797219,0.89,-34.43,31.80,-47.88,8.95,312.75,7.73,4288.37,3842.70,12.56,11.77,3
1259.030,-7.280233,112.796972,2.66,16.59,29.45,-177.47,150.98,315.00,31.19,2469.63,3604.57,10.93,12.18,4
1259.040,-7.279621,112.796967,1.12,-2.23,-10.62,-19.20,112.10,317.25,-1.29,4201.77,1747.69,10.33,11.74,3
1259.050,-7.279196,112.797583,3.13,-1.45,-32.67,-167.15,141.42,319.50,8.32,2934.25,2641.74,12.56,10.44,4
1259.060,-7.280007,112.797125,2.36,-38.03,0.65,104.20,-59.64,321.75,9.95,5456.74,5232.93,10.01,12.04,4
1259.070,-7.279127,112.797957,2.06,-32.00,-17.05,-123.71,-130.34,324.00,24.90,795.36,404.49,12.34,12.38,3
1259.080,-7.279655,112.797483,1.23,31.19,-17.88,-46.26,112.96,326.25,-11.17,2597.44,3772.18,10.75,12.52,0
1259.090,-7.279688,112.797982,3.12,-7.22,-23.15,114.81,12.09,328.50,-24.74,696.31,3618.95,11.31,12.23,0
1259.100,-7.279645,112.797796,0.15,20.92,30.91,171.34,50.44,330.75,-24.29,536.59,2031.94,11.02,10.77,2
1259.110,-7.279266,112.798078,2.06,2.62,3.63,-113.66,17.20,333.00,-10.68,3140.42,5622.57,11.47,11.47,0
1259.120,-7.278876,112.797769,1.36,-15.86,6.69,-28.40,62.08,335.25,-0.11,5625.07,3745.38,11.83,11.90,4
1259.130,-7.279560,112.797991,1.02,-38.71,-10.97,58.75,95.36,337.50,29.80,4189.30,5310.81,10.81,12.20,0
1259.140,-7.278965,112.798049,0.11,28.41,-11.89,-26.36,-143.38,339.75,-19.22,1954.89,2960.45,11.35,11.90,3
1259.150,-7.278793,112.798547,3.39,-23.71,-16.83,88.26,-1.78,342.00,2.40,4207.01,1486.33,11.57,11.61,2
1259.160,-7.279102,112.797738,2.39,-28.55,-38.01,-15.39,-59.01,344.25,6.87,4983.76,5652.59,12.52,11.80,0
1259.170,-7.279442,112.798349,1.13,24.17,-7.56,-144.04,159.54,346.50,4.17,4094.98,1073.43,11.48,11.42,0
1259.180,-7.279076,112.798774,3.38,-37.00,-39.15,148.75,71.79,348.75,13.18,5259.56,5668.25,10.19,10.99,1
1259.190,-7.278480,112.798042,2.04,32.58,-21.60,-85.79,-173.84,351.00,19.44,3783.63,1876.79,11.84,12.00,1
1259.200,-7.278449,112.798359,2.59,-5.39,30.06,49.25,94.24,353.25,23.60,681.43,1838.84,10.64,11.89,2
1259.210,-7.279104,112.798312,2.14,-7.70,18.53,-146.46,173.86,355.50,13.51,1254.40,393.21,11.56,11.84,0
1259.220,-7.278895,112.799025,2.42,-16.94,32.00,31.27,-57.51,357.75,-22.72,3710.36,5774.68,12.43,10.34,0
1259.230,-7.280981,112.798480,3.29,23.54,14.40,33.66,93.21,0.00,-27.37,3793.44,992.50,10.26,10.51,4
1259.240,-7.280783,112.798833,2.71,31.98,27.23,132.37,68.62,2.25,-22.10,3554.53,4352.74,11.58,12.38,4
1259.250,-7.280105,112.798824,0.50,28.31,-13.27,164.53,-13.53,4.50,-23.37,4405.93,2853.59,10.25,10.14,0
1259.260,-7.280791,112.799102,1.43,29.42,-18.25,111.68,-7.62,6.75,10.50,4542.56,682.47,10.77,11.25,3
1259.270,-7.280608,112.799524,0.13,15.94,10.01,66.32,-77.65,9.00,4.75,4307.20,1961.65,11.24,12.19,0
1259.280,-7.280208,112.799162,1.83,27.71,-22.03,-32.04,61.52,11.25,8.66,3165.57,3637.76,12.58,12.53,1
1259.290,-7.280311,112.799015,2.03,30.57,-7.08,37.70,-151.55,13.50,-18.04,1046.76,1219.00,12.38,11.51,2
1259.300,-7.280643,112.799429,0.03,-39.96,-19.01,-21.87,127.25,15.75,-29.94,611.93,5380.56,10.98,11.04,2
1259.310,-7.280927,112.799035,1.45,-26.86,34.58,-94.82,16.09,18.00,18.98,1209.96,2925.40,10.84,11.67,2
1259.320,-7.280659,112.799251,0.56,16.84,16.00,-102.53,41.77,20.25,-21.75,3095.50,3959.71,12.49,11.31,3
1259.330,-7.280509,112.799491,3.04,-28.77,0.41,-164.22,-134.36,22.50,10.99,4481.52,686.88,11.56,11.45,4
1259.340,-7.280848,112.799307,1.90,11.74,-0.95,62.78,41.89,24.75,-32.02,1546.32,3855.42,11.14,10.24,3
1259.350,-7.280083,112.799062,2.08,7.18,4.63,-18.95,55.11,27.00,13.26,2087.01,3778.66,10.79,10.41,1
1259.360,-7.280021,112.799393,3.14,20.84,-27.29,20.66,-78.99,29.25,-31.26,854.62,162.22,12.54,11.26,4
1259.370,-7.280968,112.799332,1.70,-31.69,10.66,143.41,18.84,31.50,16.44,5425.95,1543.07,11.98,10.35,2
1259.380,-7.280666,112.799357,1.73,23.24,11.70,82.68,-49.50,33.75,-12.87,4118.20,1399.88,11.63,11.23,1
1259.390,-7.280976,112.799348,0.26,-23.25,-2.19,-77.66,64.59,36.00,23.32,1360.51,843.02,12.08,10.83,2
1259.400,-7.280143,112.799700,0.54,-13.12,-22.17,21.21,76.01,38.25,-34.97,4107.66,505.03,10.14,12.56,3
1259.410,-7.280803,112.799709,1.04,-30.77,20.35,83.98,-58.77,40.50,-28.99,53.67,1975.05,11.45,10.50,3
1259.420,-7.280637,112.799427,0.65,31.16,-13.14,-175.23,-84.06,42.75,19.04,2779.85,1908.01,12.39,11.14,3
1259.430,-7.281118,112.799637,0.57,10.39,-15.36,123.66,112.95,45.00,11.51,864.91,709.15,10.92,10.81,0
1259.440,-7.280719,112.799740,2.00,3.70,39.54,71.09,-108.15,47.25,-13.89,1652.69,2040.58,10.40,11.60,0
1259.450,-7.280942,112.799912,2.10,-21.34,-3.11,67.05,-41.65,49.50,-7.74,2576.75,5064.80,11.25,12.04,3
1259.460,-7.280712,112.800245,2.13,-28.35,-21.06,12.33,-161.90,51.75,31.64,1281.01,5200.91,12.38,11.09,2
1259.470,-7.281090,112.799595,3.14,-14.83,-5.12,-167.61,-100.88,54.00,-23.33,5490.05,4168.96,10.37,11.60,3
1259.480,-7.280309,112.800446,3.49,5.35,8.46,101.01,-13.25,56.25,-10.93,3420.92,138.37,10.01,11.87,4
1259.490,-7.280511,112.799543,0.29,21.98,24.05,161.53,10.88,58.50,-22.84,1356.97,1069.50,10.00,10.06,4
1259.500,-7.281049,112.799785,0.50,25.01,37.92,-163.36,66.79,60.75,-13.76,332.57,5810.28,12.38,11.88,1
1259.510,-7.281046,112.800290,3.13,-2.70,9.76,4.50,141.82,63.00,-0.56,1770.27,3597.79,10.28,11.20,4
1259.520,-7.280763,112.800079,2.53,19.53,7.98,-2.52,63.97,65.25,-6.16,865.33,1088.15,10.40,11.71,2
1259.530,-7.281198,112.799880,0.85,-39.84,37.63,-177.25,-82.62,67.50,0.54,1422.83,3634.17,11.72,12.28,1
1259.540,-7.280643,112.800257,3.32,24.89,-28.91,-175.81,-93.58,69.75,17.43,422.06,2996.62,10.38,12.19,3
1259.550,-7.281222,112.800327,1.44,-4.65,5.21,108.83,-39.64,72.00,8.30,4979.87,2511.07,12.21,10.82,2
1259.560,-7.280725,112.800548,0.17,-25.91,-14.11,61.27,154.03,74.25,-27.77,2186.61,5782.07,12.38,10.69,1
1259.570,-7.281627,112.800183,2.94,-26.44,-37.22,131.01,12.15,76.50,-13.79,5048.17,224.29,12.15,10.10,2
1259.580,-7.281027,112.800364,1.16,-18.23,31.33,-98.98,79.54,78.75,6.47,4251.62,4293.46,12.23,10.47,2
1259.590,-7.281423,112.800181,1.93,1.32,-4.20,-106.68,-1.95,81.00,-8.87,3595.32,4993.31,11.61,12.14,3
1259.600,-7.281664,112.800369,2.87,-7.33,38.22,99.11,-168.82,83.25,18.17,897.95,132.38,11.14,11.35,3
1259.610,-7.281208,112.799974,2.67,1.92,12.12,-96.82,-7.47,85.50,10.42,49.42,1216.78,10.12,10.62,4
1259.620,-7.280984,112.800023,0.48,38.77,-8.24,-108.47,16.69,87.75,27.37,3482.82,5347.77,10.38,10.63,4
1259.630,-7.281631,112.800633,1.09,-7.87,-5.51,143.90,21.43,90.00,-32.03,4376.90,350.56,11.43,12.40,2
1259.640,-7.281108,112.800413,2.95,17.20,-26.75,11.36,20.29,92.25,11.86,3754.42,971.43,11.45,10.75,1
1259.650,-7.281249,112.800459,1.84,-25.81,12.12,-140.76,-124.36,94.50,11.75,312.89,317.66,12.30,12.31,4
1259.660,-7.282062,112.799963,1.37,18.29,-17.72,-166.96,137.45,96.75,-21.35,5420.63,5526.68,11.39,11.08,1
1259.670,-7.282061,112.800218,2.91,-28.53,1.63,-170.98,-141.91,99.00,-3.66,1619.51,1543.52,11.52,11.31,3
1259.680,-7.282036,112.800769,0.55,4.17,32.89,89.05,161.91,101.25,-20.19,16.43,2183.74,10.43,11.84,2
1259.690,-7.281488,112.800381,0.47,-8.59,-24.63,-130.97,-151.66,103.50,-26.11,3520.11,2512.44,10.62,11.99,2
1259.700,-7.281881,112.800652,1.98,33.35,0.66,-77.72,-173.38,105.75,6.37,1438.47,3435.37,11.52,11.06,1
1259.710,-7.282037,112.799932,3.21,1.71,-39.56,-169.29,-132.02,108.00,-23.87,2705.68,4083.46,11.52,10.70,0
1259.720,-7.282090,112.800351,2.70,-13.03,-29.55,-14.01,114.71,110.25,-19.13,4544.60,5105.60,11.00,12.40,4
1259.730,-7.281836,112.800744,3.03,34.47,-17.74,-44.77,-64.26,112.50,31.43,368.70,1087.44,10.33,10.12,2
1259.740,-7.282347,112.800458,2.53,39.18,-17.38,-123.12,34.65,114.75,24.72,865.92,89.58,10.24,11.45,4
1259.750,-7.281936,112.800391,2.30,21.58,-24.11,-10.23,120.83,117.00,21.05,5703.17,5268.70,12.00,10.75,2
1259.760,-7.282048,112.800648,0.21,27.91,-22.18,31.66,71.87,119.25,-21.36,912.97,1308.12,10.42,10.80,0
1259.770,-7.282517,112.800641,2.08,-34.29,-39.08,58.65,115.75,121.50,6.27,871.28,211.10,10.98,10.81,3
1259.780,-7.282766,112.800670,2.01,-36.23,4.64,-14.37,18.07,123.75,19.47,980.85,2754.10,10.27,11.80,4
1259.790,-7.282305,112.800330,3.15,7.94,-28.69,-84.63,-70.94,126.00,26.27,2361.09,5590.80,11.57,10.67,0
1259.800,-7.282246,112.800029,3.30,3.51,-10.56,38.38,70.97,128.25,-2.98,3883.00,2775.56,11.58,11.98,1
1259.810,-7.282276,112.799699,1.72,2.98,-32.34,-45.51,37.05,130.50,6.34,4051.18,5191.29,10.16,10.90,2
1259.820,-7.282888,112.799790,2.72,14.13,25.95,-34.82,-37.31,132.75,-16.70,672.93,3478.94,11.54,12.53,2
1259.830,-7.282138,112.800405,2.14,16.35,-34.52,74.02,1.16,135.00,10.67,2761.33,1128.74,12.55,10.54,1
1259.840,-7.282805,112.800292,1.86,-7.06,18.27,87.26,82.89,137.25,-16.33,1288.29,5720.69,10.04,11.58,4
1259.850,-7.283148,112.799639,2.50,-36.71,21.51,-91.32,-14.03,139.50,-8.50,221.18,3805.80,11.98,10.37,4
1259.860,-7.282876,112.800025,0.89,-34.21,3.15,179.23,174.48,141.75,-1.04,3544.51,221.11,10.31,10.41,2
1259.870,-7.283173,112.799658,0.00,36.42,34.15,11.31,-115.79,144.00,27.51,841.42,741.29,12.06,10.60,2
1259.880,-7.282790,112.800055,0.83,-33.67,-26.18,22.66,26.63,146.25,-32.27,1078.07,3542.69,10.99,10.34,2
1259.890,-7.282781,112.799475,2.67,1.96,-29.63,169.75,158.42,148.50,-6.12,2886.18,437.92,11.15,10.70,3
1259.900,-7.282696,112.799879,2.58,16.89,-3.81,164.83,-49.25,150.75,10.78,3527.80,3750.44,10.77,11.30,3
1259.910,-7.282692,112.799844,0.75,-28.31,-28.82,53.74,30.56,153.00,4.63,4605.35,3738.65,12.40,12.00,3
1259.920,-7.283025,112.799234,1.18,-6.55,19.29,15.47,179.88,155.25,-30.06,353.12,4482.17,11.41,10.37,1
1259.930,-7.283413,112.799705,0.42,6.51,-20.79,43.13,27.56,157.50,-17.39,2499.90,4936.82,11.55,12.54,4
1259.940,-7.283136,112.799041,2.68,-13.33,9.23,-176.00,124.94,159.75,4.47,673.87,3144.99,10.25,11.11,1
1259.950,-7.282953,112.799847,1.78,-29.81,-38.29,20.99,81.62,162.00,-8.18,1722.05,4761.17,10.23,10.56,2
1259.960,-7.282804,112.799200,2.60,0.55,-27.53,-68.70,178.72,164.25,0.22,4421.19,2026.47,11.85,10.25,3
1259.970,-7.283138,112.798916,2.01,11.07,30.28,168.59,13.40,166.50,7.21,3927.99,3031.25,11.44,11.56,4
1259.980,-7.283620,112.799038,0.23,16.72,9.98,-62.14,107.99,168.75,30.82,2146.39,1420.69,11.57,12.31,4
1259.990,-7.282821,112.798890,0.92,-14.47,5.16,-135.30,-13.27,171.00,27.53,296.06,4502.06,10.51,11.46,1
1260.000,-7.282811,112.798950,3.45,-38.83,-29.00,-87.73,-5.55,173.25,-10.82,4647.72,746.04,12.33,12.54,2
1260.010,-7.283171,112.799276,1.40,26.57,10.11,-114.97,-2.87,175.50,25.66,5220.36,725.07,11.76,11.64,1
1260.020,-7.282920,112.799204,3.19,1.85,22.18,-35.81,68.81,177.75,-31.05,3467.23,2633.26,12.27,10.91,0
1260.030,-7.283225,112.798862,2.44,-5.87,13.47,-19.46,-96.11,180.00,-34.78,208.02,994.80,10.15,12.43,4
1260.040,-7.283575,112.799090,0.87,5.42,11.33,124.40,124.44,182.25,-18.41,5370.90,3049.38,11.29,10.04,0
1260.050,-7.282848,112.798960,1.03,-0.05,33.71,74.43,143.67,184.50,-8.94,2434.81,1672.80,10.01,10.67,1
1260.060,-7.282843,112.798384,0.75,2.13,-28.39,105.00,-140.59,186.75,30.17,2063.10,1123.89,12.29,10.68,1
1260.070,-7.283571,112.798311,0.57,17.74,3.41,-49.92,127.12,189.00,14.64,54.07,3124.54,11.23,11.04,2
1260.080,-7.283404,112.798334,0.08,-35.89,1.40,114.93,-91.09,191.25,-9.62,3983.51,5034.29,12.48,10.65,1
1260.090,-7.283507,112.798961,3.09,27.02,-17.75,-119.15,138.95,193.50,0.41,2666.88,3007.21,11.52,10.80,1
1260.100,-7.282967,112.798683,0.27,-21.89,30.03,79.02,-85.47,195.75,-29.55,2390.65,3245.05,12.13,11.27,1
1260.110,-7.283012,112.798806,3.07,-11.24,-37.97,48.34,160.09,198.00,-5.35,3605.46,5322.23,10.09,10.58,2
1260.120,-7.283097,112.798616,2.32,-13.75,20.53,82.20,-44.02,200.25,-0.74,4459.76,1274.36,11.37,12.23,0
1260.130,-7.283029,112.798461,2.71,-12.57,5.99,138.84,-38.46,202.50,27.17,4388.62,4242.68,12.05,10.96,2
1260.140,-7.283705,112.797866,3.33,-31.12,-27.17,-172.82,-78.88,204.75,34.80,2285.84,5966.25,11.37,10.80,1
1260.150,-7.283142,112.798192,0.45,-0.53,-22.89,-76.58,-178.92,207.00,-17.36,427.97,4602.24,11.51,11.49,4
1260.160,-7.282919,112.798256,1.71,17.09,16.76,17.02,29.51,209.25,-4.74,185.70,1986.42,10.55,12.54,2
1260.170,-7.283213,112.798326,0.62,17.00,0.71,172.42,91.47,211.50,19.68,3583.92,477.27,12.40,11.12,1
1260.180,-7.282710,112.797432,2.80,5.31,32.95,-93.91,63.82,213.75,31.11,1238.17,2439.15,10.29,12.04,2
1260.190,-7.283397,112.797767,3.35,28.94,-8.71,30.04,170.02,216.00,-8.56,2153.54,3271.65,10.46,11.56,4
1260.200,-7.282872,112.797437,2.24,-23.28,-25.20,-45.72,166.21,218.25,8.44,1618.43,85.43,11.63,11.73,2
1260.210,-7.283106,112.797419,0.75,18.97,2.48,18.93,-52.46,220.50,-17.33,5542.26,5215.01,11.21,11.20,2
1260.220,-7.283212,112.797314,0.38,15.19,-24.87,-35.02,-79.45,222.75,-23.72,2084.26,1348.44,10.13,12.23,0
1260.230,-7.283241,112.796980,0.43,6.80,-37.46,-115.23,-119.25,225.00,2.04,447.94,5537.18,10.59,10.89,4
1260.240,-7.282659,112.797423,1.32,-6.80,18.32,96.17,-30.99,227.25,30.90,3092.21,1812.59,11.90,11.77,0
1260.250,-7.282855,112.797283,2.38,-21.37,16.29,175.75,20.46,229.50,-29.16,4605.18,3400.62,10.41,12.26,0
1260.260,-7.282875,112.797029,0.76,1.69,-14.54,109.93,26.50,231.75,-19.64,1547.02,3603.33,11.98,10.78,0
1260.270,-7.282221,112.797080,2.78,-32.81,9.61,71.64,35.03,234.00,1.98,2427.03,2656.97,10.80,12.31,1
1260.280,-7.282684,112.797115,2.61,30.25,0.92,1.58,86.89,236.25,3.61,2677.13,4167.62,11.39,11.45,1
1260.290,-7.282858,112.797196,1.41,-9.50,-20.03,137.85,149.23,238.50,-8.53,4978.90,5549.53,10.45,11.23,4
1260.300,-7.282300,112.797200,1.40,29.89,-39.21,76.99,145.44,240.75,22.94,1590.06,5105.11,11.08,10.10,4
1260.310,-7.282841,112.797097,2.17,-6.01,1.12,-151.95,-56.53,243.00,-9.72,1840.40,5570.62,11.65,10.87,2
1260.320,-7.282514,112.796510,0.75,-20.48,21.15,-40.84,-126.27,245.25,-17.06,1032.08,1684.07,10.32,12.54,4
1260.330,-7.281905,112.796531,1.86,11.12,-28.18,-179.38,-122.62,247.50,0.46,1283.54,3317.31,11.16,10.54,1
1260.340,-7.281764,112.796435,2.04,7.62,20.60,106.91,-10.62,249.75,32.39,4522.18,1473.44,12.34,12.13,3
1260.350,-7.281677,112.796952,1.02,1.07,28.65,99.82,152.50,252.00,4.59,842.69,3459.76,11.48,10.89,3
1260.360,-7.282100,112.796669,0.43,5.39,33.34,20.48,-74.41,254.25,-13.25,681.87,1738.73,10.48,12.05,1
1260.370,-7.281943,112.796640,0.79,-24.91,19.33,25.62,-100.60,256.50,-3.62,5254.54,262.69,10.74,12.25,4
1260.380,-7.281445,112.797007,2.42,-14.03,-15.08,-119.80,172.54,258.75,7.08,2441.59,2863.55,11.50,10.45,0
1260.390,-7.282266,112.796477,1.22,25.00,13.16,-111.48,-61.62,261.00,-32.86,5773.56,1174.79,10.39,11.99,2
1260.400,-7.281281,112.796364,2.23,-20.60,-23.57,-109.85,-8.97,263.25,20.48,1202.87,3340.23,12.38,12.39,4
1260.410,-7.281434,112.797128,0.98,24.86,29.80,-137.10,-141.68,265.50,28.90,724.89,5874.40,11.06,11.47,4
1260.420,-7.281474,112.796777,2.41,-15.19,-26.55,108.78,-121.62,267.75,-0.29,2076.97,4550.52,10.89,10.00,1
1260.430,-7.281823,112.796553,1.36,-26.77,30.07,68.78,-165.29,270.00,17.62,2150.15,5018.39,12.03,11.45,2
1260.440,-7.280982,112.796219,1.30,21.58,-10.90,142.32,-77.37,272.25,-27.98,2223.68,4718.77,11.20,10.71,3
1260.450,-7.281118,112.796842,2.50,32.82,19.15,150.78,4.71,274.50,5.23,4571.70,5957.80,11.78,10.92,1
1260.460,-7.280786,112.796268,0.37,12.46,-14.14,-35.92,-80.77,276.75,-16.95,4787.81,1405.81,10.73,11.82,2
1260.470,-7.280875,112.796629,1.45,1.18,16.51,-47.50,-162.63,279.00,-11.69,800.45,1088.86,10.88,12.51,0
1260.480,-7.281154,112.796317,2.93,31.20,-31.49,-118.53,107.33,281.25,8.26,1738.56,1689.45,11.93,10.68,4
1260.490,-7.281132,112.796715,1.07,22.93,16.41,-17.50,59.34,283.50,34.86,3718.85,4628.06,10.91,11.34,3
1260.500,-7.281301,112.796951,1.26,-25.78,-11.33,-6.66,-40.86,285.75,0.69,1396.64,839.15,10.62,11.83,0
1260.510,-7.280674,112.796386,2.17,-14.65,-23.63,-7.90,45.43,288.00,-20.79,2299.93,1517.74,10.60,10.55,2
1260.520,-7.280983,112.796576,1.32,9.18,31.78,46.79,-155.83,290.25,-25.72,1783.68,1732.71,10.44,11.95,1
1260.530,-7.280377,112.797184,0.77,-1.09,-6.66,-148.55,-132.06,292.50,-11.14,3364.03,5487.02,10.36,11.60,2
1260.540,-7.280528,112.797200,2.23,-22.52,-20.41,6.76,-103.09,294.75,27.43,5706.91,949.38,11.36,11.26,4
1260.550,-7.280746,112.796683,0.06,-27.74,26.77,-145.03,172.62,297.00,5.57,1405.69,4234.96,12.36,11.88,2
1260.560,-7.280262,112.796495,2.48,-33.66,-39.69,-126.93,156.40,299.25,33.95,1688.61,806.46,11.92,10.61,3
1260.570,-7.280642,112.796553,1.30,39.33,-17.55,-42.22,85.49,301.50,-26.77,5726.81,1271.74,12.12,12.15,1
1260.580,-7.279701,112.797230,1.83,-4.53,-25.93,-104.81,48.14,303.75,-25.81,5807.64,575.22,10.71,11.25,4
1260.590,-7.279854,112.797204,3.36,-36.58,-14.47,-71.33,-156.77,306.00,24.10,1947.14,5387.61,12.34,11.30,2
1260.600,-7.279615,112.796757,2.95,-12.75,-20.69,-81.87,-115.12,308.25,24.44,1378.34,2596.90,10.16,12.31,4
1260.610,-7.279526,112.796868,1.82,-31.92,-18.37,59.07,-30.45,310.50,33.64,2739.09,5005.26,10.63,10.07,3
1260.620,-7.280133,112.797550,1.29,-7.92,-0.93,14.90,46.67,312.75,-9.43,2305.63,1375.85,12.40,10.62,4
1260.630,-7.280129,112.797585,2.45,1.48,35.41,105.82,-19.55,315.00,23.94,981.23,3840.20,11.66,10.44,1
1260.640,-7.279233,112.796878,1.04,1.79,-17.74,125.70,-51.97,317.25,-16.47,3617.51,1561.22,10.16,10.97,0
1260.650,-7.279629,112.797771,3.38,34.94,15.95,-47.30,84.95,319.50,9.12,3537.13,5855.59,12.54,10.63,4
1260.660,-7.279178,112.797859,0.90,-25.50,28.94,4.09,139.99,321.75,-15.43,2966.28,1412.68,11.08,11.10,4
1260.670,-7.279747,112.797619,0.59,22.30,10.87,76.64,-48.82,324.00,25.50,5039.12,3594.37,12.32,11.11,0
1260.680,-7.279006,112.797712,2.18,33.52,4.16,75.16,124.52,326.25,-32.41,5933.59,4006.38,10.59,12.52,1
1260.690,-7.279418,112.798062,2.35,10.82,8.21,-153.23,-58.92,328.50,-14.18,3400.94,5740.65,11.99,10.21,1
1260.700,-7.279580,112.798165,0.34,-38.27,-26.58,-94.71,-177.58,330.75,-18.08,2566.80,592.55,11.99,11.27,0
1260.710,-7.279059,112.797667,0.22,-17.40,-25.29,20.16,-157.21,333.00,30.38,3998.74,3682.34,12.34,11.45,3
1260.720,-7.278769,112.798024,2.66,14.32,-32.54,-101.67,-125.02,335.25,14.92,2483.20,3246.85,10.07,10.90,0
1260.730,-7.279279,112.798159,3.50,14.27,-26.61,171.72,85.52,337.50,1.67,1815.51,4376.08,11.34,11.28,2
1260.740,-7.278734,112.798171,2.04,1.41,11.23,96.01,-34.01,339.75,16.71,1364.62,3113.00,11.41,10.47,0
1260.750,-7.278864,112.798044,1.05,28.77,8.76,-76.93,123.33,342.00,2.36,3240.84,180.45,11.57,11.81,4
1260.760,-7.279327,112.797918,1.59,17.78,11.42,-0.75,-91.39,344.25,5.84,5427.61,4443.13,12.35,11.29,4
1260.770,-7.278910,112.798229,0.73,-26.76,-13.18,129.72,47.53,346.50,-33.85,4451.14,5283.88,10.97,10.15,4
1260.780,-7.279036,112.798802,3.19,16.80,9.25,-116.93,-152.22,348.75,6.87,5922.29,2225.82,10.75,11.96,1
1260.790,-7.278741,112.798625,3.47,-10.36,-36.98,-42.02,-72.47,351.00,0.52,4313.54,917.29,11.21,10.98,4
1260.800,-7.279077,112.798923,3.09,39.76,-12.48,50.63,113.48,353.25,3.00,2530.56,513.20,11.12,11.84,0
1260.810,-7.279160,112.799106,0.58,-19.44,27.59,-120.76,-124.68,355.50,9.68,4958.58,5797.53,11.41,12.31,3
1260.820,-7.278483,112.798389,0.32,3.37,-36.37,143.11,-79.17,357.75,20.86,5902.62,1237.28,11.95,10.70,4
1260.830,-7.280433,112.798947,3.20,23.25,-12.81,38.27,2.92,0.00,-10.13,2662.98,2746.26,10.87,11.71,4
1260.840,-7.280399,112.798869,0.84,16.04,-8.45,5.25,-173.22,2.25,34.83,731.91,1332.18,11.88,12.53,2
1260.850,-7.280888,112.798746,2.18,-16.08,-16.28,154.14,-154.63,4.50,-24.71,4043.03,2528.49,11.14,11.85,3
1260.860,-7.280344,112.798777,0.54,15.09,-0.44,77.83,93.64,6.75,27.12,2117.57,5352.06,12.56,12.36,0
1260.870,-7.280768,112.798909,1.49,29.57,20.44,-43.08,-112.96,9.00,30.10,962.50,1796.52,11.77,10.69,2
1260.880,-7.280630,112.798700,1.17,4.37,-6.72,-175.82,18.24,11.25,-8.72,1618.54,5717.00,11.51,11.03,2
1260.890,-7.280410,112.799303,2.24,38.70,14.18,18.94,179.29,13.50,-29.78,621.26,2586.71,10.40,12.37,4
1260.900,-7.280029,112.798704,0.95,5.83,0.65,-69.73,113.04,15.75,20.64,102.65,4963.00,10.23,11.98,1
1260.910,-7.279970,112.799004,2.38,1.11,-13.12,-61.27,-75.60,18.00,-22.96,1315.43,3988.44,12.21,11.62,3
1260.920,-7.280480,112.798893,2.39,39.68,6.37,-84.93,139.49,20.25,1.58,5906.42,1527.14,12.19,10.10,4
1260.930,-7.280812,112.799256,3.41,36.80,-26.85,93.53,-35.32,22.50,16.66,3553.03,5567.66,12.58,11.71,4
1260.940,-7.280026,112.799136,0.51,33.27,23.04,-93.62,-34.89,24.75,-0.10,534.30,5626.80,12.45,11.31,3
1260.950,-7.280854,112.798958,1.43,13.57,7.82,142.91,-65.79,27.00,30.27,3098.56,3065.33,10.46,11.70,4
1260.960,-7.280749,112.799842,1.82,14.42,-25.30,111.91,174.11,29.25,31.73,2639.17,229.47,10.84,12.38,4
1260.970,-7.280386,112.799292,3.45,-21.21,13.57,-153.24,-0.65,31.50,4.86,4139.66,849.10,12.15,11.07,4
1260.980,-7.280768,112.799628,1.10,-16.35,25.53,-91.55,128.59,33.75,17.42,73.56,421.77,11.76,10.32,0
1260.990,-7.280184,112.799991,0.44,11.25,39.62,-46.77,167.28,36.00,-19.22,1059.00,2365.68,12.55,12.17,0
1261.000,-7.280985,112.799278,0.08,-2.24,-1.94,2.80,-71.44,38.25,-24.98,5383.33,5780.34,11.21,11.45,3
1261.010,-7.280765,112.799482,0.69,-1.84,34.41,-92.19,-0.47,40.50,-26.91,399.96,26.48,11.28,11.92,1
1261.020,-7.280471,112.799932,3.40,0.50,20.98,-172.37,-91.03,42.75,-23.14,5498.66,1915.64,11.43,12.50,0
1261.030,-7.280992,112.799891,2.83,-21.25,27.12,107.82,96.87,45.00,-4.60,5082.59,4597.92,10.58,10.89,4
1261.040,-7.280224,112.799828,2.02,-36.10,-19.95,-172.59,-62.84,47.25,-19.07,5752.21,1402.46,11.77,10.42,0
1261.050,-7.280588,112.799405,1.64,15.41,-16.03,-49.25,-85.40,49.50,4.68,2667.90,1302.87,10.54,12.09,4
1261.060,-7.280770,112.799781,2.45,13.12,19.60,79.77,-167.82,51.75,-28.12,567.39,3575.89,11.67,11.62,3
1261.070,-7.280773,112.800087,2.56,-22.92,-3.74,-78.25,118.06,54.00,-3.79,4491.17,1694.00,12.37,11.61,1
1261.080,-7.280557,112.800412,0.66,-7.47,-31.12,110.39,141.96,56.25,29.56,3020.01,320.40,10.36,12.04,2
1261.090,-7.280435,112.799692,1.41,34.55,38.47,-12.73,10.98,58.50,-10.64,3880.71,2359.92,12.09,11.55,4
1261.100,-7.280829,112.799956,2.54,36.42,9.55,-146.36,-166.25,60.75,-26.43,4510.56,5633.21,10.96,10.86,4
1261.110,-7.281098,112.799712,1.24,11.90,26.79,111.49,38.14,63.00,-5.77,1637.32,1532.61,10.70,10.52,1
1261.120,-7.280710,112.800184,2.47,-33.41,-35.48,-30.28,48.51,65.25,27.88,1690.57,4498.21,10.72,10.49,2
1261.130,-7.281034,112.799740,2.55,18.25,4.38,-4.27,136.25,67.50,32.11,984.05,5827.28,10.67,10.11,3
1261.140,-7.281043,112.799758,1.61,15.87,3.98,-144.83,-44.97,69.75,-17.97,5704.62,2851.24,11.31,10.70,3
1261.150,-7.280737,112.800383,1.93,22.26,23.07,-3.53,20.91,72.00,8.62,3155.21,3755.93,10.00,10.98,3
1261.160,-7.280838,112.800433,1.63,30.85,-18.31,-126.52,164.93,74.25,-3.56,4451.87,186.61,10.19,12.55,2
1261.170,-7.281267,112.800451,0.97,-36.37,-24.33,-95.84,102.11,76.50,-26.71,4910.92,3355.88,12.26,11.60,4
1261.180,-7.281093,112.800617,3.20,-39.18,32.11,120.52,130.47,78.75,-25.53,5811.07,5427.49,10.89,11.14,4
1261.190,-7.281115,112.799913,0.02,15.88,8.74,108.64,87.64,81.00,-24.08,684.37,4102.59,10.91,10.29,1
1261.200,-7.281408,112.800097,3.38,19.15,-28.87,164.37,-140.94,83.25,-8.52,968.14,3764.39,10.09,12.51,0
1261.210,-7.281597,112.800220,3.24,6.97,-22.29,92.50,-48.70,85.50,-33.91,3432.31,5184.92,10.65,10.40,0
1261.220,-7.281205,112.800381,2.51,34.90,34.23,159.01,-128.00,87.75,8.83,5351.18,5179.43,11.84,10.11,3
1261.230,-7.281052,112.800568,2.83,20.40,-8.12,-150.11,-171.73,90.00,-28.10,3499.67,2466.15,11.03,12.36,3
1261.240,-7.281275,112.800571,0.58,1.74,15.05,57.03,32.74,92.25,13.95,5893.50,1343.40,11.97,11.20,1
1261.250,-7.281685,112.800109,1.85,-17.33,-39.34,37.65,168.04,94.50,-15.07,3604.75,1976.17,10.39,11.94,3
1261.260,-7.281957,112.800430,1.00,-20.97,-34.72,-138.64,-165.69,96.75,-24.42,394.30,3987.84,10.50,11.00,0
1261.270,-7.281952,112.800765,0.63,24.65,-5.68,31.45,14.17,99.00,8.57,5245.70,1291.35,11.27,11.70,4
1261.280,-7.282030,112.799866,2.70,-3.38,-28.59,-127.71,91.07,101.25,23.05,3930.33,2955.97,10.08,12.51,4
1261.290,-7.281987,112.800426,3.30,-13.45,-7.83,112.57,63.38,103.50,13.42,3564.97,4683.08,11.64,11.07,0
1261.300,-7.281637,112.800499,0.14,25.44,6.28,74.99,-97.03,105.75,29.79,1511.29,3855.16,11.89,10.78,1
1261.310,-7.282446,112.799911,3.23,29.51,4.01,31.80,2.65,108.00,33.57,1526.61,2136.19,11.82,11.17,3
1261.320,-7.281891,112.800161,2.31,-37.57,-34.74,119.04,92.27,110.25,-29.21,5902.07,4151.05,10.50,11.54,0
1261.330,-7.281639,112.800557,0.31,-24.55,-17.95,134.13,33.67,112.50,-31.02,2256.45,2146.15,11.23,11.10,4
1261.340,-7.282590,112.800513,0.87,31.75,34.79,61.87,-77.48,114.75,8.44,2732.82,261.11,12.33,12.46,0
1261.350,-7.281716,112.800044,2.30,18.24,6.06,-11.34,121.18,117.00,-28.75,603.75,2532.67,10.84,10.16,0
1261.360,-7.282605,112.800398,1.34,24.83,-26.95,-39.32,175.14,119.25,10.79,5019.14,445.23,10.80,12.22,2
1261.370,-7.281837,112.800544,2.06,30.41,22.11,21.83,55.21,121.50,11.53,163.73,670.68,11.36,10.51,3
1261.380,-7.281896,112.800190,0.13,-15.67,-6.58,36.66,153.12,123.75,-26.77,1095.27,3511.80,11.98,11.61,2
1261.390,-7.282590,112.799817,0.59,-37.19,26.78,60.78,-67.13,126.00,0.90,54.43,2810.14,10.38,10.89,3
1261.400,-7.282123,112.799812,3.32,-18.25,-31.59,-43.82,-113.12,128.25,4.34,4548.30,4975.25,11.12,10.69,3
1261.410,-7.283033,112.800594,1.68,-19.32,-29.35,6.99,82.57,130.50,-11.60,3748.21,2760.58,10.17,12.09,4
1261.420,-7.282223,112.799817,1.44,-27.81,19.60,-88.16,-124.87,132.75,-18.57,3367.17,5419.17,11.60,11.84,3
1261.430,-7.282153,112.800296,0.50,-39.43,-33.99,5.16,-151.42,135.00,-3.20,3021.82,1718.61,10.85,10.24,0
1261.440,-7.283181,112.800188,3.22,19.94,-11.86,-120.17,-86.32,137.25,-17.20,4440.75,5440.63,11.37,10.09,2
1261.450,-7.282839,112.799495,0.83,5.46,22.69,-34.03,13.89,139.50,-16.28,860.99,1431.35,11.43,10.26,3
1261.460,-7.282687,112.799469,3.33,-37.37,7.01,34.48,-163.64,141.75,2.74,4109.37,405.16,10.40,11.39,2
1261.470,-7.282913,112.800355,1.86,11.83,16.75,-61.19,137.75,144.00,-20.93,2055.53,5672.92,10.55,10.93,0
1261.480,-7.283302,112.799772,0.75,21.62,25.66,-115.72,-78.56,146.25,-32.16,3484.99,5238.25,10.95,10.94,2
1261.490,-7.282969,112.799315,0.55,-13.02,14.34,168.54,5.60,148.50,-30.55,3196.53,3275.20,10.30,11.65,3
1261.500,-7.282505,112.799635,1.68,-24.46,-31.65,-18.79,-36.90,150.75,29.53,2516.82,3284.67,10.48,11.16,1
1261.510,-7.282727,112.799658,3.25,-17.87,-9.87,-129.41,-9.40,153.00,13.26,3234.68,2602.75,10.01,10.32,3
1261.520,-7.282751,112.799602,0.21,-13.07,23.46,-140.49,-131.76,155.25,19.30,147.90,185.62,12.18,10.37,3
1261.530,-7.282864,112.799754,3.06,21.60,-26.65,-167.37,119.49,157.50,9.94,4762.97,4808.08,12.26,10.75,3
1261.540,-7.283019,112.799912,1.21,-20.19,25.80,155.42,-128.22,159.75,-34.27,2817.51,5223.29,11.50,12.04,2
1261.550,-7.283031,112.799631,2.47,15.58,0.22,-30.30,99.85,162.00,25.71,3708.05,5482.56,10.06,11.60,1
1261.560,-7.283131,112.799497,0.20,20.95,-12.08,98.31,17.71,164.25,8.17,849.14,1044.09,11.80,12.09,4
1261.570,-7.282873,112.799806,3.38,11.47,27.25,-115.68,85.09,166.50,-21.37,5382.09,4.50,10.12,11.17,4
1261.580,-7.283376,112.798910,2.00,-13.60,-37.57,-24.71,163.71,168.75,13.31,305.30,5515.74,12.41,11.00,3
1261.590,-7.283461,112.799149,1.06,19.05,-38.06,101.64,70.98,171.00,-25.58,3455.08,1965.07,10.38,12.21,2
1261.600,-7.283747,112.798949,0.94,-15.37,-22.24,7.92,133.27,173.25,18.53,4302.18,3409.39,10.19,11.05,1
1261.610,-7.283197,112.799452,0.65,23.52,35.97,-124.13,-11.83,175.50,-2.34,2879.91,4420.09,11.66,10.85,4
1261.620,-7.283642,112.799221,1.56,28.55,27.02,141.16,9.67,177.75,-31.00,2858.24,3572.84,10.62,11.39,0
1261.630,-7.282962,112.798969,1.47,25.12,19.47,-120.62,-113.97,180.00,2.55,5179.83,2679.66,11.28,11.53,1
1261.640,-7.283337,112.798391,0.26,-29.80,11.41,164.72,98.53,182.25,0.03,3636.79,2570.97,12.49,11.80,4
1261.650,-7.283500,112.799151,2.19,-11.94,-13.21,-27.05,152.22,184.50,-5.87,4790.13,2841.56,11.50,12.19,4
1261.660,-7.283783,112.798456,2.69,29.77,39.55,109.55,58.36,186.75,-13.63,3735.45,4811.06,11.72,11.74,0
1261.670,-7.283708,112.798805,3.21,38.57,-2.85,44.27,121.87,189.00,8.52,816.29,3779.37,11.77,11.56,1
1261.680,-7.283708,112.798825,3.44,-16.73,31.71,130.91,95.42,191.25,12.14,3796.30,3425.58,11.80,12.05,3
1261.690,-7.282950,112.798147,3.18,-15.42,30.53,135.02,6.07,193.50,0.09,5676.25,5681.31,11.96,11.56,2
1261.700,-7.283008,112.798496,0.11,5.97,-21.71,74.27,63.96,195.75,-33.34,1943.85,819.41,11.88,10.18,1
1261.710,-7.283777,112.797925,2.37,11.01,31.78,-52.13,33.98,198.00,34.34,1095.27,3612.19,11.45,12.02,3
1261.720,-7.282904,112.798643,0.63,-14.26,23.02,139.72,69.66,200.25,-4.80,667.88,5929.78,10.52,10.76,0
1261.730,-7.283719,112.798024,2.10,-26.15,18.17,3.80,82.64,202.50,8.81,553.29,1094.62,12.44,10.35,4
1261.740,-7.283735,112.798149,1.67,9.89,-14.08,-51.10,104.68,204.75,13.86,750.27,2125.25,11.30,11.54,2
1261.750,-7.282861,112.797737,0.51,2.67,14.28,-110.30,56.99,207.00,-21.61,766.04,3484.17,11.25,10.94,4
1261.760,-7.283489,112.797818,2.77,8.21,24.05,-115.03,67.35,209.25,33.04,2808.97,5072.54,11.56,10.48,2
1261.770,-7.282843,112.797947,2.67,30.70,-16.27,-174.98,-59.64,211.50,31.24,2445.02,5717.80,12.40,10.88,3
1261.780,-7.283394,112.797914,3.44,-13.32,34.72,-44.77,-144.14,213.75,1.28,1250.48,4245.50,10.46,12.33,1
1261.790,-7.282726,112.797717,0.10,-34.10,19.35,-86.71,-107.66,216.00,26.15,3504.31,4388.92,11.06,12.57,1
1261.800,-7.283081,112.797472,3.44,38.88,-18.39,66.54,40.06,218.25,-14.30,5422.81,5191.31,10.93,11.89,0
1261.810,-7.282605,112.797240,1.60,-35.12,-25.46,-55.99,145.73,220.50,-9.68,2416.57,2896.89,12.55,11.03,1
1261.820,-7.282802,112.797762,3.23,-0.36,-5.31,62.84,-156.97,222.75,11.69,2332.86,557.92,10.71,10.24,2
1261.830,-7.282557,112.797736,2.19,-23.08,39.73,161.73,120.93,225.00,18.83,5577.45,2612.24,12.17,11.66,1
1261.840,-7.282477,112.797341,2.89,27.79,-26.10,-11.75,-95.21,227.25,2.61,2427.64,3283.45,12.11,12.13,0
1261.850,-7.282876,112.796942,0.14,-15.09,-0.45,171.90,-30.13,229.50,-5.92,826.79,4909.88,12.29,10.86,3
1261.860,-7.282476,112.797609,3.29,-11.75,-9.50,-88.55,50.32,231.75,-9.85,1672.12,5064.56,10.21,11.80,0
1261.870,-7.282843,112.796841,1.89,-38.54,17.21,-169.20,-165.98,234.00,-8.20,2594.77,4868.11,11.75,12.24,1
1261.880,-7.282686,112.797419,2.15,31.76,-27.08,-131.74,50.62,236.25,10.92,4301.35,2733.54,11.38,10.31,4
1261.890,-7.282597,112.797319,0.77,-33.86,21.05,-28.47,2.88,238.50,19.07,1336.90,4159.03,11.92,11.31,4
1261.900,-7.282916,112.797058,2.84,-36.90,-17.70,-8.47,-88.88,240.75,-2.51,2873.93,4736.87,11.50,12.30,2
1261.910,-7.282784,112.797374,0.19,-37.35,24.02,59.27,13.08,243.00,27.97,2881.76,5496.07,10.30,10.20,4
1261.920,-7.282417,112.796622,2.74,-14.02,30.64,45.95,49.09,245.25,15.54,467.27,1248.16,11.62,12.32,1
1261.930,-7.282022,112.796867,1.53,20.75,33.63,-127.35,32.86,247.50,17.01,3238.93,349.39,12.03,10.35,2
1261.940,-7.281882,112.796582,1.29,-34.14,-3.35,4.99,146.70,249.75,-18.56,5990.37,3777.91,11.45,10.56,4
1261.950,-7.282426,112.796662,1.42,22.03,10.44,141.60,-119.90,252.00,-31.87,3704.73,3219.27,11.02,10.60,4
1261.960,-7.282426,112.796432,0.05,-38.95,27.10,106.68,16.18,254.25,-3.58,3193.30,1553.67,12.34,11.48,0
1261.970,-7.281730,112.796604,1.86,2.27,4.48,-166.81,122.53,256.50,-19.96,449.91,3550.93,12.53,10.70,0
1261.980,-7.282390,112.796923,0.23,13.42,-27.15,-6.37,-31.05,258.75,9.90,2721.14,4202.79,10.10,10.32,4
1261.990,-7.282324,112.796824,0.92,-3.11,-34.26,-174.60,-112.02,261.00,-10.67,3812.66,4931.97,11.65,11.29,2
1262.000,-7.281792,112.796563,2.90,15.07,12.95,-77.47,-127.40,263.25,-29.56,2210.28,1674.36,11.28,10.80,2
1262.010,-7.281865,112.796225,1.14,9.58,-16.61,-179.78,114.63,265.50,-18.72,2978.03,1704.73,12.05,11.23,3
1262.020,-7.281597,112.796865,1.21,-14.13,11.10,92.25,-13.30,267.75,-13.54,4102.90,178.54,12.43,10.46,2
1262.030,-7.281552,112.796410,0.99,-9.61,9.36,14.03,116.09,270.00,-33.47,676.69,246.73,11.16,12.43,4
1262.040,-7.281232,112.796918,3.45,-4.79,3.33,-35.27,-99.80,272.25,-11.80,4021.45,271.99,11.67,10.64,0
1262.050,-7.281653,112.796334,0.18,-23.66,-6.43,-135.42,144.44,274.50,27.22,4897.34,474.83,12.19,11.53,4
1262.060,-7.280970,112.797060,1.32,32.07,39.71,125.72,-130.47,276.75,-30.15,3012.56,666.45,12.31,12.07,4
1262.070,-7.280708,112.796450,0.40,-29.87,-22.57,-16.35,-117.15,279.00,-2.19,5267.04,1045.99,11.47,10.94,2
1262.080,-7.280968,112.796230,0.52,-20.25,15.93,-83.97,132.95,281.25,1.10,5731.64,4555.33,10.88,10.24,2
1262.090,-7.280750,112.796427,0.77,28.84,11.71,-42.40,-164.49,283.50,-4.39,4207.06,5409.71,12.06,10.93,4
1262.100,-7.280727,112.797104,3.21,-3.80,-1.26,-20.21,20.23,285.75,20.84,640.65,1522.89,10.86,11.10,0
1262.110,-7.281187,112.796447,3.23,27.52,-25.12,89.66,-136.45,288.00,9.55,2125.84,5505.32,10.36,10.54,0
1262.120,-7.280622,112.796330,2.27,16.86,22.63,-92.61,163.27,290.25,9.99,3902.57,1322.26,12.00,11.87,2
1262.130,-7.280715,112.796897,1.60,-2.52,-18.99,-51.58,37.73,292.50,-15.77,5955.17,3056.92,10.43,10.90,4
1262.140,-7.280442,112.796461,2.06,37.01,-25.36,-177.43,78.42,294.75,-6.40,5861.39,338.41,10.17,11.91,4
1262.150,-7.280570,112.796635,1.70,-13.67,7.96,-56.26,23.26,297.00,-15.37,4097.23,2563.46,12.07,11.54,4
1262.160,-7.280625,112.796902,0.63,15.01,-8.73,-6.19,170.52,299.25,-3.37,2642.44,4222.66,11.08,10.14,3
1262.170,-7.280341,112.797387,0.20,-22.96,-22.83,-118.72,145.54,301.50,-15.75,528.59,3756.44,12.45,11.86,1
1262.180,-7.280578,112.797060,0.88,35.71,13.48,-23.51,31.45,303.75,-13.82,4746.43,2377.38,12.37,10.10,0
1262.190,-7.280568,112.797005,2.72,30.77,-3.59,126.44,21.29,306.00,33.54,1713.12,3699.56,11.75,11.74,3
1262.200,-7.279721,112.796972,1.46,30.25,-28.61,9.18,69.28,308.25,7.58,2042.26,1688.73,12.04,11.24,2
1262.210,-7.280313,112.796792,2.04,1.98,15.37,-163.96,-41.05,310.50,2.81,4192.53,2011.98,12.27,10.15,4
1262.220,-7.280032,112.797186,0.30,27.76,37.77,-20.92,-151.83,312.75,-18.08,2935.83,3778.84,11.19,10.54,1
1262.230,-7.280084,112.797019,1.14,1.14,-34.37,-108.21,83.38,315.00,21.95,266.67,5187.55,11.99,11.88,2
1262.240,-7.279941,112.797605,2.48,5.23,-7.36,39.97,38.56,317.25,21.55,3196.66,2832.61,11.77,10.37,4
1262.250,-7.279602,112.797207,1.52,-27.04,16.16,58.18,-52.46,319.50,-34.43,5816.22,3720.72,12.23,10.70,4
1262.260,-7.279972,112.797878,0.72,2.78,24.52,102.74,-26.57,321.75,15.13,5576.69,883.82,10.31,11.05,0
1262.270,-7.279993,112.797219,1.27,-25.77,-10.97,89.80,-174.06,324.00,34.41,3604.09,5950.95,10.73,10.11,4
1262.280,-7.279140,112.797978,0.09,-22.48,-16.10,-18.81,-112.67,326.25,15.05,1199.28,2810.08,10.26,12.26,3
1262.290,-7.279691,112.797619,1.28,34.29,28.90,81.01,22.80,328.50,30.44,911.54,1221.99,12.35,12.18,3
1262.300,-7.278881,112.797898,0.88,-30.47,-13.80,-139.64,89.41,330.75,5.67,5465.70,2381.43,10.16,11.05,1
1262.310,-7.278858,112.798216,2.56,-29.84,7.81,-107.33,64.74,333.00,-28.57,1315.55,5777.51,11.59,11.57,0
1262.320,-7.278806,112.798348,2.08,15.12,-24.75,52.38,119.17,335.25,-0.49,4409.08,2225.21,11.00,11.99,0
1262.330,-7.279553,112.798080,0.29,-11.62,0.11,-39.33,72.91,337.50,-1.99,1821.02,4191.58,11.54,10.51,2
1262.340,-7.279020,112.797763,2.28,-38.21,-25.47,55.58,48.17,339.75,8.24,5293.11,2973.92,10.79,12.03,2
1262.350,-7.278841,112.798310,1.13,12.61,38.87,-72.73,147.92,342.00,-32.41,1633.56,4155.97,11.28,10.63,1
1262.360,-7.278933,112.798584,0.04,-35.40,-16.60,-15.86,109.38,344.25,11.15,2114.31,944.14,12.35,10.14,1
1262.370,-7.279229,112.798289,2.71,-6.63,-6.48,-120.48,158.12,346.50,-6.42,5364.11,4029.57,10.58,10.66,3
1262.380,-7.279455,112.798620,0.51,21.99,-18.01,12.01,-124.44,348.75,34.98,3937.10,1172.74,11.18,10.90,1
1262.390,-7.279132,112.798203,2.34,25.25,32.10,110.41,54.87,351.00,12.63,2497.05,577.74,12.47,10.44,2
1262.400,-7.278797,112.798352,2.39,-0.16,22.27,-38.03,-78.85,353.25,-24.07,1194.15,5409.22,11.66,10.68,1
1262.410,-7.278681,112.798703,1.44,-30.26,27.68,-109.32,-53.56,355.50,-21.70,5587.84,5529.91,10.80,10.78,2
1262.420,-7.278550,112.798502,0.61,30.02,-39.30,-158.87,-100.34,357.75,-2.79,1429.35,1727.98,10.48,11.85,4
1262.430,-7.280522,112.799250,0.80,32.37,14.65,70.15,-110.14,0.00,21.99,5610.90,2150.05,11.79,10.87,4
1262.440,-7.280316,112.798485,1.98,-24.32,37.87,-147.45,89.29,2.25,7.35,4751.87,5247.81,10.53,10.12,4
1262.450,-7.280930,112.799010,2.83,25.42,-5.56,61.41,87.18,4.50,-22.59,1186.21,3845.06,11.69,11.79,1
1262.460,-7.280386,112.798981,1.63,-31.44,-23.14,28.32,101.72,6.75,-14.50,101.04,1439.81,11.84,11.36,2
1262.470,-7.280268,112.799259,1.47,-36.36,1.77,-179.32,122.79,9.00,5.20,4574.96,5187.27,10.70,12.05,2
1262.480,-7.280437,112.798851,3.30,-2.62,1.91,-9.21,-60.59,11.25,26.03,3450.11,4597.73,10.18,11.56,1
1262.490,-7.280080,112.799536,1.61,11.57,27.60,-12.74,-160.89,13.50,9.50,5295.17,165.19,12.52,11.96,3
1262.500,-7.280053,112.799045,1.63,-18.50,23.35,-35.55,133.87,15.75,14.56,2134.40,4826.92,11.38,12.35,3
1262.510,-7.280733,112.799727,1.52,-36.47,-2.46,95.44,-58.90,18.00,-4.53,1617.06,4492.28,11.92,11.53,0
1262.520,-7.280515,112.799403,3.31,30.49,37.03,6.11,-80.46,20.25,0.99,1210.93,4029.40,10.89,11.68,4
1262.530,-7.280583,112.799448,2.06,25.45,-33.80,-4.40,-101.44,22.50,26.55,4301.69,5501.33,10.37,11.93,2
1262.540,-7.280064,112.799457,0.40,37.26,33.46,58.75,-153.68,24.75,-30.93,1956.03,4538.01,10.42,10.04,4
1262.550,-7.280933,112.799436,0.24,35.23,-22.27,-158.80,-49.30,27.00,20.25,607.58,2027.18,10.61,12.45,2
1262.560,-7.280729,112.799320,1.07,2.94,12.07,12.45,-86.63,29.25,24.74,3558.86,657.17,10.91,12.44,4
1262.570,-7.280868,112.799234,1.24,23.70,30.34,-27.78,113.30,31.50,-5.81,2156.30,4098.64,10.95,10.63,4
1262.580,-7.280750,112.799867,3.39,-19.92,21.32,-58.25,-13.30,33.75,-3.93,169.56,5104.33,11.13,10.56,4
1262.590,-7.280443,112.799172,0.14,22.10,24.10,-81.55,1.97,36.00,-20.00,973.20,2107.47,10.45,10.10,1
1262.600,-7.281065,112.800110,2.88,-17.02,-26.49,116.31,-76.24,38.25,7.86,4827.21,2836.12,10.79,11.08,4
1262.610,-7.280879,112.800041,1.59,17.76,8.59,59.92,-177.02,40.50,-18.36,2459.83,1095.92,10.31,12.29,4
1262.620,-7.280744,112.799234,0.40,-1.63,12.11,-95.14,-173.71,42.75,-10.52,1211.48,499.53,10.29,10.69,0
1262.630,-7.280262,112.799946,2.14,38.81,-36.73,133.26,103.32,45.00,-13.71,333.49,4344.21,10.80,10.36,1
1262.640,-7.280933,112.799953,0.75,-6.47,33.21,95.09,-148.41,47.25,-24.47,5903.98,3515.73,11.06,10.96,1
1262.650,-7.281105,112.800233,1.36,18.55,30.57,31.13,29.72,49.50,7.01,1216.22,4284.73,10.62,10.63,3
1262.660,-7.281013,112.800184,0.42,-39.02,1.04,87.26,134.97,51.75,27.55,3286.56,1218.58,12.19,12.30,1
1262.670,-7.280466,112.800391,2.90,-21.43,-20.46,94.43,83.93,54.00,-18.66,1758.69,4165.41,10.50,10.40,1
1262.680,-7.280465,112.800254,2.24,-1.10,1.54,-171.92,-73.34,56.25,1.16,3289.42,5924.47,10.40,10.62,2
1262.690,-7.280875,112.799965,2.35,8.04,21.38,172.26,-112.43,58.50,-26.62,411.59,512.09,12.20,11.04,3
1262.700,-7.280481,112.800105,1.52,-5.65,-8.40,24.90,-132.30,60.75,-28.49,3234.94,3147.67,11.41,11.52,0
1262.710,-7.280780,112.800242,2.67,7.72,-9.08,-111.17,21.25,63.00,-5.79,2814.48,3620.20,12.37,10.43,1
1262.720,-7.280751,112.800120,1.34,-30.65,-39.12,-54.58,77.40,65.25,11.87,3413.43,739.95,11.09,11.19,3
1262.730,-7.280693,112.800471,1.23,0.70,37.97,175.52,-139.24,67.50,-15.04,2278.51,1360.31,10.43,11.53,1
1262.740,-7.281258,112.800467,1.81,15.21,-36.59,57.01,-100.60,69.75,-2.69,1767.48,429.30,12.23,12.35,0
1262.750,-7.281319,112.800587,0.22,-8.58,26.18,-41.31,68.61,72.00,-27.04,1354.52,4362.39,11.46,11.81,4
1262.760,-7.280658,112.800554,2.95,-24.79,30.40,57.01,-133.81,74.25,5.48,1862.08,2241.97,12.24,10.07,4
1262.770,-7.281030,112.800401,2.76,-9.52,-35.52,-32.07,-22.84,76.50,-27.56,2603.62,3688.23,11.37,11.65,2
1262.780,-7.281317,112.800396,0.54,38.32,-20.46,53.96,8.66,78.75,23.55,5446.75,667.99,10.65,10.56,4
1262.790,-7.281478,112.799976,0.39,39.96,30.68,-14.88,-69.40,81.00,-10.20,1407.43,5548.56,10.79,11.99,4
1262.800,-7.281386,112.800138,0.54,-14.36,15.25,-82.24,-96.64,83.25,-19.54,1835.57,1145.74,11.08,11.86,1
1262.810,-7.281334,112.800437,2.91,21.56,-1.65,150.73,147.30,85.50,30.25,4136.44,5135.50,10.54,10.20,4
1262.820,-7.281201,112.800786,1.69,4.20,4.59,-12.19,-8.35,87.75,2.36,310.52,235.48,11.99,12.00,2
1262.830,-7.281324,112.799901,0.02,26.86,8.14,-80.75,147.94,90.00,32.60,4139.39,305.78,11.02,11.32,2
1262.840,-7.281333,112.800794,1.33,-3.49,-39.61,7.92,109.24,92.25,12.62,1657.96,4040.03,12.15,11.24,4
1262.850,-7.281146,112.800186,0.58,26.22,28.87,-53.41,-104.01,94.50,23.51,567.50,5276.22,10.68,12.17,2
1262.860,-7.281510,112.800059,0.44,26.95,35.11,80.11,75.00,96.75,-15.81,56.48,1199.55,11.51,10.49,4
1262.870,-7.281604,112.800504,1.53,37.93,-33.72,-61.69,118.99,99.00,-28.39,205.21,250.98,11.55,12.24,2
1262.880,-7.281843,112.800555,0.19,-4.48,32.10,147.00,-110.57,101.25,-9.22,2646.26,3020.24,12.14,10.73,0
1262.890,-7.281500,112.799879,1.04,-35.17,24.37,-2.74,87.83,103.50,-21.85,1905.74,5365.68,11.72,10.95,3
1262.900,-7.282398,112.800824,0.78,-13.25,-20.73,-12.51,-142.27,105.75,33.34,3816.00,2216.09,10.35,12.09,2
1262.910,-7.282406,112.800263,3.06,-0.71,15.66,-100.56,169.37,108.00,17.82,4771.47,817.84,10.12,10.41,3
1262.920,-7.281639,112.800362,0.96,-34.18,-9.67,-115.31,-144.60,110.25,-20.14,298.73,3305.61,10.39,10.38,3
1262.930,-7.282224,112.800167,1.31,-18.69,30.10,174.69,-57.22,112.50,24.25,993.68,5920.44,10.09,10.39,4
1262.940,-7.281779,112.800494,1.68,11.70,30.43,-4.57,150.57,114.75,31.77,4602.11,5949.03,11.88,11.95,2
1262.950,-7.282303,112.800654,0.87,15.79,16.05,69.09,25.61,117.00,11.47,4964.60,2683.03,12.03,11.52,4
1262.960,-7.282186,112.799870,1.32,-30.07,3.54,3.94,113.16,119.25,-24.11,5810.42,2091.13,12.54,11.33,2
1262.970,-7.282266,112.799790,1.47,-37.78,0.85,177.70,149.16,121.50,22.87,882.72,3757.16,11.56,12.55,4
1262.980,-7.282336,112.799744,0.45,23.93,5.30,-73.15,-67.68,123.75,6.36,516.21,333.53,10.78,11.84,1
1262.990,-7.282067,112.799867,1.39,37.05,33.41,103.34,26.46,126.00,27.44,4040.37,163.29,11.96,11.84,4
1263.000,-7.282901,112.799999,2.92,23.81,39.13,20.72,-85.10,128.25,-2.51,3806.34,4037.50,11.35,10.23,1
1263.010,-7.282984,112.799896,2.19,26.67,-32.83,-2.13,75.78,130.50,26.21,587.84,2794.66,12.27,12.36,0
1263.020,-7.282610,112.799597,1.63,32.99,-29.26,-105.85,-119.30,132.75,17.65,5369.69,5222.95,12.22,11.79,1
1263.030,-7.283051,112.800461,2.39,7.10,-7.09,-122.25,102.59,135.00,-31.83,5219.94,3554.14,11.92,12.12,4
1263.040,-7.282562,112.799837,1.52,21.55,22.27,-152.45,124.73,137.25,-21.22,3787.16,671.89,11.90,10.69,0
1263.050,-7.282818,112.799828,1.85,-23.51,38.87,-95.95,-92.40,139.50,-4.27,562.37,187.57,11.42,11.89,2
1263.060,-7.282303,112.799685,3.46,-31.08,-35.98,-48.03,-123.52,141.75,-24.20,5231.27,2580.19,10.98,10.79,0
1263.070,-7.282485,112.799651,0.98,-5.93,-20.61,33.05,-159.54,144.00,-1.51,5660.92,153.19,10.74,10.73,1
1263.080,-7.283360,112.799877,0.24,-7.44,36.78,164.43,-138.21,146.25,26.21,1706.07,4183.56,10.23,10.17,3
1263.090,-7.282523,112.799691,2.67,29.97,-30.84,20.75,54.17,148.50,15.80,4570.90,143.53,10.93,11.98,1
1263.100,-7.282876,112.799292,0.40,-34.01,30.59,113.57,50.98,150.75,-22.61,4958.15,3391.06,11.59,11.21,0
1263.110,-7.283321,112.800148,1.89,26.47,-19.92,92.43,49.54,153.00,6.07,2749.83,2256.59,11.41,11.44,1
1263.120,-7.283172,112.799843,2.41,-33.76,23.93,-49.60,-71.77,155.25,-1.71,5613.66,3353.85,11.57,12.38,3
1263.130,-7.282933,112.799587,0.65,-24.11,22.36,138.15,149.44,157.50,33.44,4449.89,2333.31,11.10,12.34,3
1263.140,-7.283013,112.799910,2.84,16.42,-38.62,-116.42,-2.56,159.75,20.32,3741.43,1359.95,10.03,10.34,1
1263.150,-7.283414,112.799895,2.12,-23.39,25.29,98.54,-42.77,162.00,1.43,5203.00,2373.81,10.21,10.43,1
1263.160,-7.282717,112.799411,1.75,-18.43,-29.73,137.38,56.42,164.25,-3.54,3936.75,4783.43,11.85,10.21,1
1263.170,-7.283654,112.799117,2.48,-35.56,-15.28,132.28,95.29,166.50,11.99,1462.19,3731.99,10.80,11.30,0
1263.180,-7.283373,112.799606,2.30,4.48,-21.29,-0.06,141.65,168.75,-33.80,5011.56,3297.87,10.31,12.16,0
1263.190,-7.282824,112.799289,1.31,-8.15,-22.64,6.81,-80.24,171.00,-16.79,5404.50,4236.54,12.58,10.17,2
1263.200,-7.283744,112.799454,1.41,-30.58,-29.70,68.71,-178.29,173.25,4.99,4820.99,145.01,12.40,10.88,2
1263.210,-7.283381,112.799056,0.36,32.62,-29.56,-48.14,121.40,175.50,-14.12,2222.06,2443.66,11.55,11.91,4
1263.220,-7.283086,112.798495,1.10,-21.20,34.90,119.39,61.60,177.75,33.42,5320.93,4405.47,10.96,10.87,1
1263.230,-7.283691,112.798977,0.66,-1.20,-6.17,35.01,7.01,180.00,-26.99,444.96,2489.27,10.28,11.52,0
1263.240,-7.283202,112.798591,3.44,-8.52,-26.67,2.76,122.90,182.25,18.79,1409.91,936.72,12.15,11.05,3
1263.250,-7.283091,112.799018,2.32,13.12,-15.68,-167.43,75.49,184.50,-10.68,482.52,202.13,11.17,12.06,3
1263.260,-7.283181,112.799029,1.12,34.11,-23.28,144.51,15.93,186.75,-21.48,612.55,4851.69,10.13,11.70,3
1263.270,-7.283211,112.798727,2.70,22.80,28.43,-172.25,98.11,189.00,-16.53,4068.79,667.76,10.59,11.64,0
1263.280,-7.283680,112.798566,2.12,24.11,-36.80,-94.51,-105.15,191.25,-4.61,5411.70,4910.01,11.07,12.02,3
1263.290,-7.282930,112.798624,1.79,-1.86,-20.28,-99.01,112.64,193.50,21.99,607.24,238.18,12.43,12.01,0
1263.300,-7.283180,112.798765,0.89,28.52,32.09,149.35,-22.50,195.75,-12.07,5358.01,2297.53,10.60,10.44,0
1263.310,-7.283769,112.798268,0.58,2.50,2.92,118.23,156.39,198.00,18.20,2021.05,146.56,10.46,10.45,4
1263.320,-7.283027,112.797989,2.21,-32.01,10.78,134.52,39.51,200.25,-27.37,5396.96,4359.05,11.08,12.23,1
1263.330,-7.283620,112.798294,0.52,-10.38,-13.48,-4.87,-56.59,202.50,-9.16,3473.98,3842.81,10.86,10.86,0
1263.340,-7.283266,112.797600,1.63,38.33,15.69,164.75,8.77,204.75,-14.82,1671.83,1444.47,12.08,10.81,1
1263.350,-7.283650,112.797537,2.22,-22.60,9.26,-18.17,155.50,207.00,28.18,5287.87,2961.70,11.93,10.59,2
1263.360,-7.283687,112.798246,0.85,-17.25,-14.74,-152.95,-97.09,209.25,18.81,530.26,2822.57,10.79,10.64,1
1263.370,-7.283176,112.797877,2.64,-35.24,-18.48,92.33,59.48,211.50,31.23,1481.26,5790.20,11.67,12.25,3
1263.380,-7.283591,112.798065,2.35,35.69,16.92,25.65,77.99,213.75,-4.23,1836.65,3541.02,12.43,12.08,1
1263.390,-7.283500,112.797850,0.39,27.92,-36.82,-25.25,-157.46,216.00,32.04,5997.42,5513.03,10.18,11.41,4
1263.400,-7.282923,112.797311,3.27,-30.74,19.65,-62.33,-176.24,218.25,33.47,1569.13,3127.47,10.70,12.47,4
1263.410,-7.282513,112.797906,1.10,31.32,13.31,27.74,-30.66,220.50,-29.17,5612.85,5824.81,12.51,11.14,1
1263.420,-7.283080,112.797489,2.50,-21.32,-25.87,111.54,74.98,222.75,-20.96,571.07,5816.05,10.41,10.40,3
1263.430,-7.282456,112.797412,1.08,15.94,-33.20,138.67,-148.20,225.00,-20.37,3932.29,822.21,12.02,11.90,3
1263.440,-7.282991,112.797003,1.36,-11.03,-28.96,75.27,121.31,227.25,2.60,630.65,3956.31,12.56,10.65,2
1263.450,-7.283233,112.797523,0.33,1.36,22.96,97.23,32.66,229.50,33.50,2840.45,1362.71,11.03,11.00,1
1263.460,-7.282586,112.797509,3.32,-15.54,22.26,-76.71,167.46,231.75,-5.21,2335.74,1680.54,11.29,12.13,2
1263.470,-7.282554,112.796864,2.50,29.44,0.06,-54.38,-69.31,234.00,12.34,1144.98,2644.86,11.04,10.17,0
1263.480,-7.282158,112.797521,3.14,12.01,-19.75,16.98,117.52,236.25,-20.46,3539.98,543.58,10.26,11.65,2
1263.490,-7.282726,112.797138,2.70,-4.67,31.35,-105.28,60.32,238.50,25.90,3789.06,1914.07,12.26,11.52,4
1263.500,-7.282691,112.797537,2.75,24.10,-24.52,-131.74,-5.01,240.75,-10.72,788.01,3340.12,11.87,11.91,4
1263.510,-7.282203,112.796906,0.44,-10.78,22.01,103.01,104.24,243.00,20.44,3954.66,3909.97,12.49,12.23,0
1263.520,-7.282067,112.797278,1.92,20.14,14.60,178.64,-28.20,245.25,27.12,1139.10,377.15,11.92,10.49,1
1263.530,-7.282562,112.796938,0.59,25.87,8.55,-111.52,64.65,247.50,11.85,2174.99,1917.76,10.87,10.59,3
1263.540,-7.281736,112.796583,1.02,11.41,28.03,-136.63,-163.91,249.75,-7.28,2679.52,458.67,11.68,11.89,4
1263.550,-7.282656,112.796703,1.47,9.45,-21.25,-34.88,-99.04,252.00,-26.03,4028.70,2738.75,10.11,11.46,0
1263.560,-7.282351,112.796935,0.52,-39.41,10.42,110.85,41.31,254.25,-14.65,3900.48,2020.40,11.12,10.26,1
1263.570,-7.281620,112.796935,3.41,-10.14,3.37,33.15,-10.93,256.50,-6.42,132.29,5914.45,11.43,10.53,4
1263.580,-7.281523,112.796951,0.49,-9.19,-4.35,-169.60,84.06,258.75,-30.28,1156.99,1657.14,12.38,10.38,3
1263.590,-7.282062,112.796805,0.95,-10.99,-5.07,-46.04,140.96,261.00,18.56,3688.74,4675.15,11.54,11.75,3
1263.600,-7.282043,112.797018,2.82,-19.41,-36.70,99.04,20.96,263.25,19.05,1571.32,4633.16,11.13,10.75,3
1263.610,-7.282115,112.796640,0.87,30.00,24.33,49.08,78.32,265.50,-17.64,5457.78,5789.25,12.05,11.62,1
1263.620,-7.281287,112.796991,1.41,35.55,-9.30,-118.27,-94.53,267.75,-1.38,5112.02,783.78,10.13,11.75,1
1263.630,-7.281644,112.796432,3.21,21.18,10.45,52.55,36.91,270.00,20.48,2823.66,1640.27,10.84,11.30,1
1263.640,-7.281368,112.796671,2.67,-3.07,14.86,15.74,-62.80,272.25,31.43,1883.55,2538.68,11.88,11.79,4
1263.650,-7.280904,112.796187,3.01,10.73,-38.65,136.97,-67.45,274.50,-7.54,4807.83,1509.59,11.84,12.32,1
1263.660,-7.280849,112.796648,0.61,22.79,-23.09,-128.98,-63.61,276.75,-26.44,1762.17,3977.55,11.45,10.19,4
1263.670,-7.281060,112.796774,0.46,3.59,1.00,95.45,-144.56,279.00,10.72,1917.49,1348.72,11.50,12.16,0
1263.680,-7.280888,112.796849,1.89,30.83,25.69,-34.19,90.21,281.25,15.49,482.13,4757.37,11.34,10.98,2
1263.690,-7.280681,112.797097,2.43,28.00,18.25,-146.02,4.08,283.50,19.36,5730.92,1944.32,10.69,11.12,2
1263.700,-7.280747,112.796650,3.33,-7.12,-12.51,-173.51,-132.08,285.75,10.15,962.02,2547.42,11.86,12.37,3
1263.710,-7.280411,112.796862,0.40,27.53,30.29,-87.37,-168.52,288.00,0.29,1472.30,481.03,11.20,10.44,1
1263.720,-7.280551,112.796639,1.13,35.52,-22.48,17.20,-125.03,290.25,-28.63,988.74,553.40,11.28,11.16,1
1263.730,-7.280847,112.796638,1.28,14.70,-18.00,-74.50,-41.68,292.50,-9.13,3908.50,4151.47,12.59,11.71,0
1263.740,-7.280643,112.797263,0.51,35.61,-7.71,78.27,57.35,294.75,-24.29,1053.80,5227.65,12.52,12.54,4
1263.750,-7.280310,112.796620,2.80,11.99,8.42,34.59,-6.64,297.00,-34.13,2402.31,3964.07,10.25,12.35,1
1263.760,-7.280645,112.797145,2.40,7.79,-20.25,140.79,-173.38,299.25,8.67,4135.00,2187.80,10.47,10.49,1
1263.770,-7.280490,112.796936,0.33,26.35,-18.78,-130.50,-160.25,301.50,-12.57,5539.74,1051.14,11.96,11.55,4
1263.780,-7.280138,112.796786,3.31,-7.77,1.58,106.22,34.24,303.75,-16.29,594.26,1434.03,10.61,11.14,0
1263.790,-7.280585,112.796609,3.48,31.03,-5.48,46.61,-38.87,306.00,-33.77,1063.30,599.57,10.68,10.96,2
1263.800,-7.280345,112.796809,0.87,-31.56,-14.99,126.56,74.50,308.25,2.26,870.69,3824.91,12.44,10.00,0
1263.810,-7.279828,112.797492,2.82,-13.18,6.83,-172.93,52.98,310.50,-30.10,3868.30,3059.36,10.92,11.54,2
1263.820,-7.279479,112.797053,2.68,-34.25,11.47,-133.16,150.61,312.75,26.00,2054.86,188.09,12.27,11.28,1
1263.830,-7.279650,112.797424,2.42,38.22,5.93,0.57,78.38,315.00,-15.50,1305.25,1101.10,11.70,11.58,2
1263.840,-7.280114,112.797145,0.97,27.34,33.94,4.04,-175.92,317.25,19.65,1668.32,5711.05,11.71,10.44,3
1263.850,-7.280109,112.797137,1.15,18.19,-21.89,141.57,-149.11,319.50,-34.06,1397.42,2643.23,10.11,11.39,4
1263.860,-7.279606,112.797242,3.50,-20.14,6.75,-100.12,133.05,321.75,-19.33,1220.23,2933.56,10.08,10.41,0
1263.870,-7.279556,112.797012,3.21,-14.26,12.85,160.05,155.36,324.00,-15.37,3052.09,3112.76,10.47,10.60,4
1263.880,-7.279713,112.797420,2.27,20.56,34.89,-17.25,6.77,326.25,-6.34,2683.89,2748.25,10.85,11.85,2
1263.890,-7.278915,112.797560,0.53,-36.00,15.40,-15.64,-38.58,328.50,-11.67,765.65,5429.49,12.30,11.09,1
1263.900,-7.279444,112.797814,1.23,-6.21,8.93,-74.58,32.53,330.75,4.58,459.26,3492.68,12.26,10.96,2
1263.910,-7.279444,112.797715,1.07,22.26,1.10,-57.78,-22.62,333.00,-24.72,5695.37,1346.54,11.52,10.03,1
1263.920,-7.279161,112.797762,1.90,-25.16,22.19,171.08,-19.86,335.25,11.74,2071.76,241.07,11.96,10.20,3
1263.930,-7.279581,112.797588,3.32,-11.52,30.15,174.75,-43.02,337.50,-17.16,2774.41,4030.99,11.35,11.38,0
1263.940,-7.279254,112.798528,3.08,29.05,-26.16,94.91,75.84,339.75,27.84,781.05,5422.29,12.16,11.37,0
1263.950,-7.278901,112.798443,3.45,-39.24,-21.16,-144.85,-127.94,342.00,-25.85,397.22,3632.21,11.12,12.04,1
1263.960,-7.279442,112.798172,3.21,3.07,31.31,-144.73,101.87,344.25,-30.59,1657.45,949.19,10.23,10.91,3
1263.970,-7.278959,112.798472,0.78,2.25,22.20,112.89,-44.61,346.50,17.80,4868.06,1632.90,11.78,11.05,0
1263.980,-7.279452,112.798453,3.29,11.70,16.94,-152.88,134.56,348.75,2.33,1498.46,583.41,11.16,10.70,0
1263.990,-7.279268,112.798638,1.63,0.38,-30.27,20.72,-55.84,351.00,17.25,2777.64,1585.92,10.96,12.16,3
1264.000,-7.278803,112.799078,1.48,-30.20,33.42,89.11,-69.51,353.25,-3.19,4317.40,4503.88,10.19,10.35,3
1264.010,-7.278848,112.798672,1.28,0.89,19.69,-34.89,-117.14,355.50,29.86,2521.81,3508.08,11.14,11.48,3
1264.020,-7.278414,112.799129,0.80,-38.51,13.21,-116.84,132.61,357.75,27.44,2143.04,3920.86,12.41,10.03,0
1264.030,-7.280103,112.799212,2.20,13.90,26.13,27.36,-157.26,0.00,-33.49,2324.70,3259.22,12.43,12.26,0
1264.040,-7.280604,112.798545,3.31,35.71,-21.79,65.02,-31.73,2.25,10.38,3479.55,750.72,11.65,11.51,2
1264.050,-7.280926,112.798768,1.43,-31.53,-24.77,-94.74,59.13,4.50,31.95,3073.40,2321.23,11.78,10.23,0
1264.060,-7.280440,112.799259,0.62,-6.41,38.42,-18.82,89.20,6.75,-32.60,184.19,4373.01,11.25,12.23,0
1264.070,-7.279999,112.799103,0.17,-3.38,-10.31,-81.59,-70.14,9.00,-33.91,4940.94,5003.92,11.07,10.11,1
1264.080,-7.280267,112.799484,1.52,12.80,1.85,-25.49,21.72,11.25,-28.16,5181.59,2767.42,11.07,11.72,3
1264.090,-7.280765,112.798983,2.57,-16.25,22.30,130.49,93.84,13.50,-4.68,1597.68,5209.73,11.25,12.33,2
1264.100,-7.280116,112.798743,0.04,-36.76,-7.47,122.32,52.52,15.75,10.25,4147.37,5133.66,12.06,12.01,4
1264.110,-7.280903,112.799657,1.76,21.92,18.06,124.76,-62.61,18.00,-31.63,4815.22,4230.75,11.16,12.58,1
1264.120,-7.280561,112.799654,0.44,20.23,-20.52,135.82,-8.94,20.25,-31.04,1677.37,3008.52,12.30,11.89,1
1264.130,-7.280076,112.799151,1.52,9.70,12.28,-79.29,-155.05,22.50,-11.99,3006.96,166.81,11.89,11.99,4
1264.140,-7.280675,112.799622,0.30,22.57,13.27,-126.79,-9.74,24.75,6.93,400.94,2394.05,10.96,10.52,0
1264.150,-7.280089,112.799673,2.92,-14.96,7.64,-113.90,-29.74,27.00,11.38,387.24,729.04,11.42,11.23,2
1264.160,-7.280454,112.799642,2.78,-17.47,38.28,69.63,131.65,29.25,-28.49,224.67,5226.84,10.98,11.68,1
1264.170,-7.280583,112.799370,2.96,-10.03,-5.39,-166.25,119.62,31.50,28.08,4013.09,2198.05,12.45,11.29,0
1264.180,-7.280559,112.799649,2.52,32.53,-19.85,-19.38,-62.37,33.75,32.90,113.58,1679.94,10.91,11.21,4
1264.190,-7.280896,112.799662,0.40,11.39,-32.32,-135.55,28.78,36.00,-33.34,2526.21,2877.04,11.40,10.25,2
1264.200,-7.280758,112.799645,0.84,1.22,-21.89,-145.67,-52.03,38.25,-5.69,1877.80,3666.48,11.85,10.37,1
1264.210,-7.280446,112.799382,2.85,17.11,23.16,-174.11,78.03,40.50,-23.00,4653.01,5608.49,10.46,11.72,4
1264.220,-7.281051,112.799297,1.82,7.64,-2.91,-149.47,-163.71,42.75,5.93,541.53,5799.52,10.43,11.53,1
1264.230,-7.280907,112.799336,1.57,-0.29,28.26,131.55,-34.77,45.00,-15.45,1171.43,3943.12,11.94,10.75,1
1264.240,-7.280957,112.799615,2.37,36.77,-35.91,-65.49,-140.92,47.25,-9.96,3550.34,3142.02,12.00,10.34,2
1264.250,-7.280515,112.800258,2.68,-28.09,-32.46,142.79,71.73,49.50,-27.93,3688.67,1710.90,11.48,11.90,0
1264.260,-7.280928,112.800188,3.04,23.41,-22.83,159.87,-65.22,51.75,6.10,145.91,528.47,12.42,11.38,1
1264.270,-7.280560,112.799937,2.20,18.25,-2.89,-114.21,-63.11,54.00,-34.31,5844.24,5214.67,11.88,12.49,1
1264.280,-7.280852,112.799732,1.68,15.32,12.00,-109.76,106.22,56.25,-2.93,1961.66,3991.79,10.54,10.70,2
1264.290,-7.281072,112.799950,0.94,21.52,0.61,54.62,110.39,58.50,-29.25,2144.63,1606.16,10.26,10.45,3
1264.300,-7.280680,112.799822,0.26,-23.49,-7.69,156.81,13.67,60.75,7.73,714.09,3348.93,12.28,11.42,0
1264.310,-7.280751,112.799681,2.48,-33.80,-9.17,-10.68,-153.31,63.00,14.07,1720.87,4923.00,12.22,12.08,4
1264.320,-7.281339,112.800351,0.38,-6.23,-14.16,149.37,161.74,65.25,-5.06,4058.81,5480.06,11.14,10.45,2
1264.330,-7.281466,112.800543,1.15,-28.32,14.00,-22.30,-48.64,67.50,-6.82,4262.93,1252.26,10.50,11.00,3
1264.340,-7.281232,112.800136,2.82,23.17,-36.84,-35.10,111.47,69.75,6.35,1519.16,4916.83,11.18,11.51,0
1264.350,-7.280746,112.799934,3.17,-6.00,-36.35,-45.31,-23.55,72.00,15.12,4847.89,5352.65,11.46,11.02,3
1264.360,-7.281407,112.799820,0.72,-35.32,8.86,-121.95,172.11,74.25,26.62,3486.04,5539.97,11.87,12.22,0
1264.370,-7.281366,112.800386,2.46,5.42,-25.53,3.20,-74.93,76.50,6.69,2936.27,4366.74,11.31,12.09,0
1264.380,-7.280950,112.800359,3.17,39.01,39.50,54.40,80.72,78.75,2.89,3645.55,5632.54,11.59,11.20,2
1264.390,-7.281570,112.800048,1.98,-8.57,-35.81,-120.85,79.78,81.00,-0.77,4569.14,2807.17,12.54,11.91,1
1264.400,-7.281487,112.800540,1.16,-3.55,9.58,50.27,80.50,83.25,-14.79,3500.94,4537.33,11.98,10.99,3
1264.410,-7.281200,112.800015,3.44,-32.55,33.70,178.23,-106.42,85.50,29.87,5396.64,3592.00,12.16,10.96,1
1264.420,-7.281834,112.800418,0.06,14.41,3.13,-37.38,78.06,87.75,-26.32,281.57,5045.88,11.36,10.44,1
1264.430,-7.281417,112.800380,2.00,-28.61,-22.12,103.37,-141.42,90.00,1.97,2124.98,2264.07,11.36,12.40,4
1264.440,-7.281288,112.800661,2.44,-29.13,-37.50,21.68,36.96,92.25,19.31,3836.45,4828.92,10.49,11.75,1
1264.450,-7.281416,112.800075,2.08,-39.91,21.15,173.74,-74.51,94.50,-18.32,3993.53,2093.58,10.80,11.66,3
1264.460,-7.281557,112.800621,1.79,-1.18,-26.50,36.16,-45.76,96.75,-12.27,2430.17,878.41,10.49,10.50,1
1264.470,-7.281682,112.800024,0.52,26.20,10.76,168.43,-134.07,99.00,-34.79,5074.04,2556.19,11.41,11.20,0
1264.480,-7.281720,112.800647,1.10,11.51,38.69,-37.22,9.25,101.25,-16.11,76.93,10.78,11.36,10.61,4
1264.490,-7.281819,112.799874,2.35,9.49,-31.39,-63.21,-126.24,103.50,-17.73,4759.58,5904.55,11.38,10.22,3
1264.500,-7.281921,112.799948,1.84,-22.22,-13.13,-160.66,-134.11,105.75,-0.01,1173.24,2787.21,11.59,10.43,2
1264.510,-7.281758,112.799821,2.52,19.29,15.32,-52.10,0.86,108.00,31.90,5347.32,3489.87,11.81,11.03,4
1264.520,-7.281863,112.800064,0.54,-16.51,-39.80,24.70,73.63,110.25,-25.62,3321.08,3373.35,10.76,11.34,4
1264.530,-7.281774,112.800666,2.80,-26.71,23.25,-166.23,-13.00,112.50,32.12,764.09,2277.99,12.10,10.72,3
1264.540,-7.282237,112.800473,0.62,-21.56,29.32,-107.04,-175.16,114.75,10.78,2096.69,4460.13,12.15,12.30,0
1264.550,-7.282283,112.799831,2.61,-27.51,-21.75,14.84,74.52,117.00,-13.68,4378.83,2402.04,12.04,12.10,3
1264.560,-7.281898,112.800722,0.52,2.42,-4.79,-178.81,-148.76,119.25,24.78,3034.13,2606.89,11.95,11.90,0
1264.570,-7.282556,112.799977,0.31,-16.54,-32.35,17.39,-32.53,121.50,-5.78,4142.36,1403.29,11.29,10.03,1
1264.580,-7.282383,112.800431,2.61,-7.56,-38.17,47.64,-42.09,123.75,-25.05,4073.85,4844.33,12.44,11.11,4
1264.590,-7.282893,112.799750,3.27,-24.87,-20.72,83.14,106.51,126.00,-3.62,4297.63,4534.28,12.51,11.56,2
1264.600,-7.282144,112.799889,3.40,31.12,8.20,40.16,163.59,128.25,5.36,2830.20,3126.66,11.50,10.07,1
1264.610,-7.282491,112.800518,2.42,-38.18,36.43,-115.62,-20.48,130.50,6.39,1720.49,2123.89,11.26,11.60,3
1264.620,-7.283005,112.800061,3.43,7.20,15.72,-164.88,87.92,132.75,-11.67,676.07,332.26,10.98,10.60,4
1264.630,-7.282814,112.799582,1.12,38.11,24.43,18.45,-36.65,135.00,26.78,5002.88,3582.48,11.59,11.74,0
1264.640,-7.283151,112.799781,0.42,2.55,-39.36,-13.18,25.40,137.25,-25.76,5104.01,3844.60,11.21,10.67,4
1264.650,-7.283085,112.799628,2.20,-7.79,-1.48,8.86,-32.62,139.50,-3.35,5903.98,1412.68,11.07,10.53,4
1264.660,-7.283213,112.799527,0.83,-33.39,-9.85,-1.08,-134.78,141.75,16.37,1484.79,3484.06,11.25,11.33,3
1264.670,-7.282414,112.799502,1.47,-4.79,-28.39,53.35,-139.17,144.00,-16.55,2880.35,2635.94,10.06,10.38,4
1264.680,-7.282486,112.799438,2.23,3.79,8.19,-60.49,30.40,146.25,-26.18,4104.83,2180.46,10.22,11.58,1
1264.690,-7.283008,112.799732,0.14,-34.13,-33.71,-102.31,15.71,148.50,18.00,5389.94,3866.82,11.48,11.90,3
1264.700,-7.282844,112.799324,0.25,13.06,0.91,46.15,-96.83,150.75,27.16,1312.85,5601.96,11.89,11.48,3
1264.710,-7.283308,112.799863,0.38,-36.29,-21.50,36.39,-131.43,153.00,13.57,833.97,1280.79,11.32,11.92,0
1264.720,-7.282975,112.799819,0.44,28.84,28.41,171.34,172.60,155.25,17.05,2276.19,2253.69,10.01,10.63,1
1264.730,-7.283240,112.799215,0.18,-31.83,17.35,143.64,150.69,157.50,-13.48,114.51,1354.34,10.58,11.95,0
1264.740,-7.283555,112.799671,2.83,36.66,-38.62,-155.51,87.38,159.75,34.02,4923.05,3727.53,10.65,10.24,0
1264.750,-7.283540,112.798997,0.09,9.58,5.15,12.34,56.29,162.00,-27.71,4762.76,5374.48,10.50,12.51,0
1264.760,-7.283077,112.799021,1.82,0.18,32.38,-8.63,3.99,164.25,33.78,2558.47,5299.36,12.26,11.56,3
1264.770,-7.282898,112.799319,0.29,-35.73,27.50,-24.00,-101.42,166.50,9.05,4045.71,3773.28,10.43,10.19,0
1264.780,-7.282889,112.799155,1.53,18.53,-26.31,-163.32,164.29,168.75,-13.43,4216.52,4114.80,11.92,12.02,3
1264.790,-7.283647,112.798862,0.76,-36.32,28.77,70.44,76.65,171.00,2.61,4818.93,5069.25,11.18,10.84,4
1264.800,-7.283506,112.799160,1.61,4.59,10.20,99.47,117.08,173.25,-26.03,4316.39,1013.93,10.74,11.83,3
1264.810,-7.282932,112.799224,0.86,32.30,-34.73,-118.23,-67.65,175.50,6.05,3410.11,2404.70,11.06,10.11,1
1264.820,-7.282837,112.798776,2.54,33.30,-27.45,-25.08,-36.32,177.75,-28.62,637.14,4827.09,10.48,11.47,0
1264.830,-7.282877,112.798646,0.45,-32.37,-30.93,-93.89,-131.52,180.00,8.26,1954.94,5375.48,11.01,11.54,0
1264.840,-7.283429,112.798728,1.50,11.13,23.92,125.37,-94.88,182.25,-25.57,407.54,4007.14,12.56,11.64,2
1264.850,-7.283781,112.798864,2.22,8.85,-15.51,-170.23,-125.40,184.50,-23.91,5108.18,457.45,11.21,12.48,1
1264.860,-7.283395,112.798224,0.13,11.96,-39.88,-40.67,-20.25,186.75,-6.53,3570.68,942.65,12.12,10.40,4
1264.870,-7.283381,112.798789,0.71,7.43,-10.40,175.50,-139.43,189.00,26.13,639.64,5400.09,11.87,10.28,4
1264.880,-7.283669,112.798248,2.39,-13.73,23.71,-10.12,-160.02,191.25,9.24,5640.15,1762.70,11.79,12.40,3
1264.890,-7.283009,112.798694,1.74,-9.52,36.98,-50.80,142.32,193.50,-11.85,5431.55,1044.65,10.75,11.93,0
1264.900,-7.283360,112.798186,1.12,24.80,-5.42,-123.12,110.68,195.75,-31.63,5001.45,3278.19,10.82,10.68,2
1264.910,-7.283739,112.798027,3.23,23.76,-14.42,-105.96,-137.68,198.00,-25.74,1298.91,5966.97,10.18,11.87,1
1264.920,-7.283020,112.798350,2.37,27.86,-14.45,23.60,-77.09,200.25,-27.52,5741.83,809.57,12.15,10.87,0
1264.930,-7.283096,112.798396,2.49,-37.19,-16.44,104.56,79.74,202.50,-20.01,5392.55,4339.34,11.97,10.49,1
1264.940,-7.283505,112.798593,1.00,-32.14,-9.63,-129.91,167.03,204.75,-12.63,2588.79,3637.86,12.23,10.66,2
1264.950,-7.283063,112.798487,2.90,14.79,30.51,-139.30,-127.23,207.00,-31.57,4705.28,4657.75,12.06,10.80,1
1264.960,-7.283600,112.798351,1.03,-0.59,-35.30,-97.88,-170.31,209.25,14.25,918.01,5090.80,12.48,10.18,2
1264.970,-7.283522,112.797472,2.25,-26.93,16.50,-40.72,-29.82,211.50,18.88,4936.02,5388.20,12.47,11.52,3
1264.980,-7.282952,112.797498,1.62,7.11,2.88,99.51,-25.22,213.75,-1.86,5436.70,737.81,12.27,12.18,0
1264.990,-7.282901,112.798116,2.68,-34.06,-23.72,-126.78,-23.75,216.00,18.13,138.43,3093.08,11.61,12.34,0
1265.000,-7.282569,112.797757,2.62,-39.39,6.82,-119.57,-58.14,218.25,20.38,3115.30,1865.01,10.26,10.85,4
1265.010,-7.283374,112.798044,1.99,-27.76,31.28,-1.44,68.69,220.50,5.99,2786.07,501.58,10.79,12.43,0
1265.020,-7.283425,112.797623,0.37,-26.09,-28.46,-71.10,-91.91,222.75,14.31,298.77,4500.20,10.77,11.75,0
1265.030,-7.282917,112.797250,0.64,-8.32,7.88,-11.71,62.93,225.00,28.96,3592.48,1947.96,11.92,11.21,3
1265.040,-7.283158,112.797467,0.21,5.21,17.56,128.35,100.42,227.25,34.98,1292.06,4978.10,12.55,10.10,0
1265.050,-7.283250,112.797330,2.00,-33.92,18.59,110.10,62.77,229.50,-28.97,2986.98,4246.29,10.58,10.36,0
1265.060,-7.282767,112.797433,0.90,37.38,5.73,44.10,-61.04,231.75,-32.22,1912.53,1766.89,10.72,10.01,3
1265.070,-7.283136,112.797315,2.56,15.01,-24.91,72.53,-170.87,234.00,-33.42,784.09,517.43,11.23,10.86,1
1265.080,-7.282414,112.797211,2.43,-11.47,21.53,-142.93,108.95,236.25,-26.02,4758.49,433.37,11.89,10.42,3
1265.090,-7.282319,112.797582,1.12,26.47,-23.05,-72.86,-156.69,238.50,20.72,4636.87,2022.44,12.56,11.96,0
1265.100,-7.282730,112.797253,1.74,23.25,-16.65,-128.77,146.46,240.75,28.50,4156.20,5989.28,11.93,10.19,3
1265.110,-7.282557,112.797481,1.29,-6.86,-19.68,-21.22,-112.57,243.00,18.19,5764.25,4723.58,10.14,11.35,2
1265.120,-7.282050,112.797282,2.57,10.48,5.83,-155.49,147.00,245.25,-23.11,644.20,392.88,10.73,10.88,4
1265.130,-7.282535,112.797314,2.90,20.98,29.15,-44.15,-1.36,247.50,8.54,4023.40,1044.39,10.77,10.19,3
1265.140,-7.282108,112.797121,2.24,-4.96,-4.02,50.96,7.01,249.75,21.10,4225.62,1144.86,11.71,11.83,3
1265.150,-7.282315,112.797288,1.13,-6.45,-12.58,-66.43,44.23,252.00,-12.00,758.36,4666.28,11.38,10.97,4
1265.160,-7.282160,112.796660,0.59,22.38,3.12,-134.07,-113.85,254.25,1.20,3270.60,2193.96,10.59,12.19,2
1265.170,-7.282209,112.796938,0.31,32.15,-13.45,-114.72,-1.42,256.50,-1.58,938.83,2155.11,12.59,11.29,1
1265.180,-7.282022,112.797173,0.43,-31.11,-26.78,112.26,127.48,258.75,-18.03,3746.08,5761.92,12.32,12.09,2
1265.190,-7.281820,112.796552,1.65,10.87,29.31,-174.25,13.68,261.00,-13.88,1599.24,1711.25,11.58,10.90,4
1265.200,-7.281263,112.796697,0.48,-10.42,-4.52,-173.07,-175.15,263.25,-14.09,3283.75,3901.15,10.13,11.84,1
1265.210,-7.281220,112.797013,2.31,17.43,35.09,-91.40,-53.45,265.50,6.95,1695.06,1772.69,11.86,11.04,4
1265.220,-7.281827,112.796497,2.80,-17.86,-30.76,42.29,-8.11,267.75,27.11,4358.75,3475.80,11.19,10.45,2
1265.230,-7.281148,112.796669,2.10,-17.37,-18.04,-155.75,123.62,270.00,-17.79,1123.83,2065.24,10.92,11.19,4
1265.240,-7.281325,112.797092,0.03,25.71,26.16,61.10,11.71,272.25,3.17,4555.71,3796.25,10.14,11.54,1
1265.250,-7.281548,112.797116,3.44,-10.21,6.05,-108.64,97.02,274.50,33.19,5251.62,3734.47,12.17,12.30,0
1265.260,-7.280903,112.796534,1.58,-4.13,-10.65,58.03,-110.30,276.75,-8.31,2139.58,3771.85,10.02,12.59,2
1265.270,-7.280672,112.796295,2.02,-30.48,-14.42,-127.28,-176.30,279.00,22.58,2804.98,2981.34,12.13,12.47,0
1265.280,-7.280784,112.796794,0.33,-39.13,-24.85,10.57,148.51,281.25,-13.53,2140.19,3419.40,12.56,11.76,4
1265.290,-7.281244,112.796402,3.03,-32.99,1.17,-144.03,39.76,283.50,-15.15,3326.84,5135.48,12.42,10.45,0
1265.300,-7.280559,112.796342,2.26,-6.34,-37.49,81.08,-93.87,285.75,15.89,4424.72,2780.58,10.52,12.16,3
1265.310,-7.281133,112.796369,1.72,38.26,8.89,-93.50,-126.07,288.00,10.49,1808.51,5812.17,10.95,11.69,0
1265.320,-7.280827,112.796773,3.27,3.91,35.64,-137.00,-6.51,290.25,17.17,3826.05,2745.89,10.36,10.56,2
1265.330,-7.280518,112.796573,2.83,-32.16,-7.91,-111.08,-146.70,292.50,-30.85,3661.80,4052.05,12.30,11.15,4
1265.340,-7.280045,112.796929,2.92,-34.56,21.40,-53.06,-98.14,294.75,17.41,4513.22,702.75,12.11,10.89,3
1265.350,-7.280491,112.797256,0.42,32.49,11.91,-35.79,60.75,297.00,-33.25,247.76,5616.83,10.24,11.06,4
1265.360,-7.280399,112.797147,1.22,-36.53,-24.56,95.21,144.73,299.25,8.60,568.72,1657.17,10.51,10.24,4
1265.370,-7.280333,112.797295,2.54,34.24,-28.43,88.60,136.16,301.50,4.70,2011.12,451.17,12.45,12.11,3
1265.380,-7.279928,112.797173,3.08,-14.87,33.48,-107.43,20.39,303.75,-18.14,5857.63,5717.12,11.12,12.22,1
1265.390,-7.280574,112.796702,0.53,-12.15,-31.02,-147.26,123.60,306.00,6.78,2321.80,3092.69,11.66,11.05,0
1265.400,-7.280104,112.797097,3.05,-11.90,4.18,89.61,178.87,308.25,-6.13,282.81,3372.01,10.32,10.95,2
1265.410,-7.279634,112.797526,2.95,15.98,-23.12,145.50,100.28,310.50,24.05,4742.61,2063.65,12.43,10.12,1
1265.420,-7.279638,112.797411,0.42,8.50,-22.54,5.28,55.83,312.75,-0.45,1202.45,4415.34,11.81,12.47,1
1265.430,-7.279618,112.796963,1.28,1.78,19.84,-135.79,-160.14,315.00,29.62,4378.29,4578.89,11.30,10.39,3
1265.440,-7.279823,112.797435,0.20,-22.33,25.72,-115.05,109.78,317.25,-24.43,1746.28,4348.61,10.81,10.86,3
1265.450,-7.279960,112.797217,1.35,6.38,12.33,89.94,-132.71,319.50,-29.18,2318.99,5924.61,11.97,11.12,2
1265.460,-7.280034,112.797406,3.14,10.89,-8.21,79.86,-33.68,321.75,1.36,5317.11,2038.19,12.02,10.15,0
1265.470,-7.279750,112.797318,0.21,29.79,-21.06,-110.19,154.06,324.00,24.12,2625.00,5229.55,10.76,12.26,1
1265.480,-7.279472,112.797681,1.17,13.63,2.14,-10.66,57.37,326.25,-23.32,682.13,4841.93,11.90,10.58,4
1265.490,-7.279026,112.797130,2.57,-7.72,18.09,-34.10,131.87,328.50,19.03,2561.10,3255.59,10.47,12.31,0
1265.500,-7.279683,112.797985,3.13,15.35,8.09,-171.64,-130.25,330.75,-3.49,4698.38,2887.17,11.30,10.01,2
1265.510,-7.279650,112.797284,1.57,-20.42,12.48,-93.46,-62.80,333.00,7.56,3699.13,1205.07,12.38,11.11,0
1265.520,-7.279033,112.797750,3.07,34.41,6.23,-130.05,-103.74,335.25,17.83,5351.22,1686.93,11.39,11.13,4
1265.530,-7.278811,112.798037,2.49,-26.66,-38.98,27.13,-69.53,337.50,2.14,3671.07,364.66,10.62,11.31,3
1265.540,-7.279311,112.797590,0.95,21.62,-36.26,-136.10,130.08,339.75,14.32,4549.17,3597.86,10.68,10.17,2
1265.550,-7.278767,112.798360,0.85,38.16,12.07,79.07,108.01,342.00,29.27,5727.48,2202.26,11.62,12.19,2
1265.560,-7.278749,112.798055,0.46,-1.91,14.22,28.38,-98.80,344.25,26.87,4061.87,2191.51,10.20,11.68,1
1265.570,-7.278890,112.798132,1.94,-4.13,-29.64,92.31,111.65,346.50,23.22,4502.47,5653.27,10.96,10.34,2
1265.580,-7.278957,112.798808,3.42,-24.98,28.18,152.70,28.89,348.75,-1.34,204.50,90.60,10.45,11.78,1
1265.590,-7.278601,112.798706,2.87,-32.28,9.02,-107.35,-70.31,351.00,-3.00,604.57,507.31,12.21,12.20,1
1265.600,-7.278733,112.798999,0.19,30.04,11.12,145.89,-135.24,353.25,-33.17,2012.06,746.96,10.32,11.78,0
1265.610,-7.278494,112.798559,2.36,28.83,18.03,88.50,-40.07,355.50,-5.92,1395.09,3865.14,11.99,11.11,3
1265.620,-7.279106,112.799120,0.94,-0.30,35.32,33.53,-122.29,357.75,-8.08,4971.69,1731.30,11.45,11.14,4
1265.630,-7.280171,112.798856,2.51,-26.84,-22.81,63.14,68.62,0.00,-1.90,849.51,2544.18,12.55,11.80,3
1265.640,-7.280018,112.798518,1.26,-7.14,-5.74,-60.23,119.81,2.25,-31.83,5696.57,5310.27,11.79,10.39,3
1265.650,-7.280667,112.799057,1.01,6.62,-2.74,-75.73,-31.23,4.50,19.10,127.40,3810.11,11.68,11.96,4
1265.660,-7.280038,112.799013,1.16,-34.41,1.77,-50.80,23.67,6.75,33.01,2189.10,4996.62,12.54,10.49,1
1265.670,-7.280523,112.798687,1.30,8.69,15.23,152.45,-175.58,9.00,5.54,1826.15,3911.64,10.37,10.68,2
1265.680,-7.280316,112.799139,3.38,32.80,24.63,120.03,114.49,11.25,4.06,1882.14,4494.69,10.30,12.54,3
1265.690,-7.280390,112.799376,3.46,-38.50,-9.87,-113.85,41.50,13.50,4.27,4205.87,937.92,12.23,10.68,1
1265.700,-7.280437,112.799253,0.89,27.76,6.54,-137.24,61.64,15.75,9.01,1846.09,5983.47,10.22,10.41,0
1265.710,-7.280539,112.799717,2.33,-6.93,35.20,-154.88,41.94,18.00,23.89,1760.21,5008.69,10.73,10.39,0
1265.720,-7.280443,112.798938,2.93,6.86,8.06,155.32,-79.45,20.25,16.84,2350.03,4951.31,11.85,10.35,0
1265.730,-7.280689,112.799471,1.57,-22.85,25.83,88.42,-112.51,22.50,-7.29,834.45,5479.41,10.60,11.38,2
1265.740,-7.280315,112.799316,1.29,-36.65,36.08,176.57,65.93,24.75,-3.00,2078.16,4609.50,11.93,10.09,1
1265.750,-7.279999,112.799375,1.33,17.78,30.13,84.94,105.83,27.00,28.01,333.64,599.54,12.48,10.72,3
1265.760,-7.280727,112.799262,0.89,-39.00,2.97,-67.22,-138.75,29.25,4.34,4426.72,5446.66,10.55,11.44,4
1265.770,-7.280725,112.799761,2.95,-5.30,-32.72,-94.35,174.20,31.50,13.31,1060.74,2822.28,11.55,11.82,0
1265.780,-7.280680,112.799200,1.40,0.89,19.98,-146.91,-143.72,33.75,-22.13,4435.02,1082.47,11.47,10.35,2
1265.790,-7.280492,112.799190,2.95,36.60,-11.38,-156.09,56.17,36.00,12.82,4417.85,3652.22,10.27,10.20,4
1265.800,-7.281025,112.799360,0.42,5.04,-23.33,97.87,-107.54,38.25,-5.93,3367.83,3089.06,12.21,11.89,3
1265.810,-7.280306,112.799641,2.76,1.07,22.12,159.06,15.40,40.50,-12.38,91.71,4355.59,11.39,12.17,1
1265.820,-7.280882,112.800088,2.12,-18.72,-20.21,85.51,156.19,42.75,-19.41,4558.30,5656.62,11.79,11.09,3
1265.830,-7.280925,112.799382,0.01,-14.48,-3.22,-160.04,45.08,45.00,30.32,2894.75,2454.21,10.37,11.57,2
1265.840,-7.281001,112.799601,1.92,-22.10,27.63,-92.65,-114.61,47.25,-29.62,640.24,3619.33,10.65,10.71,1
1265.850,-7.280831,112.800035,2.91,-6.44,-38.57,4.64,-143.43,49.50,-7.51,1903.86,4470.59,11.47,11.30,0
1265.860,-7.281066,112.799555,3.43,-6.74,-0.80,-124.74,-113.88,51.75,21.33,2993.59,4398.99,11.24,11.90,3
1265.870,-7.281047,112.800199,3.38,0.52,-33.60,-66.52,-56.43,54.00,5.52,1600.12,889.70,12.52,10.76,4
1265.880,-7.280735,112.799624,0.52,28.98,9.25,23.60,-154.62,56.25,22.86,3174.43,3294.50,12.56,10.39,2
1265.890,-7.280379,112.800226,2.86,21.61,7.92,-24.46,102.13,58.50,-18.20,2483.60,5689.75,10.48,11.82,4
1265.900,-7.280966,112.800236,3.32,-9.70,22.45,-142.97,-130.45,60.75,8.82,3340.57,458.14,10.55,11.83,3
1265.910,-7.281270,112.799558,2.00,-15.20,-27.56,77.29,54.46,63.00,3.86,839.88,5964.89,11.00,11.16,0
1265.920,-7.280514,112.799921,0.60,-39.79,-33.66,-79.53,-78.62,65.25,15.79,5713.42,1870.70,10.53,10.02,4
1265.930,-7.281479,112.800347,1.43,-13.93,34.22,-152.66,-117.10,67.50,-17.53,3413.64,1577.05,10.33,10.99,4
1265.940,-7.280738,112.800222,0.50,35.85,6.02,81.88,-134.49,69.75,-34.45,2900.19,1126.78,12.15,10.14,2
1265.950,-7.280824,112.800122,1.54,-15.95,11.02,-154.41,132.03,72.00,4.76,5711.31,5539.37,11.16,11.46,2
1265.960,-7.281038,112.799713,2.01,-32.76,12.16,-55.18,138.76,74.25,-2.61,3748.99,3302.44,10.77,12.24,4
1265.970,-7.281372,112.799943,3.21,16.98,20.49,18.82,-60.40,76.50,23.82,4531.30,1452.72,11.95,11.44,2
1265.980,-7.280981,112.800516,1.78,10.81,34.99,-45.12,74.10,78.75,30.18,4908.58,3289.45,12.04,11.36,2
1265.990,-7.281220,112.799815,1.24,-21.42,35.66,19.56,-171.28,81.00,31.18,5201.87,2863.44,10.41,10.10,2
1266.000,-7.281468,112.800156,2.77,15.55,17.67,-111.72,-160.38,83.25,7.55,3485.56,1850.95,12.26,11.27,0
1266.010,-7.281332,112.800651,0.40,-24.59,-38.25,73.69,60.98,85.50,-33.18,3547.47,2422.68,12.37,11.23,2
1266.020,-7.281717,112.800168,2.38,-7.92,28.26,-5.45,-166.35,87.75,20.04,2368.57,1894.78,11.33,10.29,2
1266.030,-7.281599,112.799958,1.27,8.66,-5.38,-177.58,-51.28,90.00,-18.13,5161.34,3214.68,11.02,12.48,1
1266.040,-7.281878,112.800810,2.47,29.95,-35.17,93.55,-157.59,92.25,-34.58,448.16,501.83,12.09,10.27,3
1266.050,-7.282042,112.800625,1.81,39.40,-30.76,141.14,-66.86,94.50,19.48,5810.13,3146.68,11.68,11.65,4
1266.060,-7.281859,112.800037,0.53,-12.39,-8.34,63.61,-149.98,96.75,26.49,2027.67,5918.19,10.21,10.98,1
1266.070,-7.282043,112.799981,1.72,-15.61,25.81,53.56,98.74,99.00,15.81,815.42,3300.20,11.28,11.10,3
1266.080,-7.281535,112.800311,2.92,-39.71,17.21,-151.49,24.16,101.25,-34.10,1975.74,4481.42,10.32,10.76,0
1266.090,-7.281620,112.800170,0.10,33.32,-30.40,-58.31,-28.61,103.50,-13.75,3765.70,72.69,11.26,12.34,2
1266.100,-7.281683,112.800337,3.36,22.59,34.33,-123.25,-14.13,105.75,30.92,4863.59,2799.12,11.35,11.37,3
1266.110,-7.281787,112.800298,1.67,35.11,11.66,4.20,52.86,108.00,-0.67,838.01,4051.05,11.50,10.13,1
1266.120,-7.282326,112.800277,2.11,23.24,22.61,-162.96,11.46,110.25,18.46,2069.92,5471.70,12.25,10.21,3
1266.130,-7.282464,112.800561,0.26,23.77,10.66,-37.58,173.31,112.50,-17.53,3519.49,4568.67,10.76,11.67,2
1266.140,-7.282589,112.800436,2.21,-5.92,-19.39,-70.08,-0.77,114.75,30.71,5618.57,2118.99,11.81,11.00,0
1266.150,-7.282604,112.799906,2.02,1.60,-32.63,-21.13,120.58,117.00,25.38,2924.45,4480.41,10.71,11.80,4
1266.160,-7.282506,112.799836,2.70,12.14,25.02,144.56,2.96,119.25,-16.01,973.64,1756.69,11.21,10.00,3
1266.170,-7.282805,112.800119,1.01,-34.11,-27.72,109.49,136.56,121.50,-2.91,3560.04,3887.07,10.93,11.83,4
1266.180,-7.282608,112.800224,0.14,-26.86,-21.80,17.65,82.88,123.75,-12.99,1709.95,3404.44,12.03,11.16,3
1266.190,-7.282646,112.800024,1.51,17.75,-34.71,-137.66,-174.94,126.00,16.76,1984.49,3946.35,11.86,12.45,4
1266.200,-7.282386,112.799842,2.18,37.10,-10.76,-115.29,132.09,128.25,13.29,5827.15,2732.66,11.04,10.33,1
1266.210,-7.282616,112.800215,0.56,5.98,8.43,80.60,-93.32,130.50,25.15,5360.30,4494.04,10.06,11.08,2
1266.220,-7.282967,112.799658,3.34,-30.21,11.50,109.03,-67.19,132.75,-0.38,1525.88,1217.11,10.43,12.31,1
1266.230,-7.282671,112.799656,0.66,29.79,32.87,-9.28,-58.91,135.00,-27.36,1466.73,2387.16,11.45,10.21,3
1266.240,-7.283059,112.799775,2.59,19.44,-23.23,70.33,91.49,137.25,11.04,2697.59,900.75,10.90,10.09,4
1266.250,-7.282913,112.800255,0.57,32.93,0.83,-159.83,178.87,139.50,-22.31,786.58,2931.90,11.60,10.57,3
1266.260,-7.282517,112.800242,3.18,-34.27,-36.66,12.68,-31.46,141.75,9.98,2381.85,1159.65,10.75,10.29,2
1266.270,-7.283261,112.799471,0.40,-7.94,2.05,64.74,83.38,144.00,11.98,3144.13,3039.54,12.32,11.87,3
1266.280,-7.283271,112.800237,2.47,-29.62,24.31,-121.87,19.32,146.25,-24.98,289.25,975.74,11.49,12.53,2
1266.290,-7.282636,112.799900,0.04,13.50,-28.26,-24.98,5.38,148.50,-25.35,3083.09,2932.94,11.00,12.53,0
1266.300,-7.282572,112.799485,2.24,-24.84,-7.14,-4.91,156.19,150.75,-8.09,661.99,405.96,10.20,12.58,3
1266.310,-7.283265,112.799326,3.28,2.17,-11.81,-2.52,-163.51,153.00,18.55,465.20,3920.01,11.58,12.54,4
1266.320,-7.282765,112.799668,2.23,5.05,23.05,120.82,-32.10,155.25,13.64,1996.48,3111.15,10.18,11.26,0
1266.330,-7.282649,112.799185,1.10,-13.40,3.80,-47.08,24.93,157.50,28.85,2801.03,5978.83,11.40,10.03,2
1266.340,-7.283551,112.799891,2.07,11.37,31.61,-125.92,-96.87,159.75,-30.76,4134.67,5234.96,10.25,10.81,1
1266.350,-7.283241,112.799318,0.31,-4.42,-17.40,37.75,59.46,162.00,-0.87,2582.67,5696.66,10.06,10.22,3
1266.360,-7.282984,112.798962,3.33,-13.71,25.11,-174.10,174.31,164.25,26.31,5523.30,1343.73,10.18,11.76,2
1266.370,-7.283609,112.799117,1.18,-3.28,9.03,34.17,170.16,166.50,-25.58,2590.23,5607.91,11.24,11.76,3
1266.380,-7.283037,112.798958,0.54,-1.71,37.46,-47.99,-88.85,168.75,30.13,807.28,3018.41,11.58,10.33,4
1266.390,-7.283470,112.799036,0.70,4.93,-34.15,-17.82,-51.64,171.00,-9.68,565.54,4803.01,10.54,11.48,2
1266.400,-7.283183,112.799404,2.62,20.50,22.20,158.16,96.77,173.25,-34.70,2536.23,664.22,11.45,10.62,3
1266.410,-7.283497,112.799424,0.06,26.66,-31.21,-20.45,-170.70,175.50,-23.14,4673.79,1253.63,10.75,12.51,3
1266.420,-7.283327,112.799426,0.62,-23.31,3.98,94.31,84.04,177.75,-25.61,2187.27,3340.02,10.97,11.76,3
1266.430,-7.282943,112.799332,1.98,8.28,15.65,60.03,-143.30,180.00,-27.36,2996.34,4492.23,11.93,12.31,3
1266.440,-7.283150,112.798372,0.16,19.60,32.62,59.37,-25.61,182.25,30.71,1981.73,3148.30,10.95,11.04,2
1266.450,-7.283610,112.798888,2.52,-12.97,-3.50,-167.93,-118.36,184.50,2.92,270.91,428.63,11.87,10.84,2
1266.460,-7.282967,112.798384,1.71,36.29,-31.03,-88.09,100.29,186.75,4.02,1369.52,2724.27,11.44,10.44,0
1266.470,-7.283301,112.798768,1.91,-20.77,-31.50,-58.86,-121.21,189.00,-0.73,2720.08,1239.95,10.11,11.32,2
1266.480,-7.283643,112.798809,3.31,-35.14,-35.91,29.58,93.84,191.25,-14.31,5300.23,2058.40,12.52,11.54,0
1266.490,-7.283047,112.798030,2.48,30.54,15.36,-58.45,-2.42,193.50,31.10,3589.04,5906.08,10.31,11.68,1
1266.500,-7.283505,112.797972,0.11,-23.93,-18.51,3.24,73.43,195.75,6.27,345.86,339.60,11.16,12.01,2
1266.510,-7.283786,112.798356,0.46,-0.83,22.17,-156.27,136.09,198.00,3.77,2282.13,416.97,10.64,10.18,2
1266.520,-7.283479,112.798586,2.93,-3.16,-3.73,-36.38,-60.01,200.25,-19.55,1753.49,1617.94,12.14,11.88,0
1266.530,-7.283614,112.798437,1.59,-34.23,16.06,100.31,-167.26,202.50,7.40,1780.16,4903.30,11.28,11.10,0
1266.540,-7.283712,112.797627,0.45,-0.61,-28.13,-113.54,-80.19,204.75,23.04,4308.41,1180.45,11.80,10.75,2
1266.550,-7.283279,112.798135,1.75,-4.84,16.85,79.43,-77.30,207.00,-26.59,2700.15,4595.78,11.49,11.47,4
1266.560,-7.282721,112.797512,2.94,-26.73,37.21,-31.63,148.93,209.25,-4.48,2662.95,2733.25,12.20,11.82,3
1266.570,-7.283568,112.797658,1.43,-1.61,8.21,-29.66,120.17,211.50,-12.27,225.78,372.75,10.65,11.63,2
1266.580,-7.282831,112.797988,0.90,-15.83,29.13,144.05,89.70,213.75,-15.96,2462.77,713.88,11.06,11.83,4
1266.590,-7.283548,112.798241,2.24,32.51,23.33,104.14,-152.29,216.00,26.86,72.07,4374.88,12.39,10.96,1
1266.600,-7.282888,112.798100,2.24,22.05,-13.74,-103.01,146.19,218.25,-34.03,68.05,2973.36,11.35,10.52,4
1266.610,-7.282906,112.797969,1.59,28.45,20.38,-36.97,-43.57,220.50,-18.38,572.54,510.79,10.79,12.22,0
1266.620,-7.283288,112.797178,3.42,-17.25,-18.28,70.28,-129.12,222.75,-4.00,5790.45,1338.25,11.64,10.94,4
1266.630,-7.283411,112.797277,0.49,-28.34,-32.96,-163.48,65.49,225.00,-33.98,4859.05,1365.82,12.31,12.25,0
1266.640,-7.282642,112.797058,2.20,22.72,-17.89,-61.61,-98.44,227.25,-1.39,1236.73,3406.42,10.19,10.01,1
1266.650,-7.283050,112.797693,2.96,-9.49,1.94,-151.40,14.03,229.50,-19.10,5018.65,4615.70,10.00,10.77,3
1266.660,-7.282409,112.797460,2.85,19.82,-6.75,-113.59,25.93,231.75,-5.88,3674.50,2022.41,11.40,10.70,0
1266.670,-7.282801,112.796947,2.55,-29.23,-39.79,-90.25,130.08,234.00,25.50,743.07,1988.01,10.65,11.53,3
1266.680,-7.282305,112.796866,2.50,34.88,25.41,1.13,14.16,236.25,-27.92,5318.11,5581.60,10.51,10.48,3
1266.690,-7.282144,112.796676,0.95,-25.58,18.58,-58.26,16.00,238.50,-10.10,224.77,1601.12,10.83,11.20,3
1266.700,-7.282925,112.797113,2.11,25.37,33.46,108.30,157.87,240.75,8.19,3313.03,347.21,10.83,10.43,0
1266.710,-7.282555,112.797159,1.24,-25.60,35.60,-15.77,35.34,243.00,-29.08,2844.45,2864.69,11.98,11.91,2
1266.720,-7.281930,112.797041,2.36,4.35,-9.30,-131.52,87.52,245.25,34.49,1854.97,2667.08,11.28,10.50,1
1266.730,-7.282038,112.796909,2.82,5.84,39.95,7.02,82.11,247.50,-34.53,781.36,4819.32,11.21,11.40,1
1266.740,-7.282100,112.797231,2.20,-6.28,-7.00,-90.40,21.19,249.75,-1.56,5325.23,1298.09,10.89,10.37,4
1266.750,-7.282320,112.797241,2.83,-36.32,8.39,83.67,73.14,252.00,13.98,3375.10,1104.80,12.57,12.52,4
1266.760,-7.281786,112.796914,2.93,8.27,26.62,-174.22,-151.92,254.25,-2.28,3525.13,1309.37,12.15,11.79,1
1266.770,-7.282041,112.797268,1.38,-15.63,-1.15,-135.84,155.18,256.50,7.33,3172.02,5264.43,11.14,10.19,0
1266.780,-7.281461,112.796891,0.29,-36.76,26.09,-77.53,-34.43,258.75,0.02,3512.69,2344.35,11.19,12.53,3
1266.790,-7.281666,112.797057,1.52,-17.22,5.57,-71.60,-30.72,261.00,14.00,5564.55,2657.00,11.79,12.13,4
1266.800,-7.281680,112.796741,2.53,16.00,34.90,21.98,107.97,263.25,30.95,1774.36,717.31,12.42,11.09,1
1266.810,-7.281807,112.796425,0.98,14.24,6.43,-166.47,22.79,265.50,-24.04,1475.97,1216.43,10.34,11.31,3
1266.820,-7.281115,112.797135,1.01,-25.31,18.39,-89.62,-178.91,267.75,1.21,2525.11,3739.30,11.47,11.68,2
1266.830,-7.281845,112.796625,2.89,7.25,-26.98,150.92,-49.23,270.00,27.07,4431.65,5008.45,10.21,10.42,4
1266.840,-7.281257,112.796425,2.22,-24.90,10.41,-64.42,133.72,272.25,30.45,3663.08,3903.75,11.46,11.42,1
1266.850,-7.281587,112.796639,2.25,-26.67,15.32,-92.17,111.00,274.50,-13.64,4614.45,986.55,12.00,11.60,2
1266.860,-7.281404,112.797050,0.17,37.41,-27.66,-75.14,15.43,276.75,22.52,2677.30,1200.84,10.08,12.54,0
1266.870,-7.281352,112.796244,0.45,15.90,28.59,-87.76,10.69,279.00,32.00,423.25,1171.33,12.33,11.50,1
1266.880,-7.281160,112.797127,3.02,19.96,18.18,-108.63,65.12,281.25,27.49,3773.88,3296.69,11.41,11.23,3
1266.890,-7.280922,112.796635,2.47,30.92,23.99,-80.49,-51.19,283.50,5.12,737.07,216.31,10.05,10.04,3
1266.900,-7.280607,112.797166,1.60,-17.89,-18.22,-138.52,122.04,285.75,-29.29,598.00,2622.93,11.86,12.33,4
1266.910,-7.280587,112.796824,1.94,-17.87,20.90,161.64,-13.71,288.00,-2.45,5512.25,3338.41,11.66,11.47,0
1266.920,-7.280960,112.796958,0.20,-4.93,-11.48,-73.68,61.42,290.25,-27.65,3654.41,2841.75,10.94,11.80,3
1266.930,-7.280327,112.797142,0.02,-31.96,21.86,55.64,-112.63,292.50,-21.56,2213.95,1711.44,11.61,10.13,4
1266.940,-7.280246,112.796790,0.51,12.88,-5.77,98.00,-157.43,294.75,26.33,2030.66,846.68,12.00,12.13,1
1266.950,-7.280837,112.796661,1.30,-21.22,-24.31,137.86,-53.75,297.00,-23.84,4723.45,2362.86,11.25,12.07,4
1266.960,-7.280530,112.797301,0.53,3.52,-12.31,-130.22,105.97,299.25,-34.18,827.77,4177.64,12.34,12.29,1
1266.970,-7.280567,112.797117,3.32,27.92,15.51,156.51,81.19,301.50,24.22,201.84,5573.75,11.93,11.34,1
1266.980,-7.280175,112.796461,3.12,-10.56,35.64,-170.92,-113.79,303.75,24.43,2794.31,4629.49,10.07,11.13,4
1266.990,-7.280428,112.796701,2.31,37.30,-6.82,-172.58,-40.97,306.00,24.59,362.30,5580.73,10.79,12.01,0
1267.000,-7.279876,112.797054,0.66,-12.33,8.55,-69.06,11.08,308.25,-12.82,55.80,325.40,11.53,11.22,1
1267.010,-7.280130,112.797229,1.14,33.85,9.81,76.70,128.54,310.50,17.44,5929.60,2776.95,11.85,10.28,1
1267.020,-7.280114,112.797304,2.90,-19.27,-19.59,136.71,165.45,312.75,15.78,2298.42,4310.90,10.92,10.29,2
1267.030,-7.280096,112.797011,2.97,-11.29,3.57,-34.36,-143.36,315.00,11.72,4310.28,5889.96,12.29,11.02,0
1267.040,-7.280114,112.797338,1.41,-20.10,39.22,-87.37,76.26,317.25,11.40,2557.91,295.26,10.05,10.01,1
1267.050,-7.279395,112.797690,0.21,-7.90,5.24,-29.22,-130.05,319.50,7.99,2670.73,2518.57,11.42,11.90,1
1267.060,-7.280051,112.797815,1.02,-24.03,1.96,-91.25,27.16,321.75,13.85,5809.42,4359.78,12.34,10.96,1
1267.070,-7.279315,112.797704,2.33,-10.02,34.36,-96.92,-61.16,324.00,21.54,3690.23,4647.72,10.28,11.05,1
1267.080,-7.279178,112.797660,0.06,-28.15,-18.93,113.95,-56.80,326.25,-24.48,883.70,3377.84,10.57,12.18,4
1267.090,-7.279068,112.797424,0.29,29.22,9.38,-76.19,-119.71,328.50,-21.12,5112.01,4457.16,12.32,10.51,2
1267.100,-7.279225,112.797712,2.74,18.45,-7.52,177.33,104.22,330.75,-15.22,5844.23,3494.79,12.42,10.96,2
1267.110,-7.279575,112.798028,2.66,23.41,-37.89,179.42,-97.07,333.00,19.72,5295.52,441.66,11.62,10.03,4
1267.120,-7.279163,112.798346,2.15,26.12,6.02,-176.96,-15.47,335.25,1.82,2919.22,1744.47,12.33,10.12,2
1267.130,-7.279424,112.798077,1.20,26.03,-27.25,-108.10,117.95,337.50,-17.43,2765.93,3213.04,11.59,11.99,1
1267.140,-7.279582,112.798448,2.29,1.86,3.18,-25.73,-85.66,339.75,9.46,4041.04,4554.46,11.77,11.83,2
1267.150,-7.278893,112.798333,0.10,29.19,11.30,-5.26,91.60,342.00,22.61,3824.81,4002.12,11.46,11.41,2
1267.160,-7.279377,112.798193,1.11,-17.60,13.12,-38.59,47.36,344.25,12.68,4139.05,662.35,10.89,11.25,3
1267.170,-7.279213,112.798751,2.10,2.67,6.47,-168.23,-31.99,346.50,17.57,4328.68,5926.83,11.70,11.25,2
1267.180,-7.278638,112.798421,1.22,-27.36,14.84,71.88,26.86,348.75,-15.18,1157.44,5534.66,11.13,12.19,2
1267.190,-7.279066,112.798598,1.61,-13.00,34.02,78.93,6.61,351.00,-11.03,5227.72,2666.95,10.64,10.45,1
1267.200,-7.279110,112.798864,2.78,24.82,27.32,144.44,-56.10,353.25,3.64,5462.02,3255.23,12.21,10.20,4
1267.210,-7.278984,112.798807,0.99,-35.29,-36.34,61.56,-90.71,355.50,1.41,4109.09,225.41,11.71,11.00,3
1267.220,-7.279103,112.798734,1.48,-18.03,2.48,86.91,-94.11,357.75,16.72,1495.53,2097.29,10.34,10.86,0
1267.230,-7.280870,112.799281,1.23,18.45,-16.79,-168.72,54.53,0.00,27.72,4279.37,905.96,11.42,10.38,1
1267.240,-7.280663,112.798561,3.44,6.98,20.04,-103.16,11.20,2.25,10.41,1592.02,4288.34,12.58,12.52,3
1267.250,-7.280731,112.799437,0.44,-13.34,-13.07,157.79,-116.86,4.50,-2.71,1554.51,2866.50,10.58,11.53,1
1267.260,-7.280958,112.799445,2.08,-9.25,-34.21,23.76,24.13,6.75,31.57,1284.18,3017.90,11.81,11.19,1
1267.270,-7.280867,112.799349,3.32,-2.10,-39.34,54.62,23.35,9.00,-12.11,4789.67,2021.09,11.63,10.22,1
1267.280,-7.280427,112.799160,2.31,-23.45,-12.77,-93.70,-134.46,11.25,-17.61,4133.69,1998.22,10.13,10.04,4
1267.290,-7.280274,112.799563,2.50,3.95,-27.07,-155.75,86.78,13.50,19.69,5824.74,4383.84,11.48,11.02,3
1267.300,-7.280637,112.799318,2.83,5.34,2.94,-74.25,102.98,15.75,-21.44,3877.76,5204.68,12.20,11.60,3
1267.310,-7.280629,112.798942,3.28,-29.30,-13.59,11.04,70.48,18.00,-10.30,4306.90,844.06,12.08,11.92,3
1267.320,-7.280692,112.799458,0.82,10.57,37.13,14.33,155.31,20.25,-29.82,3181.42,5622.08,10.66,12.13,2
1267.330,-7.280466,112.799121,0.72,22.10,19.46,-53.94,-50.00,22.50,13.82,1905.23,15.46,12.14,10.02,0
1267.340,-7.280669,112.799613,1.79,35.38,-8.68,80.14,-154.59,24.75,2.66,4168.83,2121.54,12.17,11.75,2
1267.350,-7.280726,112.799120,1.93,-16.50,-37.07,-169.33,22.18,27.00,26.32,3868.75,1270.78,11.98,12.26,0
1267.360,-7.280796,112.799789,2.80,20.82,-6.62,132.89,-94.40,29.25,-1.23,703.67,2196.20,10.44,10.62,2
1267.370,-7.280882,112.799582,1.47,18.96,-25.22,54.94,178.34,31.50,22.32,315.38,2277.69,10.67,11.98,2
1267.380,-7.280390,112.800037,2.47,23.30,28.89,-166.75,-143.65,33.75,-28.22,1917.83,3258.76,10.21,12.03,0
1267.390,-7.280142,112.799376,3.49,-31.30,-4.71,-23.84,-159.07,36.00,-8.06,5279.32,302.91,10.76,12.00,4
1267.400,-7.280652,112.799797,0.77,28.26,-29.14,-134.03,108.22,38.25,-0.62,5092.57,2098.19,10.78,10.03,1
1267.410,-7.280911,112.799233,1.13,-14.83,39.98,-85.66,63.43,40.50,-13.73,2793.09,2115.09,11.65,11.45,1
1267.420,-7.280494,112.799792,1.93,-0.27,27.06,94.54,-132.30,42.75,-13.12,2214.64,87.50,12.45,12.16,1
1267.430,-7.280838,112.799759,2.94,-39.32,18.96,29.99,-129.50,45.00,-18.51,2888.16,2165.82,10.05,12.44,0
1267.440,-7.280319,112.799479,2.29,-23.71,-13.55,-32.11,0.94,47.25,6.78,4036.78,5440.06,11.86,12.53,3
1267.450,-7.281008,112.799389,2.15,7.54,-29.12,-59.46,81.70,49.50,-28.84,4051.26,59.86,10.76,11.17,0
1267.460,-7.280819,112.799552,1.76,36.87,35.90,175.10,85.62,51.75,6.76,5180.76,2033.43,10.22,11.96,3
1267.470,-7.280771,112.800340,3.38,-1.82,-18.89,-30.21,116.89,54.00,-8.49,325.31,2535.69,11.94,10.56,1
1267.480,-7.280463,112.800066,3.12,21.53,-19.54,-84.07,81.91,56.25,-20.37,3773.86,1228.91,12.54,12.28,1
1267.490,-7.280900,112.799904,0.21,-20.01,28.12,167.51,1.62,58.50,-9.97,2494.57,2810.93,10.27,11.09,2
1267.500,-7.280935,112.799574,0.26,-38.55,-32.70,9.46,-169.65,60.75,16.10,4284.88,1534.27,12.50,12.57,1
1267.510,-7.280623,112.799577,1.18,0.20,-39.53,32.48,-148.98,63.00,-24.37,1021.33,4102.24,11.58,10.66,4
1267.520,-7.280899,112.800426,2.94,24.92,-6.60,-139.49,-20.56,65.25,-29.45,4249.04,3434.86,11.53,10.16,3
1267.530,-7.280976,112.799844,2.26,-14.45,-30.09,-93.54,51.24,67.50,-18.60,3874.89,3472.29,11.37,12.25,1
1267.540,-7.281055,112.800302,2.95,36.11,39.07,-105.94,-165.76,69.75,-10.66,1194.65,1441.90,12.46,10.71,4
1267.550,-7.280789,112.800205,1.74,23.42,2.47,-83.25,172.16,72.00,-20.61,2000.31,785.49,10.60,11.97,4
1267.560,-7.280900,112.799943,2.28,2.80,-26.07,-42.76,171.71,74.25,28.84,3112.89,1778.00,12.56,12.13,0
1267.570,-7.281511,112.800149,0.63,1.32,34.49,134.11,134.00,76.50,31.39,898.57,3010.58,12.04,11.52,0
1267.580,-7.281461,112.800444,2.10,3.72,-37.44,76.98,58.84,78.75,-22.12,603.77,2033.73,11.59,11.56,2
1267.590,-7.281236,112.800451,3.16,-33.89,1.99,-75.26,-160.27,81.00,27.86,1495.93,2529.84,10.62,11.12,1
1267.600,-7.281489,112.800327,0.73,16.00,1.80,130.35,22.45,83.25,0.11,5333.77,3928.51,10.75,11.99,0
1267.610,-7.281858,112.800666,1.21,33.31,7.55,41.88,-42.91,85.50,21.70,5020.66,1404.92,11.61,10.48,2
1267.620,-7.281564,112.800204,0.33,29.48,-37.44,78.36,19.87,87.75,-24.78,223.53,523.73,12.54,10.39,2
1267.630,-7.281010,112.800084,1.37,-18.03,11.39,39.09,153.92,90.00,17.72,5199.78,5663.42,11.09,12.22,0
1267.640,-7.281197,112.800102,0.74,-16.69,-34.81,138.41,-166.97,92.25,-34.72,560.98,230.24,11.64,10.84,4
1267.650,-7.281529,112.800190,3.10,33.72,2.45,5.12,139.87,94.50,24.54,2097.68,1843.96,11.86,10.23,0
1267.660,-7.281882,112.800293,2.72,-28.43,19.43,36.96,141.06,96.75,11.73,3666.30,3547.50,11.78,10.27,1
1267.670,-7.281286,112.800466,2.60,17.71,17.65,-26.18,-13.94,99.00,-12.64,2567.83,1601.80,10.39,11.67,0
1267.680,-7.281811,112.800789,3.17,-9.29,-36.37,-58.82,51.61,101.25,-21.61,5535.52,4894.50,11.34,10.61,0
1267.690,-7.282121,112.800752,0.17,-5.41,-23.16,42.39,-18.30,103.50,-22.58,5460.50,5632.90,11.41,11.00,3
1267.700,-7.281660,112.800182,2.97,-7.96,14.64,-165.26,25.24,105.75,-22.06,5239.42,2637.41,11.17,10.71,1
1267.710,-7.282452,112.800349,0.52,-15.20,-31.75,22.63,90.06,108.00,-22.13,4327.13,878.53,11.78,12.09,0
1267.720,-7.281671,112.800307,2.90,-7.38,-6.45,-5.47,-177.68,110.25,27.18,4480.44,2242.30,11.68,10.01,4
1267.730,-7.282383,112.800016,0.39,-0.65,-17.72,-99.62,-63.56,112.50,2.57,4865.47,2357.84,12.00,10.43,3
1267.740,-7.281888,112.800721,2.31,-24.36,-34.01,-77.47,141.69,114.75,-33.79,2540.11,5771.03,10.49,12.12,2
1267.750,-7.282021,112.800001,1.80,21.27,17.51,34.33,-170.94,117.00,5.26,1276.93,294.83,10.33,11.70,2
1267.760,-7.282687,112.800692,0.58,-31.60,0.88,136.43,-67.06,119.25,28.71,5834.58,490.07,10.61,10.31,4
1267.770,-7.282584,112.800187,1.16,33.10,-38.76,70.67,23.29,121.50,31.81,1396.16,4073.04,12.53,10.86,1
1267.780,-7.282635,112.800253,3.26,-23.08,31.92,172.40,109.01,123.75,12.16,3011.78,4831.06,11.66,11.03,2
1267.790,-7.282039,112.799862,0.49,-1.20,6.46,83.53,-139.81,126.00,-22.93,1092.51,2545.06,12.45,10.34,1
1267.800,-7.282140,112.800270,0.91,8.50,-10.66,3.38,-110.10,128.25,12.96,4157.65,2588.09,11.25,10.48,2
1267.810,-7.282316,112.800265,2.04,30.75,-4.40,-156.60,-144.16,130.50,23.71,68.60,5930.04,11.05,12.50,4
1267.820,-7.282435,112.800467,0.53,38.81,8.36,-170.21,-60.51,132.75,-13.08,4347.61,2552.26,11.00,10.98,3
1267.830,-7.282625,112.800230,1.47,31.93,4.54,-130.18,-79.76,135.00,-23.62,1833.53,2977.15,10.83,10.18,0
1267.840,-7.282756,112.800009,2.88,-2.90,-14.77,43.73,15.77,137.25,24.16,453.37,3930.89,10.48,10.03,1
1267.850,-7.282996,112.799858,0.85,3.21,-22.48,44.11,61.75,139.50,-3.30,5796.80,5177.32,12.11,10.06,2
1267.860,-7.283154,112.800149,1.14,-25.16,-5.13,-83.53,-54.86,141.75,-21.86,5134.68,4634.51,10.15,10.21,1
1267.870,-7.282955,112.800029,1.34,-8.21,0.03,-137.43,43.11,144.00,-20.98,75.48,628.02,11.00,11.42,0
1267.880,-7.283348,112.799859,0.42,0.02,22.81,-164.16,8.39,146.25,18.81,2953.42,5128.93,12.48,12.10,1
1267.890,-7.283265,112.799659,2.05,-23.54,20.90,-63.45,-171.20,148.50,-13.30,3803.54,5506.08,10.77,10.68,3
1267.900,-7.283232,112.799875,2.62,-22.77,5.33,-59.38,37.34,150.75,27.36,1178.87,5358.47,12.24,10.12,3
1267.910,-7.282548,112.799859,0.51,-1.83,35.79,-27.44,72.37,153.00,13.67,1472.16,2928.34,12.18,11.40,3
1267.920,-7.283495,112.799748,0.31,-0.86,7.73,140.87,51.72,155.25,-8.90,5011.92,3453.15,10.13,11.98,2
1267.930,-7.282771,112.800020,2.58,-22.54,21.73,-58.34,134.60,157.50,-0.45,271.50,3823.63,11.34,11.99,2
1267.940,-7.282870,112.799438,0.00,-14.42,35.67,-113.05,21.15,159.75,-6.91,4337.85,2350.29,11.33,12.11,0
1267.950,-7.282698,112.799912,2.86,-30.40,-8.07,-43.57,125.01,162.00,-5.17,3512.95,1393.06,10.27,11.19,2
1267.960,-7.282957,112.798874,1.23,25.21,39.21,2.58,148.82,164.25,-16.59,2578.52,4637.11,12.22,12.19,1
1267.970,-7.283669,112.799502,1.97,-16.98,16.74,-156.77,32.20,166.50,5.74,4407.95,3447.31,12.02,11.86,4
1267.980,-7.283183,112.798797,2.51,13.86,-31.68,100.15,44.34,168.75,1.41,2194.76,655.13,11.62,11.12,2
1267.990,-7.282774,112.799099,2.33,34.07,4.66,155.60,-28.97,171.00,2.35,551.83,2110.66,10.31,12.22,0
1268.000,-7.283761,112.799392,1.98,34.69,-23.94,31.62,126.68,173.25,2.55,5754.73,1811.54,11.17,10.97,1
1268.010,-7.283342,112.798969,1.88,-16.63,-38.99,-64.71,-1.79,175.50,31.89,1505.22,3873.70,12.44,11.82,2
1268.020,-7.283481,112.799309,0.46,26.42,-39.53,-137.97,-54.63,177.75,23.24,1378.76,5193.54,11.94,10.86,0
1268.030,-7.283419,112.799371,3.13,-31.69,-38.59,-112.98,149.17,180.00,-29.48,5749.40,1051.63,10.68,10.71,1
1268.040,-7.283360,112.798607,2.75,-29.37,3.09,36.30,-65.67,182.25,1.21,5849.45,5948.45,12.39,11.07,3
1268.050,-7.283037,112.799201,3.46,36.60,-35.63,83.99,85.61,184.50,-2.20,4329.06,5707.14,11.42,10.52,4
1268.060,-7.283688,112.798829,2.08,6.28,0.71,61.35,63.06,186.75,-13.80,3677.77,5955.64,12.02,10.34,4
1268.070,-7.283728,112.798650,1.15,-1.73,-14.48,-93.00,166.81,189.00,-1.38,3609.78,1923.82,11.48,11.41,3
1268.080,-7.282917,112.798530,0.27,38.26,-24.17,-43.19,171.03,191.25,25.92,1508.78,2411.56,12.41,12.59,2
1268.090,-7.283136,112.798779,0.92,-23.13,7.09,179.31,41.79,193.50,-23.85,2614.74,1029.40,11.50,11.37,3
1268.100,-7.283289,112.798536,2.14,18.65,9.12,129.69,-116.99,195.75,-31.57,2020.26,3337.56,12.03,12.46,0
1268.110,-7.283715,112.798594,2.30,-23.05,19.55,73.47,-0.49,198.00,16.78,4770.11,3830.52,11.45,12.40,4
1268.120,-7.283411,112.798591,3.25,15.45,-36.60,-41.89,6.94,200.25,6.33,4114.52,5170.43,12.27,11.88,2
1268.130,-7.283128,112.798162,0.11,35.80,23.66,0.30,-42.58,202.50,-26.07,642.89,1625.67,10.87,10.43,3
1268.140,-7.283573,112.798139,1.24,-21.76,12.25,-47.13,-125.60,204.75,-14.91,2573.56,4016.00,12.34,11.44,0
1268.150,-7.282746,112.798439,0.82,36.69,17.02,-79.96,-96.48,207.00,-32.98,5302.97,5939.39,12.52,10.27,3
1268.160,-7.282745,112.798339,0.63,7.22,3.17,-134.85,74.35,209.25,9.14,5615.16,4232.61,11.11,11.92,3
1268.170,-7.283098,112.797644,1.98,-33.73,-25.07,99.40,99.76,211.50,-12.77,506.41,3433.05,11.03,10.48,1
1268.180,-7.283327,112.797644,1.81,-29.10,-38.09,-15.60,-106.72,213.75,19.26,537.16,1811.96,12.14,10.10,3
1268.190,-7.282619,112.797618,2.97,-26.98,19.27,-15.91,8.21,216.00,13.64,2826.80,2928.71,10.73,10.86,1
1268.200,-7.283431,112.797627,0.03,-7.33,-16.06,-171.79,60.15,218.25,28.73,817.91,4768.58,11.49,11.14,3
1268.210,-7.283283,112.797405,0.07,13.09,-12.78,53.86,52.20,220.50,1.79,5116.81,3891.02,11.41,10.86,4
1268.220,-7.282920,112.797334,1.24,-31.65,-37.71,-162.38,168.33,222.75,16.78,2213.16,1177.52,11.76,11.80,3
1268.230,-7.282857,112.797662,2.88,4.09,14.67,138.50,147.97,225.00,34.83,883.56,5610.67,12.17,11.78,4
1268.240,-7.282877,112.797028,1.71,24.94,3.24,-105.83,75.52,227.25,9.84,5650.17,5153.22,11.66,11.50,0
1268.250,-7.282611,112.797148,0.81,-0.94,26.36,-46.86,90.64,229.50,34.46,3676.32,589.13,11.84,11.45,2
1268.260,-7.283004,112.796884,3.48,12.75,-35.18,-60.20,152.20,231.75,-32.88,857.23,3239.95,10.22,12.32,4
1268.270,-7.283126,112.796839,2.40,-36.29,5.88,-130.84,-166.19,234.00,-3.78,3970.68,2907.26,12.12,10.60,1
1268.280,-7.283086,112.797125,1.00,34.19,19.78,-84.20,-108.67,236.25,4.73,1883.77,3678.49,10.33,10.83,0
1268.290,-7.282150,112.797455,0.52,-13.58,-16.18,29.90,-66.87,238.50,-18.05,5741.56,4663.06,10.96,11.97,4
1268.300,-7.282410,112.796596,0.63,-31.79,-35.40,30.81,-98.14,240.75,4.61,2583.77,1629.97,11.92,12.58,4
1268.310,-7.282074,112.796863,1.55,-10.84,28.29,87.55,2.06,243.00,-17.57,4243.55,3211.81,10.14,11.63,2
1268.320,-7.282844,112.797369,2.06,37.24,-3.37,-5.28,-4.62,245.25,17.34,4019.53,2689.57,11.68,11.67,1
1268.330,-7.282654,112.797308,0.37,28.76,-39.36,131.92,145.26,247.50,-6.80,5401.22,3566.80,10.86,10.80,2
1268.340,-7.282415,112.797164,3.28,29.40,-33.35,122.50,-100.30,249.75,14.46,370.79,5737.10,10.16,12.31,2
1268.350,-7.282316,112.797011,1.05,-6.88,-7.78,-57.08,-144.54,252.00,-26.58,2847.61,2154.75,10.98,10.86,3
1268.360,-7.282297,112.796498,2.97,15.03,-18.25,-140.60,-135.35,254.25,14.73,4800.43,4952.92,11.45,10.85,4
1268.370,-7.281536,112.797065,2.82,21.97,30.13,147.27,120.85,256.50,-18.90,1177.91,3487.63,10.74,10.03,1
1268.380,-7.281978,112.796541,0.59,-8.37,-14.97,-59.39,-151.13,258.75,-8.19,539.47,4466.64,11.72,11.88,1
1268.390,-7.281415,112.796391,2.63,-13.32,-9.84,-119.73,55.82,261.00,-9.04,555.93,4546.48,12.36,12.52,4
1268.400,-7.281320,112.796309,1.75,-19.07,16.92,29.51,91.58,263.25,3.80,388.20,3748.38,12.28,11.75,1
1268.410,-7.281657,112.797044,2.35,26.46,-1.73,-21.19,153.13,265.50,19.41,1204.35,3683.55,11.92,11.68,3
1268.420,-7.281493,112.797066,0.70,25.47,-6.41,-135.28,-98.55,267.75,-13.52,935.72,72.22,10.94,10.35,2
1268.430,-7.281363,112.796196,1.91,34.39,29.57,83.39,-164.61,270.00,32.97,2739.50,1464.23,12.31,10.48,2
1268.440,-7.280974,112.796519,1.86,-16.38,15.12,129.12,133.65,272.25,20.67,3983.36,1082.76,12.45,11.88,0
1268.450,-7.280949,112.797120,0.27,-25.28,-3.06,72.06,15.74,274.50,-17.22,4621.79,611.72,10.32,10.35,2
1268.460,-7.281684,112.796610,0.78,-25.39,28.61,-162.67,-179.08,276.75,32.66,4839.90,5783.11,10.10,11.99,4
1268.470,-7.280771,112.796546,2.93,-6.73,-36.02,29.25,21.25,279.00,-14.33,545.04,2634.16,11.65,11.10,4
1268.480,-7.280863,112.796351,2.83,21.58,16.67,-20.90,-98.46,281.25,7.40,3906.53,183.91,10.35,10.54,1
1268.490,-7.280834,112.796416,3.22,-20.52,30.38,-58.81,56.24,283.50,-28.33,4359.43,4000.65,12.00,10.65,3
1268.500,-7.281161,112.796301,0.60,34.88,6.72,46.24,-108.85,285.75,-17.73,4211.31,2820.53,10.39,11.23,0
1268.510,-7.280498,112.797036,1.20,-8.04,31.04,-47.97,54.56,288.00,-10.66,4342.50,4705.79,12.15,10.78,2
1268.520,-7.281172,112.796528,1.08,-21.26,29.03,-162.96,120.34,290.25,31.85,4315.21,2026.57,11.93,10.24,1
1268.530,-7.281087,112.796595,1.08,9.03,1.61,121.35,46.82,292.50,-13.50,5929.37,3086.30,10.39,11.35,2
1268.540,-7.280774,112.796670,1.18,-37.24,36.11,100.61,-80.67,294.75,-10.68,3821.36,5570.61,10.05,12.59,0
1268.550,-7.280488,112.796374,3.07,21.04,-25.77,-30.76,-91.77,297.00,11.40,2674.04,1989.46,10.19,10.22,4
1268.560,-7.280104,112.797128,2.82,-4.26,-16.41,-1.41,-128.12,299.25,23.52,4912.11,5245.13,11.15,10.07,2
1268.570,-7.280047,112.797071,2.85,22.05,15.26,-146.22,124.58,301.50,-15.14,1457.37,1016.25,10.51,12.00,3
1268.580,-7.279813,112.796485,2.95,-31.23,-19.45,6.07,22.50,303.75,3.43,4602.73,3625.93,10.31,11.73,4
1268.590,-7.280145,112.796606,1.92,-21.24,29.47,-136.42,150.53,306.00,-17.83,4567.42,2875.94,11.84,12.07,3
1268.600,-7.280178,112.796996,0.02,-36.79,-18.09,-105.05,-106.69,308.25,-32.13,2076.26,606.76,11.63,10.13,0
1268.610,-7.279642,112.796879,0.09,29.15,18.13,78.09,-111.51,310.50,-31.34,405.81,3503.68,11.13,11.11,3
1268.620,-7.280329,112.797569,3.41,-21.09,-19.43,101.80,-14.30,312.75,0.60,5457.00,1720.64,10.61,10.72,2
1268.630,-7.279854,112.797258,1.38,34.77,-22.49,30.50,-20.18,315.00,26.57,102.83,2880.52,10.63,11.45,1
1268.640,-7.279594,112.797495,0.42,10.46,36.57,33.14,-80.73,317.25,-17.65,439.54,46.24,11.74,12.49,4
1268.650,-7.280031,112.797098,1.93,20.91,-25.32,163.69,-135.44,319.50,-30.52,459.67,786.12,12.37,10.70,1
1268.660,-7.279255,112.797454,3.41,-27.96,5.82,105.98,-135.55,321.75,26.06,4386.39,927.30,10.24,11.27,0
1268.670,-7.279698,112.797531,3.44,1.19,21.99,-93.39,109.36,324.00,28.06,5078.51,3475.04,12.38,11.78,1
1268.680,-7.279535,112.797200,1.91,-16.72,22.05,-91.89,1.97,326.25,7.38,4176.81,1790.96,10.14,10.33,2
1268.690,-7.279683,112.797729,2.29,6.56,37.85,71.84,2.82,328.50,-34.81,3954.93,135.11,12.14,12.31,1
1268.700,-7.279201,112.797253,1.73,-7.20,5.23,-44.23,89.35,330.75,31.40,5836.79,5492.55,10.94,11.41,4
1268.710,-7.279405,112.797574,2.24,-7.55,-18.14,-23.08,-2.11,333.00,28.52,411.31,1609.30,10.29,10.36,1
1268.720,-7.278988,112.798193,2.30,35.64,23.25,-168.58,89.88,335.25,-26.08,2420.45,5091.85,12.12,12.37,3
1268.730,-7.279086,112.797734,1.24,-25.05,-0.24,-26.00,106.22,337.50,11.85,5299.95,2982.26,10.36,11.85,0
1268.740,-7.279302,112.797738,1.25,26.51,12.37,61.08,-164.42,339.75,-11.47,641.94,4537.89,11.35,11.23,2
1268.750,-7.278935,112.797747,2.59,27.72,10.35,98.29,-142.21,342.00,-13.65,5807.10,3570.89,11.02,12.34,1
1268.760,-7.278949,112.798383,3.16,9.26,-21.25,6.92,19.25,344.25,-3.01,1472.72,967.14,12.08,10.36,3
1268.770,-7.278915,112.798367,3.40,34.61,-36.90,-77.28,171.46,346.50,-28.47,750.69,4498.15,12.25,10.02,2
1268.780,-7.278936,112.798204,2.38,-1.47,17.74,114.57,75.49,348.75,25.60,3796.02,2112.61,11.63,11.21,0
1268.790,-7.278829,112.798281,0.39,-38.83,29.27,50.01,-130.60,351.00,-17.26,2653.25,568.08,11.05,10.70,2
1268.800,-7.278562,112.798742,1.90,-23.82,8.56,15.68,39.17,353.25,-6.68,3995.96,4246.95,12.35,10.92,1
1268.810,-7.278904,112.798437,1.29,39.88,-16.83,-85.51,-105.82,355.50,-8.82,327.25,5593.84,11.39,10.76,2
1268.820,-7.278485,112.799121,0.99,-32.46,-31.23,159.34,121.11,357.75,12.83,5256.10,3210.42,10.50,10.97,3
1268.830,-7.280501,112.798991,1.12,-4.30,-0.72,-74.77,-73.55,0.00,19.90,3965.18,5002.78,10.53,10.54,0
1268.840,-7.280498,112.799351,0.67,-21.51,-30.19,118.96,-109.80,2.25,28.52,5892.92,434.28,11.12,10.59,3
1268.850,-7.280576,112.798607,2.43,18.95,32.88,-18.79,-111.28,4.50,-4.25,3282.22,79.76,10.56,11.16,0
1268.860,-7.280477,112.799302,2.06,-6.39,5.71,145.27,-29.52,6.75,33.11,3096.76,3658.87,12.38,10.27,1
1268.870,-7.280874,112.799098,3.13,7.77,13.98,142.46,43.40,9.00,20.59,5609.69,560.74,12.51,11.79,1
1268.880,-7.280008,112.798853,1.35,39.56,-26.95,-96.00,52.20,11.25,-9.25,3936.92,474.31,10.43,10.92,2
1268.890,-7.280076,112.798935,3.23,-7.25,-34.44,-100.28,148.66,13.50,-33.24,4184.94,1587.57,12.38,11.96,1
1268.900,-7.280453,112.799626,1.91,33.90,-8.42,155.32,-57.29,15.75,-19.68,110.41,3463.57,10.71,10.21,3
1268.910,-7.280176,112.799034,1.35,10.70,3.22,89.91,171.27,18.00,34.18,2315.67,4367.67,10.79,11.53,3
1268.920,-7.280524,112.799044,3.39,36.56,19.58,31.22,42.45,20.25,4.72,5440.10,2382.75,10.49,11.15,2
1268.930,-7.280320,112.799526,1.35,30.72,-36.57,70.09,137.60,22.50,-23.67,4900.07,5053.50,10.44,11.80,0
1268.940,-7.280335,112.799273,2.39,-12.92,31.94,-110.10,-5.67,24.75,-16.23,4970.18,5101.46,10.74,12.23,3
1268.950,-7.280567,112.799764,0.82,-23.54,-3.32,-81.91,-78.22,27.00,25.59,1282.29,5938.37,11.26,11.40,1
1268.960,-7.280105,112.799948,0.14,2.73,-5.47,66.65,15.87,29.25,7.80,4906.27,3391.44,10.01,10.78,4
1268.970,-7.280243,112.799961,0.18,22.62,26.62,-10.21,-56.39,31.50,11.28,1353.58,2716.76,11.07,10.09,2
1268.980,-7.280619,112.799876,0.63,2.09,-12.80,111.31,21.98,33.75,-0.02,5100.75,4923.16,10.67,10.39,0
1268.990,-7.280650,112.799457,3.31,14.54,-28.23,-135.76,-116.77,36.00,7.73,1082.54,5700.11,11.24,10.72,0
1269.000,-7.280370,112.799741,0.81,10.95,4.93,-177.04,-62.28,38.25,2.12,1865.50,3527.58,11.27,10.71,2
1269.010,-7.280232,112.799512,2.99,-16.50,-1.98,-144.95,68.70,40.50,13.54,5966.05,5819.63,10.54,11.32,3
1269.020,-7.280285,112.799770,1.64,-9.67,-19.06,-142.14,-14.24,42.75,-20.57,2349.90,1056.18,10.64,12.21,3
1269.030,-7.280597,112.800026,1.98,23.98,11.52,-50.10,25.89,45.00,5.68,1316.11,1586.31,12.19,12.48,0
1269.040,-7.280424,112.799630,3.04,6.88,-30.21,103.14,-144.86,47.25,8.65,462.89,2908.64,10.12,10.21,4
1269.050,-7.280472,112.799602,3.29,0.37,-27.43,-67.85,136.87,49.50,30.73,134.79,5492.38,10.88,12.19,3
1269.060,-7.280235,112.799817,1.00,9.06,-24.00,67.74,-26.91,51.75,33.99,3087.52,4089.52,10.57,12.22,1
1269.070,-7.280713,112.799492,1.97,21.49,33.00,94.64,-147.27,54.00,-2.10,5792.16,5388.24,11.72,12.16,1
1269.080,-7.280679,112.799826,0.52,-29.69,-18.91,-153.77,93.74,56.25,-28.79,782.44,244.31,12.27,12.17,4
1269.090,-7.280698,112.800038,0.40,24.23,2.40,78.52,-10.31,58.50,-12.03,2049.21,1157.21,10.17,10.22,4
1269.100,-7.280571,112.799887,2.14,29.42,23.57,1.96,22.81,60.75,17.32,5099.57,3874.88,10.93,10.07,0
1269.110,-7.280420,112.800016,1.91,24.57,-4.71,-8.75,98.53,63.00,20.29,5472.67,3270.05,10.16,10.37,4
1269.120,-7.280764,112.799822,2.79,-23.80,28.40,141.29,-101.57,65.25,34.86,4789.50,5753.17,12.20,12.11,3
1269.130,-7.281391,112.799732,0.50,-38.67,-39.02,-96.60,30.94,67.50,4.48,1463.21,2135.86,11.92,12.51,0
1269.140,-7.281486,112.800252,2.82,-17.97,-37.24,139.80,-80.53,69.75,6.29,2721.40,2320.98,10.24,10.83,3
1269.150,-7.280824,112.799897,3.01,-22.20,22.55,70.18,-134.90,72.00,-1.77,5492.48,856.74,11.33,11.47,1
1269.160,-7.281377,112.800437,0.51,28.20,-7.21,-174.80,10.57,74.25,10.15,4540.97,3586.25,12.20,12.29,3
1269.170,-7.281567,112.800596,2.01,24.26,31.59,156.59,138.35,76.50,14.67,228.60,5644.47,12.31,11.59,3
1269.180,-7.281077,112.800526,0.99,30.41,-3.58,-130.39,101.25,78.75,4.42,611.04,3733.90,10.14,12.32,4
1269.190,-7.281649,112.799933,1.04,-19.91,-18.64,-66.69,161.89,81.00,32.71,456.80,4166.73,10.48,11.98,4
1269.200,-7.281084,112.799865,0.39,-11.55,29.44,-77.35,-88.35,83.25,22.79,3358.43,4025.41,11.42,11.83,2
1269.210,-7.281669,112.800244,1.72,-0.94,35.52,-143.81,161.46,85.50,17.91,381.80,5976.50,10.78,11.95,4
1269.220,-7.280993,112.800141,2.22,15.55,11.88,70.25,-68.69,87.75,-28.51,2461.11,3049.36,10.31,10.91,2
1269.230,-7.281176,112.800511,2.80,-16.70,-31.47,51.89,-82.32,90.00,-21.54,475.26,2196.77,11.19,10.93,1
1269.240,-7.281813,112.800019,0.59,30.60,1.89,-147.53,13.71,92.25,26.46,3943.62,3384.69,11.38,10.33,3
1269.250,-7.281803,112.800695,2.21,30.58,24.40,-126.96,-44.75,94.50,-23.34,393.43,3276.35,10.29,11.97,1
1269.260,-7.282030,112.800235,1.70,-17.27,5.13,-40.97,76.27,96.75,-15.72,3709.59,3312.08,10.22,10.26,4
1269.270,-7.281731,112.799988,0.22,-18.65,-0.01,163.56,-10.35,99.00,-23.10,4753.84,2408.52,11.44,10.59,4
1269.280,-7.281633,112.800633,0.05,-39.22,23.54,-57.84,-123.10,101.25,0.76,1317.94,1496.33,11.25,11.73,0
1269.290,-7.281837,112.800235,3.40,6.97,7.17,132.92,172.77,103.50,-23.27,45.34,1397.94,11.24,10.51,2
1269.300,-7.281467,112.800571,3.30,36.31,33.40,-49.38,-43.01,105.75,-5.62,4816.73,2620.68,12.52,11.88,4
1269.310,-7.281576,112.799888,1.50,-22.15,-19.20,-113.62,16.85,108.00,10.30,2197.85,4168.94,10.17,10.98,0
1269.320,-7.281929,112.800269,1.14,-26.48,-30.51,101.74,135.46,110.25,20.46,4120.75,391.97,10.82,11.25,0
1269.330,-7.282466,112.799824,2.89,-15.44,21.75,137.79,5.78,112.50,25.09,5612.17,203.08,11.21,11.64,1
1269.340,-7.282164,112.800433,3.06,11.14,36.62,155.69,-128.73,114.75,-31.45,796.11,3495.18,10.96,10.47,2
1269.350,-7.282684,112.800564,2.35,-4.58,32.26,155.60,-28.17,117.00,24.55,341.97,5887.23,12.36,11.92,4
1269.360,-7.281879,112.800509,0.12,-37.56,-27.38,-114.65,167.57,119.25,20.55,4724.54,5171.46,11.62,12.41,1
1269.370,-7.281926,112.800183,3.00,36.48,-13.76,-62.37,-41.15,121.50,-6.25,2417.31,4928.60,10.64,12.08,0
1269.380,-7.282495,112.800039,1.93,-21.89,25.45,-147.45,103.33,123.75,22.82,3143.64,4676.87,10.46,11.98,0
1269.390,-7.282757,112.800608,0.18,-37.97,2.08,151.12,158.75,126.00,8.47,3421.92,5221.07,10.95,12.52,4
1269.400,-7.282037,112.800085,2.21,-24.00,4.00,-124.88,98.60,128.25,20.16,2120.95,4603.37,12.34,10.45,2
1269.410,-7.282344,112.800098,3.41,-29.58,-35.84,92.31,172.08,130.50,-27.54,388.04,2103.90,10.49,12.31,3
1269.420,-7.282851,112.799812,0.52,19.03,-38.61,-158.49,-129.35,132.75,30.78,4057.74,5344.10,11.63,10.79,1
1269.430,-7.282166,112.800270,2.73,15.47,27.70,-72.34,-12.65,135.00,-16.75,4214.55,4918.06,10.75,10.98,0
1269.440,-7.282802,112.799987,3.07,-30.27,-4.13,-59.95,-87.06,137.25,2.92,175.87,2569.65,11.51,12.21,1
1269.450,-7.282384,112.800087,2.44,4.10,-30.48,-147.05,147.92,139.50,2.88,5827.23,5876.59,10.42,10.48,1
1269.460,-7.283083,112.799636,3.31,30.89,29.22,6.40,148.59,141.75,-20.53,1615.04,2859.09,10.21,10.28,4
1269.470,-7.282516,112.800276,1.12,33.93,17.28,132.96,-134.49,144.00,-14.38,2964.21,3600.05,10.85,11.78,2
1269.480,-7.282460,112.799928,2.66,15.86,29.48,-113.89,-5.07,146.25,18.76,258.35,444.08,11.42,12.08,1
1269.490,-7.282581,112.799598,2.28,-37.32,0.43,161.46,-77.22,148.50,27.31,341.67,2047.36,11.23,11.59,1
1269.500,-7.283324,112.799868,0.26,-7.48,-6.47,-143.84,-49.15,150.75,12.32,643.78,3878.83,11.47,12.05,3
1269.510,-7.282533,112.799217,3.03,1.05,-19.24,38.96,122.29,153.00,-27.63,3760.77,411.17,12.43,10.55,3
1269.520,-7.282733,112.799912,1.82,-39.50,14.43,11.59,91.23,155.25,10.48,755.61,3621.73,10.30,11.97,3
1269.530,-7.283134,112.799064,1.99,35.91,-5.88,-59.96,-165.69,157.50,-22.55,739.95,4686.45,11.19,10.49,3
1269.540,-7.282901,112.799013,3.41,35.31,-37.47,166.44,118.35,159.75,25.52,4610.04,4301.39,10.14,10.22,4
1269.550,-7.283179,112.799258,2.20,3.75,-10.38,-152.37,93.99,162.00,17.95,1282.81,4311.15,10.92,11.96,2
1269.560,-7.283488,112.799620,0.05,-25.41,9.45,-143.41,-45.46,164.25,24.23,656.92,632.96,10.35,12.04,1
1269.570,-7.283668,112.799249,0.83,38.16,35.62,-94.50,111.94,166.50,-19.59,1090.81,3987.07,12.21,10.54,1
1269.580,-7.283250,112.799365,0.73,-6.61,-30.50,-33.46,139.53,168.75,16.11,2861.04,4117.66,10.46,11.30,0
1269.590,-7.283086,112.799495,2.82,3.17,-15.74,166.10,16.84,171.00,-32.09,4205.88,5621.58,11.17,12.36,4
1269.600,-7.282887,112.799222,0.44,13.11,38.57,149.92,11.09,173.25,-17.75,1684.08,2755.60,12.48,10.51,1
1269.610,-7.283308,112.799164,2.18,17.71,-2.65,63.70,164.80,175.50,-18.88,2282.42,752.13,11.84,10.96,3
1269.620,-7.283675,112.798969,1.04,-14.13,2.72,-44.73,-66.68,177.75,3.04,450.41,2180.85,11.25,11.81,4
1269.630,-7.283398,112.798803,2.14,-36.37,-31.59,-47.89,-51.67,180.00,-21.50,2884.28,3534.81,11.75,11.49,0
1269.640,-7.283244,112.798545,1.85,32.73,-3.54,-94.96,-145.56,182.25,-34.03,711.51,2082.02,11.62,12.24,4
1269.650,-7.283277,112.798494,2.67,-5.56,-18.95,81.76,-15.56,184.50,-3.70,800.51,2061.33,11.83,10.81,3
1269.660,-7.283147,112.798995,0.28,-4.64,13.22,168.39,83.19,186.75,-11.54,4798.63,5021.49,10.69,10.42,2
1269.670,-7.283349,112.798541,2.45,-4.58,19.71,160.19,-85.46,189.00,-13.10,943.56,240.58,11.70,11.19,4
1269.680,-7.283206,112.798059,3.39,-32.44,-9.03,167.62,40.37,191.25,-30.11,4764.36,4418.62,11.65,10.07,2
1269.690,-7.282819,112.798746,1.73,-1.82,18.90,-53.36,90.62,193.50,29.70,4851.62,4065.44,10.93,12.04,1
1269.700,-7.283453,112.798864,3.33,39.79,-26.40,53.15,6.73,195.75,-11.86,1368.29,4196.47,11.24,10.08,0
1269.710,-7.283646,112.797868,1.05,-24.23,37.12,160.56,-179.79,198.00,-17.27,256.39,2100.16,11.62,12.31,0
1269.720,-7.283677,112.798368,1.19,-29.17,-7.16,44.04,82.72,200.25,-5.06,5308.39,3605.28,10.10,10.10,1
1269.730,-7.283739,112.797863,0.76,-34.48,9.33,-106.02,155.98,202.50,-1.06,2271.63,5140.33,10.59,10.80,1
1269.740,-7.283578,112.798416,3.31,-20.84,5.59,-135.34,-6.16,204.75,5.35,2323.86,4146.92,10.35,10.63,1
1269.750,-7.283711,112.798434,1.71,23.93,21.18,48.59,-151.74,207.00,-28.99,4589.35,5976.23,11.25,10.60,3
1269.760,-7.283648,112.798106,0.15,13.51,2.82,123.77,-53.75,209.25,-12.48,5327.63,5674.25,11.97,10.92,2
1269.770,-7.283317,112.797562,1.81,-8.12,-20.57,153.24,89.74,211.50,-2.92,2437.53,298.34,11.77,12.01,0
1269.780,-7.282643,112.798170,0.47,38.15,-32.25,18.31,163.81,213.75,29.33,4330.69,3085.42,10.02,10.64,1
1269.790,-7.282819,112.797307,0.21,-21.79,-16.65,-99.34,-66.53,216.00,-34.34,4470.11,1354.74,10.41,11.15,0
1269.800,-7.283375,112.797394,3.38,15.70,11.24,-90.93,-38.22,218.25,-9.69,5283.39,79.87,12.44,10.16,1
1269.810,-7.282952,112.797153,1.58,4.65,5.59,-23.65,-34.84,220.50,-14.87,5243.84,2978.69,10.03,10.72,0
1269.820,-7.283346,112.797475,2.17,28.78,39.24,-135.23,36.27,222.75,18.54,3942.46,5577.49,11.03,10.13,2
1269.830,-7.282864,112.796993,2.84,-35.33,6.91,151.14,27.95,225.00,22.81,5332.18,3807.10,11.22,11.85,0
1269.840,-7.282545,112.797636,2.86,-3.54,1.39,-106.87,80.74,227.25,-14.02,5918.67,4681.42,11.55,11.16,3
1269.850,-7.283306,112.797817,0.89,25.74,-38.45,126.07,176.04,229.50,-32.47,236.62,1278.54,11.26,10.01,3
1269.860,-7.282538,112.797185,1.23,32.72,-27.51,-99.46,62.51,231.75,8.22,2728.42,4962.46,11.80,10.71,3
1269.870,-7.283060,112.797701,1.30,31.63,-23.72,28.80,-49.69,234.00,8.71,292.47,2785.71,12.04,11.91,4
1269.880,-7.282719,112.797212,1.15,22.54,-3.05,113.74,152.32,236.25,-26.47,1962.37,5208.16,11.07,11.89,1
1269.890,-7.283005,112.797627,2.11,2.11,29.25,-107.89,-58.07,238.50,12.26,1426.40,4155.70,10.21,11.77,4
1269.900,-7.282309,112.796834,2.15,6.07,8.94,0.81,-29.57,240.75,-7.43,4868.80,3235.94,11.29,12.47,2
1269.910,-7.282381,112.796911,0.37,21.94,-25.28,37.51,145.65,243.00,-11.76,4897.64,5718.12,12.10,10.89,4
1269.920,-7.282214,112.797486,0.14,-9.78,2.70,25.80,-64.61,245.25,-7.66,5562.19,570.57,10.66,12.20,2
1269.930,-7.282658,112.797434,2.05,-2.33,25.51,-125.61,145.25,247.50,-2.58,4015.26,5101.53,11.96,11.23,1
1269.940,-7.282134,112.797193,3.34,-14.10,-32.04,67.88,-101.70,249.75,-8.32,3069.24,1540.14,11.66,12.56,0
1269.950,-7.282066,112.797149,0.07,31.88,-0.28,-87.97,-38.11,252.00,-14.83,1462.29,3858.97,11.60,10.54,2
1269.960,-7.282091,112.796823,0.57,-9.45,-28.75,165.32,68.90,254.25,-24.01,2197.84,2304.85,10.85,10.83,2
1269.970,-7.281804,112.796771,0.63,-35.48,-30.35,63.43,-89.23,256.50,20.65,4426.25,4456.96,11.15,12.08,4
1269.980,-7.281849,112.796881,3.00,39.46,38.87,-69.15,79.10,258.75,5.60,2921.85,5690.06,10.99,10.32,1
1269.990,-7.281601,112.796705,3.41,-22.56,-14.94,111.90,89.99,261.00,-21.07,3190.22,2328.99,11.03,10.34,2
1270.000,-7.281481,112.797073,0.78,13.64,-14.10,128.70,10.77,263.25,33.09,444.43,2854.16,10.44,11.76,4
1270.010,-7.281189,112.796553,1.49,19.30,26.50,63.28,-128.76,265.50,-15.43,3386.74,3108.01,12.21,10.50,3
1270.020,-7.281945,112.796558,2.41,12.84,32.43,174.48,-51.27,267.75,-34.60,2683.59,1463.94,10.93,11.62,0
1270.030,-7.281980,112.796240,2.03,-5.93,-32.88,74.42,70.38,270.00,33.82,5909.25,1645.75,10.38,11.95,1
1270.040,-7.281495,112.796556,1.96,-35.03,-25.14,13.07,3.07,272.25,12.99,4908.38,4569.55,10.06,10.65,3
1270.050,-7.281487,112.796575,1.87,4.59,26.68,153.53,55.85,274.50,-8.43,3955.03,2397.94,10.66,11.56,2
1270.060,-7.280878,112.796300,3.42,15.25,-8.63,134.62,-7.15,276.75,-7.57,3645.43,4524.17,11.57,11.67,3
1270.070,-7.281169,112.797104,0.53,-33.58,-5.03,24.12,-130.82,279.00,-19.59,3015.89,249.99,10.42,12.41,3
1270.080,-7.280913,112.796993,2.37,-4.96,37.69,18.83,-144.55,281.25,22.33,5567.05,216.33,10.24,10.55,1
1270.090,-7.280521,112.797142,1.56,-28.88,32.12,116.59,34.87,283.50,31.54,658.40,1816.74,12.34,12.45,0
1270.100,-7.281371,112.796648,0.64,-17.92,16.66,-127.66,-39.40,285.75,-16.21,1680.55,2058.25,10.32,12.17,2
1270.110,-7.280867,112.796551,1.13,32.84,-9.19,-178.29,65.21,288.00,34.00,395.64,5802.10,10.82,12.34,2
1270.120,-7.281036,112.796444,3.19,29.65,-35.69,139.38,-86.10,290.25,32.45,3553.42,2910.04,12.57,11.79,4
1270.130,-7.280589,112.796520,1.79,-1.98,19.80,-113.34,164.36,292.50,-10.30,3950.97,2403.21,12.30,10.49,4
1270.140,-7.280577,112.797228,1.63,9.39,28.21,-7.23,171.01,294.75,-20.98,5443.60,2827.79,11.38,10.73,3
1270.150,-7.280562,112.796989,2.40,-29.84,-25.93,97.06,174.48,297.00,-6.50,3961.54,5758.82,12.54,10.16,0
1270.160,-7.280848,112.796801,1.84,13.06,-0.72,90.10,6.30,299.25,16.79,5373.83,4972.73,11.52,10.71,2
1270.170,-7.279832,112.796569,0.13,38.20,-1.80,136.87,60.40,301.50,17.19,2010.74,5478.87,11.35,11.45,0
1270.180,-7.280584,112.796825,1.05,29.62,-24.74,-12.97,-144.04,303.75,31.57,3921.60,3152.38,11.54,11.47,0
1270.190,-7.279744,112.796733,3.18,-14.59,-0.98,-72.88,-47.14,306.00,-28.44,3510.22,2191.81,10.87,10.56,1
1270.200,-7.280426,112.796924,3.12,-11.05,39.61,132.93,14.38,308.25,10.80,1457.69,4075.11,11.63,10.47,2
1270.210,-7.279682,112.796950,1.30,-8.46,15.16,50.57,-80.36,310.50,-0.29,5257.94,121.81,10.72,11.41,2
1270.220,-7.279999,112.796815,1.89,-2.71,23.21,-136.60,-44.94,312.75,13.45,1551.62,2788.44,12.42,10.64,1
1270.230,-7.279458,112.796888,3.22,12.83,-8.79,68.81,101.86,315.00,-20.98,5263.98,3349.09,10.65,12.34,2
1270.240,-7.279979,112.797456,2.40,-2.97,16.42,56.19,-140.57,317.25,-24.57,5835.91,5945.42,11.50,10.92,1
1270.250,-7.279537,112.797387,0.46,4.78,32.99,149.14,80.52,319.50,0.30,3363.01,4688.79,12.30,11.99,1
1270.260,-7.279260,112.797335,2.03,-29.78,-11.00,104.90,-135.83,321.75,27.52,3309.45,5443.68,11.95,10.54,0
1270.270,-7.279726,112.797412,1.85,39.55,23.81,-137.20,-57.81,324.00,2.87,1943.58,1596.48,11.97,12.23,4
1270.280,-7.279440,112.797106,0.63,39.86,-18.85,161.13,-43.21,326.25,18.13,296.34,215.38,11.01,11.98,4
1270.290,-7.279795,112.797575,3.15,31.01,26.17,7.61,103.66,328.50,-25.42,2900.05,3635.43,11.70,12.26,4
1270.300,-7.279301,112.798028,1.72,-4.42,10.42,48.83,174.95,330.75,-4.24,595.66,681.42,10.98,12.16,3
1270.310,-7.279149,112.797557,0.15,34.02,-0.81,21.64,-167.62,333.00,16.99,1950.91,2323.84,10.92,11.93,3
1270.320,-7.279579,112.798251,0.45,-27.80,3.53,68.11,121.39,335.25,-0.71,1473.43,590.52,10.88,12.13,1
1270.330,-7.279423,112.797679,1.23,-14.48,21.00,20.71,93.60,337.50,15.73,5599.50,3460.28,12.30,11.12,0
1270.340,-7.279619,112.798045,0.00,-30.63,-20.47,-73.09,-73.61,339.75,-16.12,1939.49,756.59,11.56,10.78,1
1270.350,-7.279396,112.797654,0.76,-33.31,-38.90,-87.10,152.24,342.00,-9.63,59.87,2440.01,11.82,11.29,1
1270.360,-7.279174,112.798394,0.39,-15.01,-24.79,-0.99,-31.20,344.25,5.91,1003.88,3616.91,10.14,12.51,1
1270.370,-7.279364,112.797934,0.17,-31.54,-22.18,-149.64,86.57,346.50,-15.18,3891.39,4439.52,10.79,10.71,1
1270.380,-7.279068,112.798812,2.57,-24.22,-32.43,-108.18,-178.68,348.75,-28.07,4729.02,4331.96,11.78,11.69,2
1270.390,-7.279074,112.798598,1.68,7.47,-12.89,-162.23,-175.14,351.00,5.19,778.69,253.47,10.90,11.59,3
1270.400,-7.278651,112.798365,0.24,38.27,-20.37,108.53,71.91,353.25,15.21,1037.52,1724.48,10.06,10.26,3
1270.410,-7.279226,112.798232,1.97,33.90,11.29,150.57,-80.02,355.50,24.96,538.95,5749.77,11.01,12.19,1
1270.420,-7.278791,112.799086,2.29,-12.65,-17.85,175.73,10.10,357.75,8.35,5274.39,1564.30,10.74,12.48,2
1270.430,-7.280038,112.799378,1.02,11.96,-6.79,67.57,-153.20,0.00,-5.66,3781.10,1535.75,10.06,11.37,4
1270.440,-7.280206,112.799062,2.19,-31.59,7.76,-118.90,-77.63,2.25,3.02,4446.15,2009.23,11.94,10.64,1
1270.450,-7.280763,112.798548,1.05,-28.65,-32.60,-142.72,-71.80,4.50,8.03,5311.17,4913.71,11.91,11.89,2
1270.460,-7.280743,112.799096,0.42,-19.22,-25.60,-172.38,-137.97,6.75,-17.66,74.96,4977.39,12.11,11.09,0
1270.470,-7.280455,112.799345,0.28,2.80,10.36,-135.43,21.69,9.00,19.24,1065.94,506.49,10.23,10.17,1
1270.480,-7.280916,112.798971,2.47,-18.21,-31.93,-2.15,110.75,11.25,1.59,1909.23,3052.61,11.36,12.51,3
1270.490,-7.280046,112.799183,2.73,-16.07,31.63,-129.58,-173.91,13.50,-4.62,5285.11,2482.54,11.58,10.56,1
1270.500,-7.280600,112.799344,2.85,-25.89,13.55,-146.18,121.52,15.75,10.75,3048.31,3924.79,11.44,10.68,3
1270.510,-7.280826,112.798787,2.72,22.31,-39.84,-90.43,-40.46,18.00,9.01,2286.84,671.69,11.98,10.31,3
1270.520,-7.280906,112.799165,0.57,3.78,-10.33,80.54,-74.91,20.25,-9.44,3661.15,5343.82,10.71,11.46,2
1270.530,-7.280567,112.799100,3.20,-35.21,-5.65,157.23,44.01,22.50,18.44,3453.16,37.08,12.55,11.63,2
1270.540,-7.280203,112.799006,0.28,24.12,-38.09,117.63,151.00,24.75,16.12,1798.14,884.82,10.22,10.44,0
1270.550,-7.280595,112.799209,2.91,17.19,-4.50,14.50,-124.07,27.00,29.02,2333.78,3408.54,11.82,10.20,3
1270.560,-7.280776,112.799940,0.54,-31.40,31.29,-47.75,6.22,29.25,-26.83,4549.36,1986.17,10.74,10.78,4
1270.570,-7.280666,112.799464,1.60,-7.14,14.73,88.35,-71.86,31.50,-5.65,2606.30,2526.22,12.32,10.82,2
1270.580,-7.280772,112.799742,3.14,25.28,-37.37,-85.73,-53.77,33.75,-34.33,1634.58,1700.50,11.13,11.68,1
1270.590,-7.280845,112.799237,1.98,37.63,-39.78,88.02,99.39,36.00,-4.62,2861.17,1224.60,12.30,11.12,1
1270.600,-7.280139,112.799660,2.67,18.51,-2.65,-117.37,-86.36,38.25,28.16,4086.70,1820.47,12.27,11.12,3
1270.610,-7.280961,112.799556,2.31,26.43,15.54,78.70,94.57,40.50,-9.62,2904.97,3529.47,10.29,11.11,0
1270.620,-7.280501,112.799732,2.75,4.94,32.05,17.69,144.00,42.75,17.18,5340.50,3685.11,11.97,10.88,3
1270.630,-7.280387,112.799642,0.87,27.46,24.99,-81.17,-86.00,45.00,12.25,3988.75,784.67,12.09,10.00,4
1270.640,-7.281026,112.799427,0.22,-21.85,6.18,-98.50,-14.05,47.25,-22.06,5640.47,2368.07,10.10,11.34,1
1270.650,-7.280744,112.800052,3.28,19.77,-16.85,144.41,103.59,49.50,19.72,4540.76,2701.64,10.30,10.27,4
1270.660,-7.281115,112.799888,0.40,-1.46,17.32,-66.57,161.04,51.75,19.70,5213.33,144.04,11.18,12.47,1
1270.670,-7.280571,112.800260,2.17,-20.82,30.59,152.13,5.49,54.00,28.00,4190.52,5734.55,10.93,10.33,0
1270.680,-7.280365,112.799872,2.74,0.54,-7.51,-111.45,-156.53,56.25,17.38,3947.09,5592.53,12.39,10.34,4
1270.690,-7.280358,112.800256,0.02,36.73,-22.29,-76.75,33.71,58.50,31.38,5610.28,2934.56,11.28,11.99,4
1270.700,-7.281306,112.799620,3.13,5.77,32.61,-1.04,22.29,60.75,-33.79,4303.44,4187.46,12.05,11.04,0
1270.710,-7.281214,112.799795,0.38,-13.89,-2.20,-116.94,-155.47,63.00,9.58,1112.33,5632.39,12.45,12.30,2
1270.720,-7.280558,112.800119,2.53,4.43,29.00,-72.95,-30.59,65.25,26.54,467.71,2530.60,10.23,11.29,0
1270.730,-7.281437,112.800137,2.18,-3.95,-30.21,-82.24,-176.66,67.50,-17.21,97.33,2668.32,11.10,11.14,4
1270.740,-7.281172,112.799670,1.68,22.44,0.13,125.72,33.09,69.75,15.91,4591.08,4930.45,10.93,10.47,4
1270.750,-7.281000,112.800310,0.24,4.12,-18.74,-6.20,179.36,72.00,17.03,1894.46,3115.67,10.63,11.14,4
1270.760,-7.281024,112.800667,0.28,-37.04,-20.23,26.15,163.88,74.25,-7.47,4649.96,1969.02,12.23,10.01,3
1270.770,-7.280957,112.800233,0.20,-32.26,-4.10,96.80,45.93,76.50,-22.41,5801.72,5433.73,11.37,10.06,1
1270.780,-7.281259,112.799990,3.32,25.98,1.38,73.60,-122.09,78.75,-3.64,4881.43,3468.51,10.71,11.50,2
1270.790,-7.281642,112.800321,0.10,6.07,-37.85,94.11,126.93,81.00,26.15,3548.02,4280.84,11.49,12.14,0
1270.800,-7.281412,112.800429,3.17,36.81,-24.91,58.74,-104.94,83.25,12.23,4767.30,1489.80,12.56,12.18,2
1270.810,-7.281797,112.799837,0.44,0.71,-23.26,-103.44,10.29,85.50,-10.24,2922.68,282.05,10.62,10.53,1
1270.820,-7.281215,112.800318,1.35,36.44,-16.26,113.84,115.36,87.75,10.03,2452.59,4843.77,11.34,10.32,1
1270.830,-7.281056,112.800247,0.11,32.11,14.41,-132.23,-73.71,90.00,12.62,1852.98,1708.73,11.66,11.25,3
1270.840,-7.281511,112.799824,3.20,14.63,5.67,-135.22,164.28,92.25,-6.01,1049.80,4219.54,11.78,11.63,2
1270.850,-7.281889,112.800746,1.70,-30.52,11.45,-38.15,-145.79,94.50,-8.82,5767.48,1692.08,11.65,10.61,3
1270.860,-7.281575,112.800462,2.83,4.26,30.18,-58.71,114.61,96.75,6.68,4106.70,2919.12,12.13,12.32,0
1270.870,-7.281811,112.800091,2.08,0.74,-25.10,-117.14,125.96,99.00,13.18,4496.48,1345.69,10.14,12.57,2
1270.880,-7.281497,112.799856,2.71,-8.91,23.06,-117.20,29.94,101.25,-24.60,5073.29,4099.34,11.31,11.69,0
1270.890,-7.281573,112.800823,0.77,-35.70,30.15,84.51,-129.85,103.50,-17.58,3047.49,4613.30,10.81,10.69,1
1270.900,-7.281555,112.800519,0.64,14.56,-27.05,-125.10,70.92,105.75,-6.21,233.70,5714.52,11.91,11.21,0
1270.910,-7.281740,112.800537,0.19,6.79,-38.40,19.44,-155.96,108.00,-19.65,516.21,1757.57,11.57,12.02,0
1270.920,-7.282246,112.800114,3.16,-16.20,-19.17,26.68,-8.56,110.25,-6.20,2533.64,2686.16,10.84,12.00,1
1270.930,-7.282257,112.799807,0.33,-17.97,-15.69,-127.17,152.78,112.50,18.89,206.53,4945.62,10.15,10.22,3
1270.940,-7.282173,112.800321,3.36,-33.82,-0.32,62.19,170.94,114.75,10.61,5568.62,727.41,12.36,12.24,1
1270.950,-7.281944,112.800390,1.19,30.70,-8.68,31.42,144.28,117.00,-4.42,1380.78,226.42,11.74,10.32,3
1270.960,-7.282535,112.800477,2.87,29.13,-24.71,-144.98,-143.33,119.25,-34.56,5611.46,3963.10,11.81,11.96,3
1270.970,-7.282145,112.800512,1.94,-30.96,15.50,150.49,178.15,121.50,-2.28,3885.12,5514.09,10.89,10.49,2
1270.980,-7.282414,112.800268,0.46,-37.46,-22.64,40.76,-56.49,123.75,33.72,5719.20,4091.54,12.14,11.60,2
1270.990,-7.282360,112.799958,2.07,-10.08,7.72,140.15,-87.62,126.00,27.42,2984.37,2586.37,10.26,11.17,2
1271.000,-7.282639,112.799898,0.70,36.43,-7.78,23.43,-142.87,128.25,-27.26,5179.34,1919.80,12.23,11.60,3
1271.010,-7.282825,112.800467,0.99,16.36,7.96,2.90,-16.75,130.50,-4.97,3322.50,50.27,10.34,10.45,1
1271.020,-7.282362,112.799719,0.29,-23.79,39.76,84.95,37.77,132.75,-6.99,2156.55,1793.38,11.98,12.12,0
1271.030,-7.282241,112.800364,1.04,34.53,3.76,-158.98,-106.08,135.00,-7.45,5318.98,3970.78,12.42,11.93,1
1271.040,-7.282599,112.799747,2.19,20.93,-25.52,-126.82,55.18,137.25,-26.04,5333.16,5174.57,10.37,10.93,1
1271.050,-7.282582,112.800244,1.94,-15.78,12.95,-60.83,15.22,139.50,-8.76,210.81,1079.94,11.51,10.93,3
1271.060,-7.283032,112.800154,1.27,-24.97,-2.57,-23.55,30.06,141.75,1.68,4173.48,3610.60,10.50,11.39,4
1271.070,-7.282410,112.800200,1.85,-36.61,-23.45,169.62,-23.41,144.00,24.62,4534.84,5741.16,11.59,12.31,4
1271.080,-7.282543,112.800168,0.51,8.39,-10.81,-7.48,-131.14,146.25,24.06,3002.14,5102.91,12.39,12.43,4
1271.090,-7.282959,112.800070,3.19,-20.50,31.57,30.27,-19.39,148.50,31.10,3696.16,2488.81,11.51,11.60,1
1271.100,-7.283087,112.799329,1.77,-13.98,33.20,-14.89,-58.00,150.75,-18.76,4660.08,710.10,10.47,11.82,0
1271.110,-7.282660,112.799823,2.16,-25.07,-24.02,-160.85,60.51,153.00,5.11,1854.66,4147.87,12.33,11.52,2
1271.120,-7.282546,112.799566,0.62,-38.57,3.40,10.94,-137.68,155.25,-32.09,1936.86,1467.75,11.63,12.54,1
1271.130,-7.283076,112.799878,3.26,9.72,-7.35,-18.40,-91.81,157.50,-24.35,620.63,766.90,10.97,11.88,3
1271.140,-7.282787,112.799735,1.19,-13.27,-24.75,-111.91,115.96,159.75,11.64,4535.37,4436.50,10.22,12.56,1
1271.150,-7.283457,112.799521,1.68,0.43,18.23,-155.45,-104.05,162.00,13.72,3158.81,2920.90,10.04,11.96,0
1271.160,-7.283497,112.799556,3.35,13.26,27.80,-68.43,66.34,164.25,21.28,1347.91,4108.24,10.71,10.29,2
1271.170,-7.283144,112.799746,3.00,-35.02,-20.70,-114.79,14.41,166.50,-26.01,823.99,502.43,10.50,12.26,4
1271.180,-7.283595,112.799350,1.19,23.60,26.32,-79.91,13.34,168.75,20.59,540.08,5537.43,10.66,10.88,0
1271.190,-7.283445,112.799095,1.95,-24.50,13.05,7.75,-84.43,171.00,-18.97,3603.22,4086.58,11.79,11.41,0
1271.200,-7.283683,112.799045,1.19,6.60,19.00,-123.22,-43.09,173.25,-3.67,4474.71,4230.20,12.57,10.10,1
1271.210,-7.282914,112.798842,3.45,-11.29,-29.37,116.64,-14.21,175.50,-23.95,3909.09,2526.49,11.41,11.87,2
1271.220,-7.283573,112.799368,3.02,-1.67,13.93,-93.23,68.02,177.75,-17.12,1881.38,4817.99,12.39,10.43,4
1271.230,-7.282829,112.799394,0.30,23.28,-36.19,-0.27,54.89,180.00,-7.99,3887.73,8.17,10.54,10.66,0
1271.240,-7.283308,112.798810,2.81,-18.73,-26.90,-123.29,146.81,182.25,-25.68,5759.89,2603.80,12.56,10.19,4
1271.250,-7.283817,112.799085,2.61,11.45,31.79,9.79,23.35,184.50,-22.32,4485.31,433.45,10.00,11.34,1
1271.260,-7.283331,112.798529,2.12,-4.63,27.59,-18.05,109.48,186.75,0.32,783.17,28.69,10.26,11.62,3
1271.270,-7.283545,112.798376,0.94,31.21,3.63,117.50,-145.00,189.00,21.65,451.74,1565.43,11.25,12.03,2
1271.280,-7.283733,112.798082,0.92,-20.17,36.04,141.23,-46.76,191.25,-19.55,1888.14,3879.82,12.41,11.61,0
1271.290,-7.283511,112.798668,2.60,30.51,12.12,-100.04,138.69,193.50,21.53,4132.46,1453.17,10.46,12.13,4
1271.300,-7.283486,112.798275,1.05,37.02,-36.99,-120.13,-47.49,195.75,-6.69,846.00,2966.47,10.63,11.78,1
1271.310,-7.283332,112.798273,3.00,38.11,2.88,-126.33,-85.80,198.00,-31.98,724.12,1515.05,11.60,11.95,1
1271.320,-7.283036,112.798078,3.22,-31.79,-36.10,97.42,-167.99,200.25,-5.64,1134.63,412.95,11.00,10.09,4
1271.330,-7.283248,112.797916,1.35,-35.53,19.90,34.83,-131.68,202.50,21.94,2655.24,3375.44,10.92,12.54,0
1271.340,-7.283556,112.798412,3.06,-17.00,-30.67,-144.89,164.58,204.75,24.30,4030.42,1758.13,10.74,10.16,2
1271.350,-7.283623,112.798466,1.72,7.03,22.53,-51.71,-105.42,207.00,-10.43,4251.00,3504.71,10.06,11.51,0
1271.360,-7.283331,112.797925,1.79,36.11,-6.42,-30.81,-28.99,209.25,-4.94,3748.90,849.88,10.48,11.91,2
1271.370,-7.283028,112.797705,0.75,-32.03,-20.09,144.37,62.42,211.50,33.98,992.45,3108.89,10.09,10.98,2
1271.380,-7.283220,112.797664,0.32,21.72,-4.91,19.98,128.14,213.75,18.05,3561.86,1538.22,11.96,12.37,2
1271.390,-7.283230,112.798206,1.88,14.18,-3.05,-119.29,-108.70,216.00,10.50,4590.81,5592.44,11.27,10.25,1
1271.400,-7.282944,112.797950,1.12,21.12,23.67,-27.23,116.70,218.25,-22.93,1635.79,3204.33,10.64,11.13,0
1271.410,-7.283119,112.797151,1.31,-20.32,28.55,-158.31,-80.27,220.50,7.43,3871.34,2190.71,11.98,10.11,0
1271.420,-7.282888,112.798022,2.06,33.22,15.68,-168.96,14.24,222.75,-33.37,2639.90,1583.47,11.16,10.09,4
1271.430,-7.283293,112.797737,3.37,3.04,-11.02,-60.67,83.90,225.00,-17.42,2649.31,539.21,10.55,12.17,1
1271.440,-7.282670,112.797576,2.87,-1.98,-1.38,-89.00,-27.55,227.25,24.08,4095.18,3333.70,11.68,10.35,2
1271.450,-7.282951,112.797661,1.48,-39.38,0.93,-167.71,95.68,229.50,12.66,1354.45,1944.51,11.55,11.37,3
1271.460,-7.283142,112.797447,1.07,28.27,-28.54,-119.82,28.52,231.75,10.31,520.85,3349.42,11.20,10.24,3
1271.470,-7.282525,112.796895,0.27,2.27,25.35,-60.12,-152.30,234.00,-26.12,4883.59,4124.84,12.26,10.73,1
1271.480,-7.282485,112.797401,0.32,-12.04,5.66,61.75,-167.66,236.25,-5.29,2045.28,4639.24,12.42,11.90,0
1271.490,-7.282571,112.796643,2.52,18.27,-27.48,48.39,-141.47,238.50,5.13,1424.49,4109.35,10.55,12.26,3
1271.500,-7.282176,112.797267,0.68,-28.88,15.23,-147.22,-8.11,240.75,6.71,5109.59,2620.00,12.00,10.78,3
1271.510,-7.281974,112.797413,2.24,-21.95,-6.35,154.39,-74.33,243.00,-34.84,2040.75,2249.01,10.39,12.43,1
1271.520,-7.282427,112.796902,1.51,-23.41,-20.99,51.67,108.51,245.25,-2.37,5613.94,5673.94,10.01,12.39,0
1271.530,-7.282388,112.797424,1.01,32.25,2.52,124.37,-178.61,247.50,-29.49,4834.34,4287.38,12.19,11.67,2
1271.540,-7.282347,112.796428,1.50,37.27,-23.10,54.51,86.38,249.75,21.96,342.44,3068.41,11.31,10.85,0
1271.550,-7.281787,112.796968,1.35,-8.81,-10.69,-3.05,-85.71,252.00,4.56,563.26,3431.37,12.24,12.42,2
1271.560,-7.282428,112.797120,0.42,-2.45,16.72,178.13,47.31,254.25,22.06,5489.51,197.32,10.62,10.64,1
1271.570,-7.281883,112.796702,2.53,-19.46,-29.79,38.23,137.95,256.50,9.87,1870.81,2543.14,10.02,12.55,4
1271.580,-7.282402,112.796394,3.48,15.03,9.45,143.53,-64.13,258.75,19.54,2330.72,5834.38,11.76,11.37,2
1271.590,-7.281502,112.796759,3.37,-36.44,1.24,120.40,113.66,261.00,-14.55,865.23,2771.98,11.60,11.52,1
1271.600,-7.281761,112.796301,2.60,19.16,26.75,-77.95,160.92,263.25,28.56,3318.56,2806.86,10.00,10.27,3
1271.610,-7.281462,112.796227,2.16,36.34,-31.14,121.38,-138.28,265.50,-6.90,1271.31,2917.89,12.39,11.57,3
1271.620,-7.281150,112.796344,1.92,-5.42,-30.38,179.25,-7.56,267.75,6.77,2061.47,627.52,10.17,11.25,0
1271.630,-7.281583,112.796684,1.28,29.89,14.64,21.84,-131.12,270.00,8.01,1609.53,3201.71,12.54,11.19,4
1271.640,-7.281866,112.796848,3.31,-37.82,-34.27,100.57,-62.56,272.25,20.64,5184.11,3907.36,11.51,10.48,3
1271.650,-7.281620,112.797133,3.32,-1.69,14.91,-123.95,138.62,274.50,12.36,5422.68,1353.65,11.63,12.53,0
1271.660,-7.280855,112.796917,0.91,-24.56,-13.41,-80.25,-145.25,276.75,16.66,2826.38,2153.23,11.47,11.94,3
1271.670,-7.281431,112.796537,1.36,-22.71,11.50,-156.27,46.79,279.00,-18.43,1007.21,1456.44,11.75,10.67,4
1271.680,-7.281306,112.796468,2.38,28.88,-12.46,100.85,45.39,281.25,-14.55,3361.49,248.54,11.32,11.08,4
1271.690,-7.280978,112.796600,0.45,-7.77,27.66,86.66,-79.38,283.50,-16.58,1773.04,2119.61,11.98,11.54,1
1271.700,-7.280584,112.796377,2.39,3.14,24.23,31.21,131.10,285.75,-28.76,2815.41,4249.58,10.79,11.57,0
1271.710,-7.280459,112.796681,0.12,-37.01,31.80,141.54,-166.67,288.00,16.75,3706.69,1420.12,12.16,10.96,3
1271.720,-7.280758,112.796710,0.01,28.50,30.60,-25.78,164.13,290.25,-7.62,2817.99,5589.32,11.06,11.98,1
1271.730,-7.281070,112.796402,0.68,19.48,6.40,-80.02,85.22,292.50,-3.05,4503.54,1336.79,10.71,12.07,1
1271.740,-7.280225,112.797172,2.77,-37.37,31.27,-169.89,-0.76,294.75,9.95,2973.83,4527.46,10.09,10.43,1
1271.750,-7.280054,112.796941,2.65,27.93,31.77,-167.68,29.32,297.00,-21.27,4346.51,2469.87,12.19,10.66,0
1271.760,-7.280773,112.796535,0.06,17.04,-0.71,9.07,111.18,299.25,13.38,3231.97,582.60,12.23,11.71,1
1271.770,-7.280728,112.796928,2.19,21.39,14.59,98.82,-104.76,301.50,-18.64,1973.14,931.62,10.55,10.40,4
1271.780,-7.279875,112.796874,2.17,27.16,28.82,-19.70,78.85,303.75,-18.46,3661.50,4701.58,11.37,11.36,3
1271.790,-7.280473,112.796502,0.86,-15.25,21.08,176.99,89.97,306.00,19.41,2812.24,4672.51,10.35,10.15,3
1271.800,-7.280284,112.796710,0.79,-27.37,-9.43,-16.42,-174.86,308.25,12.55,2864.85,4676.72,11.00,12.52,1
1271.810,-7.279842,112.797034,0.21,9.40,-9.90,15.69,113.15,310.50,31.57,585.05,2245.26,11.84,11.28,0
1271.820,-7.279483,112.797126,2.04,-20.21,-15.43,-104.56,-7.88,312.75,-20.16,1366.86,471.64,10.91,12.56,2
1271.830,-7.280218,112.797539,1.35,28.43,-12.02,6.97,-91.67,315.00,-6.64,3629.73,3451.02,11.18,11.92,3
1271.840,-7.279311,112.797613,2.16,13.75,-20.86,-113.40,160.74,317.25,11.23,1236.43,3980.72,11.67,11.62,0
1271.850,-7.280112,112.797350,2.09,-2.81,-33.32,-34.06,-10.56,319.50,-33.36,4805.14,1586.99,10.38,11.35,2
1271.860,-7.279654,112.797215,1.65,-7.22,-10.79,125.04,30.46,321.75,31.44,1466.28,4939.72,12.29,10.73,1
1271.870,-7.279023,112.797429,0.42,9.35,-13.58,159.14,121.06,324.00,20.86,4118.49,5039.99,10.05,11.89,4
1271.880,-7.279605,112.797201,1.51,-32.49,10.76,-25.88,-94.56,326.25,-26.34,567.21,5018.33,10.96,10.63,3
1271.890,-7.279795,112.797587,1.44,-34.81,15.01,-23.54,-95.16,328.50,14.63,5141.62,233.38,10.01,11.91,0
1271.900,-7.279324,112.797830,3.46,-21.18,-29.20,-24.10,80.60,330.75,-11.23,4039.31,4114.89,11.32,12.02,0
1271.910,-7.279662,112.798180,2.72,25.88,-17.45,77.63,-13.42,333.00,-23.40,3690.39,2698.02,10.14,11.17,4
1271.920,-7.279036,112.797995,2.39,25.85,-15.16,-96.00,-108.43,335.25,-17.87,957.97,2158.34,10.52,12.48,0
1271.930,-7.279673,112.797944,1.34,0.38,-2.43,-43.48,-179.97,337.50,-31.48,5598.03,2813.35,10.99,11.89,4
1271.940,-7.279373,112.797884,0.31,-35.92,-32.34,-118.92,-138.42,339.75,-32.31,2129.49,1640.12,11.44,12.31,4
1271.950,-7.278705,112.798162,1.97,34.65,16.34,-99.66,-65.61,342.00,-28.17,5858.30,5349.46,11.06,10.37,4
1271.960,-7.279260,112.798007,0.28,17.23,-25.37,-78.11,-60.29,344.25,-29.49,2706.91,5311.13,10.08,10.27,2
1271.970,-7.279285,112.798659,2.36,23.11,17.59,-20.01,-65.86,346.50,13.56,1338.37,3227.12,11.66,11.70,2
1271.980,-7.279119,112.798068,1.69,-7.57,-20.00,-171.79,-139.41,348.75,13.66,375.80,2104.25,10.25,11.39,3
1271.990,-7.278687,112.798066,1.21,-26.95,24.74,-51.42,-23.78,351.00,-24.04,1368.90,2589.50,11.10,10.05,1
1272.000,-7.279266,112.798408,2.92,7.57,27.85,-100.69,84.17,353.25,11.11,1489.96,3663.20,10.21,12.22,0
1272.010,-7.279288,112.798830,1.08,0.84,8.53,-46.23,20.04,355.50,12.94,412.48,3301.90,12.38,11.07,4
1272.020,-7.278852,112.798935,1.28,32.02,16.37,81.43,-34.93,357.75,-15.87,3217.33,505.53,10.28,12.11,4
1272.030,-7.280638,112.799251,1.53,-18.16,-8.41,72.64,-14.60,0.00,29.98,616.29,2814.11,11.04,10.03,3
1272.040,-7.280717,112.798688,3.42,-30.99,14.46,-133.45,155.39,2.25,-3.34,3609.71,908.48,11.16,10.27,1
1272.050,-7.280861,112.799431,1.91,21.05,-17.85,86.73,-127.43,4.50,23.13,3892.46,31.72,11.76,11.16,0
1272.060,-7.280344,112.799299,3.12,35.19,-17.27,-17.69,60.26,6.75,-11.50,4690.64,4445.15,11.79,10.96,0
1272.070,-7.279967,112.799136,0.41,2.40,32.51,8.71,150.82,9.00,-1.05,117.90,5304.83,12.40,10.37,1
1272.080,-7.280202,112.798876,0.48,-30.58,-22.97,-44.29,-14.84,11.25,-21.69,2395.92,2862.60,12.39,11.13,2
1272.090,-7.280528,112.799487,2.91,5.18,33.36,49.25,140.51,13.50,32.75,1056.36,1482.02,11.45,11.17,3
1272.100,-7.280391,112.799132,2.28,-32.62,13.71,95.58,103.05,15.75,-2.87,2853.26,3247.69,10.54,10.15,1
1272.110,-7.280000,112.799664,1.71,21.07,33.79,164.78,83.81,18.00,9.25,2638.08,368.17,10.73,12.56,2
1272.120,-7.280382,112.798907,0.28,24.97,-6.04,160.32,154.02,20.25,-13.65,5400.96,5950.23,11.02,10.01,1
1272.130,-7.280273,112.799088,2.04,0.30,26.73,115.81,150.96,22.50,-5.91,7.53,386.08,10.83,12.35,0
1272.140,-7.280611,112.799167,3.16,22.18,-16.59,8.19,-61.22,24.75,14.81,2241.69,1845.05,12.41,12.03,4
1272.150,-7.280870,112.799475,2.63,-24.06,-14.00,-125.89,159.05,27.00,-9.07,5824.68,3357.43,10.50,12.08,4
1272.160,-7.280832,112.799949,2.76,1.38,19.55,-60.76,159.40,29.25,-2.10,436.79,2135.38,10.06,10.47,1
1272.170,-7.280330,112.799243,0.81,36.95,15.95,-109.31,136.33,31.50,-2.35,1320.76,3536.33,10.30,10.31,1
1272.180,-7.280289,112.799997,3.32,0.19,-35.80,86.37,71.77,33.75,20.32,2411.75,5577.49,10.29,11.11,4
1272.190,-7.280746,112.799619,3.42,-25.27,33.82,97.82,-85.52,36.00,33.81,2905.25,3120.49,10.80,11.41,1
1272.200,-7.280985,112.799629,2.30,35.89,22.83,-72.35,-68.21,38.25,32.52,364.99,4399.55,12.20,10.39,2
1272.210,-7.280723,112.799364,0.79,-3.98,-9.27,109.56,-125.44,40.50,11.79,637.23,4803.96,10.09,10.08,4
1272.220,-7.280457,112.799375,1.61,35.61,28.23,-35.51,-160.18,42.75,-33.81,4485.15,2790.91,11.46,10.38,4
1272.230,-7.280289,112.800023,3.21,35.13,-20.28,87.24,-92.11,45.00,-32.66,5065.78,2504.71,11.33,12.36,2
1272.240,-7.280421,112.799404,0.11,12.97,-18.54,52.56,148.63,47.25,-1.76,950.61,5681.29,10.06,11.44,3
1272.250,-7.281056,112.800145,2.12,-23.55,28.43,-91.28,153.01,49.50,28.09,894.68,3932.24,12.00,10.59,3
1272.260,-7.280899,112.799844,1.93,-0.73,34.89,134.45,9.19,51.75,8.83,4745.21,1939.86,12.54,11.38,1
1272.270,-7.281189,112.800277,1.53,20.16,-4.98,-112.70,23.93,54.00,-17.29,3938.06,2987.26,11.95,12.41,4
1272.280,-7.281219,112.800044,0.73,-10.04,-35.33,14.46,-136.66,56.25,25.98,2663.02,1725.11,10.72,11.42,1
1272.290,-7.280984,112.799641,0.95,-28.05,32.74,-17.43,-44.49,58.50,15.97,2517.19,3068.06,10.64,12.16,2
1272.300,-7.280435,112.800171,0.99,30.34,-31.35,-28.71,66.65,60.75,-14.18,3420.02,4169.32,10.92,10.35,2
1272.310,-7.281254,112.800109,0.10,14.74,-30.50,-30.64,4.48,63.00,0.64,4066.54,4404.61,11.28,11.92,1
1272.320,-7.281037,112.799638,3.01,-23.88,-35.99,59.93,14.45,65.25,0.13,3261.11,5769.72,10.53,10.81,4
1272.330,-7.281302,112.800598,2.24,-0.45,36.13,150.09,-146.79,67.50,29.72,4091.50,1580.46,11.14,11.94,1
1272.340,-7.280978,112.799665,2.00,26.89,-12.40,171.75,121.30,69.75,-6.71,1397.44,2137.71,10.60,11.57,2
1272.350,-7.280668,112.800659,2.42,29.60,-25.00,-38.36,83.67,72.00,30.22,3662.75,1415.38,12.49,10.62,2
1272.360,-7.280782,112.800204,1.76,-24.95,-36.92,-93.70,150.55,74.25,32.89,4320.46,3669.26,10.84,12.10,2
1272.370,-7.281444,112.800242,0.81,33.58,32.42,-104.92,-55.25,76.50,-14.16,1545.42,4733.76,11.69,11.42,3
1272.380,-7.281692,112.799909,1.97,-10.50,38.80,-108.52,103.99,78.75,-31.53,5938.57,4584.25,11.91,11.27,0
1272.390,-7.281002,112.799774,2.36,-30.40,31.80,162.94,118.31,81.00,12.09,2351.12,4697.37,10.58,12.35,1
1272.400,-7.281040,112.800361,1.32,5.22,-24.56,-3.93,-126.30,83.25,30.75,4928.60,4099.22,11.44,11.08,4
1272.410,-7.281132,112.800438,1.62,34.27,16.04,-119.02,-164.72,85.50,4.52,145.54,2578.34,10.90,12.14,3
1272.420,-7.281888,112.800425,3.36,-30.19,-1.38,137.24,54.65,87.75,-5.23,5386.70,2771.12,11.26,10.45,3
1272.430,-7.281269,112.800127,2.14,-27.30,-19.00,-28.99,35.05,90.00,-24.93,1369.99,4253.98,10.54,12.48,0
1272.440,-7.281192,112.800660,2.66,-37.45,8.70,118.14,-42.08,92.25,-12.31,2783.58,991.85,11.99,11.68,1
1272.450,-7.282041,112.800610,3.17,28.50,-19.05,137.86,-21.75,94.50,5.08,3084.99,1048.55,10.80,11.31,4
1272.460,-7.281455,112.800179,3.08,33.57,6.91,130.60,-117.50,96.75,-14.52,1167.48,2074.53,10.64,11.37,0
1272.470,-7.281713,112.800069,0.49,24.73,21.37,-144.11,129.94,99.00,31.96,4809.64,974.85,12.42,10.36,4
1272.480,-7.281831,112.799994,2.49,-14.70,-32.83,53.08,-159.88,101.25,-13.03,4973.15,4312.92,11.48,12.00,4
1272.490,-7.281556,112.800271,0.90,-31.26,-39.79,143.53,-13.46,103.50,-32.76,5475.89,1628.13,10.79,10.13,2
1272.500,-7.282189,112.799949,2.63,-6.44,-3.46,44.46,-127.32,105.75,-25.86,4805.38,69.35,10.83,10.71,2
1272.510,-7.282230,112.800245,0.05,3.19,-30.75,-108.00,106.08,108.00,26.90,3944.14,5378.73,10.44,10.55,4
1272.520,-7.282362,112.800631,0.09,28.80,-16.77,-45.68,-1.16,110.25,11.59,3661.83,4222.91,10.41,10.22,2
1272.530,-7.281915,112.799836,0.89,-10.63,7.72,-135.75,31.14,112.50,-17.52,1260.95,782.74,11.23,10.16,1
1272.540,-7.282137,112.800054,2.91,36.13,16.25,-26.49,-174.75,114.75,10.82,5032.12,5291.00,12.31,12.39,0
1272.550,-7.281999,112.800686,2.58,-3.60,-31.12,-29.10,146.46,117.00,3.53,3909.88,2735.80,11.57,10.48,2
1272.560,-7.282403,112.800664,0.52,-10.61,-22.52,172.33,87.55,119.25,15.10,3608.88,1685.71,11.21,10.01,4
1272.570,-7.282367,112.799970,1.12,-14.24,18.83,26.21,92.83,121.50,25.77,364.82,1844.16,10.98,12.06,2
1272.580,-7.282643,112.800246,2.41,-10.22,-3.26,66.30,49.04,123.75,23.40,4148.31,5092.76,12.44,11.19,2
1272.590,-7.282176,112.800414,1.45,24.91,6.41,1.89,72.90,126.00,-21.00,1274.84,3805.41,10.17,11.59,4
1272.600,-7.282134,112.800025,1.94,-15.99,-10.40,-6.02,60.33,128.25,26.60,4153.46,1168.69,12.12,12.35,1
1272.610,-7.282070,112.799718,1.80,30.07,-16.33,15.64,-95.35,130.50,-2.59,4956.35,5499.71,10.36,10.10,4
1272.620,-7.282140,112.800335,2.40,25.53,-39.20,-107.76,-23.19,132.75,15.10,1763.09,1178.83,12.53,11.39,2
1272.630,-7.282911,112.800511,1.29,23.42,-15.98,75.27,148.68,135.00,-23.48,1293.05,3161.45,10.08,11.33,4
1272.640,-7.282674,112.800271,0.58,-39.94,35.35,161.64,-149.84,137.25,-11.97,4697.32,5049.41,11.18,11.04,3
1272.650,-7.283143,112.799893,1.31,-16.30,-5.80,150.62,20.78,139.50,11.43,220.32,2156.28,11.76,12.27,2
1272.660,-7.282756,112.799416,0.20,34.08,-35.58,31.22,124.81,141.75,-4.49,3450.44,1720.18,12.26,10.86,2
1272.670,-7.282569,112.799382,1.54,8.23,35.09,98.09,-157.89,144.00,12.64,3954.92,1874.66,11.58,11.10,3
1272.680,-7.283169,112.800105,1.42,35.46,38.82,-167.35,102.60,146.25,-13.12,3227.89,3327.76,11.62,11.35,0
1272.690,-7.282891,112.799856,3.03,2.85,27.92,-140.55,107.88,148.50,19.48,571.88,3753.95,12.44,10.49,1
1272.700,-7.283240,112.800190,2.85,-12.71,-7.11,178.66,-55.69,150.75,27.47,4063.51,4362.47,10.72,11.24,1
1272.710,-7.282794,112.799730,0.94,-14.98,-14.88,-54.85,-67.02,153.00,3.51,363.69,4964.10,11.80,10.74,1
1272.720,-7.283535,112.799497,3.35,31.78,12.62,-165.73,142.69,155.25,21.52,1262.06,5220.73,11.61,11.74,1
1272.730,-7.283530,112.800011,1.89,-5.17,12.78,49.52,-112.48,157.50,14.72,1126.07,2477.70,11.75,11.00,0
1272.740,-7.282915,112.799076,2.85,-8.09,27.10,141.05,162.52,159.75,-14.37,651.08,5875.19,10.17,11.23,4
1272.750,-7.283574,112.798945,1.82,5.44,18.70,-110.91,-51.39,162.00,33.65,4131.29,5538.10,12.15,10.98,0
1272.760,-7.282819,112.799089,1.24,-29.13,15.24,-147.03,-154.27,164.25,-24.23,2225.38,3918.90,11.93,11.44,4
1272.770,-7.283548,112.799301,0.61,12.47,3.69,-22.52,-106.21,166.50,-9.76,2178.56,5177.53,11.20,10.00,3
1272.780,-7.283329,112.799680,3.48,36.82,-21.83,-30.46,164.19,168.75,10.02,5614.61,5211.99,12.29,12.42,4
1272.790,-7.283029,112.799631,0.21,-6.88,24.58,-145.66,-127.93,171.00,27.18,4757.45,506.86,11.53,11.65,2
1272.800,-7.282988,112.799347,2.96,-26.35,35.13,-90.21,60.22,173.25,11.57,2762.61,2720.13,10.48,11.55,2
1272.810,-7.283088,112.798792,1.49,-10.01,-30.06,167.28,136.40,175.50,-12.86,5632.84,3796.06,10.99,10.24,2
1272.820,-7.282802,112.799302,1.36,15.61,-26.95,51.33,-114.41,177.75,-4.36,223.91,3173.13,11.48,12.41,0
1272.830,-7.283400,112.798985,0.83,16.43,22.42,-18.29,6.40,180.00,-28.50,2262.18,4696.16,10.48,12.10,4
1272.840,-7.283716,112.798363,2.75,27.65,-17.68,89.18,-13.50,182.25,16.87,1717.82,3968.95,11.36,11.59,3
1272.850,-7.283190,112.798441,2.23,2.52,3.59,-125.23,57.74,184.50,4.20,5362.62,2274.27,10.54,10.84,4
1272.860,-7.283071,112.798810,2.76,-16.12,24.11,-158.16,156.64,186.75,25.37,163.29,160.20,10.46,12.22,4
1272.870,-7.283773,112.798301,1.94,7.59,-33.64,-164.63,177.16,189.00,-17.89,3062.64,2009.20,11.45,10.49,3
1272.880,-7.283026,112.798512,1.56,-19.20,-12.19,5.98,56.69,191.25,-21.19,401.40,2895.86,10.73,10.96,1
1272.890,-7.283366,112.798197,2.94,18.10,-39.13,102.85,82.45,193.50,-14.07,1001.85,2307.59,11.12,11.22,2
1272.900,-7.283715,112.797925,0.85,-34.24,-22.56,-5.36,-40.11,195.75,-14.24,1666.05,3936.08,11.41,11.54,0
1272.910,-7.283630,112.798558,2.60,-7.54,-1.10,-30.54,162.11,198.00,-26.53,1711.98,2476.72,12.55,12.47,3
1272.920,-7.283127,112.798164,1.06,-36.23,-34.74,-93.52,71.99,200.25,17.80,1104.40,4281.69,11.17,11.66,3
1272.930,-7.283321,112.798623,0.85,-28.51,-6.31,74.34,-131.08,202.50,9.33,3166.26,3285.78,10.74,11.03,0
1272.940,-7.282883,112.798340,2.98,-0.87,-11.08,118.59,-82.88,204.75,-30.08,3748.46,2709.17,10.29,10.91,3
1272.950,-7.282753,112.798465,0.77,14.79,27.71,134.57,-48.85,207.00,-4.26,1438.11,4813.52,12.09,11.60,2
1272.960,-7.283578,112.797607,1.22,-31.81,-17.12,91.72,-5.53,209.25,34.78,2409.97,2657.72,10.18,10.17,0
1272.970,-7.283263,112.798205,3.10,-17.43,-4.61,43.21,-69.20,211.50,-9.81,2361.09,1287.30,12.50,12.50,4
1272.980,-7.282771,112.797549,0.38,-39.27,23.97,-72.23,43.85,213.75,14.95,153.22,2443.97,11.91,10.86,4
1272.990,-7.282621,112.798019,0.40,10.58,20.50,50.74,27.63,216.00,28.46,4545.57,4453.18,12.04,12.18,3
1273.000,-7.283479,112.797447,2.85,15.03,-36.88,-96.31,117.75,218.25,25.30,1415.59,5398.19,12.08,11.38,3
1273.010,-7.283195,112.797785,1.35,-1.16,10.47,-100.24,86.35,220.50,14.14,4548.73,3362.29,12.57,12.50,0
1273.020,-7.282715,112.798014,2.70,19.22,6.82,-57.57,-2.40,222.75,-27.62,296.60,227.81,11.56,10.62,4
1273.030,-7.283217,112.797782,0.15,-35.09,-0.52,-0.20,90.85,225.00,-4.00,555.44,4874.50,11.75,10.53,4
1273.040,-7.283258,112.797198,3.03,-2.00,-5.15,54.35,97.04,227.25,-7.57,5795.33,2800.03,10.41,12.55,2
1273.050,-7.282354,112.797534,0.03,-35.28,29.49,92.32,84.12,229.50,-14.88,320.08,1736.17,10.28,12.03,3
1273.060,-7.282745,112.796842,2.48,-39.61,-25.68,109.04,-43.39,231.75,2.20,124.69,5122.32,11.39,12.00,1
1273.070,-7.283058,112.797242,0.70,-23.67,16.68,-60.86,-153.19,234.00,-16.37,2582.85,3369.70,10.88,11.78,3
1273.080,-7.282332,112.797384,1.57,15.64,38.88,-143.35,148.25,236.25,1.45,1470.57,764.91,12.06,10.47,4
1273.090,-7.282172,112.797241,1.89,-38.75,-18.58,89.95,-4.81,238.50,18.20,619.17,4995.13,11.43,11.42,2
1273.100,-7.282607,112.797384,2.15,-5.26,39.82,22.97,-11.30,240.75,14.10,1089.71,3590.04,10.39,12.48,3
1273.110,-7.282738,112.797248,0.50,-36.67,1.82,38.74,133.72,243.00,-33.36,5555.18,4602.42,10.30,12.19,0
1273.120,-7.282207,112.796900,0.57,-26.60,32.23,-37.92,80.53,245.25,32.16,2416.75,5277.26,10.36,10.45,3
1273.130,-7.282246,112.796820,2.97,3.93,14.15,68.27,116.32,247.50,16.75,1126.80,3389.86,12.06,10.85,0
1273.140,-7.282479,112.796588,1.80,-19.56,-7.36,-159.82,-87.70,249.75,22.29,2539.93,231.88,11.70,10.38,1
1273.150,-7.282251,112.796586,0.26,-33.15,25.51,-30.35,-17.99,252.00,0.64,3907.75,3369.81,11.45,11.43,1
1273.160,-7.282370,112.797179,0.37,9.43,-36.50,176.17,61.16,254.25,-11.29,1427.29,3331.74,10.56,10.86,2
1273.170,-7.282348,112.796940,3.43,-38.12,31.58,-138.25,49.30,256.50,-3.88,2725.81,2235.32,12.09,10.24,1
1273.180,-7.282277,112.797031,3.33,-31.11,-21.08,4.49,172.90,258.75,24.22,2765.62,4168.72,10.36,11.85,1
1273.190,-7.281417,112.796704,0.86,1.13,-14.11,-159.45,-123.39,261.00,6.20,4799.90,5504.07,12.53,12.38,2
1273.200,-7.282161,112.796958,1.10,13.49,36.72,166.62,130.97,263.25,-16.01,5051.53,5547.36,12.05,11.50,0
1273.210,-7.281434,112.796732,3.11,-27.02,-25.14,33.77,102.03,265.50,33.28,679.74,4243.97,10.31,12.41,0
1273.220,-7.281241,112.796360,2.02,14.99,-8.15,-138.48,-64.35,267.75,32.76,1535.11,5023.22,11.60,11.47,2
1273.230,-7.281906,112.797045,3.02,37.63,-15.49,144.43,-101.57,270.00,29.81,117.93,1659.55,11.78,11.14,0
1273.240,-7.281266,112.796997,0.90,-19.31,39.23,-105.01,74.11,272.25,17.63,3913.76,5792.84,12.10,10.33,0
1273.250,-7.281201,112.796526,0.36,18.48,-35.79,-8.42,155.83,274.50,11.54,1108.70,5788.19,11.61,10.97,4
1273.260,-7.281625,112.796752,1.44,-35.10,-39.00,84.38,2.35,276.75,-8.43,3806.60,3719.60,11.42,12.31,1
1273.270,-7.281271,112.796489,1.27,-17.03,8.05,-146.74,126.56,279.00,1.20,2411.89,25.66,11.66,10.59,2
1273.280,-7.281434,112.796917,0.19,-23.51,34.72,-100.61,157.82,281.25,-30.71,5117.83,4228.52,11.50,12.25,4
1273.290,-7.281273,112.796865,2.72,-8.68,35.32,127.00,159.30,283.50,-17.28,4924.17,4581.49,11.66,11.27,0
1273.300,-7.281349,112.796613,1.85,-5.98,38.51,151.93,167.17,285.75,4.39,4590.68,2640.04,11.73,10.93,4
1273.310,-7.281155,112.797006,3.38,-30.71,-34.15,-42.71,-54.77,288.00,-10.91,1268.93,3771.90,10.98,12.06,3
1273.320,-7.280856,112.796637,0.14,-30.42,-17.83,30.10,-85.14,290.25,-19.62,1332.83,113.07,10.19,11.26,0
1273.330,-7.280284,112.797003,1.28,38.51,-24.08,142.09,84.31,292.50,-26.68,286.10,3164.27,11.57,10.71,3
1273.340,-7.280572,112.796585,3.35,28.71,19.77,11.28,-55.36,294.75,-3.85,3312.15,254.41,10.76,11.08,4
1273.350,-7.280738,112.796412,2.38,-15.89,32.14,24.12,-1.50,297.00,-5.22,1682.23,1966.45,10.76,12.55,3
1273.360,-7.280372,112.796617,0.40,6.66,29.96,37.45,129.54,299.25,27.89,2237.45,1376.61,10.42,10.87,4
1273.370,-7.280449,112.796912,0.67,21.04,-16.32,95.18,1.87,301.50,23.01,4012.91,3153.33,11.50,11.35,0
1273.380,-7.280519,112.796952,2.00,-11.25,-31.06,-48.47,176.86,303.75,-29.18,4732.49,3995.58,10.71,11.51,4
1273.390,-7.280012,112.797111,2.42,37.12,36.80,38.30,-110.35,306.00,31.31,5718.06,3254.46,12.13,11.20,3
1273.400,-7.280441,112.797488,3.02,-26.00,31.54,70.47,63.05,308.25,20.65,3335.11,4166.29,12.47,11.27,4
1273.410,-7.280312,112.797532,1.10,-34.41,-10.37,-2.85,-85.81,310.50,-2.76,1389.31,4971.11,12.30,10.53,4
1273.420,-7.279430,112.797506,0.10,29.27,8.77,-105.16,-107.76,312.75,-3.28,3909.55,1940.13,11.42,11.01,0
1273.430,-7.279701,112.797655,0.88,5.68,35.61,-117.41,-75.42,315.00,-12.33,3194.96,10.61,10.18,12.45,2
1273.440,-7.279982,112.797144,2.76,25.33,-1.70,44.81,31.10,317.25,-5.69,4587.41,2991.60,11.47,12.57,0
1273.450,-7.279207,112.797013,1.05,10.42,-6.87,118.43,124.10,319.50,-10.32,1801.95,4478.76,10.32,12.50,2
1273.460,-7.279599,112.796924,0.01,0.83,19.07,15.14,-161.15,321.75,20.98,5296.31,4936.27,12.27,11.68,1
1273.470,-7.279621,112.797757,2.54,13.43,-35.71,-70.22,104.48,324.00,-31.40,856.37,3836.59,10.81,10.87,0
1273.480,-7.278972,112.797720,3.38,37.18,16.78,-17.95,-74.32,326.25,32.75,3381.56,1367.13,10.86,12.03,4
1273.490,-7.279676,112.797117,2.25,-35.55,18.53,85.27,-170.67,328.50,16.12,4451.53,2515.51,10.91,10.13,2
1273.500,-7.279258,112.797753,1.85,-18.89,-11.67,177.53,-17.15,330.75,20.15,3557.11,1237.35,10.34,12.37,3
1273.510,-7.279364,112.797566,1.07,4.33,-34.46,-65.46,107.81,333.00,22.53,1972.03,2732.69,10.23,12.34,2
1273.520,-7.279588,112.797452,3.27,4.19,-18.96,-145.06,-178.54,335.25,11.18,2514.91,4165.09,10.23,12.52,0
1273.530,-7.278934,112.797471,3.20,-29.20,18.60,5.94,90.39,337.50,-12.03,5518.19,5614.88,12.15,11.05,4
1273.540,-7.278807,112.797729,1.80,-0.99,-9.96,109.85,15.42,339.75,-9.40,5187.37,2332.93,10.74,11.82,1
1273.550,-7.278594,112.798025,2.23,-20.94,13.76,-50.97,-111.48,342.00,-1.47,189.01,5279.83,10.20,10.55,0
1273.560,-7.279350,112.797840,2.83,25.45,-5.43,-156.86,-18.86,344.25,31.71,2398.79,2108.48,10.14,11.98,1
1273.570,-7.278886,112.798108,0.40,5.68,13.50,-146.01,5.31,346.50,22.77,3393.38,1680.96,11.62,11.38,4
1273.580,-7.278570,112.798383,0.63,27.40,-0.68,-39.35,9.17,348.75,-16.60,2601.45,3067.57,11.12,10.42,2
1273.590,-7.278744,112.798485,3.26,2.46,-5.98,14.50,57.04,351.00,24.71,130.58,1211.83,10.63,11.49,2
1273.600,-7.279041,112.798549,1.11,23.23,-13.11,10.74,147.38,353.25,-16.46,2484.21,5584.15,10.08,10.73,0
1273.610,-7.279271,112.798636,0.33,-38.37,-2.38,120.67,-50.08,355.50,31.27,5522.18,2954.35,11.37,12.34,4
1273.620,-7.279060,112.798405,1.96,1.16,13.84,-117.73,28.14,357.75,-1.19,3353.93,2048.73,10.34,12.49,3
1273.630,-7.280147,112.799013,0.20,-28.22,3.00,-27.48,-167.55,0.00,-12.52,2875.91,2696.30,11.39,12.21,3
1273.640,-7.280182,112.798612,3.28,-17.63,17.86,130.49,-39.41,2.25,5.15,3125.18,3093.03,10.00,10.94,3
1273.650,-7.280195,112.798590,2.83,22.59,26.99,-105.44,6.62,4.50,1.22,2019.24,303.47,12.25,11.48,1
1273.660,-7.280827,112.799424,1.99,-35.14,19.86,78.66,87.44,6.75,-0.18,96.96,1648.82,11.03,11.48,3
