275.990,-7.283732,112.799011,3.39,26.60,14.23,-17.60,156.85,171.00,26.83,1608.00,4784.60,12.43,12.02,2
276.000,-7.283220,112.798910,0.20,25.65,25.53,102.42,106.72,173.25,-0.16,2677.60,4377.53,10.72,10.16,0
276.010,-7.282833,112.798608,1.99,20.40,23.52,84.93,86.68,175.50,-5.44,3828.29,5521.36,11.37,10.82,2
276.020,-7.282880,112.799083,2.30,2.88,9.24,52.79,168.44,177.75,-6.60,303.99,1051.85,10.70,11.65,0
276.030,-7.283810,112.798674,0.01,-15.33,-35.96,33.27,-101.50,180.00,15.54,270.05,87.81,10.50,10.86,0
276.040,-7.283005,112.799273,3.38,-2.47,14.34,68.04,152.88,182.25,15.14,566.53,2758.64,10.45,11.44,2
276.050,-7.283406,112.798583,1.58,-26.43,8.80,23.07,-70.10,184.50,18.46,5356.86,5606.39,11.46,12.44,2
276.060,-7.283779,112.798683,1.38,-17.96,13.54,-153.65,149.67,186.75,-10.93,895.78,1275.02,12.51,11.34,3
276.070,-7.283742,112.798822,2.86,37.86,-10.96,7.21,83.48,189.00,-15.03,5915.56,4904.82,11.45,10.40,2
276.080,-7.283452,112.798425,1.72,-34.83,-9.65,-32.94,129.09,191.25,-0.87,866.66,5649.80,10.48,10.31,0
276.090,-7.282873,112.798487,1.45,-22.80,17.97,178.25,156.58,193.50,-5.51,820.38,4569.74,12.02,12.09,4
276.100,-7.283094,112.798846,0.82,-37.76,-36.61,-2.15,20.25,195.75,16.33,4484.09,5477.89,10.09,12.29,3
276.110,-7.283786,112.798057,1.26,-30.47,17.39,46.50,-61.64,198.00,8.90,2944.82,4299.51,12.48,12.09,2
276.120,-7.283031,112.798707,2.71,29.38,-20.42,29.45,128.16,200.25,21.70,2908.45,1867.24,11.97,12.10,0
276.130,-7.283033,112.797872,2.35,35.59,-13.83,129.24,-92.10,202.50,34.54,839.45,3138.34,10.06,10.15,0
276.140,-7.283029,112.798421,1.45,25.47,38.71,-51.38,-7.34,204.75,31.20,4547.61,2969.28,10.71,10.52,4
276.150,-7.283642,112.798118,3.02,30.64,-18.36,140.59,-11.38,207.00,32.93,3931.41,235.61,10.18,11.04,3
276.160,-7.283351,112.798079,2.59,38.96,-12.76,-17.68,-12.18,209.25,12.27,68.75,4427.54,10.78,10.05,3
276.170,-7.283069,112.797671,3.01,-5.27,27.23,22.37,90.05,211.50,20.61,5606.99,3119.19,10.34,12.35,1
276.180,-7.283589,112.798148,1.48,23.11,3.48,107.32,167.30,213.75,26.24,5155.11,3645.33,11.15,11.75,2
276.190,-7.283379,112.797898,1.49,2.69,-10.84,102.58,163.31,216.00,-7.63,1535.86,739.15,11.62,10.72,3
276.200,-7.283365,112.797870,1.78,-35.35,-3.73,91.41,-72.75,218.25,29.95,3858.09,949.49,12.38,12.44,4
276.210,-7.282804,112.797328,2.72,-25.70,-35.18,-45.36,-48.85,220.50,-22.52,3160.69,4991.29,10.53,11.09,4
276.220,-7.283150,112.797153,2.04,20.07,-37.98,-27.13,32.12,222.75,-19.85,24.24,4695.33,11.33,10.76,4
276.230,-7.283004,112.797383,1.69,-17.39,-2.58,-1.28,91.64,225.00,3.55,5161.01,4981.83,11.64,10.78,3
276.240,-7.282841,112.797604,3.22,0.43,17.50,-59.06,-152.98,227.25,-14.31,3087.45,2653.26,11.01,11.03,0
276.250,-7.282399,112.797258,0.47,-30.86,-19.53,-74.82,-80.96,229.50,20.56,4979.82,1568.93,11.75,10.03,3
276.260,-7.282678,112.797369,0.43,-6.15,-19.24,-90.35,22.06,231.75,-16.36,658.03,2513.91,10.51,12.51,1
276.270,-7.282247,112.797087,2.34,15.98,-14.61,-63.48,-15.39,234.00,-19.52,2164.39,487.85,11.25,12.25,2
276.280,-7.282279,112.797576,0.79,-32.44,-22.87,139.88,157.00,236.25,31.64,1020.16,2302.42,10.75,10.58,4
276.290,-7.282767,112.796695,2.32,11.33,10.86,-175.46,75.04,238.50,-19.15,286.96,1541.44,11.23,11.10,4
276.300,-7.282439,112.797282,0.46,28.00,-39.23,52.35,-114.50,240.75,4.96,3046.74,2188.03,10.67,11.03,2
276.310,-7.282076,112.797077,2.58,32.27,33.22,36.71,-136.45,243.00,30.77,2717.47,2663.31,10.72,12.29,0
276.320,-7.282200,112.797231,2.16,4.91,28.17,-62.73,-58.49,245.25,14.47,2874.66,303.21,12.22,11.87,3
276.330,-7.282264,112.797071,1.33,11.75,27.29,-13.54,119.42,247.50,-7.91,1699.05,2869.25,11.31,11.42,3
276.340,-7.282412,112.797273,0.85,33.51,24.06,174.97,-128.54,249.75,31.01,22.65,1724.47,10.79,10.90,4
276.350,-7.282538,112.797284,3.08,18.52,19.39,38.90,20.49,252.00,-24.14,4731.80,889.25,11.85,11.75,2
276.360,-7.281902,112.797113,3.31,-2.53,2.30,135.67,80.66,254.25,-8.42,622.63,4671.79,11.55,10.85,4
276.370,-7.282434,112.796695,1.55,-35.25,-31.68,32.29,179.63,256.50,-20.81,5363.41,3750.01,11.10,12.15,3
276.380,-7.281451,112.797188,1.99,1.15,-11.40,-161.01,145.91,258.75,30.30,5037.02,2701.51,10.14,11.77,4
276.390,-7.281471,112.796959,2.72,25.08,30.65,135.04,-78.75,261.00,22.30,882.45,2860.95,10.46,11.62,2
276.400,-7.281974,112.797050,1.05,22.92,-25.81,-157.95,122.85,263.25,18.69,1847.19,3057.01,12.41,11.43,4
276.410,-7.281727,112.796753,0.01,-10.96,39.44,96.78,0.98,265.50,-19.95,948.53,3726.61,10.14,11.11,4
276.420,-7.281139,112.797165,0.06,-4.97,-22.01,0.86,-138.20,267.75,-30.00,5749.58,915.42,11.63,12.00,0
276.430,-7.281350,112.797096,2.59,29.98,-25.13,-72.76,-22.21,270.00,-21.42,1501.59,1839.37,12.03,10.91,4
276.440,-7.281170,112.796456,0.12,-1.57,-18.95,-169.52,48.74,272.25,-3.83,3196.63,3368.87,11.33,10.47,1
276.450,-7.281337,112.796772,0.51,-16.99,-12.11,-8.80,140.27,274.50,2.39,584.34,5638.52,10.40,10.27,0
276.460,-7.281679,112.796206,2.90,-6.26,-0.66,-82.65,-169.01,276.75,-4.06,3317.00,4281.55,10.29,11.91,2
276.470,-7.280876,112.796903,3.20,12.75,-7.58,79.77,177.32,279.00,27.56,4137.09,828.01,11.94,10.45,4
276.480,-7.280974,112.796904,3.22,34.19,-17.15,-125.05,-119.57,281.25,15.92,5723.34,1198.36,12.28,11.83,1
276.490,-7.281305,112.796548,2.99,-39.40,27.48,61.55,-7.18,283.50,-23.49,2266.50,1266.26,12.41,11.28,0
276.500,-7.281333,112.796813,3.50,-32.59,-32.30,-2.21,135.70,285.75,10.84,3166.89,2379.67,12.40,11.96,4
276.510,-7.281103,112.797000,2.26,21.97,-1.03,-126.42,-86.53,288.00,-20.25,1885.59,116.81,12.37,11.32,2
276.520,-7.280422,112.796368,2.32,17.47,23.67,84.36,147.14,290.25,-31.85,3165.43,3595.42,11.97,10.79,1
276.530,-7.281096,112.796539,1.74,-9.22,-28.31,-63.64,-145.90,292.50,26.92,5682.19,3528.16,12.03,12.35,3
276.540,-7.280275,112.796576,2.80,26.14,18.19,-139.02,-179.92,294.75,8.45,4090.56,4510.86,12.34,12.34,3
276.550,-7.280003,112.797217,0.67,-35.85,21.11,-102.14,81.22,297.00,-33.67,3004.40,3214.65,11.79,11.47,2
276.560,-7.280373,112.796742,2.75,-11.04,-15.22,-75.93,49.14,299.25,-34.63,1909.22,5858.26,11.54,11.77,2
276.570,-7.280018,112.797141,1.67,-17.56,-36.83,155.96,11.63,301.50,-27.23,2581.87,3400.51,10.27,12.55,2
276.580,-7.280546,112.796465,0.43,-3.73,19.22,-148.22,89.07,303.75,1.86,1230.33,2892.81,10.77,10.04,3
276.590,-7.280292,112.796718,1.24,-24.55,7.72,-99.37,130.39,306.00,-8.67,4086.43,322.80,12.45,12.11,3
276.600,-7.279841,112.797364,2.45,32.75,-21.65,156.80,-128.43,308.25,-10.64,159.11,2426.86,11.71,10.78,4
276.610,-7.280439,112.797047,1.15,-25.42,-33.08,176.13,4.12,310.50,-19.59,135.38,209.72,10.42,11.73,3
276.620,-7.279941,112.796999,0.67,-8.05,28.29,-109.70,110.77,312.75,-28.82,1657.56,4496.62,10.17,10.23,2
276.630,-7.279590,112.797596,1.65,7.66,-21.04,-132.37,-87.43,315.00,14.08,5051.27,2523.89,12.33,11.75,3
276.640,-7.280010,112.797371,0.56,38.43,-3.69,-178.61,26.02,317.25,-15.37,1768.85,2253.12,12.05,11.85,1
276.650,-7.279891,112.797809,1.75,31.76,25.95,-57.90,-66.75,319.50,-25.69,3146.66,2237.00,10.43,12.31,0
276.660,-7.279095,112.797446,2.27,32.33,-9.16,-132.64,-2.14,321.75,-17.53,1184.11,720.64,11.81,10.09,0
276.670,-7.279727,112.797581,2.93,16.34,-19.29,-23.35,-52.33,324.00,13.52,4424.08,786.76,12.03,12.38,2
276.680,-7.278992,112.797118,2.85,36.66,-14.41,178.72,-140.88,326.25,1.78,4965.66,116.28,12.28,11.35,4
276.690,-7.279106,112.797868,0.24,31.60,6.15,157.37,131.67,328.50,-19.60,2049.46,4050.89,11.37,11.74,0
276.700,-7.278923,112.797745,2.16,23.03,22.06,64.69,55.82,330.75,31.97,441.46,372.64,12.44,12.59,0
276.710,-7.279323,112.797996,0.10,-18.28,-0.24,76.10,63.83,333.00,32.75,875.55,4912.39,10.37,12.14,4
276.720,-7.279432,112.797607,0.12,25.91,31.11,-160.44,-99.59,335.25,-17.56,4837.11,2767.49,10.83,10.70,1
276.730,-7.278971,112.798253,1.87,-25.15,20.01,-148.88,74.62,337.50,-12.79,5068.58,3706.47,10.94,10.27,0
276.740,-7.279055,112.798028,3.07,36.39,38.07,-46.41,147.54,339.75,-14.75,3948.39,5945.94,11.87,10.20,0
276.750,-7.279052,112.798341,0.17,-37.72,-11.40,-106.29,115.09,342.00,-14.43,4803.58,5167.35,10.72,11.80,1
276.760,-7.279330,112.798011,0.80,-30.97,-37.90,77.74,153.36,344.25,17.68,1616.62,2697.96,12.41,12.24,0
276.770,-7.278969,112.797854,0.82,-4.96,23.73,98.78,-1.97,346.50,12.59,3962.94,5737.53,10.91,10.66,1
276.780,-7.279261,112.798806,0.10,-16.06,-20.14,-19.00,125.26,348.75,-10.58,2248.35,417.83,10.45,10.41,2
276.790,-7.279411,112.798457,1.50,-34.95,11.62,46.45,-169.24,351.00,3.39,1083.06,5151.01,10.26,10.44,1
276.800,-7.279436,112.798578,3.01,-14.44,19.02,56.24,-71.49,353.25,-33.02,5733.89,2489.23,10.00,10.38,2
276.810,-7.279020,112.798541,1.45,-4.91,-13.28,-144.69,117.41,355.50,15.94,3353.32,2064.82,10.20,10.39,1
276.820,-7.279270,112.798647,3.08,11.95,-33.07,-17.80,98.85,357.75,-17.48,4792.66,2561.98,12.49,11.59,2
276.830,-7.280305,112.799188,2.45,26.03,-1.04,36.44,42.72,0.00,13.73,2497.61,1682.53,12.35,10.00,0
276.840,-7.280724,112.798488,3.32,-29.28,29.17,34.88,-18.19,2.25,-29.90,5689.99,4171.88,12.45,10.54,3
276.850,-7.280754,112.799128,2.35,-39.67,-21.20,151.77,-109.67,4.50,27.13,965.37,702.22,11.40,12.34,3
276.860,-7.280358,112.798617,2.64,-25.22,25.44,48.69,-95.35,6.75,-18.95,2388.37,5037.98,11.06,11.65,1
276.870,-7.280549,112.799290,2.34,-1.13,30.43,99.65,30.77,9.00,-1.44,1680.27,5603.68,10.91,10.94,3
276.880,-7.280197,112.798710,0.73,-25.02,30.50,77.23,-175.53,11.25,13.19,5468.40,172.37,12.15,12.56,1
276.890,-7.279968,112.798796,1.46,-15.64,36.72,-107.84,63.19,13.50,30.16,2271.95,4864.44,10.58,11.87,3
276.900,-7.280943,112.799544,0.09,15.41,23.21,-3.63,149.24,15.75,-13.16,612.68,5477.53,11.40,12.50,0
276.910,-7.280737,112.798833,0.22,-18.19,-13.67,-138.86,22.76,18.00,-5.51,3987.26,2921.85,11.00,11.58,0
276.920,-7.280082,112.799437,2.69,7.92,18.93,116.06,61.17,20.25,18.74,259.34,2894.66,11.23,11.15,4
276.930,-7.280501,112.799257,2.66,-31.38,-6.05,-94.08,-4.68,22.50,8.01,4186.19,4619.33,10.52,12.29,2
276.940,-7.280005,112.799442,3.42,-37.99,-36.29,-129.09,102.80,24.75,0.94,1707.41,4926.78,11.90,10.89,2
276.950,-7.280458,112.799003,3.20,-17.41,-8.88,-140.81,99.67,27.00,4.56,4816.33,3698.16,10.03,12.44,4
276.960,-7.280781,112.799164,1.94,-15.18,37.58,124.44,40.03,29.25,14.52,5790.72,1751.10,12.54,10.54,3
276.970,-7.280115,112.799462,0.18,22.66,25.96,-142.72,160.94,31.50,-13.96,815.92,1094.14,11.76,10.82,0
276.980,-7.280962,112.799259,1.62,23.66,22.52,-122.13,55.38,33.75,-31.52,4783.14,5613.90,10.88,12.52,2
276.990,-7.280642,112.799446,2.71,15.98,14.00,-19.58,35.34,36.00,-20.23,3847.75,4025.60,12.41,12.35,0
277.000,-7.281003,112.799170,0.14,-37.53,18.88,-61.92,-148.58,38.25,25.96,3862.31,5788.30,11.54,11.06,0
277.010,-7.280899,112.799614,2.30,-9.84,-39.91,23.28,160.31,40.50,28.15,698.63,1324.49,10.63,11.60,3
277.020,-7.280734,112.799684,2.90,8.65,-10.19,-99.14,-106.01,42.75,-29.11,5449.44,451.05,11.61,11.72,2
277.030,-7.280330,112.799605,3.39,18.72,0.12,123.18,81.86,45.00,-4.93,3725.77,5127.22,10.08,11.86,2
277.040,-7.280444,112.799937,0.30,27.68,32.67,37.59,67.90,47.25,19.63,5196.30,452.51,11.17,11.67,0
277.050,-7.280710,112.800304,2.68,9.52,-23.42,79.09,16.97,49.50,32.29,4778.78,2104.56,12.14,10.27,4
277.060,-7.281131,112.800082,0.89,-27.87,5.13,4.26,-67.70,51.75,-12.26,882.49,4349.72,10.36,10.55,1
277.070,-7.280302,112.800115,2.93,26.87,6.52,145.19,108.08,54.00,30.56,1772.00,4449.51,11.13,11.60,4
277.080,-7.280393,112.799992,1.00,-10.30,35.75,-137.77,-98.48,56.25,6.03,50.64,687.36,11.28,10.50,4
277.090,-7.280760,112.799619,2.84,30.32,-2.89,116.24,-90.97,58.50,16.62,5058.87,756.05,12.43,11.40,1
277.100,-7.280743,112.800509,1.22,-37.81,-1.00,37.69,79.98,60.75,-19.40,3015.99,3483.22,12.24,12.27,1
277.110,-7.280893,112.799970,0.07,-3.96,33.15,-33.50,-154.01,63.00,-7.81,4929.95,5290.46,10.81,10.85,1
277.120,-7.280712,112.800259,2.03,9.70,3.77,-127.69,60.01,65.25,16.62,2574.60,1152.46,11.32,11.03,2
277.130,-7.281236,112.800251,0.53,35.18,29.90,-128.70,-64.62,67.50,10.60,4937.18,4121.29,12.21,10.98,4
277.140,-7.280947,112.800504,2.73,32.76,-32.87,14.28,123.95,69.75,31.65,5985.39,1281.18,12.25,12.14,1
277.150,-7.280845,112.800056,2.54,16.30,-29.57,54.64,-79.55,72.00,14.98,2153.92,4154.32,12.30,10.65,0
277.160,-7.281504,112.799964,1.95,39.73,25.53,110.22,-137.39,74.25,-24.07,1971.77,2464.46,11.03,11.22,2
277.170,-7.280734,112.799784,1.68,-24.61,-12.60,-91.78,146.23,76.50,32.09,4241.09,2811.29,12.28,11.22,2
277.180,-7.281581,112.800138,1.12,-5.74,-38.33,-7.90,146.10,78.75,-21.48,2391.41,2645.28,10.19,11.14,1
277.190,-7.281666,112.800280,2.86,-15.89,-25.65,149.64,-178.18,81.00,24.47,4320.98,5838.01,11.54,11.66,1
277.200,-7.281282,112.800066,2.35,12.29,-36.83,-129.41,85.46,83.25,-5.11,3586.14,2486.89,12.50,10.25,1
277.210,-7.281426,112.799814,2.90,1.87,-13.07,-45.47,-31.59,85.50,-28.48,3244.82,4654.33,12.03,10.57,1
277.220,-7.281917,112.800055,0.05,38.78,-11.34,37.41,160.69,87.75,12.85,4452.58,2636.17,12.02,10.73,1
277.230,-7.281537,112.800062,2.78,36.76,28.97,144.81,139.49,90.00,10.65,2055.96,2620.18,10.96,11.98,1
277.240,-7.281644,112.800685,1.56,33.65,6.23,-148.57,-129.55,92.25,-1.70,1646.02,3458.37,11.51,12.14,1
277.250,-7.281782,112.799900,1.09,-27.07,8.87,116.63,131.17,94.50,22.43,3470.40,1620.89,10.01,10.89,3
277.260,-7.281761,112.800456,1.78,-31.93,-11.99,-120.54,-172.75,96.75,14.28,5223.12,4051.29,10.00,12.09,1
277.270,-7.282118,112.800351,2.72,-31.01,-30.17,65.59,-47.02,99.00,22.17,5696.08,1499.47,12.14,11.55,3
277.280,-7.281962,112.800462,0.42,-8.97,34.68,-28.25,137.96,101.25,33.81,4382.05,3733.84,10.08,12.11,4
277.290,-7.281511,112.800645,1.61,21.98,26.91,131.15,156.02,103.50,-14.37,3027.81,2652.91,12.32,10.61,4
277.300,-7.281761,112.800009,2.88,17.17,34.17,105.35,140.78,105.75,-5.15,4014.67,2574.92,10.33,12.29,2
277.310,-7.281827,112.800479,0.31,-34.05,24.73,-39.58,-119.14,108.00,28.50,956.09,5062.38,12.08,10.92,3
277.320,-7.281643,112.800400,2.09,2.54,-3.65,-13.01,36.57,110.25,-2.35,5678.93,3487.16,12.55,11.58,3
277.330,-7.281933,112.800170,3.02,-10.58,9.58,-70.65,-97.31,112.50,-2.67,2020.06,417.53,11.25,11.94,0
277.340,-7.282598,112.800295,0.58,33.78,7.22,-114.82,3.52,114.75,-33.86,3661.52,2500.60,10.56,10.73,0
277.350,-7.282541,112.800058,3.12,-12.86,-0.58,118.61,-60.52,117.00,28.03,4089.24,1896.64,10.79,10.66,4
277.360,-7.282585,112.800567,2.00,-15.70,-8.31,105.42,28.95,119.25,-8.21,4973.94,2410.83,10.16,10.94,1
277.370,-7.282640,112.800337,2.82,1.27,-3.24,125.10,155.68,121.50,10.91,4375.12,3165.51,11.12,12.56,3
277.380,-7.282005,112.800222,1.36,-27.83,-18.93,18.60,-56.37,123.75,32.95,1862.12,3751.00,10.05,12.59,3
277.390,-7.282054,112.800651,2.87,-3.06,4.74,-118.27,-31.39,126.00,13.74,5982.70,3875.29,11.04,11.13,2
277.400,-7.282005,112.800113,1.20,-13.00,-21.41,19.14,-71.46,128.25,28.40,1031.49,3678.14,12.28,10.25,4
277.410,-7.282161,112.799615,1.18,16.53,34.54,84.48,-74.02,130.50,15.90,5211.15,1412.28,11.30,12.16,1
277.420,-7.282873,112.800047,0.89,-18.78,36.37,-90.05,41.19,132.75,-33.55,4716.00,3254.21,11.24,10.69,0
277.430,-7.282262,112.799775,1.27,2.73,2.58,21.18,-146.84,135.00,25.75,4563.10,1829.92,11.17,12.53,1
277.440,-7.282787,112.800243,1.37,25.26,-12.13,156.62,-40.26,137.25,-11.87,216.19,3224.15,10.20,10.46,2
277.450,-7.282331,112.800258,0.13,22.30,1.58,-33.49,165.24,139.50,-8.20,5351.36,1718.56,11.55,11.11,1
277.460,-7.282922,112.799637,0.37,27.51,36.95,134.32,-12.12,141.75,27.88,1605.12,1023.60,11.79,12.36,2
277.470,-7.283186,112.800129,3.10,-39.02,-11.47,-30.05,70.01,144.00,-32.44,5385.13,2048.51,11.80,11.45,0
277.480,-7.282903,112.799516,0.56,-37.94,38.05,-118.49,-150.63,146.25,-19.89,3334.49,2218.73,10.97,12.25,0
277.490,-7.282593,112.799440,0.18,-2.43,-21.18,-71.16,115.65,148.50,-18.35,4352.68,5854.10,11.17,10.37,0
277.500,-7.282943,112.799559,2.80,31.02,-32.46,53.63,84.22,150.75,-34.39,3937.61,5632.55,12.58,11.70,2
277.510,-7.283128,112.799459,1.44,36.49,-0.32,-137.48,-61.00,153.00,-11.43,1650.77,4829.11,11.54,12.38,1
277.520,-7.283409,112.799670,2.02,31.33,10.90,-49.33,-173.76,155.25,-30.16,913.39,2262.93,11.73,10.71,3
277.530,-7.282981,112.799310,1.55,-18.49,39.74,114.14,52.04,157.50,-33.99,4178.73,1341.63,10.40,12.04,4
277.540,-7.283070,112.799886,2.30,6.64,3.34,143.03,0.14,159.75,-32.60,870.53,405.01,10.95,11.27,1
277.550,-7.282814,112.799046,0.83,33.48,-5.66,-90.25,119.63,162.00,-6.77,3985.25,5867.42,12.07,10.64,1
277.560,-7.283145,112.799535,1.26,23.61,-2.62,43.91,-91.88,164.25,32.38,372.27,493.31,12.30,10.19,2
277.570,-7.283382,112.799159,1.49,-24.72,-22.37,-162.84,9.39,166.50,25.77,1517.67,3256.67,11.66,11.75,2
277.580,-7.283116,112.799528,2.72,-31.79,-34.36,-164.81,101.85,168.75,23.29,3084.98,3564.42,10.25,11.52,1
277.590,-7.283521,112.799170,0.21,-34.34,32.53,-26.05,-54.99,171.00,29.28,198.58,5922.05,10.86,11.19,1
277.600,-7.283751,112.798786,1.97,-29.74,32.75,-83.68,-109.53,173.25,-27.32,3968.72,3608.40,10.88,10.31,4
277.610,-7.282881,112.799414,2.79,12.27,14.33,-10.06,-168.55,175.50,1.01,5713.56,3136.57,11.27,11.95,1
277.620,-7.283032,112.799053,3.17,-5.19,-16.12,-94.46,-178.66,177.75,-18.61,5652.47,220.88,10.41,10.75,1
277.630,-7.283059,112.799377,1.66,-30.78,22.25,6.71,-91.28,180.00,23.00,660.03,2068.10,11.28,12.10,4
277.640,-7.282910,112.798989,1.70,-8.35,8.20,78.55,100.44,182.25,4.05,3293.18,1437.74,11.42,10.74,1
277.650,-7.283585,112.798979,0.55,19.95,17.24,-159.27,-92.42,184.50,17.19,3026.17,5806.62,10.04,11.46,2
277.660,-7.283101,112.798920,2.73,-24.65,12.89,-96.79,-28.83,186.75,21.91,3154.31,2779.95,12.29,11.07,4
277.670,-7.283512,112.798606,2.08,38.31,-22.54,-143.16,71.89,189.00,-10.57,559.47,520.78,11.27,10.87,3
277.680,-7.283202,112.798369,0.08,-13.02,15.79,29.88,-50.92,191.25,21.54,4427.64,4198.46,12.07,12.09,3
277.690,-7.283166,112.798058,0.40,-30.46,1.69,-50.50,141.08,193.50,-32.74,5946.06,5923.36,12.47,12.10,2
277.700,-7.283617,112.798875,2.46,29.92,33.28,-15.38,74.83,195.75,-2.95,1599.72,2277.61,11.15,12.16,1
277.710,-7.283168,112.798658,1.90,36.16,21.94,-135.88,3.52,198.00,-2.03,3984.27,2386.68,11.91,10.33,4
277.720,-7.283359,112.798202,1.16,2.28,32.77,-36.67,22.88,200.25,11.45,2713.86,2342.42,11.25,10.27,0
277.730,-7.283124,112.798331,0.83,-24.54,39.59,151.25,-9.44,202.50,10.48,2906.87,3992.76,11.97,11.44,1
277.740,-7.283408,112.797913,1.40,-9.30,-40.00,147.69,-173.86,204.75,-2.80,5098.37,3114.93,10.47,11.69,4
277.750,-7.283684,112.798417,1.37,-11.65,25.29,-50.12,-126.70,207.00,-31.61,5862.47,5781.87,11.49,12.23,4
277.760,-7.283035,112.798343,0.82,3.50,24.53,109.44,-161.09,209.25,21.36,4925.58,3378.02,10.11,12.23,1
277.770,-7.283266,112.797674,0.44,-23.45,39.41,-29.12,141.46,211.50,-18.15,5197.40,3549.80,11.57,10.85,1
277.780,-7.283484,112.797829,0.63,-34.30,-18.60,-169.34,91.88,213.75,1.79,596.39,2814.26,12.06,11.79,3
277.790,-7.282834,112.797652,3.33,-10.31,39.89,-113.12,1.01,216.00,33.36,3630.10,3863.42,12.49,12.44,0
277.800,-7.282890,112.797758,0.63,-33.62,-39.30,-122.03,-165.49,218.25,-31.78,4784.62,4943.37,11.53,11.21,2
277.810,-7.282563,112.797441,3.43,-38.08,22.51,1.19,2.14,220.50,-26.40,1365.26,4103.48,12.24,12.31,2
277.820,-7.282716,112.797784,3.31,-19.10,38.38,174.07,-109.79,222.75,-29.66,5651.09,2107.34,12.44,11.23,2
277.830,-7.283062,112.797632,3.23,-28.84,13.08,125.36,-28.88,225.00,-3.23,4771.22,4842.13,11.96,11.45,3
277.840,-7.282710,112.797271,1.23,15.79,-9.05,3.42,84.34,227.25,13.11,2684.22,2773.59,10.45,11.19,1
277.850,-7.282756,112.797044,2.47,15.54,-1.30,177.57,82.50,229.50,9.55,2560.35,32.07,10.44,11.62,3
277.860,-7.283145,112.797573,0.41,-18.99,-29.63,-25.35,-121.33,231.75,-13.35,3518.56,2147.77,10.66,12.17,0
277.870,-7.283025,112.797065,1.32,34.73,22.69,-54.83,-127.74,234.00,-1.76,395.25,1113.57,10.03,11.25,2
277.880,-7.282263,112.797625,2.65,0.27,-36.87,81.55,-32.18,236.25,-14.03,462.93,4236.96,11.29,11.50,4
277.890,-7.282353,112.796724,1.86,3.53,-19.49,147.90,-63.39,238.50,-2.55,3876.57,4745.24,12.48,10.84,3
277.900,-7.282956,112.797393,0.58,-25.79,1.16,22.32,170.66,240.75,30.97,5902.22,189.84,12.39,10.85,1
277.910,-7.282836,112.797376,2.40,-7.16,14.40,-132.14,151.55,243.00,10.97,4914.88,3171.74,11.13,11.88,4
277.920,-7.282713,112.796758,2.35,37.07,23.00,-32.43,96.82,245.25,2.34,5887.32,3394.00,10.35,10.77,3
277.930,-7.281807,112.797062,0.69,26.59,38.51,-103.63,-168.49,247.50,20.11,3430.39,729.28,11.00,12.22,4
277.940,-7.281982,112.797336,1.09,22.27,-19.62,-159.49,-96.01,249.75,-18.14,206.50,2177.19,12.50,12.55,2
277.950,-7.281777,112.797240,1.05,1.70,24.49,-126.30,-151.76,252.00,28.02,5976.64,5274.47,10.77,10.35,2
277.960,-7.282553,112.797243,1.97,25.63,-18.33,-24.80,147.96,254.25,21.86,1123.39,4296.03,10.68,11.54,0
277.970,-7.282249,112.796779,1.48,-33.44,38.27,2.38,-52.69,256.50,-2.09,1793.02,4058.77,11.63,10.30,0
277.980,-7.282367,112.796658,3.05,23.49,37.95,-149.19,15.91,258.75,-18.88,4803.87,5483.15,10.41,11.85,2
277.990,-7.281871,112.796842,2.20,8.18,-17.12,154.40,-70.31,261.00,-22.33,1567.83,124.89,10.31,11.75,2
278.000,-7.281301,112.796963,2.70,34.45,10.66,-99.57,164.84,263.25,27.50,4365.98,2718.94,11.23,11.06,1
278.010,-7.281537,112.797090,3.41,17.25,-11.20,56.99,4.39,265.50,-4.63,1994.24,4860.93,11.36,10.42,4
278.020,-7.281908,112.796528,0.57,-9.42,-8.48,99.70,50.16,267.75,-15.77,3241.82,434.90,11.12,12.35,0
278.030,-7.281537,112.796399,3.28,-37.99,-21.84,108.57,126.12,270.00,11.63,315.58,1129.60,11.88,10.03,1
278.040,-7.281900,112.796394,2.31,1.53,36.11,-178.18,176.32,272.25,-17.45,1717.08,1910.74,11.34,10.85,2
278.050,-7.281824,112.796207,0.33,-16.01,3.31,137.86,48.03,274.50,27.80,769.29,3582.94,10.16,11.19,2
278.060,-7.281335,112.796234,0.93,-34.71,-13.89,-122.11,144.29,276.75,2.89,2417.61,3417.59,10.17,10.08,3
278.070,-7.281131,112.796622,0.46,-16.78,10.12,-126.90,-130.28,279.00,30.05,2340.96,3111.96,11.47,11.66,2
278.080,-7.280930,112.796711,1.55,23.58,20.16,-97.21,18.28,281.25,21.23,3930.48,1849.77,12.46,11.93,0
278.090,-7.281038,112.796237,0.25,6.06,-22.39,-55.10,-46.01,283.50,12.16,2479.41,2779.72,12.08,12.17,4
278.100,-7.281247,112.796283,1.58,16.72,37.55,-93.06,87.65,285.75,32.28,4034.34,3268.26,12.14,11.76,4
278.110,-7.281283,112.796430,3.35,-7.54,36.90,-73.35,-106.51,288.00,18.65,4054.90,4476.80,10.85,11.23,3
278.120,-7.280847,112.796836,0.96,-30.78,1.98,45.96,97.70,290.25,12.46,2796.04,716.90,11.73,12.58,4
278.130,-7.280521,112.796501,2.42,36.56,-21.08,-30.27,-105.07,292.50,15.55,1979.28,5392.08,10.17,11.94,4
278.140,-7.280416,112.797227,3.48,35.25,-9.07,123.89,-158.55,294.75,-12.04,1949.63,331.40,11.37,10.33,2
278.150,-7.280706,112.796527,1.57,-38.56,22.46,-89.55,-79.98,297.00,-24.56,2743.87,4258.26,11.40,10.07,1
278.160,-7.280197,112.796848,0.36,-17.78,17.35,145.11,-93.00,299.25,24.20,3965.33,2089.33,10.20,11.96,4
278.170,-7.280527,112.797234,0.39,36.61,-25.36,85.20,-45.07,301.50,26.37,2464.17,3603.64,12.57,11.24,2
278.180,-7.280644,112.796742,2.84,-9.27,35.69,38.25,-93.11,303.75,32.17,979.92,228.73,11.98,10.55,4
278.190,-7.280098,112.796910,3.14,-9.50,-25.20,-123.93,-134.73,306.00,23.65,183.31,3553.98,10.09,12.19,4
278.200,-7.279597,112.797467,1.31,0.50,-2.73,-17.53,-44.91,308.25,31.91,5901.96,5847.30,12.11,11.13,4
278.210,-7.279606,112.796927,3.02,38.32,34.81,74.82,-52.19,310.50,-15.99,2628.64,3966.28,12.02,11.09,3
278.220,-7.279717,112.797537,1.03,-28.14,12.74,112.30,137.50,312.75,-33.92,1795.99,5486.78,10.00,11.20,0
278.230,-7.279719,112.797232,0.66,-34.70,-39.20,-28.68,76.32,315.00,31.88,4545.63,2227.41,11.61,10.51,4
278.240,-7.280221,112.797245,1.04,-7.01,-2.29,-126.70,-83.14,317.25,28.97,3242.39,3855.30,11.89,10.07,4
278.250,-7.279220,112.797126,3.29,-20.28,32.00,25.33,-156.65,319.50,-21.85,2926.50,1266.01,10.92,11.91,3
278.260,-7.280034,112.797779,2.59,-17.48,-20.33,-14.31,136.36,321.75,-23.15,916.84,1735.59,10.29,10.26,0
278.270,-7.279733,112.797478,1.46,-4.05,8.05,-16.67,-71.09,324.00,-20.06,271.15,676.55,11.33,10.94,3
278.280,-7.279057,112.797352,1.76,39.40,18.26,104.31,-6.43,326.25,-32.29,3183.58,5003.30,10.01,10.25,0
278.290,-7.279491,112.797197,0.25,-5.67,21.33,-115.64,44.19,328.50,24.47,2462.98,108.10,11.18,11.47,1
278.300,-7.278922,112.798018,2.90,32.82,-3.57,-96.42,-73.22,330.75,18.21,1879.64,2164.41,11.20,10.34,1
278.310,-7.279698,112.798062,0.28,-32.03,25.55,-161.57,177.36,333.00,33.86,5873.25,936.27,11.80,10.76,4
278.320,-7.279453,112.797367,0.58,26.90,30.50,87.45,33.59,335.25,-12.88,5460.48,3936.33,12.43,10.42,2
278.330,-7.278899,112.797911,1.29,-3.39,3.85,-156.40,-86.48,337.50,6.70,308.53,1433.55,12.33,10.68,4
278.340,-7.279473,112.798497,0.17,-9.21,7.73,-148.77,71.16,339.75,-29.40,2302.14,1757.52,11.88,11.05,2
278.350,-7.279357,112.798060,1.84,-36.18,30.40,-67.52,-21.36,342.00,-23.88,2868.90,5474.82,10.84,11.04,3
278.360,-7.279225,112.797798,3.45,8.34,31.42,115.50,-164.44,344.25,13.97,3234.53,5172.31,12.35,12.20,3
278.370,-7.279453,112.798232,0.06,-19.98,27.73,145.94,33.15,346.50,-24.51,4209.74,3304.45,11.05,10.95,0
278.380,-7.278707,112.798031,1.77,5.17,36.14,-141.64,-120.00,348.75,28.25,4275.48,2041.98,11.16,10.93,4
278.390,-7.278841,112.798386,0.22,32.48,20.00,-130.37,-14.15,351.00,-25.00,1581.79,101.77,11.88,12.12,3
278.400,-7.278448,112.798531,0.28,10.08,29.93,-39.02,-157.31,353.25,-12.78,3408.88,3195.32,11.21,10.38,3
278.410,-7.278934,112.798246,3.43,30.06,-3.63,-169.24,-42.57,355.50,-7.57,909.31,4181.17,11.53,11.21,1
278.420,-7.278931,112.798447,1.25,-34.38,-10.93,10.43,177.48,357.75,7.31,285.53,954.62,12.40,10.50,0
278.430,-7.280636,112.798896,0.15,35.98,-24.27,-55.46,-66.08,0.00,4.45,1860.15,4558.89,10.48,11.06,1
278.440,-7.280882,112.798904,0.54,12.40,36.08,75.34,-20.50,2.25,4.10,3572.30,2300.77,10.58,10.91,4
278.450,-7.280780,112.798844,1.83,37.70,10.80,7.97,-164.13,4.50,-5.32,1260.83,5605.57,11.08,10.56,4
278.460,-7.280921,112.799289,2.42,12.22,29.58,92.47,-84.96,6.75,13.11,4626.62,719.89,11.09,12.12,4
278.470,-7.280543,112.799190,2.04,-26.98,36.02,-132.59,134.55,9.00,-23.73,4558.18,2773.27,10.26,10.99,3
278.480,-7.280036,112.799507,2.08,-20.63,-34.73,132.98,42.98,11.25,15.22,816.46,516.69,11.39,11.89,0
278.490,-7.280188,112.799473,1.81,-15.01,16.88,161.27,111.94,13.50,10.89,1809.28,4094.19,12.42,10.08,0
278.500,-7.280387,112.799636,2.29,-19.75,-21.87,-78.98,-134.44,15.75,-31.54,326.31,2465.15,10.93,12.15,3
278.510,-7.280673,112.799580,3.21,-22.89,-36.20,-43.18,-143.26,18.00,34.42,496.66,5721.15,10.77,10.34,3
278.520,-7.280444,112.799616,3.04,25.09,4.52,170.54,-124.60,20.25,1.19,2580.31,4068.58,11.59,10.37,3
278.530,-7.280895,112.799357,1.67,39.60,11.45,-15.36,23.50,22.50,26.76,21.89,4921.36,11.57,10.31,1
278.540,-7.280739,112.799840,1.51,31.17,-34.70,-62.23,132.04,24.75,-11.81,3066.80,5938.93,11.35,10.30,2
278.550,-7.280233,112.798938,0.50,3.86,-35.72,166.61,-86.31,27.00,-11.35,4336.52,2627.29,10.24,12.48,2
278.560,-7.280714,112.799423,2.86,36.54,-20.21,-70.98,29.48,29.25,25.41,703.47,488.28,12.08,12.38,2
278.570,-7.280679,112.799011,1.28,21.53,31.91,-69.83,124.00,31.50,20.39,1133.25,3915.64,12.16,11.75,2
278.580,-7.280927,112.799980,2.17,16.32,-3.10,65.23,-48.51,33.75,-10.69,3547.91,4861.00,11.88,10.90,1
278.590,-7.280768,112.799942,0.41,15.50,26.55,16.80,87.34,36.00,-24.39,3570.23,2268.91,11.67,10.20,4
278.600,-7.280280,112.800065,1.58,-25.96,19.23,43.87,-34.40,38.25,26.39,816.33,1374.25,11.78,11.79,2
278.610,-7.280926,112.799899,0.95,-34.84,-11.26,11.80,-24.29,40.50,-27.59,3293.01,635.60,10.76,10.58,1
278.620,-7.280407,112.799614,3.15,25.62,23.05,149.46,-165.50,42.75,9.64,1812.58,4631.48,10.89,10.53,2
278.630,-7.280493,112.799270,1.24,-7.97,-14.57,80.99,-54.40,45.00,-23.60,3482.63,2637.20,11.61,10.77,0
278.640,-7.281142,112.799715,1.24,25.43,-10.62,-14.51,35.63,47.25,5.41,2159.79,2039.77,11.08,11.74,2
278.650,-7.281049,112.799967,2.72,-20.35,-10.52,42.56,53.10,49.50,31.17,3058.39,5089.14,11.00,10.72,2
278.660,-7.280712,112.799504,0.44,-17.48,26.13,-40.86,-15.88,51.75,-4.38,1618.26,809.80,12.42,10.22,0
278.670,-7.280875,112.799684,2.01,8.44,-6.05,-144.34,136.55,54.00,-29.26,5438.06,2643.18,11.01,10.72,2
278.680,-7.280505,112.800380,1.91,24.74,27.45,154.04,119.95,56.25,34.21,924.15,5086.63,12.16,11.71,4
278.690,-7.280945,112.799563,2.00,30.77,28.90,96.39,-88.24,58.50,-18.36,3332.87,5372.36,12.20,10.11,2
278.700,-7.280725,112.799655,0.72,14.29,-4.02,-147.92,-156.15,60.75,18.24,2864.11,2924.39,11.10,11.65,2
278.710,-7.280662,112.800007,2.10,18.83,37.11,-46.71,33.05,63.00,-24.19,3820.02,3235.90,10.99,11.83,4
278.720,-7.281011,112.800240,1.94,1.34,4.55,131.24,-83.44,65.25,-26.31,1214.58,1819.52,11.98,10.49,0
278.730,-7.280709,112.799870,3.39,-33.87,4.87,-84.41,78.36,67.50,-14.56,873.89,4838.18,10.48,12.42,4
278.740,-7.281396,112.800500,2.07,-6.86,-31.24,30.16,48.59,69.75,-29.60,1715.09,2129.10,10.79,10.30,4
278.750,-7.281097,112.800016,0.36,-23.74,3.87,-33.58,-52.15,72.00,31.69,2373.52,4871.44,10.66,11.64,2
278.760,-7.280936,112.800445,3.02,21.59,-38.11,-57.16,-111.51,74.25,21.74,1675.64,1741.98,10.95,10.43,1
278.770,-7.281134,112.800558,1.14,-36.41,24.05,-15.15,-143.30,76.50,28.70,583.85,3945.48,10.69,11.61,4
278.780,-7.281061,112.800706,0.61,8.90,12.04,-161.26,135.71,78.75,-31.89,84.76,5072.74,12.53,11.73,4
278.790,-7.280902,112.800619,2.25,20.97,4.87,57.01,93.79,81.00,28.11,524.38,1851.32,10.10,11.96,3
278.800,-7.280993,112.800303,3.03,-38.07,-12.73,136.55,163.36,83.25,32.76,1537.69,2001.64,10.23,12.59,3
278.810,-7.281053,112.800194,1.18,17.33,31.05,51.20,-141.72,85.50,-28.52,3379.33,212.52,11.69,11.00,2
278.820,-7.281867,112.800327,2.69,-0.40,10.40,37.81,97.86,87.75,-18.63,5585.97,2324.58,12.04,12.46,2
278.830,-7.281668,112.799873,2.71,19.38,28.98,-44.84,-68.78,90.00,-1.70,5700.42,120.05,12.50,11.93,3
278.840,-7.281608,112.800580,3.02,4.83,2.89,29.36,-21.84,92.25,15.95,4062.05,1700.78,11.40,10.53,2
278.850,-7.281532,112.800604,0.02,-38.41,22.43,72.46,73.79,94.50,-3.37,974.31,3456.05,11.44,10.88,3
278.860,-7.281664,112.800803,3.45,28.69,-35.71,-146.20,68.61,96.75,-15.72,570.25,4014.74,10.17,11.16,4
278.870,-7.281673,112.800549,2.71,-26.56,-21.38,60.06,171.98,99.00,-14.04,63.42,4433.27,11.97,12.42,4
278.880,-7.281955,112.800024,0.36,14.99,8.97,2.98,31.02,101.25,-16.44,3853.36,1285.25,11.31,10.18,2
278.890,-7.281579,112.799963,0.92,-30.92,37.61,-15.91,4.63,103.50,24.87,3708.12,3428.22,12.58,12.24,0
278.900,-7.281726,112.800741,2.71,6.04,-28.86,-118.86,-126.29,105.75,-26.78,3422.67,5735.95,10.60,11.78,2
278.910,-7.282177,112.800115,0.82,-6.28,24.60,-62.93,-34.07,108.00,-19.19,4283.99,4412.25,11.78,10.26,1
278.920,-7.282021,112.799965,1.06,-0.34,24.70,18.95,-158.23,110.25,-28.00,4315.75,597.54,11.08,11.58,3
278.930,-7.282113,112.800457,2.58,18.29,16.91,-74.13,50.27,112.50,-32.88,3695.74,5274.78,11.72,12.26,1
278.940,-7.281657,112.800061,1.41,-25.71,-30.02,147.31,-168.15,114.75,-24.43,5975.30,4534.36,11.96,11.16,0
278.950,-7.282126,112.800261,2.45,19.11,-39.08,-81.37,-104.27,117.00,32.81,2603.51,1763.54,10.97,11.52,3
278.960,-7.282235,112.800238,1.41,6.08,35.83,-134.11,-161.24,119.25,31.63,5459.63,5047.18,10.51,11.97,1
278.970,-7.281844,112.800310,1.28,33.39,-26.88,82.99,-49.38,121.50,0.30,31.60,2265.79,11.81,10.59,2
278.980,-7.282358,112.800290,0.92,16.37,35.77,-10.21,166.03,123.75,11.73,1742.04,4905.65,10.31,11.92,1
278.990,-7.282260,112.800412,2.22,38.14,7.05,-122.98,-150.17,126.00,28.47,5247.32,4925.34,12.42,11.02,4
279.000,-7.282491,112.799875,0.19,14.81,27.23,63.14,39.28,128.25,-25.82,88.05,3327.85,12.44,12.29,3
279.010,-7.282411,112.799711,0.28,-15.47,-0.28,-152.13,63.58,130.50,29.71,349.12,4423.46,10.80,12.04,2
279.020,-7.282279,112.800162,1.29,39.49,23.88,52.62,34.19,132.75,28.08,5291.39,4602.66,12.44,12.23,0
279.030,-7.282187,112.800261,3.26,-17.11,38.55,-169.18,-148.13,135.00,-27.18,2037.33,340.81,12.57,11.98,3
279.040,-7.283055,112.800469,2.35,5.75,-30.93,134.11,-89.65,137.25,15.91,1257.79,4779.06,10.08,10.76,1
279.050,-7.283208,112.799588,0.11,-21.51,-7.31,3.28,10.57,139.50,29.07,1402.02,389.65,10.69,12.10,1
279.060,-7.282752,112.800190,0.26,-16.74,13.48,15.36,-73.69,141.75,-4.71,3840.38,5340.39,10.30,11.15,2
279.070,-7.283003,112.799386,1.43,22.11,-3.25,177.12,-139.06,144.00,-0.10,4067.27,1836.10,12.58,11.48,0
279.080,-7.283139,112.799473,1.14,-24.56,17.92,-124.34,32.79,146.25,-21.69,236.05,3046.18,10.14,10.08,1
279.090,-7.283136,112.799958,1.52,13.01,19.73,-19.93,-81.23,148.50,32.36,341.53,2313.83,12.00,11.94,3
279.100,-7.283141,112.799927,0.42,32.99,-25.04,-88.29,-169.97,150.75,-0.05,5161.74,536.04,10.07,11.89,1
279.110,-7.282941,112.799914,2.69,10.98,10.21,142.76,-43.19,153.00,3.05,861.09,2497.20,11.62,10.64,1
279.120,-7.282746,112.799506,2.16,37.70,-29.23,-50.41,-145.14,155.25,-11.40,2832.90,2660.32,11.52,11.22,4
279.130,-7.283449,112.799479,2.99,16.72,-34.63,29.24,174.68,157.50,1.87,430.30,1597.99,11.90,12.39,3
279.140,-7.283068,112.799414,1.01,-5.41,-31.68,139.57,-50.55,159.75,19.56,1679.46,985.07,11.49,10.43,4
279.150,-7.283134,112.798959,1.61,24.96,26.16,2.84,-172.75,162.00,-27.57,3225.47,5335.40,10.30,11.89,0
279.160,-7.282843,112.799631,1.20,-2.05,16.16,172.48,83.75,164.25,11.75,3967.46,203.97,10.63,11.31,2
279.170,-7.283318,112.799731,0.76,16.36,-39.87,46.07,6.88,166.50,24.27,5509.94,409.62,12.45,12.28,4
279.180,-7.283667,112.799694,2.02,15.65,-13.92,51.15,2.40,168.75,-34.55,1596.33,1257.08,10.51,11.96,4
279.190,-7.283544,112.798693,3.32,4.26,-13.82,150.22,-89.71,171.00,23.90,327.26,5690.97,12.42,12.07,0
279.200,-7.283739,112.798821,2.06,-22.10,1.87,-156.43,0.54,173.25,-29.67,3959.25,1787.45,12.00,12.28,0
279.210,-7.282798,112.798558,1.78,12.76,-14.86,32.07,54.32,175.50,-0.41,1624.29,4669.53,10.59,11.22,1
279.220,-7.283628,112.798550,1.17,-39.23,-20.58,-109.99,-78.76,177.75,4.73,5170.83,2601.73,11.40,11.79,2
279.230,-7.283347,112.798496,3.48,-32.32,31.95,-164.28,97.09,180.00,10.33,3675.99,2418.72,11.15,11.45,4
279.240,-7.283001,112.798995,3.03,-5.11,13.88,157.20,-13.01,182.25,13.21,2988.23,2445.93,10.58,11.85,4
279.250,-7.283260,112.799129,1.38,-5.71,25.38,0.18,-13.24,184.50,-20.38,3787.95,5749.39,11.87,11.92,2
279.260,-7.283210,112.799061,2.20,3.81,-0.24,97.46,126.22,186.75,1.54,3754.62,5337.21,12.41,10.26,0
279.270,-7.283412,112.798531,0.38,-22.78,27.89,20.14,-86.26,189.00,9.50,3994.20,2544.93,12.20,10.76,1
279.280,-7.283010,112.798828,0.92,-32.85,-8.44,-17.12,65.76,191.25,-0.70,4939.87,5749.86,12.38,12.18,0
279.290,-7.283044,112.798595,2.89,-24.86,-2.39,101.26,40.69,193.50,-33.53,4274.10,3405.70,11.54,12.49,0
279.300,-7.282970,112.798049,3.00,-4.11,24.64,18.24,-161.99,195.75,-4.22,3193.36,3873.99,11.56,10.33,1
279.310,-7.283068,112.798598,1.21,-33.74,34.41,-19.23,125.61,198.00,-26.44,4754.33,52.34,12.41,12.50,3
279.320,-7.282859,112.798098,3.24,-6.18,29.78,-34.40,-136.67,200.25,-6.36,4939.49,1679.44,11.08,11.68,0
279.330,-7.283245,112.798640,1.31,-7.12,-22.63,-70.63,-103.65,202.50,1.21,1166.58,5034.07,11.43,11.44,0
279.340,-7.283636,112.798002,1.02,3.29,11.81,-7.23,-111.75,204.75,4.91,426.60,1435.31,11.32,11.26,2
279.350,-7.283530,112.798376,0.95,22.06,22.84,-164.11,-89.93,207.00,22.25,662.99,419.43,10.10,11.46,0
279.360,-7.283540,112.797788,1.28,-23.76,8.67,116.52,-97.20,209.25,-24.54,3755.94,2503.91,11.95,11.35,0
279.370,-7.283638,112.798260,1.19,5.77,17.98,144.38,167.11,211.50,23.72,4561.08,2924.59,11.30,11.01,4
279.380,-7.282689,112.797458,1.75,0.64,-18.63,131.06,-48.70,213.75,-24.26,2899.14,3818.86,11.79,10.14,2
279.390,-7.283062,112.798087,1.83,-17.22,33.39,8.74,161.04,216.00,32.96,2786.53,3699.71,11.77,11.98,1
279.400,-7.282585,112.797269,0.01,-25.10,7.10,-8.49,162.41,218.25,-8.56,4500.68,347.13,10.04,10.22,0
279.410,-7.282542,112.798106,2.09,7.98,19.40,-81.51,72.01,220.50,7.66,3429.24,3010.57,11.38,11.51,0
279.420,-7.282996,112.797097,1.02,9.35,17.65,-78.84,128.27,222.75,-25.81,4935.54,3920.76,10.77,12.58,4
279.430,-7.282532,112.797193,0.82,-18.25,39.48,-78.16,-168.95,225.00,31.70,2390.39,2976.70,10.75,11.62,0
279.440,-7.282409,112.797176,0.56,0.61,22.56,140.35,32.28,227.25,-17.55,648.89,354.32,11.57,11.11,2
279.450,-7.282868,112.797693,0.11,-13.64,21.14,-148.21,91.53,229.50,-20.96,1615.85,5570.02,12.38,11.37,4
279.460,-7.282514,112.797422,2.50,-4.82,-32.80,-66.86,-117.03,231.75,6.24,1803.30,4174.70,11.22,11.17,3
279.470,-7.282215,112.796896,2.09,33.50,-6.90,-130.28,38.00,234.00,30.91,1497.46,1017.63,10.33,11.52,4
279.480,-7.282707,112.797430,0.00,11.06,-6.06,109.94,177.01,236.25,-14.47,749.10,1897.27,11.22,11.53,4
279.490,-7.282494,112.796967,1.47,3.74,22.98,156.17,176.88,238.50,28.94,165.54,1642.44,10.67,10.41,4
279.500,-7.282130,112.797368,1.76,5.04,-25.03,77.92,179.23,240.75,-12.37,3718.77,1315.91,10.74,11.62,3
279.510,-7.282823,112.797218,1.08,-13.47,-38.28,-78.65,-46.05,243.00,19.74,1763.83,4242.42,10.73,10.54,3
279.520,-7.282449,112.796521,1.50,20.09,9.35,-159.77,64.23,245.25,7.42,2805.33,2724.53,10.72,11.13,0
279.530,-7.282607,112.796798,3.21,-19.21,15.46,-104.86,-114.22,247.50,-7.85,68.81,5430.23,12.25,10.39,3
279.540,-7.281899,112.796829,3.24,-8.47,-21.12,-50.94,-96.35,249.75,29.69,1493.67,521.58,10.14,11.49,4
279.550,-7.282271,112.796660,3.07,-20.87,19.67,-128.74,45.78,252.00,3.43,3503.03,1155.70,11.65,10.43,1
279.560,-7.282142,112.797318,0.60,34.31,-26.91,83.84,25.05,254.25,-30.85,727.12,5470.38,11.10,10.93,0
279.570,-7.282325,112.797170,3.16,7.02,-20.48,-86.27,-162.28,256.50,-17.78,3011.14,2806.80,10.88,10.97,3
279.580,-7.282396,112.796802,0.37,13.69,16.11,3.43,45.41,258.75,-20.62,3369.06,5828.74,11.39,10.48,1
279.590,-7.281878,112.797048,1.45,-32.77,-4.38,166.69,-76.92,261.00,18.42,3438.85,2413.71,12.01,10.11,3
279.600,-7.281551,112.796389,0.17,-2.75,-37.44,119.24,117.26,263.25,-16.19,4649.86,3875.30,11.54,10.04,4
279.610,-7.281195,112.796440,1.84,0.17,39.45,-176.65,73.14,265.50,22.76,2607.26,584.28,10.65,12.22,1
279.620,-7.281833,112.796671,1.13,-0.66,-33.43,-27.88,66.66,267.75,16.67,3057.93,2107.48,10.25,10.82,1
279.630,-7.281885,112.796231,0.47,32.46,-22.23,-109.11,102.23,270.00,-28.66,1521.71,5462.28,10.97,10.54,0
279.640,-7.281826,112.796611,3.39,-3.64,-32.94,-145.59,-9.78,272.25,-23.88,5724.34,143.44,12.19,12.45,1
279.650,-7.281067,112.796435,1.54,-37.23,34.55,-47.48,-55.12,274.50,15.94,3323.22,2620.72,11.79,10.52,1
279.660,-7.281688,112.796589,0.03,-15.38,-1.57,93.03,105.77,276.75,1.83,1621.17,5475.86,10.20,11.21,4
279.670,-7.281303,112.796280,3.43,-31.02,31.90,38.26,11.55,279.00,13.34,2029.41,498.11,12.22,11.27,4
279.680,-7.280996,112.796761,2.25,-23.39,-15.88,61.73,-168.92,281.25,1.03,1589.40,3865.51,10.04,12.23,4
279.690,-7.281200,112.796639,0.87,-20.01,-34.39,53.71,139.69,283.50,16.02,934.48,1044.87,12.33,10.74,3
279.700,-7.280754,112.797192,0.45,11.83,2.26,-130.86,-160.84,285.75,9.33,1845.98,4706.52,11.05,10.23,4
279.710,-7.280596,112.797196,1.58,-22.96,4.90,149.54,150.07,288.00,-6.28,501.51,3936.16,10.38,12.35,2
279.720,-7.280386,112.796537,2.62,-26.11,-6.35,-172.87,77.23,290.25,11.32,4889.43,5976.48,10.04,10.16,0
279.730,-7.280802,112.796923,0.36,-26.61,-19.73,84.60,-163.47,292.50,-20.34,2893.68,1890.15,11.33,11.17,2
279.740,-7.280060,112.797214,1.47,36.77,-12.90,-158.79,-132.41,294.75,-6.79,3076.91,214.01,11.16,10.19,0
279.750,-7.280560,112.796736,1.74,23.86,-39.11,46.56,-60.96,297.00,6.18,1732.09,4681.12,10.84,10.83,2
279.760,-7.280542,112.797284,3.10,37.86,-33.23,97.44,166.94,299.25,-17.81,5504.70,3875.99,10.58,11.09,3
279.770,-7.280493,112.797328,1.88,-32.74,38.89,-11.63,-137.77,301.50,-21.28,989.49,5338.78,12.42,10.11,4
279.780,-7.280216,112.796692,0.11,-11.07,38.70,-18.96,157.11,303.75,33.82,3054.39,4540.40,10.27,12.47,0
279.790,-7.280574,112.797150,1.11,32.12,-36.41,28.55,37.94,306.00,14.76,5796.55,460.54,11.11,11.28,0
279.800,-7.280234,112.797156,2.68,-1.15,27.89,-103.69,5.51,308.25,0.80,5876.42,3886.44,12.51,10.23,3
279.810,-7.280000,112.796893,0.00,-25.22,17.91,-78.27,33.74,310.50,-31.72,4473.98,578.25,11.62,10.86,4
279.820,-7.279908,112.796962,0.09,-32.01,-14.50,165.80,10.52,312.75,33.75,3629.52,3500.66,10.29,12.22,4
279.830,-7.280054,112.797143,2.57,-25.34,33.74,110.71,149.42,315.00,20.75,4589.79,301.20,10.00,10.59,4
279.840,-7.280206,112.797005,1.03,25.02,31.95,-69.40,27.47,317.25,-24.99,3027.75,2177.10,10.72,12.44,4
279.850,-7.279684,112.797018,3.06,-37.93,-3.76,162.55,-64.96,319.50,33.06,5251.68,29.63,11.44,10.73,0
279.860,-7.279969,112.797422,2.05,17.46,30.72,59.68,-104.69,321.75,-1.06,4729.30,2101.20,12.37,11.93,3
279.870,-7.279428,112.797883,3.33,23.91,-21.80,-20.57,-140.11,324.00,-15.23,2547.43,1415.10,11.26,12.55,2
279.880,-7.279464,112.797919,3.29,-25.86,23.38,41.58,-149.86,326.25,-15.35,5502.66,4237.72,11.11,10.62,2
279.890,-7.279532,112.797847,0.15,20.24,-5.27,27.68,-75.36,328.50,11.95,475.18,5202.81,10.48,10.21,3
279.900,-7.279809,112.797357,0.54,-14.12,-16.06,-161.26,-62.62,330.75,12.63,5209.23,5561.96,10.06,11.93,3
279.910,-7.279398,112.797727,2.10,-26.42,2.06,-138.73,-18.05,333.00,-19.41,719.17,4754.47,11.99,10.61,3
279.920,-7.279388,112.797570,0.88,27.71,17.59,21.72,13.24,335.25,-31.47,4551.35,5765.85,10.19,11.58,2
279.930,-7.278704,112.798357,2.78,-8.20,-12.15,17.35,136.42,337.50,-15.67,1027.54,5163.09,12.00,10.25,3
279.940,-7.279062,112.798526,0.77,-29.79,16.30,-90.10,-12.16,339.75,16.55,4737.50,2809.39,10.97,12.54,3
279.950,-7.278643,112.798315,2.97,-33.95,-22.86,-48.22,-146.93,342.00,-25.82,757.97,4854.13,10.50,10.86,0
279.960,-7.278960,112.798394,0.41,27.78,12.77,-11.62,-161.84,344.25,4.34,4055.28,3292.66,10.12,10.65,1
279.970,-7.279323,112.797970,2.29,-0.12,-11.86,-60.50,-176.58,346.50,10.67,1852.08,673.73,12.38,12.48,2
279.980,-7.279448,112.798378,1.55,-9.02,-21.04,-93.99,-150.97,348.75,6.53,4167.11,4932.53,11.58,10.04,1
279.990,-7.279177,112.798680,0.62,33.07,31.95,6.55,-41.76,351.00,18.15,1092.62,2759.20,11.27,12.34,1
280.000,-7.278640,112.798992,1.06,36.42,-18.37,92.04,-58.51,353.25,-22.98,2017.46,2518.47,11.76,12.05,3
280.010,-7.278853,112.798248,3.26,-12.15,9.83,9.93,-152.15,355.50,29.18,5498.23,1908.20,10.75,12.29,0
280.020,-7.279075,112.799250,3.09,24.98,-5.01,-87.86,-163.52,357.75,30.36,4684.75,3516.88,11.89,10.22,2
280.030,-7.280218,112.799022,2.77,-15.62,-11.41,96.05,-22.74,0.00,-0.93,3292.30,261.66,12.16,10.17,3
280.040,-7.280460,112.798816,3.30,13.92,-35.65,-81.61,101.76,2.25,18.24,3675.09,3704.21,11.35,11.66,0
280.050,-7.280519,112.799082,1.25,-30.24,28.59,86.59,140.15,4.50,-10.85,2921.47,1068.65,10.46,10.21,0
280.060,-7.280715,112.799155,0.10,7.57,-30.23,50.90,-115.37,6.75,30.34,4977.83,1326.21,10.00,11.96,0
280.070,-7.280752,112.799344,0.06,32.82,-14.87,-128.76,60.12,9.00,15.36,184.33,3425.76,10.15,11.80,2
280.080,-7.280000,112.799120,0.06,-4.78,-0.45,141.87,-123.84,11.25,19.15,3020.02,5214.88,10.64,10.74,2
280.090,-7.280204,112.799487,0.00,-31.19,32.68,-120.10,-67.19,13.50,26.76,4372.84,498.01,10.12,10.89,2
280.100,-7.280575,112.798777,1.58,0.56,5.22,49.35,109.99,15.75,-21.80,4362.77,5052.56,10.78,10.65,2
280.110,-7.280946,112.799255,0.87,-29.58,-25.20,45.51,68.81,18.00,-18.63,273.06,3524.20,11.59,11.96,3
280.120,-7.280822,112.799719,3.14,-5.92,37.17,-148.27,89.02,20.25,21.47,5757.53,4934.01,11.45,12.34,2
280.130,-7.280157,112.799414,2.70,24.03,20.80,159.25,26.53,22.50,-5.01,2783.56,356.96,11.80,10.25,2
280.140,-7.280228,112.799853,0.06,-38.98,24.57,-135.85,128.68,24.75,-28.59,2562.49,1923.23,10.84,11.51,4
280.150,-7.280296,112.799712,0.92,35.57,2.74,-55.26,109.54,27.00,34.59,1631.13,2753.18,11.00,10.35,1
280.160,-7.280109,112.799350,1.68,-2.34,-39.36,-120.30,-179.40,29.25,-16.41,1266.69,1630.99,12.49,11.79,4
280.170,-7.280325,112.799929,2.35,-13.35,-36.93,-153.86,-65.59,31.50,-4.65,661.64,2702.37,10.31,12.24,0
280.180,-7.280616,112.799265,2.41,35.02,-17.40,3.64,72.32,33.75,-27.79,3634.65,3946.19,10.70,12.37,1
280.190,-7.280817,112.799187,2.29,3.72,21.36,-125.72,-42.06,36.00,23.90,5528.63,2131.55,10.61,12.00,0
280.200,-7.280202,112.799255,0.47,0.38,16.52,62.69,-20.69,38.25,24.53,3564.87,1464.47,10.40,10.95,2
280.210,-7.280763,112.799962,3.30,-20.76,13.44,51.47,159.31,40.50,25.01,2286.22,726.61,12.56,11.76,0
280.220,-7.280631,112.799230,0.10,-35.20,-35.30,178.43,-168.06,42.75,5.71,4726.17,3642.73,11.54,11.41,4
280.230,-7.280754,112.799862,2.31,31.44,17.76,134.25,37.96,45.00,-25.78,3879.46,1144.11,12.04,10.42,3
280.240,-7.280368,112.799975,1.62,-24.72,11.69,-108.32,-46.50,47.25,11.60,3552.61,3910.77,11.62,10.45,0
280.250,-7.281031,112.800111,1.96,-9.26,-5.71,9.40,-45.20,49.50,10.18,1405.85,4643.28,10.42,10.60,4
280.260,-7.280698,112.799739,2.00,-9.14,32.65,-74.15,-84.61,51.75,24.35,4012.42,5635.72,11.34,11.60,1
280.270,-7.280661,112.800152,1.71,-12.16,10.48,-19.99,138.21,54.00,21.75,5652.16,1.48,10.47,11.80,1
280.280,-7.280947,112.799992,0.54,27.86,35.84,48.14,59.99,56.25,-15.19,1337.87,5013.28,11.85,11.32,1
280.290,-7.281103,112.799733,0.20,22.40,-32.23,-2.95,175.33,58.50,-7.50,4354.59,1799.85,12.49,10.67,1
280.300,-7.280509,112.799661,3.06,23.62,36.23,-56.12,16.67,60.75,22.62,3676.70,5388.66,10.20,12.06,2
280.310,-7.281230,112.800344,3.35,-11.95,13.24,-30.62,116.41,63.00,-7.57,4968.61,674.28,12.02,10.19,2
280.320,-7.280886,112.800058,2.86,27.20,-4.83,-113.08,86.39,65.25,-31.16,3936.04,4477.33,11.39,11.02,2
280.330,-7.280780,112.799917,1.30,-35.47,-10.82,17.60,-78.68,67.50,6.61,5284.92,5345.74,10.15,12.08,0
280.340,-7.281115,112.800284,3.00,-19.52,-38.77,23.85,-49.75,69.75,-18.03,1998.87,3176.59,11.60,11.15,3
280.350,-7.280805,112.799926,1.97,-33.41,6.50,-101.72,157.52,72.00,7.16,4907.86,475.54,11.93,11.94,0
280.360,-7.281001,112.800246,2.15,-29.26,8.88,50.10,-112.31,74.25,-12.61,5568.94,3636.49,11.84,10.49,2
280.370,-7.281376,112.800647,0.04,-25.62,18.28,-35.95,62.28,76.50,-14.42,5547.06,2933.27,12.12,10.53,2
280.380,-7.281177,112.800546,1.32,23.96,-3.16,74.96,85.93,78.75,-30.08,4367.02,510.98,11.94,11.01,2
280.390,-7.281519,112.800177,2.37,22.32,0.44,85.42,168.22,81.00,-17.68,570.36,2836.65,10.33,10.05,1
280.400,-7.281345,112.800179,0.37,10.32,-4.85,-87.76,-144.87,83.25,32.63,3111.69,1437.45,10.77,11.38,1
280.410,-7.281280,112.799866,0.54,24.70,37.89,87.32,21.73,85.50,-23.87,696.03,3081.54,10.14,10.71,2
280.420,-7.281832,112.799848,0.07,1.14,-19.72,59.61,130.75,87.75,17.15,810.14,1702.30,11.42,11.37,1
280.430,-7.281535,112.800339,0.47,36.67,32.50,-0.21,61.80,90.00,19.69,1866.06,4344.09,12.41,10.82,0
280.440,-7.281396,112.800724,2.07,26.23,-36.18,-22.58,-114.26,92.25,21.05,1051.30,5751.04,11.02,10.52,2
280.450,-7.281278,112.800587,2.74,-12.17,-1.01,-5.39,-100.54,94.50,-20.11,4794.73,1607.67,12.45,10.61,2
280.460,-7.282017,112.800370,2.57,31.06,-32.82,44.17,77.98,96.75,13.66,2013.37,1642.69,10.31,11.59,0
280.470,-7.281584,112.800623,1.36,-11.32,27.52,16.77,-73.17,99.00,-27.96,1289.08,2712.69,10.77,10.43,1
280.480,-7.281912,112.799844,1.40,-0.10,12.95,-137.52,-78.38,101.25,-14.79,2646.02,3237.61,11.36,11.93,1
280.490,-7.282180,112.800795,0.99,-3.03,5.96,30.45,-46.14,103.50,-22.29,2020.02,1566.58,10.05,10.47,1
280.500,-7.281950,112.800008,0.66,6.57,-8.40,30.74,61.78,105.75,-15.14,3992.78,4773.34,11.41,10.59,1
280.510,-7.282227,112.799821,2.33,31.00,-38.42,91.02,45.45,108.00,-3.15,4961.67,2024.56,11.32,12.35,1
280.520,-7.282356,112.800307,2.79,-21.68,13.34,-0.22,-170.20,110.25,-19.80,1860.54,5499.87,11.30,12.10,2
280.530,-7.282173,112.800529,2.65,3.58,33.27,90.22,12.09,112.50,-27.78,5285.56,2136.43,10.40,11.81,3
280.540,-7.281852,112.800260,0.80,34.97,31.58,-163.00,165.17,114.75,1.51,1139.31,2067.07,10.31,11.08,0
280.550,-7.282212,112.800265,0.85,-27.82,37.37,99.09,19.82,117.00,20.20,4232.48,292.00,12.10,10.67,0
280.560,-7.281763,112.800657,2.80,34.08,-10.10,69.80,-29.07,119.25,31.61,3923.58,4617.18,11.23,10.65,1
280.570,-7.282587,112.799864,0.63,2.97,-0.07,155.01,-152.15,121.50,-1.83,5866.32,2347.68,10.83,12.08,0
280.580,-7.282537,112.800057,0.94,15.14,38.80,155.14,101.70,123.75,11.73,2924.88,2338.22,10.16,10.94,0
280.590,-7.282802,112.800309,2.75,3.80,29.98,7.47,133.16,126.00,-19.21,2338.91,541.47,11.22,10.02,3
280.600,-7.282808,112.800609,0.20,-2.63,-28.50,-96.94,100.10,128.25,-22.87,2337.77,677.58,11.00,11.72,2
280.610,-7.282549,112.799934,0.42,-32.25,-26.44,158.65,-84.90,130.50,-19.88,5049.70,2124.93,11.81,10.35,3
280.620,-7.282561,112.799875,3.37,-21.64,25.89,70.45,124.40,132.75,-11.18,3975.72,5256.12,10.79,11.30,1
280.630,-7.282488,112.800227,3.19,29.10,3.61,-116.85,39.88,135.00,-1.77,4312.28,895.87,11.23,11.66,1
280.640,-7.282562,112.800177,1.46,-23.47,-26.61,-77.79,90.72,137.25,31.07,5190.83,792.15,12.05,10.56,3
280.650,-7.283088,112.800388,0.99,37.09,-26.61,31.39,73.03,139.50,-20.47,464.07,1339.18,11.59,11.03,4
280.660,-7.282830,112.799463,1.78,30.75,29.71,-137.42,50.34,141.75,-25.98,5310.95,1631.23,10.95,12.24,4
280.670,-7.282390,112.799894,1.83,-11.87,0.53,-166.12,-19.81,144.00,7.14,3733.16,4621.63,12.46,11.81,2
280.680,-7.282864,112.799759,3.25,26.01,3.45,83.54,-48.77,146.25,16.52,4564.86,4581.63,12.00,10.64,3
280.690,-7.282931,112.799338,3.11,1.34,9.91,155.28,-8.33,148.50,-1.89,1234.14,1885.66,10.32,11.97,2
280.700,-7.282600,112.799282,3.43,4.95,-1.08,-139.61,159.55,150.75,0.95,5275.52,2730.60,10.86,11.92,0
280.710,-7.283061,112.799898,1.77,-3.29,-20.64,-137.10,-59.21,153.00,-4.24,4863.63,866.88,12.36,11.28,0
280.720,-7.282668,112.799445,2.87,-7.79,-19.78,-127.04,-39.06,155.25,-1.45,3579.60,3681.83,10.54,10.41,0
280.730,-7.282998,112.800014,1.37,12.80,-26.09,160.66,-161.32,157.50,-28.78,3827.52,3033.76,10.17,11.98,3
280.740,-7.283011,112.799505,2.26,28.25,36.95,-137.09,-123.49,159.75,-17.79,564.39,5769.98,11.38,10.77,1
280.750,-7.283412,112.799240,1.89,12.61,25.89,101.44,31.32,162.00,-15.03,2814.01,1233.45,11.78,11.20,2
280.760,-7.283058,112.799581,2.55,3.73,-9.10,22.69,-155.83,164.25,-8.64,2739.83,5857.10,10.37,10.83,1
280.770,-7.283639,112.799516,1.35,10.05,3.44,140.08,-169.67,166.50,8.68,2703.38,2963.02,10.30,11.78,3
280.780,-7.283392,112.798881,1.71,-39.87,-8.28,92.34,153.93,168.75,-33.22,347.88,1560.20,11.84,12.25,0
280.790,-7.283139,112.799027,0.77,-33.03,39.89,26.17,-25.88,171.00,12.28,3710.40,1674.85,10.98,12.39,2
280.800,-7.282902,112.799407,0.08,20.40,30.11,-137.87,17.05,173.25,10.61,1290.73,3893.74,11.84,11.02,1
280.810,-7.283613,112.799029,3.06,28.24,5.44,-101.23,116.98,175.50,-10.36,3436.05,5390.13,11.24,10.03,2
280.820,-7.283487,112.799230,0.19,-35.41,26.22,34.04,-157.68,177.75,30.22,724.58,4277.91,10.86,11.71,2
280.830,-7.283690,112.798933,0.96,-27.12,17.26,-173.42,-30.24,180.00,-27.75,189.60,2231.07,11.11,11.40,3
280.840,-7.283587,112.798623,1.02,35.17,25.07,133.32,49.43,182.25,-3.29,255.43,2149.76,10.43,10.62,0
280.850,-7.283142,112.798920,2.38,32.19,22.08,-177.69,45.68,184.50,17.10,2384.85,2467.24,11.06,12.11,4
280.860,-7.282955,112.798737,3.23,-26.05,7.91,-46.01,-137.72,186.75,-22.06,4609.95,5353.03,10.47,11.81,4
280.870,-7.282842,112.798217,0.83,6.78,29.13,-46.81,52.07,189.00,11.84,3760.66,2025.16,10.47,12.29,1
280.880,-7.283299,112.798437,2.84,33.74,32.71,-171.79,-114.32,191.25,1.77,2279.83,816.37,10.16,11.01,0
280.890,-7.282986,112.798679,1.26,6.99,-19.46,158.18,47.03,193.50,-32.15,4348.36,5550.14,12.46,11.20,4
280.900,-7.283789,112.798411,2.45,3.06,-13.86,-2.54,-36.50,195.75,19.03,3581.62,5224.46,10.26,11.19,3
280.910,-7.283115,112.798052,2.88,-18.82,-36.87,150.39,94.84,198.00,-8.03,5899.56,3165.54,11.42,10.28,0
280.920,-7.283080,112.798654,2.19,32.89,-39.36,-77.33,61.39,200.25,20.18,5610.99,871.56,10.85,12.23,3
280.930,-7.283315,112.798500,2.03,34.92,-28.43,-165.33,81.43,202.50,3.48,2552.68,2199.99,10.67,11.29,3
280.940,-7.283731,112.797793,0.79,10.36,28.27,128.82,177.46,204.75,8.91,551.55,202.00,10.92,12.01,4
280.950,-7.283225,112.797609,0.99,28.10,-9.49,50.01,-135.26,207.00,34.24,2427.39,4709.03,10.49,11.73,1
280.960,-7.283426,112.797486,1.10,34.16,7.34,39.33,150.12,209.25,22.68,4865.82,5089.33,11.13,11.54,3
280.970,-7.283209,112.798128,2.60,9.10,-2.49,-143.32,-1.53,211.50,-21.67,5849.65,4972.87,10.39,10.12,1
280.980,-7.282932,112.797812,0.78,25.63,-6.12,25.87,-2.42,213.75,-13.49,4922.50,5961.34,10.94,10.48,0
280.990,-7.282604,112.797286,1.79,-10.24,-30.61,-71.96,28.13,216.00,27.19,2723.18,1794.58,11.22,12.41,3
281.000,-7.283062,112.797346,1.57,11.88,-29.29,72.12,79.51,218.25,31.72,1428.61,4804.36,10.31,11.79,0
281.010,-7.283014,112.797669,2.57,-15.80,-13.34,80.68,111.80,220.50,-2.21,4265.76,461.36,11.21,11.51,3
281.020,-7.282818,112.797508,0.96,-15.17,30.17,-150.24,102.64,222.75,15.88,1144.23,774.48,10.18,12.31,0
281.030,-7.282687,112.797415,0.19,17.71,39.27,84.57,-162.26,225.00,12.98,4486.13,2977.12,12.55,11.18,3
281.040,-7.282655,112.797298,2.35,-24.81,22.62,4.87,92.52,227.25,22.79,428.59,5976.18,12.58,10.59,2
281.050,-7.282876,112.797142,2.06,19.08,-32.32,115.72,12.16,229.50,-5.08,4434.24,3966.10,10.12,10.28,2
281.060,-7.282817,112.797658,0.46,27.79,24.12,-38.89,121.64,231.75,17.35,2674.60,5849.21,11.35,10.06,1
281.070,-7.282238,112.797117,2.52,-8.48,-13.55,177.62,42.24,234.00,-32.19,5188.28,3348.19,10.14,11.42,4
281.080,-7.282638,112.797521,2.78,-6.86,-33.89,-7.00,-107.32,236.25,11.89,5924.52,5424.79,12.42,11.76,3
281.090,-7.282779,112.797436,3.14,5.62,-33.20,-30.22,-71.67,238.50,29.43,2761.01,2398.75,11.34,11.25,4
281.100,-7.282687,112.797524,3.48,-15.86,25.80,18.84,179.61,240.75,19.73,2377.35,4144.78,12.31,12.52,2
281.110,-7.282804,112.796704,0.77,-38.23,-14.33,-140.28,-45.32,243.00,17.35,117.31,3262.40,10.17,12.22,4
281.120,-7.282599,112.796641,0.97,-37.63,15.02,-18.97,144.88,245.25,-33.06,4117.57,4164.37,11.53,11.01,2
281.130,-7.282720,112.797403,1.29,-1.31,-13.82,36.00,10.97,247.50,-17.57,3191.18,1788.26,12.24,10.32,2
281.140,-7.282094,112.796682,0.75,27.33,-15.02,-15.20,-28.86,249.75,33.12,2985.09,1140.97,11.77,12.57,3
281.150,-7.282115,112.797234,3.45,-16.71,24.57,20.81,129.48,252.00,31.90,4551.43,4396.87,11.34,11.79,0
281.160,-7.282205,112.796647,0.41,8.67,7.41,16.04,-116.09,254.25,-11.42,3772.40,4983.16,10.79,12.30,1
281.170,-7.282246,112.796729,1.73,19.35,37.94,-45.73,-2.15,256.50,-12.87,354.23,4349.89,10.80,11.23,2
281.180,-7.282008,112.797095,2.17,-12.78,-1.79,74.22,169.03,258.75,-8.56,2823.36,1732.75,10.09,12.37,0
281.190,-7.281806,112.796905,1.74,31.75,1.19,-62.28,-138.10,261.00,-31.93,4438.61,3443.52,11.09,11.57,4
281.200,-7.281353,112.796917,3.16,-13.30,-4.93,25.81,166.38,263.25,33.20,1513.12,3803.38,11.58,11.35,2
281.210,-7.281877,112.797062,3.34,28.67,1.48,-143.82,-40.25,265.50,25.31,1958.76,3060.09,10.30,11.61,4
281.220,-7.282064,112.796345,1.87,9.15,-26.70,-55.74,-101.79,267.75,24.60,2206.32,5120.81,12.12,12.59,3
281.230,-7.281065,112.796664,3.34,6.60,-18.86,54.63,-61.89,270.00,-1.44,4245.69,523.56,10.46,11.17,0
281.240,-7.280987,112.796917,2.66,4.29,-13.81,-40.57,116.63,272.25,31.72,2842.09,5687.79,11.17,12.48,1
281.250,-7.281692,112.797097,2.11,-38.47,12.24,-144.32,-48.59,274.50,23.71,3308.62,4897.71,11.32,11.21,3
281.260,-7.281034,112.796755,1.46,21.15,-16.98,-127.17,52.58,276.75,31.24,1253.61,5582.85,12.23,12.04,2
281.270,-7.280924,112.796891,2.84,34.57,-36.13,-28.50,69.00,279.00,-4.96,1997.93,4295.33,10.24,10.85,0
281.280,-7.280628,112.796606,0.62,2.55,-11.08,-95.70,89.59,281.25,-12.04,5688.51,4614.42,11.89,10.25,3
281.290,-7.280932,112.796986,2.19,22.23,-2.83,44.08,10.57,283.50,-23.48,313.25,3931.04,10.93,11.85,0
281.300,-7.281233,112.797057,0.06,-19.44,-35.81,81.88,134.53,285.75,5.11,983.29,3339.94,10.80,11.54,0
281.310,-7.280994,112.796871,3.35,7.35,13.78,44.98,176.73,288.00,11.74,2646.57,2169.57,10.06,11.03,3
281.320,-7.280391,112.796405,2.20,22.98,10.02,-138.07,50.16,290.25,-33.58,2219.14,2661.69,11.03,10.82,2
281.330,-7.280841,112.797108,1.49,-11.82,13.53,4.55,-150.37,292.50,8.13,2864.14,758.98,10.14,10.22,1
281.340,-7.280089,112.796970,1.47,-35.12,14.49,126.62,73.19,294.75,0.74,5278.54,605.37,11.20,10.77,1
281.350,-7.280097,112.797311,3.46,-12.68,-38.98,-173.63,-41.00,297.00,22.20,3579.31,3137.65,10.46,12.36,3
281.360,-7.280607,112.796893,0.29,0.87,16.94,100.27,134.17,299.25,-24.43,4057.29,2988.38,12.18,11.72,4
281.370,-7.280518,112.796654,1.63,-11.91,-0.06,168.41,122.94,301.50,34.56,1588.27,2406.39,10.00,10.74,1
281.380,-7.280038,112.796931,0.00,-18.04,28.17,-154.90,144.00,303.75,30.08,454.97,4534.96,12.47,11.46,3
281.390,-7.280008,112.797347,2.80,24.88,-7.36,95.75,-96.95,306.00,-10.86,370.92,2565.17,12.15,11.98,1
281.400,-7.280142,112.797106,2.27,19.82,39.88,-100.26,9.02,308.25,11.40,5175.61,5456.70,10.11,10.14,0
281.410,-7.280206,112.796628,2.85,23.82,24.96,0.07,22.54,310.50,23.95,3794.62,1892.07,11.13,11.69,2
281.420,-7.280166,112.796750,3.41,-26.16,3.29,-90.55,6.98,312.75,5.13,4940.36,3259.90,11.54,11.85,0
281.430,-7.279826,112.796702,1.35,2.02,-16.69,-167.69,-166.45,315.00,-22.39,1124.35,4200.09,12.03,11.41,4
281.440,-7.280087,112.797752,3.30,-12.25,-9.20,124.07,-119.39,317.25,-20.75,1842.11,1348.70,11.65,11.79,1
281.450,-7.279316,112.797182,0.47,3.02,-21.10,-73.29,107.30,319.50,25.81,5957.83,1710.92,11.63,10.87,4
281.460,-7.279959,112.797221,3.13,16.46,17.13,-103.17,144.33,321.75,23.72,3919.86,2078.14,11.22,11.76,3
281.470,-7.279694,112.797687,3.36,-5.17,-10.07,158.55,-107.76,324.00,-33.84,4216.95,5375.09,10.78,10.75,3
281.480,-7.279743,112.797955,3.06,36.65,-20.61,-65.07,34.55,326.25,-7.66,5226.05,2142.95,10.30,12.10,3
281.490,-7.279470,112.797666,0.77,-23.94,-37.70,-77.94,-117.62,328.50,28.17,2625.72,916.82,11.40,10.89,4
281.500,-7.279085,112.798019,0.55,24.30,-19.31,168.54,-26.77,330.75,23.50,5628.07,848.05,11.91,10.64,1
281.510,-7.279160,112.797970,2.77,-30.76,-8.76,-13.31,-94.44,333.00,26.84,1031.60,2582.54,11.72,12.20,0
281.520,-7.279285,112.798206,0.55,-24.08,-0.66,22.33,-157.30,335.25,32.66,4384.91,4251.54,12.45,12.20,0
281.530,-7.279513,112.797604,0.93,-39.71,27.02,-43.32,-59.03,337.50,-17.65,2759.97,4761.17,11.01,11.97,0
281.540,-7.279226,112.797841,1.70,-24.79,1.27,164.73,37.49,339.75,22.56,3818.09,3347.46,11.01,10.50,4
281.550,-7.279105,112.798126,2.75,-5.15,-0.50,-136.87,-143.02,342.00,2.55,4433.01,4357.69,10.08,11.82,2
281.560,-7.279307,112.798153,2.29,-35.24,23.31,53.20,113.95,344.25,7.94,2912.18,3459.39,10.95,10.10,4
281.570,-7.279300,112.798044,0.00,9.86,-8.77,174.08,-96.87,346.50,5.28,2613.44,4924.25,10.25,10.58,4
281.580,-7.279364,112.798258,3.20,22.04,37.85,120.29,-168.44,348.75,4.42,415.03,1600.63,10.80,11.13,2
281.590,-7.278584,112.798392,1.01,-21.29,16.84,-8.86,-134.63,351.00,-33.35,1671.65,2821.45,10.09,10.84,2
281.600,-7.279195,112.798354,0.66,-0.92,-36.77,31.23,-0.32,353.25,-29.91,5107.70,2366.04,11.09,11.10,3
281.610,-7.278998,112.798745,1.85,-31.81,-23.00,143.81,138.40,355.50,30.59,3741.69,2472.97,10.82,10.55,4
281.620,-7.279014,112.798706,0.86,-38.17,-1.61,-40.41,-170.25,357.75,17.94,2722.31,2319.39,11.17,11.32,2
281.630,-7.280772,112.798886,1.70,6.78,34.23,-64.71,89.02,0.00,-3.90,3724.98,3432.18,11.82,11.13,3
281.640,-7.280496,112.799401,2.38,-28.35,-23.68,-72.94,-30.08,2.25,15.95,1620.21,4445.51,11.33,10.33,4
281.650,-7.280331,112.798900,0.45,-20.94,38.63,-78.47,-113.15,4.50,33.46,3679.62,3610.53,10.40,10.50,2
281.660,-7.280927,112.799471,0.59,11.04,13.16,113.53,-83.37,6.75,17.57,5017.27,1299.11,10.34,10.93,1
281.670,-7.280705,112.799476,1.12,2.53,-3.39,-20.13,-94.02,9.00,4.98,5375.78,2339.18,11.99,10.92,2
281.680,-7.280352,112.798685,2.67,38.35,-38.17,80.58,-140.86,11.25,-4.10,2731.48,2195.52,11.43,11.76,0
281.690,-7.280893,112.799595,1.48,0.08,-24.28,58.64,-148.55,13.50,-7.83,1296.10,115.64,12.52,11.67,3
281.700,-7.280061,112.799216,3.46,24.33,-11.77,-56.05,-12.41,15.75,18.95,1977.39,5872.98,10.90,11.23,2
281.710,-7.280063,112.799011,0.20,-29.31,19.21,-167.61,-133.25,18.00,-27.17,5724.16,5829.33,11.40,11.95,3
281.720,-7.280335,112.799044,0.53,-2.93,-6.07,-81.95,-17.07,20.25,-31.41,4445.53,5629.78,11.16,12.09,4
281.730,-7.280037,112.799273,3.38,-9.13,-13.46,122.41,-87.37,22.50,-12.53,4022.97,4405.08,12.05,10.93,0
281.740,-7.280497,112.799586,3.38,-36.48,7.59,-91.46,-42.02,24.75,10.63,314.26,3712.96,10.71,10.88,3
281.750,-7.280245,112.799185,3.13,-11.71,-31.88,137.60,167.06,27.00,15.20,3221.49,5560.26,11.77,11.49,3
281.760,-7.280859,112.799544,0.60,13.54,-3.30,14.47,-152.38,29.25,18.84,3756.77,3737.83,11.52,10.53,3
281.770,-7.280262,112.799391,0.07,19.66,-26.14,-96.06,-56.11,31.50,10.40,860.22,3849.85,11.14,12.09,0
281.780,-7.280611,112.799173,0.21,-37.06,33.45,49.05,108.90,33.75,-18.71,5236.30,4706.25,10.20,12.08,4
281.790,-7.280380,112.799133,2.57,-10.54,-7.88,-97.29,119.84,36.00,1.71,519.33,3832.74,10.05,12.01,0
281.800,-7.280890,112.799570,3.13,-21.66,-29.13,35.93,-119.90,38.25,5.51,5575.48,5219.00,10.06,10.68,0
281.810,-7.280275,112.799580,1.77,19.47,33.07,36.50,59.42,40.50,-5.06,5119.15,4154.64,12.36,12.07,0
281.820,-7.280543,112.799859,2.34,-4.00,-3.60,19.96,65.80,42.75,7.49,3571.49,4484.36,11.11,10.25,4
281.830,-7.281059,112.799317,2.72,-37.93,36.01,155.94,-53.31,45.00,3.00,105.28,3528.44,12.58,12.46,1
281.840,-7.280746,112.799713,2.22,21.52,4.57,43.25,-58.93,47.25,-2.85,5718.75,4531.37,11.93,11.48,1
281.850,-7.280778,112.800100,2.79,-37.10,22.35,175.03,-45.15,49.50,-24.67,2563.57,5537.81,12.09,11.39,3
281.860,-7.280494,112.799604,0.59,16.66,-21.34,124.91,72.00,51.75,22.77,4892.19,2989.21,10.76,10.60,0
281.870,-7.280751,112.799615,0.18,-25.12,34.68,150.05,50.84,54.00,-5.44,5912.47,1560.60,12.33,10.02,2
281.880,-7.280945,112.800286,2.49,-21.57,-8.02,10.86,24.24,56.25,3.40,1028.28,1425.85,12.35,10.37,3
281.890,-7.280795,112.799730,1.94,-23.65,-24.30,-147.11,46.68,58.50,26.32,4656.60,4883.45,11.32,12.02,0
281.900,-7.280564,112.799800,1.13,-21.92,-16.33,-23.33,73.45,60.75,1.32,3944.02,4880.87,10.87,12.15,0
281.910,-7.280452,112.800460,1.18,-31.40,30.38,110.82,11.15,63.00,-8.92,1018.09,3603.02,12.19,11.18,0
281.920,-7.280616,112.800390,2.88,27.04,-33.92,132.03,28.71,65.25,1.45,3721.14,86.22,10.17,11.81,4
281.930,-7.280946,112.799950,2.19,-13.24,11.35,2.72,-136.05,67.50,26.72,3867.57,131.96,11.97,11.53,1
281.940,-7.280798,112.800266,1.21,-32.93,-19.31,-8.79,-129.91,69.75,5.54,1194.90,3503.97,10.06,10.39,3
281.950,-7.280610,112.799888,2.23,22.03,-17.24,-74.04,-163.86,72.00,21.18,2307.58,2126.98,11.59,12.52,2
281.960,-7.281112,112.800396,1.71,-33.87,-18.24,32.46,4.81,74.25,20.87,98.19,109.04,12.44,11.51,0
281.970,-7.281115,112.800479,0.45,-13.45,34.10,73.99,-108.74,76.50,-22.38,5408.55,4486.48,11.00,10.42,1
281.980,-7.281153,112.800643,2.10,33.44,31.27,33.89,-18.11,78.75,-24.41,1705.92,3998.79,10.33,10.45,0
281.990,-7.281227,112.800466,2.01,-1.30,-23.64,5.77,-64.41,81.00,-6.55,3518.05,3558.66,11.91,11.54,1
282.000,-7.281206,112.800735,1.48,-30.18,11.88,163.82,75.03,83.25,9.64,4554.40,2921.89,10.68,10.69,2
282.010,-7.280992,112.800137,3.20,21.91,-19.39,-50.05,3.70,85.50,30.75,2185.52,5244.61,12.39,11.67,2
282.020,-7.281549,112.799956,1.16,12.74,-30.86,-94.05,-16.81,87.75,20.46,2913.70,2364.61,11.23,10.71,2
282.030,-7.281067,112.800769,1.46,-11.82,35.17,-91.63,7.67,90.00,-17.55,5691.42,1920.67,11.73,12.26,4
282.040,-7.282011,112.800133,2.82,29.29,-21.04,43.92,-8.55,92.25,7.00,3.92,1585.15,11.03,10.27,3
282.050,-7.281344,112.799908,1.89,-5.48,-3.04,-102.99,75.84,94.50,-20.42,1979.15,5571.81,10.42,12.28,0
282.060,-7.281845,112.800441,0.33,-13.41,-13.61,-92.67,-22.39,96.75,-23.39,3055.85,5321.28,12.47,11.62,2
282.070,-7.281840,112.800299,1.70,-6.75,31.70,-179.95,65.15,99.00,-20.43,2832.65,1017.50,11.04,10.05,4
282.080,-7.281511,112.800009,0.39,25.76,-18.51,111.41,-134.59,101.25,-9.58,5584.61,625.71,10.38,11.07,4
282.090,-7.281925,112.800308,2.18,-33.32,9.11,-178.68,57.34,103.50,-34.54,4542.69,2710.61,11.68,12.52,1
282.100,-7.281513,112.800035,0.02,8.62,-36.37,27.59,113.15,105.75,23.36,2799.09,1395.80,12.46,11.85,1
282.110,-7.282379,112.800085,0.71,-30.23,-4.27,171.69,-178.80,108.00,-21.82,4448.69,5898.34,12.20,12.57,2
282.120,-7.281642,112.800098,1.42,-10.09,21.15,-28.51,-61.95,110.25,-16.37,2753.49,795.92,11.24,11.08,0
282.130,-7.281619,112.800101,3.16,-29.17,-17.20,-9.61,136.42,112.50,4.22,274.88,5045.75,10.28,11.53,1
282.140,-7.282052,112.800226,3.31,3.65,29.03,61.83,-82.20,114.75,13.31,1881.72,510.26,11.02,10.51,4
282.150,-7.282348,112.800126,2.98,-23.91,-36.57,173.32,-36.97,117.00,-29.79,4523.76,5359.43,12.34,11.73,3
282.160,-7.282632,112.799956,0.00,-14.64,-4.54,-30.68,-76.63,119.25,-24.12,4717.95,4417.23,10.82,12.08,3
282.170,-7.282207,112.799788,2.63,33.35,-30.08,61.94,31.38,121.50,-25.92,1331.21,2407.77,11.93,11.78,3
282.180,-7.282473,112.800050,0.44,-38.56,-35.40,-113.26,-114.68,123.75,-10.22,4259.90,4007.85,12.49,10.47,1
282.190,-7.282072,112.800357,2.57,-32.85,-10.14,135.83,139.62,126.00,-32.99,4722.96,3050.98,10.05,12.32,3
282.200,-7.282276,112.799712,0.54,37.19,-36.35,-15.11,176.43,128.25,-25.82,1021.61,3472.79,12.45,11.84,0
282.210,-7.282503,112.800120,0.01,0.45,35.12,-30.01,165.38,130.50,6.42,917.46,5079.98,11.23,11.83,4
282.220,-7.282239,112.799802,1.91,-10.08,26.18,-18.88,-143.84,132.75,-24.32,5910.74,2481.45,11.74,12.27,3
282.230,-7.282498,112.800049,2.69,19.84,-7.09,164.83,107.48,135.00,21.59,2637.71,4926.69,10.26,11.05,4
282.240,-7.282279,112.800189,0.64,-11.71,29.55,-4.45,69.51,137.25,3.42,4750.95,4956.80,10.89,10.57,1
282.250,-7.282494,112.800084,2.36,33.62,12.75,81.68,-5.93,139.50,9.59,3264.25,1448.03,11.94,12.49,1
282.260,-7.282487,112.799779,1.11,14.37,4.76,-60.61,-86.42,141.75,-24.51,1899.51,2113.56,11.17,10.29,1
282.270,-7.282708,112.800077,1.86,32.49,-21.11,-34.82,-167.65,144.00,-27.51,5684.61,3312.95,10.93,11.19,2
282.280,-7.282750,112.799833,3.38,4.40,-37.70,-40.81,150.91,146.25,-14.68,4584.55,3441.39,12.09,10.83,3
282.290,-7.282904,112.799350,3.20,31.34,-32.65,118.58,131.65,148.50,21.63,2799.84,5277.20,10.63,11.74,1
282.300,-7.282699,112.799491,0.54,18.54,-34.63,138.20,5.81,150.75,-7.14,4181.32,3850.89,11.66,10.80,2
282.310,-7.283325,112.799314,3.50,-21.01,-37.66,139.54,-71.06,153.00,33.05,3290.57,5325.05,10.70,11.24,1
282.320,-7.283317,112.799359,2.50,18.52,13.41,-150.67,-30.79,155.25,-0.55,513.09,3516.56,10.16,11.50,2
282.330,-7.283370,112.799247,2.85,30.85,-29.19,151.60,-63.95,157.50,29.35,4970.06,3098.71,11.48,10.94,3
282.340,-7.282873,112.799038,0.12,-28.75,30.17,-86.83,25.43,159.75,-24.76,4847.56,4083.05,10.88,10.98,3
282.350,-7.283339,112.799500,2.98,18.43,-27.20,176.90,-55.87,162.00,-4.83,960.65,1575.54,12.45,12.16,0
282.360,-7.283589,112.799232,0.10,15.71,30.52,26.92,-157.42,164.25,24.84,4197.45,3410.50,10.30,10.42,1
282.370,-7.282958,112.799116,2.24,-2.47,7.47,177.88,-32.65,166.50,34.79,5860.71,5649.30,12.49,10.89,3
282.380,-7.282846,112.799689,1.35,-19.12,22.13,-1.25,-49.66,168.75,-5.94,1293.54,4772.65,10.05,10.61,3
282.390,-7.283398,112.798922,2.23,6.64,-2.79,-96.37,-100.27,171.00,-28.65,4757.32,3435.46,11.74,10.84,4
282.400,-7.283706,112.798742,1.37,31.03,-1.51,41.83,26.22,173.25,12.74,2015.90,2711.83,11.60,11.47,4
282.410,-7.283334,112.798926,0.35,33.36,9.46,-54.36,160.11,175.50,27.52,3415.09,1533.08,12.06,11.97,4
282.420,-7.282992,112.798945,0.38,0.45,31.46,-41.50,-89.21,177.75,9.35,4118.27,3782.57,11.43,12.42,2
282.430,-7.283106,112.798842,0.42,34.29,16.57,-52.08,-3.45,180.00,-24.88,1756.37,432.83,11.86,12.28,2
282.440,-7.283726,112.798673,0.52,-15.40,38.98,164.92,-94.66,182.25,25.67,1455.18,1028.57,10.26,11.99,3
282.450,-7.283616,112.798757,3.42,22.38,39.17,131.60,-56.88,184.50,26.83,5071.55,663.35,12.27,12.47,3
282.460,-7.283711,112.798917,1.74,6.57,-32.24,-54.92,-96.31,186.75,10.83,954.28,5095.01,11.21,10.66,1
282.470,-7.282895,112.798191,1.08,-12.10,-33.46,-88.14,-175.36,189.00,20.78,3782.00,5682.65,10.88,12.31,1
282.480,-7.283142,112.798774,3.35,8.83,-29.23,-122.23,-170.95,191.25,34.94,3100.65,635.91,11.81,10.42,1
282.490,-7.283814,112.798434,2.88,-36.44,-1.11,-23.45,118.78,193.50,-32.28,1831.55,1220.63,10.02,11.28,0
282.500,-7.283577,112.798653,2.32,-30.35,5.77,56.67,86.95,195.75,27.30,812.02,3438.01,10.08,10.88,3
282.510,-7.282818,112.798334,1.51,32.83,-4.86,-91.49,-86.60,198.00,16.40,2832.97,1676.16,10.68,10.39,0
282.520,-7.283114,112.798398,0.82,35.88,29.90,-15.28,-152.24,200.25,5.87,719.26,1733.53,10.32,11.11,3
282.530,-7.282877,112.798050,0.57,10.48,-34.49,43.96,94.42,202.50,-12.54,2874.01,1422.80,10.20,12.13,1
282.540,-7.283666,112.797831,0.83,-25.66,-22.70,-74.57,7.17,204.75,3.01,5614.18,3087.63,10.66,12.46,4
282.550,-7.282965,112.798428,0.19,31.37,23.49,-70.79,55.30,207.00,27.81,1407.89,725.63,10.46,11.38,0
282.560,-7.283288,112.797525,0.75,-26.66,23.46,-50.96,114.00,209.25,9.74,2460.95,2441.02,10.49,10.14,4
282.570,-7.283426,112.797480,0.20,-24.16,29.13,120.05,119.27,211.50,12.48,2239.97,307.49,11.15,10.01,1
282.580,-7.283233,112.797792,2.88,30.29,-15.10,170.73,131.39,213.75,-8.37,3378.83,4760.99,10.48,12.07,2
282.590,-7.283042,112.797339,2.51,-18.00,-16.80,172.10,131.45,216.00,-1.49,4703.86,3063.52,11.39,11.56,2
282.600,-7.282694,112.797687,3.03,33.16,22.17,-76.96,-136.37,218.25,-34.75,4836.45,2975.29,11.23,11.22,2
282.610,-7.282810,112.797207,1.95,22.88,13.16,7.22,138.92,220.50,-2.57,5781.50,1032.38,12.40,12.48,1
282.620,-7.282987,112.797293,2.78,9.30,26.47,-176.02,139.96,222.75,-16.02,2527.66,3176.80,10.49,12.11,4
282.630,-7.282954,112.797396,2.83,-26.12,4.50,-170.45,-151.30,225.00,16.43,4592.96,877.91,11.29,11.63,3
282.640,-7.283144,112.797250,2.72,-29.62,27.12,80.17,130.80,227.25,-16.30,3546.64,4101.69,10.63,12.19,0
282.650,-7.282336,112.797638,1.93,2.93,-37.71,17.09,-29.71,229.50,19.52,4797.13,2769.15,10.73,11.73,4
282.660,-7.282425,112.797375,0.13,15.62,-17.10,4.79,-71.73,231.75,23.05,4187.06,4699.72,11.86,10.03,4
282.670,-7.283166,112.797600,0.65,-10.98,-13.22,56.90,-178.87,234.00,23.94,3087.70,1526.23,10.02,11.40,1
282.680,-7.282958,112.797299,0.56,27.22,12.73,54.43,87.05,236.25,26.04,2012.15,2929.73,10.67,12.23,4
282.690,-7.282609,112.797239,0.83,32.30,-37.80,-119.38,-109.71,238.50,-31.21,997.58,144.28,10.71,10.58,2
282.700,-7.282121,112.796897,0.99,29.28,6.90,-4.63,53.27,240.75,21.66,4906.15,748.67,10.01,12.11,4
282.710,-7.282062,112.796745,2.30,19.79,-29.89,73.54,-91.56,243.00,-10.88,5731.14,1890.79,10.95,12.55,4
282.720,-7.282806,112.796734,2.90,-9.76,0.04,8.83,-92.28,245.25,-31.81,1292.94,1466.24,11.85,11.16,0
282.730,-7.282501,112.796646,1.83,-17.56,-39.58,72.14,134.58,247.50,-31.09,5576.14,4219.79,11.41,12.13,0
282.740,-7.281800,112.797392,2.54,-12.42,-18.64,-80.04,151.14,249.75,3.43,361.87,2724.45,10.22,10.12,4
282.750,-7.282586,112.796990,1.14,9.91,4.86,159.28,-21.50,252.00,-3.57,2400.15,5273.79,11.88,12.34,4
282.760,-7.281707,112.796467,2.54,-0.92,15.67,21.01,-49.96,254.25,7.95,2931.24,3860.22,11.63,10.81,3
282.770,-7.281641,112.797249,3.33,-9.05,13.53,59.47,-75.96,256.50,-7.24,2592.02,5342.89,12.47,11.87,3
282.780,-7.282082,112.796801,2.88,-9.61,-35.54,-6.58,136.52,258.75,2.14,3539.10,1108.32,12.31,10.65,4
282.790,-7.281536,112.796508,1.53,10.50,20.73,139.81,-36.59,261.00,11.20,2717.94,3241.54,10.18,11.81,1
282.800,-7.281383,112.796955,3.24,29.99,34.49,30.32,166.70,263.25,-1.12,5036.19,5574.91,12.30,12.58,3
282.810,-7.282070,112.796890,1.80,37.47,-29.92,-99.73,4.72,265.50,29.05,3539.21,2712.55,11.40,11.58,2
282.820,-7.281740,112.797056,0.50,-17.32,36.03,-5.98,-106.23,267.75,18.31,2681.07,4.07,10.14,11.86,4
282.830,-7.281620,112.796262,2.02,-8.14,-15.44,123.42,135.96,270.00,27.11,4261.36,5883.12,11.47,11.17,0
282.840,-7.281764,112.796925,0.32,-10.20,34.99,-1.21,98.01,272.25,21.04,3183.60,658.30,11.97,11.99,1
282.850,-7.280905,112.796397,3.31,20.04,-32.99,-93.35,-163.77,274.50,28.29,2790.84,976.77,11.67,10.73,2
282.860,-7.281023,112.796209,3.10,7.77,-5.94,47.26,-99.38,276.75,-10.64,4216.77,5153.72,11.90,10.09,2
282.870,-7.281221,112.796939,2.76,-19.62,-38.73,126.30,-3.76,279.00,8.93,3594.42,2748.85,12.46,11.69,2
282.880,-7.281311,112.796206,0.65,4.99,2.48,136.40,-18.26,281.25,-7.57,2262.69,2415.81,10.97,12.26,2
282.890,-7.280850,112.796689,3.00,16.99,25.79,121.26,-113.66,283.50,-0.19,5103.95,4681.01,12.25,10.28,1
282.900,-7.280896,112.796342,2.26,-27.69,16.61,85.38,178.31,285.75,-14.00,4127.16,5463.74,10.42,11.59,2
282.910,-7.280401,112.796369,0.21,39.39,-13.20,-94.95,29.90,288.00,6.15,59.22,529.83,10.56,12.32,4
282.920,-7.280811,112.796638,1.61,-29.77,-29.02,-129.53,59.38,290.25,14.79,4924.76,114.47,10.12,10.54,1
282.930,-7.280819,112.796497,0.14,-39.56,-28.88,-1.93,73.55,292.50,-15.14,4475.50,631.70,10.91,11.83,2
282.940,-7.280839,112.796621,2.06,11.09,39.49,-58.68,-118.92,294.75,-4.03,4962.48,2008.31,10.24,11.86,0
282.950,-7.280290,112.796935,2.21,22.29,2.08,154.57,138.63,297.00,16.51,4395.06,1468.15,11.04,11.13,1
282.960,-7.280526,112.797075,0.18,12.37,-18.87,-168.13,-128.54,299.25,-14.99,208.04,291.88,10.25,10.51,0
282.970,-7.279819,112.797285,3.45,1.12,-10.35,-37.25,139.08,301.50,20.73,2340.06,1473.07,12.09,12.04,3
282.980,-7.280319,112.797364,0.61,8.38,-35.93,51.93,95.13,303.75,28.91,3910.27,1772.20,10.04,12.53,1
282.990,-7.280219,112.796841,2.38,-9.90,32.34,-14.37,-72.60,306.00,4.86,5446.06,3178.45,10.14,11.80,0
283.000,-7.280238,112.796827,1.25,36.01,7.43,157.33,-101.24,308.25,-31.52,2618.00,2433.63,10.18,11.18,3
283.010,-7.279623,112.796674,3.18,-0.81,-34.29,6.52,157.91,310.50,-11.80,594.99,2091.02,12.14,11.51,3
283.020,-7.279599,112.797385,2.83,-2.00,20.94,-94.29,-143.36,312.75,28.39,3269.94,2856.67,10.49,11.76,2
283.030,-7.279462,112.796737,1.04,-21.71,-35.12,120.85,22.85,315.00,14.14,4469.19,607.14,11.45,10.52,2
283.040,-7.280217,112.797379,2.82,-31.81,-21.80,128.88,124.50,317.25,-25.28,5167.88,4837.79,11.58,11.98,2
283.050,-7.279210,112.797180,2.55,11.52,-39.31,152.85,-172.74,319.50,-7.25,2385.75,5953.54,11.13,11.38,2
283.060,-7.279465,112.797295,1.33,-35.11,3.11,97.55,107.85,321.75,4.43,3331.24,1924.42,11.28,11.29,0
283.070,-7.279963,112.797439,0.08,-32.41,-27.33,-112.10,-133.23,324.00,-33.36,3872.40,250.74,11.78,12.56,1
283.080,-7.279068,112.797114,1.71,10.44,2.24,36.62,-4.70,326.25,15.52,1275.11,1033.26,10.12,12.30,1
283.090,-7.279672,112.797955,1.96,-2.52,-29.96,3.70,55.59,328.50,-13.89,1571.08,2491.98,11.52,10.93,3
283.100,-7.279287,112.797622,2.56,18.39,34.96,132.83,-99.42,330.75,-31.89,5360.76,3388.89,12.34,12.37,1
283.110,-7.279218,112.798248,0.64,32.37,38.69,-6.23,-98.63,333.00,11.08,3837.00,5025.71,11.40,11.68,4
283.120,-7.279329,112.797618,2.69,-0.91,7.20,166.93,-103.35,335.25,24.53,2151.55,982.35,12.39,11.02,2
283.130,-7.279554,112.798427,1.01,26.09,36.46,20.15,-92.27,337.50,20.71,5595.39,5596.30,10.96,10.20,4
283.140,-7.278654,112.797734,2.40,-15.66,-2.03,94.75,-50.37,339.75,-18.46,5609.31,4570.10,10.71,11.83,0
283.150,-7.278716,112.797976,2.42,13.65,2.11,59.85,-139.51,342.00,9.31,5993.71,659.34,11.02,11.61,2
283.160,-7.279124,112.798046,1.94,0.58,-21.28,-120.79,95.13,344.25,6.39,5638.77,4346.42,10.93,11.92,0
283.170,-7.279348,112.797836,1.26,21.36,32.76,-18.67,-59.19,346.50,-24.14,4902.86,1821.77,11.85,10.12,2
283.180,-7.278869,112.798243,2.60,24.23,-26.34,-138.47,-50.62,348.75,14.02,3194.20,2958.76,11.50,10.27,3
283.190,-7.279208,112.798778,0.06,-38.85,18.68,160.16,-125.84,351.00,4.25,3645.19,545.00,11.98,11.29,3
283.200,-7.278896,112.798732,2.44,-4.75,34.43,-171.49,92.25,353.25,1.19,1005.23,3480.96,11.30,12.27,4
283.210,-7.278602,112.798419,3.03,-10.20,-10.50,175.36,95.43,355.50,-27.77,3993.68,2996.06,11.01,12.25,1
283.220,-7.278780,112.799247,0.00,-13.15,4.39,-15.64,-167.51,357.75,11.03,4176.68,5375.74,10.22,10.71,0
283.230,-7.280895,112.799282,0.78,25.90,30.03,51.87,43.29,0.00,31.59,5902.02,4593.93,10.86,10.63,2
283.240,-7.280323,112.799036,0.99,-1.98,34.22,142.60,-136.92,2.25,23.21,2539.81,2806.70,12.09,11.10,3
283.250,-7.280295,112.799364,1.59,30.24,20.10,-168.95,0.41,4.50,28.96,1983.92,4116.38,12.35,10.93,1
283.260,-7.280182,112.798864,2.45,39.95,-32.26,-58.24,137.25,6.75,2.95,5775.95,2899.51,11.53,11.78,0
283.270,-7.280540,112.798873,3.24,-28.25,33.55,0.47,-2.61,9.00,15.01,2622.79,2132.84,12.49,10.45,1
283.280,-7.280248,112.798942,1.42,-30.22,-36.21,160.27,-0.20,11.25,-17.26,4728.82,2014.27,11.85,10.98,4
283.290,-7.280413,112.798916,2.66,39.32,-31.00,-6.83,81.80,13.50,31.41,3980.28,4868.57,10.73,11.82,0
283.300,-7.280680,112.798861,2.96,-8.68,37.17,-159.94,57.38,15.75,25.01,1197.51,4012.91,11.42,10.42,2
283.310,-7.280877,112.799549,1.57,5.10,-24.50,-21.00,7.27,18.00,4.48,2040.03,4207.06,10.11,11.50,4
283.320,-7.280077,112.799448,2.18,35.25,8.47,-100.76,115.36,20.25,-7.89,1033.49,1404.08,10.77,11.98,0
283.330,-7.280504,112.799642,1.65,35.86,-19.13,73.45,148.16,22.50,11.91,3308.49,58.10,10.21,12.11,0
283.340,-7.280073,112.799183,3.04,-25.27,9.05,155.58,121.45,24.75,-24.28,213.19,4229.97,11.50,10.48,4
283.350,-7.280385,112.799415,0.50,-32.31,8.87,-93.40,173.11,27.00,21.73,840.53,4498.81,10.78,10.28,1
283.360,-7.280039,112.798965,0.69,-0.81,34.58,176.20,146.87,29.25,-16.33,2560.25,3915.55,11.38,12.42,2
283.370,-7.280633,112.799413,0.14,30.98,10.99,-145.94,13.40,31.50,-19.37,5111.53,4013.34,10.33,12.28,1
283.380,-7.280516,112.799771,2.93,26.41,31.75,-154.20,-86.77,33.75,20.48,520.59,3029.58,12.20,12.38,0
283.390,-7.280155,112.799186,1.42,-4.15,2.64,-81.98,-119.30,36.00,-20.56,4005.70,1960.61,11.60,12.34,0
283.400,-7.280724,112.799776,3.12,20.88,7.35,136.53,25.03,38.25,23.77,1175.19,2955.43,11.04,10.99,1
283.410,-7.280970,112.799936,0.71,-15.77,35.31,-83.44,-10.27,40.50,21.05,1868.35,391.40,11.93,11.20,4
283.420,-7.280623,112.799788,3.32,-14.04,39.48,-88.64,-13.68,42.75,16.59,967.58,3436.78,12.34,11.23,4
283.430,-7.280815,112.799592,3.27,-37.77,5.25,-10.87,119.77,45.00,8.43,297.26,4613.26,10.83,11.38,4
283.440,-7.280879,112.799928,2.32,29.40,24.46,120.96,34.52,47.25,-10.62,2260.10,1432.41,11.11,11.83,1
283.450,-7.280614,112.799963,1.51,15.02,-31.17,130.56,-176.19,49.50,-12.77,5023.30,905.26,12.43,11.80,0
283.460,-7.280287,112.799580,1.68,-4.76,-33.60,-30.76,151.45,51.75,11.22,4418.16,4288.50,11.57,12.15,1
283.470,-7.280561,112.799588,0.28,-3.11,11.38,-126.87,-37.57,54.00,2.46,1807.26,2546.21,12.06,10.12,2
283.480,-7.280444,112.800046,1.84,1.44,38.56,178.62,161.45,56.25,-23.54,1529.37,1633.98,11.25,11.68,0
283.490,-7.281260,112.799537,3.47,-22.11,-20.02,60.54,4.11,58.50,-19.70,4375.97,2473.23,10.91,10.97,4
283.500,-7.281222,112.799978,2.84,7.67,35.62,48.98,-114.52,60.75,27.54,5034.67,5367.95,11.43,11.08,4
283.510,-7.280874,112.799911,2.02,-25.48,-26.56,76.74,-178.78,63.00,25.99,4754.88,3456.41,11.16,11.90,0
283.520,-7.281211,112.800197,2.00,-31.52,34.25,131.67,-66.13,65.25,-0.42,2812.24,5778.42,12.39,10.32,1
283.530,-7.280741,112.799784,1.24,-8.83,-12.11,174.68,-61.98,67.50,13.22,96.84,2580.37,10.26,10.01,4
283.540,-7.280634,112.800278,1.84,-0.68,2.84,80.58,11.37,69.75,-30.41,1734.90,4286.10,11.27,11.94,0
283.550,-7.280850,112.799769,1.18,9.55,-30.35,92.34,-108.57,72.00,15.41,5963.81,2784.23,11.44,11.77,1
283.560,-7.280916,112.800017,0.14,35.15,34.77,179.41,58.91,74.25,18.49,3381.74,3548.80,12.45,10.66,1
283.570,-7.281189,112.799835,3.35,33.33,19.24,50.00,87.91,76.50,-27.56,5953.53,361.22,12.11,11.66,3
283.580,-7.281254,112.799983,1.97,36.19,6.02,80.83,-11.15,78.75,-23.46,710.06,4558.31,12.16,11.63,4
283.590,-7.281711,112.799943,0.14,9.10,-37.41,-19.70,-15.44,81.00,18.74,5670.57,618.67,10.67,11.46,1
283.600,-7.281085,112.800232,3.29,-22.69,-0.15,-138.51,8.86,83.25,-8.73,1987.49,3763.23,12.47,11.94,1
283.610,-7.280995,112.799964,0.00,-18.17,10.69,27.84,119.32,85.50,-25.46,2527.84,3355.81,11.91,10.77,0
283.620,-7.281367,112.800419,1.67,29.64,1.69,45.92,48.34,87.75,22.46,5090.75,2029.21,11.27,12.20,1
283.630,-7.281452,112.800066,2.77,8.51,16.40,-70.62,-85.17,90.00,-21.21,215.19,5557.44,10.74,11.23,1
283.640,-7.281656,112.800035,2.70,-9.65,2.24,11.36,97.72,92.25,9.44,5691.00,3527.78,10.29,11.15,2
283.650,-7.281873,112.800770,2.73,27.56,-20.56,-54.21,147.81,94.50,-22.08,794.31,1401.21,11.08,11.52,1
283.660,-7.281581,112.800694,3.37,-25.51,3.81,-177.69,30.19,96.75,-33.60,516.50,5278.53,10.44,11.07,3
283.670,-7.281626,112.799885,0.96,7.33,20.80,-102.58,127.80,99.00,-1.24,4906.20,1967.97,11.36,10.77,2
283.680,-7.281707,112.800693,3.02,-2.20,-7.56,165.72,-44.83,101.25,-13.46,2998.66,3924.86,10.80,11.80,2
283.690,-7.281507,112.800002,0.15,12.24,-0.59,-123.33,-65.88,103.50,-23.31,2938.13,5540.44,11.33,11.07,1
283.700,-7.281800,112.800084,2.73,-27.69,0.06,110.69,-6.15,105.75,-33.16,3635.16,2844.32,12.14,10.57,2
283.710,-7.281557,112.800235,1.19,-24.07,-26.83,-128.51,-81.17,108.00,-19.34,1330.64,4421.55,11.45,11.50,1
283.720,-7.282282,112.800402,3.30,-19.65,23.30,127.40,-117.20,110.25,25.67,5233.81,1073.17,10.01,10.32,1
283.730,-7.282145,112.800430,0.65,33.37,3.71,-89.75,-41.32,112.50,-30.17,1650.24,531.08,12.06,11.32,1
283.740,-7.281893,112.800494,3.36,28.60,-0.66,-46.73,-106.07,114.75,4.63,800.57,5974.67,12.30,11.05,3
283.750,-7.282052,112.800156,1.31,22.93,32.61,32.11,16.43,117.00,21.23,761.49,423.29,12.06,11.75,2
283.760,-7.282298,112.799768,0.75,-21.44,-14.24,-49.93,80.94,119.25,-29.24,762.26,1106.80,11.97,11.52,2
283.770,-7.282145,112.799830,2.42,-8.92,7.76,165.06,-137.17,121.50,2.59,1612.14,4137.28,12.47,11.57,3
283.780,-7.282037,112.799978,1.64,-28.57,2.18,-0.39,179.73,123.75,14.19,4308.20,1953.06,12.32,11.05,1
283.790,-7.282756,112.800647,1.37,13.00,8.72,151.60,-155.53,126.00,-13.08,1391.02,361.71,12.21,10.55,4
283.800,-7.282721,112.799865,2.29,-10.18,-13.18,138.36,-83.72,128.25,-23.96,4949.81,3029.62,10.21,12.41,2
283.810,-7.282604,112.799886,2.62,38.06,0.55,-82.76,66.29,130.50,1.01,447.80,5397.26,10.02,12.26,1
283.820,-7.282661,112.800023,3.21,27.72,0.43,-65.50,118.78,132.75,-24.15,3875.72,5647.03,10.44,10.01,1
283.830,-7.282965,112.800213,0.82,15.60,-5.70,30.11,-139.66,135.00,6.41,1864.71,376.77,12.02,12.51,2
283.840,-7.282300,112.799525,2.21,-38.20,-12.53,134.01,158.04,137.25,15.32,4363.46,5115.32,11.61,11.28,3
283.850,-7.283042,112.800428,1.47,39.23,-32.96,-114.61,-24.81,139.50,-10.28,584.46,3532.71,10.37,10.95,2
283.860,-7.283159,112.800022,1.83,16.33,-23.02,-106.50,-166.85,141.75,-21.50,2482.67,2847.98,11.67,11.89,2
283.870,-7.282584,112.800109,2.20,-2.01,-5.11,-45.37,-133.86,144.00,-19.65,23.01,4337.18,11.00,11.33,3
283.880,-7.282988,112.800106,2.62,30.40,18.84,2.54,75.66,146.25,7.23,5708.21,5160.74,12.33,10.27,1
283.890,-7.282848,112.799459,3.09,3.44,2.38,0.58,89.67,148.50,27.06,4174.74,1028.54,11.20,10.83,1
283.900,-7.282504,112.799845,3.39,-28.75,10.33,-123.41,169.32,150.75,-14.75,4039.38,1280.56,10.58,11.34,2
283.910,-7.282983,112.799849,0.45,37.80,-12.64,-27.77,60.43,153.00,6.20,4555.21,2094.25,10.07,10.48,3
283.920,-7.283137,112.799296,1.79,26.55,-22.12,42.71,-57.14,155.25,-23.51,5418.52,451.24,10.91,11.79,3
283.930,-7.283095,112.799356,0.96,-2.60,-22.37,21.47,-122.24,157.50,26.07,1439.02,5346.56,10.97,10.51,1
283.940,-7.283501,112.799780,2.88,-7.12,27.29,118.88,58.25,159.75,-20.02,2756.28,4483.92,10.13,11.03,0
283.950,-7.283306,112.799707,0.79,11.58,36.23,70.50,5.39,162.00,4.80,5424.66,2521.00,10.35,10.91,2
283.960,-7.283044,112.799729,0.06,-28.98,12.19,141.12,77.80,164.25,9.69,2412.58,5449.18,11.77,11.62,1
283.970,-7.283326,112.799216,1.13,-20.45,14.16,169.23,-3.12,166.50,31.97,2837.45,5927.00,10.54,11.24,1
283.980,-7.283575,112.799296,0.10,18.45,-32.44,129.15,-3.73,168.75,16.24,5969.88,3826.90,11.96,11.47,4
283.990,-7.283311,112.799083,2.66,-37.80,36.33,-136.20,172.96,171.00,28.90,2448.41,356.90,10.39,10.02,1
284.000,-7.283624,112.799529,1.05,-32.92,-4.41,162.30,-7.39,173.25,28.69,4447.78,3087.68,12.58,11.62,0
284.010,-7.283184,112.798808,1.09,24.68,-17.72,121.75,136.03,175.50,-12.82,3035.69,1305.81,11.85,11.58,2
284.020,-7.283466,112.798942,1.83,18.15,-10.68,-133.45,-126.28,177.75,17.58,1043.64,4654.34,10.03,10.88,4
284.030,-7.283508,112.799018,0.00,36.12,32.64,119.54,-28.67,180.00,34.29,4983.02,1906.21,12.44,12.03,3
284.040,-7.283245,112.798757,0.02,2.79,-16.76,27.02,127.78,182.25,29.67,3298.58,1780.57,10.48,11.27,4
284.050,-7.282900,112.798863,1.50,-23.94,-32.00,148.98,-138.61,184.50,11.21,2517.25,205.09,11.91,11.11,0
284.060,-7.283419,112.799027,2.38,-19.32,-17.24,-70.56,54.39,186.75,-29.43,3472.41,5481.84,11.09,12.33,3
284.070,-7.283226,112.798490,0.34,-9.19,0.60,-37.11,82.98,189.00,-15.64,2167.85,4865.24,10.98,12.00,4
284.080,-7.283199,112.798502,2.68,-33.06,20.56,7.01,-18.21,191.25,0.52,1695.36,5614.24,11.76,11.16,0
284.090,-7.283408,112.798472,3.14,38.37,35.10,164.51,-163.85,193.50,-9.11,4300.66,219.64,12.15,11.98,1
284.100,-7.283164,112.798284,2.65,12.87,30.72,147.48,7.21,195.75,3.16,5710.42,5933.41,11.27,12.08,0
284.110,-7.283644,112.798803,1.41,31.51,-27.73,45.97,154.24,198.00,9.86,5908.39,5000.93,12.08,11.99,2
284.120,-7.283434,112.798050,3.46,37.47,2.42,134.09,-133.42,200.25,-28.07,5329.66,5657.56,12.15,11.63,1
284.130,-7.283201,112.797850,0.45,32.38,-22.11,-168.92,29.91,202.50,9.59,444.99,1297.88,10.97,11.40,2
284.140,-7.283354,112.798039,2.79,-27.36,-18.99,76.64,8.90,204.75,10.37,1995.07,2381.25,10.25,10.15,2
284.150,-7.283238,112.798277,2.78,-10.81,0.60,19.52,-101.97,207.00,-17.99,4141.67,3453.81,10.86,10.80,3
284.160,-7.283619,112.798073,1.79,38.48,10.89,-168.29,-84.52,209.25,-25.26,3065.95,4886.30,10.07,12.08,2
284.170,-7.283467,112.798115,0.66,-36.94,-29.55,-119.46,110.24,211.50,-0.27,943.77,4589.57,10.21,11.55,2
284.180,-7.283324,112.797548,0.25,2.76,-21.81,-59.85,-28.03,213.75,17.24,5459.00,1952.04,10.44,11.17,1
284.190,-7.282942,112.797967,3.45,34.57,29.43,43.16,106.60,216.00,30.72,3034.94,3604.19,10.80,11.18,2
284.200,-7.283440,112.797979,2.64,34.31,1.47,96.97,92.69,218.25,18.98,770.77,1032.15,12.08,11.92,1
284.210,-7.282615,112.797671,1.77,22.72,35.19,-98.18,-123.15,220.50,-34.33,4837.08,2335.18,11.77,10.95,1
284.220,-7.282565,112.797056,0.92,-35.68,15.58,-102.47,-11.40,222.75,-9.23,885.59,1206.05,11.65,12.04,4
284.230,-7.283288,112.797448,1.43,37.08,8.73,-125.60,-61.85,225.00,32.37,214.49,2899.41,10.58,11.53,4
284.240,-7.283195,112.797697,0.00,-24.65,-37.06,10.15,-160.62,227.25,8.48,3632.40,2718.33,10.98,10.25,2
284.250,-7.282999,112.796921,0.04,-25.00,-19.45,150.59,53.94,229.50,-9.21,5438.14,2110.74,11.88,10.76,2
284.260,-7.282276,112.797532,3.02,-33.81,30.09,-168.87,130.93,231.75,-10.52,5038.86,3138.89,10.18,12.10,3
284.270,-7.282998,112.797632,2.41,30.98,-24.54,31.23,-4.93,234.00,1.01,4794.62,2833.60,10.22,11.12,4
284.280,-7.282467,112.796932,0.26,10.66,6.55,-71.64,-86.17,236.25,-15.08,5293.03,4542.03,11.64,10.90,4
284.290,-7.282370,112.797297,0.81,-6.96,-36.37,-14.89,-97.17,238.50,-31.39,3768.01,4272.41,12.12,11.29,0
284.300,-7.282485,112.797525,0.35,-17.32,24.92,-33.00,-58.19,240.75,-2.66,5628.03,2159.63,10.64,10.27,2
284.310,-7.282833,112.797335,0.60,36.29,-1.16,114.46,109.20,243.00,11.34,5684.95,1806.19,11.75,11.69,4
284.320,-7.281891,112.797309,1.16,28.13,-24.98,-0.33,40.20,245.25,18.19,2778.79,4635.03,11.41,11.46,0
284.330,-7.282008,112.796488,1.78,16.52,27.08,113.97,90.48,247.50,-14.16,3002.36,5907.79,12.19,11.07,3
284.340,-7.282265,112.797258,3.29,14.76,-37.58,15.67,112.55,249.75,15.12,370.79,29.69,11.98,10.77,1
284.350,-7.282079,112.796551,0.76,-16.14,22.94,85.53,-103.57,252.00,-22.27,3600.93,800.46,11.13,12.56,0
284.360,-7.282434,112.796500,1.36,-30.64,1.40,-7.20,-3.45,254.25,31.11,5562.73,5742.60,11.04,11.63,2
284.370,-7.282195,112.797253,1.94,-8.50,31.81,106.60,-62.42,256.50,-29.19,2972.40,2157.60,11.66,11.94,3
284.380,-7.282333,112.797017,0.27,22.72,-14.01,-116.31,-14.90,258.75,17.99,2832.53,2530.85,11.96,10.40,2
284.390,-7.281603,112.797055,1.97,28.34,18.36,143.53,-98.25,261.00,-11.05,498.67,2993.91,11.00,10.35,4
284.400,-7.281258,112.797110,1.94,-13.18,18.37,128.73,124.26,263.25,5.77,675.97,1309.96,11.61,11.49,1
284.410,-7.281987,112.797204,1.16,-21.44,2.75,-101.39,-72.05,265.50,32.26,5405.57,1474.20,12.20,10.11,1
284.420,-7.281125,112.796798,0.53,8.74,-8.92,-0.42,-30.76,267.75,31.41,3404.44,1263.14,11.08,10.87,3
284.430,-7.281059,112.796547,1.25,-19.49,22.34,152.81,167.20,270.00,33.49,3789.10,330.06,10.30,10.21,1
284.440,-7.281513,112.796213,1.33,15.91,-14.52,117.10,-127.27,272.25,30.42,2330.63,3611.69,10.91,11.21,3
284.450,-7.281128,112.796387,2.22,32.18,30.57,96.99,-38.57,274.50,-34.39,5051.79,1525.65,12.16,10.60,1
284.460,-7.281337,112.796737,0.69,-26.93,-8.20,-16.08,142.63,276.75,28.05,5401.00,3207.28,11.18,11.08,4
284.470,-7.280850,112.796693,2.64,-21.19,-6.92,-110.65,-144.28,279.00,-30.13,5698.50,289.48,11.92,12.24,4
284.480,-7.281230,112.797143,3.05,35.51,-11.98,47.46,-83.14,281.25,15.03,3935.62,3511.28,12.20,12.40,4
284.490,-7.280750,112.796677,2.19,7.25,-24.74,83.82,169.35,283.50,-31.79,670.27,4814.23,11.91,10.02,3
284.500,-7.280587,112.796555,0.15,16.86,2.49,-66.79,-166.57,285.75,19.84,780.07,1351.66,12.49,12.15,4
284.510,-7.281278,112.796565,0.68,-38.59,-17.65,-121.00,156.70,288.00,-23.14,2105.23,5111.99,12.10,11.80,4
284.520,-7.281049,112.796993,1.25,37.15,-29.94,-179.02,-89.35,290.25,23.83,2137.68,573.14,10.18,10.10,4
284.530,-7.281014,112.796613,2.48,31.03,-4.82,69.94,-94.34,292.50,-4.58,5286.97,4472.32,10.22,10.67,2
284.540,-7.280127,112.796338,1.21,-27.28,16.15,66.82,-33.29,294.75,6.74,292.18,872.80,10.73,10.43,0
284.550,-7.280198,112.796471,2.18,-25.93,-20.15,36.57,158.16,297.00,-28.23,4683.86,5433.04,11.06,11.45,0
284.560,-7.279857,112.797354,1.84,7.98,-7.81,-125.55,-40.52,299.25,-5.96,2510.36,3812.41,11.48,10.84,2
284.570,-7.279894,112.796987,0.36,26.44,5.45,-148.81,110.95,301.50,-19.45,1392.34,4998.82,11.91,10.88,1
284.580,-7.279832,112.796787,2.67,-33.52,10.47,142.23,-104.64,303.75,-12.83,3559.01,1979.88,11.76,12.06,3
284.590,-7.279786,112.796676,0.50,-21.66,38.03,4.98,-132.25,306.00,13.19,1983.91,4216.29,12.16,11.44,0
284.600,-7.280003,112.796736,3.33,22.45,-24.03,-132.71,101.59,308.25,-10.12,3328.08,3016.08,11.89,12.11,0
284.610,-7.279828,112.797515,2.31,-0.68,37.80,-15.86,87.13,310.50,-3.40,2866.22,136.89,11.93,11.39,1
284.620,-7.280370,112.797468,3.19,1.55,20.91,-118.37,75.51,312.75,0.33,4443.96,3324.52,11.97,11.22,0
284.630,-7.279593,112.796717,2.72,-2.93,18.20,-73.73,-58.95,315.00,32.92,684.00,2038.24,12.40,11.30,4
284.640,-7.280048,112.796847,0.70,33.67,35.26,-73.71,-15.70,317.25,-24.46,5329.84,2453.92,10.69,10.06,0
284.650,-7.279917,112.797626,0.16,13.31,0.19,-49.87,7.14,319.50,-17.08,1630.23,5880.87,11.29,11.98,0
284.660,-7.279261,112.797848,0.46,23.02,-30.82,-140.89,177.96,321.75,-18.66,3845.47,911.68,10.91,11.62,3
284.670,-7.279397,112.797162,2.31,-24.28,27.16,158.78,7.99,324.00,12.25,771.57,622.14,11.58,12.28,1
284.680,-7.279519,112.797538,2.50,-21.11,30.21,147.78,-49.00,326.25,-15.78,4668.46,2788.59,11.56,10.64,2
284.690,-7.279707,112.798021,2.92,-35.66,39.28,171.23,-41.08,328.50,-21.43,3198.02,487.83,10.18,10.08,4
284.700,-7.279658,112.797633,1.59,-17.40,0.93,86.05,-115.81,330.75,-26.86,4642.71,3069.66,10.38,11.45,4
284.710,-7.279017,112.797920,2.66,23.52,37.02,67.16,-139.59,333.00,21.56,2651.76,390.28,10.03,10.63,4
284.720,-7.279204,112.797539,1.34,37.16,-39.09,66.06,108.66,335.25,17.21,2225.94,5985.36,11.98,11.53,4
284.730,-7.279638,112.797439,2.23,39.92,17.04,-46.97,-32.31,337.50,-18.98,972.80,3274.32,11.53,11.21,4
284.740,-7.278825,112.797590,1.56,33.86,34.28,-123.17,-62.02,339.75,-29.48,3903.75,1879.18,11.39,12.15,1
284.750,-7.279531,112.798096,1.02,15.44,5.20,93.96,43.24,342.00,-5.24,4168.80,1585.93,11.52,12.15,4
284.760,-7.279176,112.798372,2.74,28.68,-17.12,49.69,-20.13,344.25,12.32,3514.05,2348.60,10.77,10.21,1
284.770,-7.278570,112.798493,0.05,-27.93,22.59,23.57,-167.34,346.50,-2.08,3505.70,280.91,10.33,10.75,4
284.780,-7.278900,112.798302,0.00,-8.56,8.74,-57.70,-24.78,348.75,21.78,3129.25,1577.17,10.95,11.08,1
284.790,-7.278931,112.798618,2.84,-33.86,-11.53,24.73,11.75,351.00,3.95,2099.98,3656.34,10.38,11.11,1
284.800,-7.278606,112.798662,3.44,22.80,-2.79,-34.98,-97.57,353.25,3.95,469.39,5007.89,12.05,11.41,1
284.810,-7.278437,112.798233,1.74,-31.66,-39.76,93.64,31.93,355.50,-28.56,2415.29,1298.89,11.83,10.53,2
284.820,-7.279243,112.798846,1.25,33.38,25.58,-136.46,57.09,357.75,-19.54,27.36,3788.22,11.31,11.22,1
284.830,-7.280844,112.799050,0.30,-36.53,1.46,-27.36,118.42,0.00,20.23,1215.16,2706.68,10.16,10.39,0
284.840,-7.279987,112.798538,1.26,-0.93,14.63,-34.78,-55.51,2.25,-1.14,3545.49,220.19,11.52,11.82,1
284.850,-7.280265,112.799376,2.73,33.56,-38.34,115.88,77.52,4.50,-31.66,4627.11,3424.18,10.21,11.61,4
284.860,-7.280263,112.799202,2.75,-6.57,22.38,-0.72,108.78,6.75,19.62,58.76,2487.90,10.21,11.32,2
284.870,-7.280893,112.798673,1.92,-4.57,7.08,-120.26,62.03,9.00,-2.39,4844.48,1381.51,10.58,11.23,3
284.880,-7.280116,112.798936,3.34,23.02,0.78,36.35,153.24,11.25,-32.36,858.85,4572.16,10.24,12.27,1
284.890,-7.280847,112.799119,1.47,-1.26,32.95,-177.68,-5.02,13.50,13.31,1012.77,1903.95,10.30,11.38,4
284.900,-7.280492,112.799303,0.34,-27.33,-23.11,97.60,-164.41,15.75,-12.77,2681.83,5583.71,10.57,10.74,3
284.910,-7.280808,112.799215,2.24,-13.58,-27.39,-21.86,-158.69,18.00,-13.24,2092.75,4478.45,11.34,10.30,4
284.920,-7.280162,112.799543,0.95,35.91,25.75,-40.61,0.35,20.25,0.97,2257.63,3870.88,10.76,10.20,1
284.930,-7.280016,112.798963,1.26,-14.02,-22.10,-145.55,11.09,22.50,-7.40,1458.39,4769.94,12.43,11.98,3
284.940,-7.280015,112.799390,1.93,-32.86,-4.62,136.10,18.04,24.75,28.30,2604.45,5720.18,11.57,10.77,0
284.950,-7.280726,112.799238,1.51,22.99,18.06,-133.79,-104.70,27.00,-6.39,1106.95,1806.29,10.14,10.41,3
284.960,-7.280932,112.799580,2.53,-7.47,-12.59,146.17,0.87,29.25,-28.54,2026.13,2338.91,12.29,12.13,1
284.970,-7.280919,112.799851,3.33,-27.06,-4.00,62.60,-142.43,31.50,30.99,2710.48,3745.24,10.46,10.27,4
284.980,-7.280876,112.799651,3.12,21.22,-39.77,109.18,-130.85,33.75,-28.23,2630.29,2577.72,10.11,10.76,0
284.990,-7.280208,112.800021,2.54,11.68,35.72,160.09,-101.12,36.00,-15.43,1533.06,5835.80,10.42,10.82,0
285.000,-7.280223,112.799580,1.02,26.46,38.35,-108.42,-62.83,38.25,-16.84,865.33,5066.93,12.11,11.68,1
285.010,-7.281071,112.799952,0.88,7.48,10.16,-80.52,-63.61,40.50,-23.14,5689.76,3818.14,10.95,11.47,2
285.020,-7.280245,112.799446,1.96,22.44,-35.33,-34.63,-51.12,42.75,4.99,2497.53,951.85,11.59,11.35,3
285.030,-7.280694,112.799681,1.08,-6.38,-10.68,-166.43,26.15,45.00,-0.14,2434.92,3265.23,11.18,11.52,2
285.040,-7.280408,112.800043,1.74,30.06,10.13,-62.70,-160.30,47.25,-12.78,2533.30,5767.16,10.62,11.12,4
285.050,-7.280868,112.800032,0.35,33.61,22.68,-7.49,-107.34,49.50,-27.46,1289.26,166.33,10.59,12.11,2
285.060,-7.280861,112.799559,2.05,-29.15,2.23,-22.63,40.12,51.75,-15.09,2459.41,663.48,12.55,12.32,3
285.070,-7.281029,112.800204,1.24,1.78,-29.43,166.06,-92.81,54.00,18.25,1967.03,3877.53,11.22,11.30,4
285.080,-7.280829,112.799934,2.37,5.40,20.18,116.52,62.09,56.25,7.30,5645.84,2133.79,12.43,11.05,4
285.090,-7.280698,112.800248,3.28,37.69,15.59,-140.49,-98.47,58.50,-28.26,4481.27,3056.59,10.59,11.21,0
285.100,-7.281350,112.799832,1.87,-0.92,4.68,4.12,106.76,60.75,10.32,5596.93,4084.88,11.10,11.41,4
285.110,-7.280663,112.800494,1.38,33.03,29.05,1.97,104.07,63.00,-19.47,1924.20,5697.12,12.22,10.03,4
285.120,-7.280826,112.800123,2.43,18.81,-24.08,143.04,114.36,65.25,34.14,5749.51,877.28,10.25,10.62,3
285.130,-7.281224,112.799642,1.65,-19.55,12.04,-157.10,141.39,67.50,-16.86,5223.34,1834.89,10.00,10.24,2
285.140,-7.280642,112.800637,1.52,-35.31,17.58,128.71,-148.01,69.75,21.25,3971.90,665.11,11.16,10.32,0
285.150,-7.280754,112.799884,3.40,-21.33,9.40,155.51,48.51,72.00,-32.87,3999.54,2994.09,11.82,11.97,3
285.160,-7.281261,112.800274,0.59,-39.70,21.66,-92.21,103.37,74.25,8.35,4295.08,4079.78,11.95,11.95,1
285.170,-7.281183,112.800200,0.35,2.88,8.03,137.94,-117.26,76.50,-8.77,255.10,852.89,10.33,10.44,2
285.180,-7.280978,112.800300,1.48,-35.28,27.73,88.84,23.57,78.75,24.14,806.82,1146.16,10.58,12.41,1
285.190,-7.280983,112.800061,0.07,-23.56,-31.78,135.64,95.99,81.00,-24.96,4626.68,3005.42,10.41,10.81,1
285.200,-7.281592,112.800701,2.22,23.42,-22.88,113.90,-22.33,83.25,23.07,3738.14,3013.93,12.40,11.15,3
285.210,-7.281502,112.800558,1.39,31.81,-5.01,-142.22,9.22,85.50,14.90,381.29,311.92,11.91,11.26,3
285.220,-7.281079,112.800676,2.24,-29.98,-4.15,-7.66,122.80,87.75,34.01,5517.59,1971.72,12.23,10.13,2
285.230,-7.281144,112.800112,0.48,25.12,23.84,-33.96,41.01,90.00,-5.01,1345.49,1204.16,10.60,11.19,3
285.240,-7.281305,112.800161,1.92,15.28,-36.38,-70.71,-59.47,92.25,31.53,1562.83,988.16,10.11,10.87,4
285.250,-7.281682,112.800231,3.36,-20.49,-4.26,-79.39,-53.24,94.50,29.49,5994.74,3944.54,10.21,11.93,1
285.260,-7.282044,112.800801,1.29,-5.10,-0.26,46.92,-63.82,96.75,8.00,2812.41,4022.60,11.55,10.45,0
285.270,-7.281491,112.800404,3.19,-29.59,-17.53,-57.65,23.67,99.00,25.85,1054.47,2816.86,12.42,10.31,0
285.280,-7.281596,112.800482,0.37,9.90,-36.87,-88.32,110.58,101.25,10.04,280.90,623.52,11.65,10.72,0
285.290,-7.281804,112.799926,1.38,12.24,-22.46,-115.30,128.57,103.50,11.03,3537.46,3907.60,11.33,10.93,4
285.300,-7.281605,112.800578,2.32,13.30,35.35,34.13,-19.52,105.75,-26.19,1553.58,2286.19,10.56,11.68,3
285.310,-7.282168,112.800179,0.68,37.90,-11.08,-32.50,4.27,108.00,5.60,879.85,229.50,11.21,12.54,3
285.320,-7.282348,112.800235,2.02,-32.75,-26.54,-54.59,-137.13,110.25,-9.27,1132.52,1237.38,11.86,10.06,0
285.330,-7.282363,112.800038,1.37,39.01,-8.98,-143.34,5.23,112.50,-2.47,1042.14,5709.92,10.65,11.85,4
285.340,-7.281694,112.800284,1.79,12.59,-11.39,-72.56,-109.60,114.75,11.96,5492.23,2220.43,12.14,11.08,4
285.350,-7.281820,112.800232,1.54,20.36,-0.62,-155.22,156.00,117.00,-4.81,5664.19,5479.02,10.66,11.33,2
285.360,-7.282337,112.800554,2.40,-7.24,35.45,-168.20,-56.84,119.25,-25.49,2699.44,3410.95,11.66,10.69,2
285.370,-7.282256,112.799970,2.48,4.87,4.93,-110.53,-15.57,121.50,-7.31,5023.38,439.60,10.51,10.66,0
285.380,-7.281898,112.799901,0.70,20.27,10.22,-174.69,-53.74,123.75,-22.16,3759.91,2253.19,12.34,10.39,4
285.390,-7.282620,112.799946,0.19,27.62,23.22,8.54,-146.39,126.00,-17.35,673.71,719.28,10.72,10.70,4
285.400,-7.282846,112.800219,0.41,18.37,-22.36,6.26,141.06,128.25,-20.84,1115.19,1468.66,11.60,10.58,3
285.410,-7.282184,112.800144,0.20,-1.58,-38.35,127.65,24.46,130.50,5.83,5255.55,5245.49,11.93,10.31,4
285.420,-7.282945,112.799876,1.40,14.09,24.81,83.47,-30.56,132.75,-2.58,5485.85,1330.02,12.20,12.53,0
285.430,-7.282966,112.800450,2.66,17.20,33.36,156.22,-63.75,135.00,14.47,4945.09,5094.93,11.56,11.45,2
285.440,-7.282542,112.800121,0.90,13.29,-37.72,-19.77,-177.05,137.25,27.74,3872.70,4090.21,11.86,11.67,1
285.450,-7.282808,112.799567,0.63,-21.68,-2.33,-24.75,44.06,139.50,24.63,4752.77,1329.73,10.37,12.38,0
285.460,-7.282608,112.800235,0.97,-9.77,18.26,81.19,166.57,141.75,13.45,873.02,533.64,11.53,10.57,1
285.470,-7.282684,112.799725,3.05,11.96,14.62,-32.56,-126.56,144.00,-8.99,2501.53,5520.90,11.46,10.41,3
285.480,-7.282628,112.799907,2.07,8.50,21.97,-103.07,60.29,146.25,31.88,3199.99,2997.28,11.53,10.08,3
285.490,-7.282505,112.800086,3.21,-35.37,-37.17,-61.89,70.52,148.50,17.42,3925.31,3041.87,12.07,12.37,4
285.500,-7.283348,112.800058,2.33,15.81,36.33,-113.30,-121.69,150.75,-8.79,3084.62,857.36,12.28,10.87,3
285.510,-7.283454,112.799659,2.82,-16.06,-26.05,-50.50,-74.34,153.00,32.25,1953.26,2132.80,11.48,10.98,3
285.520,-7.283277,112.800064,0.69,17.64,-32.06,-134.79,118.83,155.25,4.09,1505.71,431.58,10.83,12.11,2
285.530,-7.282745,112.799455,0.84,-36.76,31.60,123.13,-74.53,157.50,31.90,5634.03,847.86,10.16,11.80,0
285.540,-7.282895,112.799862,1.34,-13.18,-3.76,144.48,-63.92,159.75,2.75,4752.74,4400.12,11.42,10.96,0
285.550,-7.282950,112.799619,0.63,-16.45,4.98,-107.12,-153.83,162.00,21.39,1111.45,2795.64,10.87,10.23,2
285.560,-7.283010,112.799607,2.99,28.55,23.05,-161.25,17.32,164.25,0.42,1738.82,2926.96,10.51,10.64,1
285.570,-7.282960,112.799170,3.03,32.62,-27.18,68.70,-132.89,166.50,22.15,2232.88,4205.48,11.76,11.32,0
285.580,-7.283454,112.799158,1.16,27.24,2.07,39.05,-87.69,168.75,18.49,2338.86,2754.51,11.78,10.54,4
285.590,-7.282768,112.799600,2.67,-32.88,8.31,141.36,-130.91,171.00,20.70,1298.08,491.99,10.08,11.16,1
285.600,-7.283261,112.799257,3.09,-11.30,0.43,28.08,-101.62,173.25,15.40,199.23,4010.93,10.73,12.51,1
285.610,-7.283406,112.799077,0.23,3.23,-15.17,151.61,145.33,175.50,-5.79,1746.45,5193.29,10.04,11.34,2
285.620,-7.282845,112.798595,2.35,38.30,-36.55,49.06,58.67,177.75,19.31,1978.76,1648.00,10.76,12.52,1
285.630,-7.283266,112.799218,3.21,8.29,0.27,68.47,-93.78,180.00,-14.59,5344.00,1591.95,12.57,10.67,1
285.640,-7.283020,112.799115,3.01,-20.58,12.00,-66.47,112.25,182.25,4.81,5225.15,2189.98,11.53,10.88,2
285.650,-7.283172,112.798292,0.57,10.42,-3.30,-165.60,154.31,184.50,-25.58,3822.70,4558.81,10.40,10.25,2
285.660,-7.283753,112.798798,0.48,4.16,-20.29,128.19,-179.41,186.75,20.08,2054.84,1772.22,11.30,12.47,3
285.670,-7.283117,112.798864,2.54,21.38,11.08,33.27,-138.94,189.00,-3.48,2178.89,4857.21,11.40,10.56,0
285.680,-7.283758,112.798175,2.05,4.18,16.57,17.69,42.98,191.25,-2.11,4151.67,5834.98,12.03,12.26,3
285.690,-7.283315,112.798943,3.13,-5.15,32.05,49.34,126.61,193.50,-25.52,5121.90,279.99,12.52,11.44,4
285.700,-7.283751,112.798252,3.13,-17.08,-4.01,171.46,-63.87,195.75,0.38,4220.95,5658.05,12.43,10.54,2
285.710,-7.282956,112.798374,1.43,8.00,-32.33,-34.39,-176.06,198.00,-29.10,5179.11,713.65,10.78,11.07,4
285.720,-7.283441,112.798388,0.10,-13.17,-18.07,-8.15,145.34,200.25,-10.30,4100.10,2395.43,11.18,11.81,2
285.730,-7.283308,112.798143,2.38,9.70,-33.31,162.74,9.34,202.50,20.52,3383.49,781.31,10.29,12.37,3
285.740,-7.283012,112.798224,0.23,31.20,21.82,-11.52,79.15,204.75,7.75,4336.89,2386.18,12.09,11.32,4
285.750,-7.283647,112.797757,2.96,-13.64,22.30,134.21,-40.48,207.00,-17.59,489.55,5222.71,11.69,10.99,1
285.760,-7.283467,112.797683,0.86,35.30,-27.48,-101.41,-38.29,209.25,15.82,2454.62,5735.68,12.08,12.04,2
285.770,-7.282889,112.797538,1.64,22.80,38.25,-107.54,71.23,211.50,17.34,17.18,591.08,11.63,12.59,2
285.780,-7.282719,112.797342,1.90,27.31,-39.26,-133.60,28.09,213.75,27.74,1478.06,3427.69,11.45,10.14,0
285.790,-7.282637,112.798042,2.00,25.14,36.09,133.27,-169.80,216.00,-21.31,272.60,5848.97,11.58,11.17,1
285.800,-7.283501,112.797337,1.68,-16.69,39.38,167.14,31.91,218.25,11.78,3182.34,3756.78,10.62,10.40,4
285.810,-7.282878,112.797266,0.13,4.16,-4.60,13.36,123.60,220.50,-32.17,447.66,3569.32,11.69,11.16,1
285.820,-7.283219,112.798010,2.26,12.84,22.08,-80.12,-111.43,222.75,29.27,1978.99,274.94,11.64,12.54,4
285.830,-7.282694,112.797098,1.26,20.54,-15.65,-12.57,134.00,225.00,-26.22,1505.00,2672.77,10.37,10.47,1
285.840,-7.283277,112.797275,0.09,36.12,-37.86,-129.10,79.93,227.25,-13.04,3414.22,5815.26,10.34,10.84,1
285.850,-7.282958,112.797382,0.58,-28.62,-25.07,-94.07,159.46,229.50,-13.47,2500.69,5408.32,10.24,11.78,4
285.860,-7.282576,112.797285,0.51,-5.77,12.28,-46.47,-85.67,231.75,-9.03,995.50,4496.91,10.33,12.52,3
285.870,-7.282312,112.797002,2.25,0.13,-24.10,21.81,57.83,234.00,1.29,4716.08,1323.76,10.37,10.47,4
285.880,-7.282372,112.796905,0.63,15.20,-25.76,-40.08,-9.75,236.25,-5.70,5432.08,5651.82,10.58,11.99,4
285.890,-7.282358,112.797313,0.18,38.76,-26.03,28.20,-179.20,238.50,-0.33,2957.48,399.92,10.52,10.41,4
285.900,-7.282621,112.797153,1.42,-9.90,31.70,112.82,-150.61,240.75,19.29,4206.58,1990.08,12.48,10.25,2
285.910,-7.282050,112.796755,1.76,-32.30,19.90,35.00,-156.88,243.00,8.15,2091.97,81.35,11.61,11.89,3
285.920,-7.282249,112.796627,1.79,34.22,35.27,-40.31,-6.42,245.25,-5.40,2305.15,2270.62,10.88,10.08,2
285.930,-7.282582,112.796776,2.01,-11.18,32.46,8.20,-18.48,247.50,32.66,145.43,1554.66,10.80,11.12,0
285.940,-7.281913,112.796670,1.46,0.52,0.44,123.83,-9.94,249.75,9.73,634.14,198.10,12.43,10.91,3
285.950,-7.281864,112.796908,1.47,1.99,39.42,56.64,-156.71,252.00,11.97,4586.28,3946.10,11.49,10.76,2
285.960,-7.281849,112.797107,2.03,-7.32,-7.60,-40.63,59.64,254.25,-10.00,4858.95,1229.82,12.57,11.46,3
285.970,-7.282049,112.796898,0.10,23.67,-30.97,15.61,-36.47,256.50,12.49,676.58,5171.43,10.58,11.92,1
285.980,-7.282092,112.796921,1.61,-35.53,-4.86,-127.73,63.94,258.75,-12.59,901.53,1629.83,12.33,10.22,0
285.990,-7.282190,112.796953,0.26,10.39,0.25,-30.63,-11.39,261.00,-16.67,5066.54,1974.11,12.39,12.32,2
286.000,-7.281458,112.797030,0.87,34.30,-32.37,-70.25,79.35,263.25,2.08,5892.94,4357.99,12.38,10.23,2
286.010,-7.281390,112.796746,2.14,25.64,-4.26,-126.09,65.28,265.50,-32.61,2192.44,4996.64,11.15,10.26,2
286.020,-7.281462,112.796440,1.71,-2.60,-6.97,-143.89,57.32,267.75,-2.83,363.01,2985.13,11.95,10.97,3
286.030,-7.281051,112.796569,0.40,-2.07,-17.35,87.36,-175.58,270.00,-26.36,2361.35,2953.51,10.87,11.51,1
286.040,-7.281623,112.797004,1.86,-21.84,8.80,85.81,0.59,272.25,16.68,3009.20,1477.07,10.59,11.88,1
286.050,-7.281715,112.796299,1.36,-6.70,-5.24,-154.94,-177.22,274.50,7.46,2274.92,5041.15,11.13,10.48,4
286.060,-7.281155,112.796698,2.34,25.91,-25.23,178.83,51.54,276.75,-29.55,1047.00,3224.49,11.46,12.04,0
286.070,-7.281122,112.796945,2.74,27.70,32.55,-104.33,-104.96,279.00,15.46,3276.94,3380.03,11.88,10.15,4
286.080,-7.281419,112.797064,1.51,3.18,-32.85,-2.18,56.66,281.25,-21.13,1750.45,76.27,10.20,10.27,3
286.090,-7.281137,112.796627,2.76,-12.79,-0.81,160.16,150.66,283.50,-5.20,1716.67,100.76,12.07,11.13,0
286.100,-7.281372,112.796529,3.21,16.75,2.79,-147.06,89.85,285.75,19.44,5529.94,4401.03,11.83,11.29,1
286.110,-7.280492,112.796583,2.04,0.57,-5.04,-136.38,-82.63,288.00,-1.45,3882.26,1301.45,10.43,10.29,0
286.120,-7.280807,112.796456,0.28,12.55,-22.24,-51.59,-170.98,290.25,-34.37,1126.80,5307.20,10.28,11.38,2
286.130,-7.281003,112.796861,2.25,0.18,12.28,-50.11,-23.95,292.50,31.01,3962.03,1018.44,10.86,10.14,0
286.140,-7.280949,112.796405,0.40,23.92,-10.28,-81.85,-49.24,294.75,-4.63,58.14,5688.08,10.79,10.60,1
286.150,-7.280699,112.796933,0.24,-17.88,-13.45,152.99,-171.87,297.00,-0.26,3984.52,1875.56,11.78,11.41,2
286.160,-7.280808,112.796372,0.28,6.11,7.08,-48.57,-77.76,299.25,3.04,1855.10,265.20,12.01,11.71,1
286.170,-7.280456,112.797073,3.34,15.34,-13.83,-121.94,79.97,301.50,18.85,1169.62,2937.99,11.27,10.71,2
286.180,-7.279928,112.797054,1.97,-17.45,-0.76,131.24,-20.42,303.75,-15.34,447.30,1252.48,12.44,10.17,4
286.190,-7.280508,112.797187,2.94,-36.67,0.20,160.03,54.52,306.00,3.29,3789.46,5229.48,10.17,10.46,0
286.200,-7.279940,112.796767,1.19,17.20,-33.56,61.02,-21.62,308.25,22.45,3871.62,2143.06,10.10,11.75,3
286.210,-7.279909,112.797266,2.80,-19.69,-31.44,-26.49,142.77,310.50,29.45,3004.65,3709.02,11.74,10.66,4
286.220,-7.279874,112.796678,1.31,-15.16,33.81,117.36,58.90,312.75,-24.59,474.00,2116.12,10.43,10.73,3
286.230,-7.279964,112.797501,1.01,8.14,19.80,45.55,-131.61,315.00,11.42,3651.78,2209.16,11.26,11.56,0
286.240,-7.280174,112.797318,3.33,20.81,28.47,39.60,130.53,317.25,-22.81,2727.41,395.76,10.59,10.68,0
286.250,-7.280117,112.797121,1.88,33.17,-10.26,-127.26,-99.50,319.50,-10.95,767.56,1241.32,11.33,11.25,0
286.260,-7.279668,112.797325,2.27,-37.05,12.38,86.25,97.67,321.75,-4.02,4902.85,5196.56,11.03,12.29,4
286.270,-7.279505,112.797633,2.37,-29.11,-27.06,59.41,-38.93,324.00,18.56,2004.98,1609.51,11.29,10.55,0
286.280,-7.279186,112.797195,2.84,-10.26,-5.94,-82.75,79.63,326.25,1.99,1112.45,661.45,12.48,12.26,4
286.290,-7.279884,112.798082,3.45,8.15,3.30,-38.13,69.41,328.50,1.95,4546.11,1654.46,12.58,12.26,0
286.300,-7.278876,112.797724,1.20,24.75,-29.63,-69.67,94.03,330.75,-21.86,493.63,1354.65,10.50,11.54,0
286.310,-7.279427,112.797965,1.32,30.45,29.05,-27.65,15.58,333.00,3.92,779.93,3205.10,12.38,11.38,4
286.320,-7.278952,112.797375,3.14,25.76,16.64,-5.04,-102.28,335.25,-32.01,3642.78,1350.65,12.18,11.45,0
286.330,-7.279083,112.797650,1.54,16.44,-28.42,33.02,-26.35,337.50,-28.28,4310.27,1849.39,10.99,10.56,1
286.340,-7.278940,112.797861,0.21,-22.58,-26.17,82.90,70.18,339.75,15.93,5633.80,176.99,10.52,10.77,3
286.350,-7.279138,112.798536,1.32,-24.95,11.61,8.94,-61.20,342.00,-0.38,1283.15,3460.94,10.87,11.58,1
286.360,-7.279045,112.798090,2.44,0.43,-25.32,-45.04,46.44,344.25,29.42,5999.54,2938.66,12.27,11.48,0
286.370,-7.278933,112.798446,2.37,14.97,39.38,-143.11,-53.94,346.50,-19.57,559.07,51.67,10.25,11.44,4
286.380,-7.279295,112.798324,1.42,24.84,0.48,-136.37,-81.19,348.75,-19.18,2495.51,4265.77,11.42,12.14,2
286.390,-7.279124,112.798006,3.44,2.58,12.65,77.87,-113.64,351.00,-14.48,4191.76,4463.84,10.16,10.41,0
286.400,-7.278874,112.799027,2.68,8.10,-16.06,39.04,-172.37,353.25,2.70,442.00,335.02,12.05,11.72,1
286.410,-7.279031,112.798883,2.91,19.85,30.19,4.94,30.60,355.50,-11.11,2160.21,1779.70,12.30,11.48,2
286.420,-7.278831,112.798840,0.87,-6.63,-17.43,-152.67,55.38,357.75,20.18,3238.59,4733.89,10.23,10.72,1
286.430,-7.280558,112.798662,2.09,-18.10,36.90,16.91,77.75,0.00,-12.74,112.49,5969.07,12.48,11.27,1
286.440,-7.280603,112.798729,2.63,-39.51,7.27,-86.01,-9.47,2.25,17.85,5218.67,965.33,11.85,11.61,1
286.450,-7.280912,112.798681,1.24,16.70,22.74,-133.38,-52.75,4.50,18.37,5113.56,5319.61,11.39,12.06,1
286.460,-7.280933,112.799427,0.96,32.44,28.84,-129.22,72.56,6.75,14.09,451.58,4196.25,11.48,11.38,3
286.470,-7.280712,112.799457,1.36,-13.79,-17.18,173.96,-173.33,9.00,-17.95,1193.63,616.44,11.44,10.68,1
286.480,-7.280097,112.799188,0.00,-0.73,30.49,-79.19,-62.03,11.25,-19.22,989.35,2566.58,11.78,10.94,2
286.490,-7.280322,112.798749,0.80,-7.79,-36.29,-126.79,92.80,13.50,-21.58,570.08,570.73,11.78,12.38,4
286.500,-7.280809,112.799641,0.38,-5.74,31.85,-171.12,-167.18,15.75,0.65,1980.77,2441.50,11.44,10.33,2
286.510,-7.280278,112.799675,3.28,-32.25,27.88,9.91,-109.82,18.00,-10.81,1736.59,3987.07,11.75,12.15,3
286.520,-7.280471,112.799521,1.29,15.13,-26.18,59.41,113.37,20.25,7.98,2610.25,3184.92,12.03,11.15,0
286.530,-7.280237,112.799500,3.05,13.24,29.27,-47.59,-46.21,22.50,5.75,436.05,4150.42,11.19,12.22,2
286.540,-7.280758,112.799381,3.00,-8.75,16.67,147.98,-125.98,24.75,-12.40,2507.96,5389.10,12.51,10.27,1
286.550,-7.280862,112.798956,1.17,28.90,26.70,105.92,-134.34,27.00,-11.94,3645.75,1210.98,10.83,10.34,0
286.560,-7.280171,112.798987,2.43,16.24,6.98,-173.34,-103.03,29.25,-11.81,3969.93,2751.58,11.95,11.68,1
286.570,-7.280194,112.799006,0.10,-1.42,-20.76,-76.38,-21.49,31.50,-22.88,241.58,1946.15,11.72,12.27,0
286.580,-7.280935,112.799669,0.37,14.25,-9.09,-94.40,165.80,33.75,21.62,1252.34,5278.66,10.04,12.51,3
286.590,-7.280103,112.799749,2.61,1.01,26.66,-140.52,-172.47,36.00,30.82,4984.71,2415.46,10.09,11.05,4
286.600,-7.280626,112.800119,3.28,-35.90,-13.48,-66.64,85.49,38.25,29.12,3983.91,5669.27,10.59,11.23,0
286.610,-7.280959,112.799913,0.26,13.88,25.02,-100.62,68.78,40.50,26.85,3604.38,81.86,11.10,11.66,4
286.620,-7.280136,112.799385,0.66,33.36,36.01,99.83,68.55,42.75,2.13,4912.53,2720.14,10.73,12.57,4
286.630,-7.281095,112.799906,0.13,-33.03,-31.44,-118.67,137.85,45.00,25.07,5948.57,4675.10,10.11,11.15,1
286.640,-7.280992,112.799686,2.21,-17.68,-17.97,19.17,82.95,47.25,-18.94,5070.48,3782.82,10.88,12.10,1
286.650,-7.280285,112.799929,3.06,-18.60,13.68,37.25,-20.09,49.50,23.64,2261.84,4618.34,10.53,10.26,4
286.660,-7.280352,112.800055,3.34,-22.80,-18.39,109.56,-103.38,51.75,-2.41,4760.95,1043.60,10.31,10.67,1
286.670,-7.280646,112.799874,1.21,32.50,2.01,149.44,-47.73,54.00,33.42,5182.66,4004.46,10.29,10.84,1
286.680,-7.280428,112.799463,0.47,12.26,33.13,-61.11,88.33,56.25,-7.91,1866.99,3259.73,12.20,11.69,2
286.690,-7.280436,112.800476,0.26,27.62,26.97,160.60,107.86,58.50,-15.78,5370.86,1033.63,10.74,12.48,4
286.700,-7.281071,112.800491,1.24,10.59,-16.98,30.44,-40.59,60.75,-27.17,2129.53,5267.76,10.37,10.62,1
286.710,-7.281135,112.800432,1.24,11.07,31.10,5.12,-165.28,63.00,-15.97,2963.40,639.60,12.37,10.31,1
286.720,-7.280766,112.800511,2.59,-19.35,39.99,106.00,-22.47,65.25,-17.30,3870.62,3296.64,10.17,10.00,4
286.730,-7.280795,112.800050,0.17,7.05,2.53,146.47,71.53,67.50,-21.69,4699.31,4636.45,11.38,11.62,0
286.740,-7.281249,112.800294,1.43,6.48,18.35,156.02,57.28,69.75,6.66,5928.36,5268.69,12.32,10.21,0
286.750,-7.280652,112.800148,1.05,-30.71,-31.25,47.45,-17.81,72.00,-3.50,251.98,890.91,10.11,10.52,3
286.760,-7.281404,112.800058,0.37,28.98,22.05,-33.99,-27.40,74.25,-0.07,1121.88,5144.05,11.09,11.13,2
286.770,-7.280894,112.800054,0.24,-28.06,-3.60,-174.56,144.75,76.50,-1.08,2760.24,3161.04,11.68,10.01,1
286.780,-7.281600,112.800329,0.69,-23.75,-2.71,-129.99,164.82,78.75,-4.05,2923.87,2065.57,10.82,10.34,3
286.790,-7.281669,112.800316,1.70,-10.97,32.35,142.80,-96.25,81.00,26.65,522.01,3800.73,12.16,10.48,0
286.800,-7.281181,112.799985,0.11,15.69,25.63,168.34,-77.02,83.25,20.01,2239.43,2343.87,10.35,11.47,3
286.810,-7.281078,112.800560,1.38,9.80,38.35,-151.12,139.02,85.50,29.10,3819.46,1093.82,10.77,12.39,3
286.820,-7.281683,112.800048,0.14,-25.14,5.60,26.92,177.44,87.75,2.95,5234.44,3255.95,10.52,12.01,0
286.830,-7.281887,112.799945,0.81,5.83,-18.74,-10.52,86.22,90.00,-3.21,2708.04,3601.67,11.35,10.82,0
286.840,-7.281770,112.799990,2.27,31.58,12.99,82.55,-96.13,92.25,10.29,5873.84,1544.60,10.84,10.62,4
286.850,-7.281685,112.800727,2.92,13.33,-35.38,64.09,-4.50,94.50,-16.55,617.71,2453.05,10.76,11.29,0
286.860,-7.282084,112.800703,1.71,25.34,32.90,84.92,60.71,96.75,14.96,3706.25,4694.19,11.24,10.87,4
286.870,-7.281373,112.800144,2.92,32.07,8.96,169.79,-155.88,99.00,0.15,5859.72,3462.45,12.06,11.74,4
286.880,-7.282002,112.800606,0.66,-11.14,-29.07,-163.37,-85.88,101.25,-25.88,2344.99,4981.62,11.00,11.45,0
286.890,-7.282232,112.800512,2.81,-3.97,24.78,-153.06,-55.69,103.50,-4.53,5394.67,4266.90,11.95,12.50,0
286.900,-7.281501,112.800539,2.96,-16.01,-18.06,-84.15,-121.91,105.75,20.35,4628.45,4822.38,10.05,10.52,3
286.910,-7.281876,112.800220,0.44,-14.50,10.33,-112.43,2.65,108.00,23.24,4013.78,1994.19,11.05,11.76,1
